DatGeracaoConjuntoDados,NumCNPJ,SigAgente,NomAgente,NomTipoOutorga,DatReferenciaInformada,CodMunicipioIBGE,QtdUCAtiva,QtdUCAtivaFat,QtdFatura,QtdFaturaSemLeitura,QtdFaturaSemLeituraImpAcesso,QtdFaturaSemLeituraEmergencia,QtdFaturaSemLeituraPlurimensa,QtdFaturaSemLeituraFatEstimad,QtdFaturaSemLeituraFimContrat,QtdFaturaSemLeituraAusenciaTm,QtdRefaturamento,QtdFaturaAcerto,QtdFaturaAcertoFatIncorreto,QtdFaturaAcertoFatIncorDevDob,QtdFaturaAcertoFatIncorDevSEC,QtdFaturaAcertoFatIncorDevSET,QtdFaturaAcertoFatImpAcesso,QtdFaturaAcertoFatEmergencia,QtdFaturaSemLeituraFatMedia,QtdFaturaSemLeituraFatCustoDi,QtdFaturaComLeitura,QtdFaturaComAutoleitura,QtdConsComLeituraPlurimensal,QtdConsComAutoleitura,QtdRestAnteDist,QtdRestAtrasadoDist,QtdRestPendenteDist,QtdRestPendenteAtrasado,VlrRestAnte,VlrRestAtrasado,VlrRestPendente,VlrRestPendenteAtrasado,QtdSolicRessarcimentoDano,QtdRessarcIndeferido,VlrPendentePgtRessarcDanoDefe,VlrPagoRessarcDano,QtdUCSubstMedidor,QtdPostoAtendimento,QtdDiasNormal,QtdDiasCasoFortForcMaior,QtdAtendRealizPosto,QtdAtendRealizPostoDiaCasoFor,MdaTempoMedAtendimentoPosto,MdaTempoMedAtendPostoDiaFort,QtdAtendRealizMais30MinDiaNor,QtdAtendRealizMais30MinDiaFor,QtdInspecVerifProcIrregular,QtdTermosOcorrInspecao,QtdTermosOcorrInspecaoCobr,QtdTermosOcorrInspecaoEncerr,QtdProceCobrDefMedidor,QtdReligCobr,QtdUCSuspInadimplemento,QtdSuspIndev,VlrTotCompSuspIndevida,DthCarga
2026-09-16,15139629000194,Neoenergia Coelba,COMPANHIA DE ELETRICIDADE DO ESTADO DA BAHIA,Concessão,2026-05-01,2930774,11557,11282,11192,93,8,0,0,1,19,65,220,20,17,16,1,0,3,0,70,22,11099,0,0,0,0,0,0,0,,,,,2,0,",000000000",",000000000",90,1,22,0,127,,",220000000",",000000000",,0,14,6,4,4,,3,119,,",000000000",2026-09-16 04:03:10.020000000
2026-09-16,15139629000194,Neoenergia Coelba,COMPANHIA DE ELETRICIDADE DO ESTADO DA BAHIA,Concessão,2026-07-01,2920304,4749,4621,4634,74,31,0,0,1,22,20,50,48,18,18,0,0,30,0,56,17,4560,0,0,0,0,0,0,0,,,,,0,0,",000000000",",000000000",27,1,22,0,77,,",400000000",",000000000",,0,,,,,,,24,,",000000000",2026-09-16 04:03:10.053000000
2026-09-16,15139629000194,Neoenergia Coelba,COMPANHIA DE ELETRICIDADE DO ESTADO DA BAHIA,Concessão,2023-09-01,2918555,2542,2503,2523,64,29,0,0,1,26,8,18,17,12,12,0,0,1,4,44,19,2459,0,0,0,0,0,0,0,,,,,1,0,",000000000",",000000000",3,1,20,0,150,,",001654090",",000000000",,0,11,4,2,2,2,,20,,",000000000",2026-09-16 04:03:09.927000000
2026-09-16,15139629000194,Neoenergia Coelba,COMPANHIA DE ELETRICIDADE DO ESTADO DA BAHIA,Concessão,2026-05-01,2923407,11427,11095,11008,383,293,0,0,2,30,58,189,221,18,17,1,0,203,0,241,140,10624,1,0,1,0,0,0,0,,,,,0,3,",000000000",",000000000",73,1,22,0,556,,"2,700000000",",000000000",,0,3,2,,,,,71,,",000000000",2026-09-16 04:03:10.020000000
2026-09-16,15139629000194,Neoenergia Coelba,COMPANHIA DE ELETRICIDADE DO ESTADO DA BAHIA,Concessão,2026-07-01,2920205,7191,7001,6908,136,48,0,0,1,42,45,208,77,15,14,1,0,62,0,101,34,6772,0,0,0,0,0,0,0,,,,,0,0,",000000000",",000000000",21,1,22,0,144,,",300000000",",000000000",,0,3,1,,,,,47,,",000000000",2026-09-16 04:03:10.053000000
2026-09-16,15139629000194,Neoenergia Coelba,COMPANHIA DE ELETRICIDADE DO ESTADO DA BAHIA,Concessão,2023-09-01,2918506,7809,7622,7671,170,93,0,0,3,42,32,13,35,8,6,2,0,27,0,128,39,7501,0,0,0,0,0,0,0,,,,,0,0,",000000000",",000000000",25,1,20,0,83,,",002489960",",000000000",,0,9,2,,,,,71,,",000000000",2026-09-16 04:03:09.927000000
2026-09-16,15139629000194,Neoenergia Coelba,COMPANHIA DE ELETRICIDADE DO ESTADO DA BAHIA,Concessão,2026-05-01,2923506,6286,6106,6062,74,41,0,0,1,14,18,90,46,25,18,7,0,21,0,58,15,5988,0,0,0,0,0,0,0,,,,,1,1,",000000000",",000000000",7,1,22,0,85,,",070000000",",000000000",,0,8,1,,,,,7,,",000000000",2026-09-16 04:03:10.020000000
2026-09-16,15139629000194,Neoenergia Coelba,COMPANHIA DE ELETRICIDADE DO ESTADO DA BAHIA,Concessão,2026-07-01,2918803,10711,10456,10492,171,7,0,0,1,84,79,192,43,35,10,25,0,8,0,150,20,10321,0,0,0,0,0,0,0,,,,,2,4,",000000000",",000000000",22,1,22,0,367,,",350000000",",000000000",,0,6,2,7,10,,,112,,",000000000",2026-09-16 04:03:10.053000000
2026-09-16,15139629000194,Neoenergia Coelba,COMPANHIA DE ELETRICIDADE DO ESTADO DA BAHIA,Concessão,2023-09-01,2916302,4264,4227,4232,56,7,0,0,3,36,10,10,22,5,5,0,0,17,0,47,6,4176,0,0,0,0,0,0,0,,,,,1,0,",000000000",",000000000",2,1,20,0,133,,",000664421",",000000000",,0,1,,1,1,,,56,,",000000000",2026-09-16 04:03:09.927000000
2026-09-16,15139629000194,Neoenergia Coelba,COMPANHIA DE ELETRICIDADE DO ESTADO DA BAHIA,Concessão,2026-05-01,2922409,10584,10320,10338,63,1,0,0,1,28,33,104,15,12,10,2,0,3,0,54,8,10275,0,0,0,0,0,0,0,,,,,8,4,"2483,000000000","3589,000000000",33,1,22,0,153,,",520000000",",000000000",,0,3,,1,1,,,85,,",000000000",2026-09-16 04:03:10.020000000
2026-09-16,15139629000194,Neoenergia Coelba,COMPANHIA DE ELETRICIDADE DO ESTADO DA BAHIA,Concessão,2026-07-01,2918704,2502,2428,2421,20,0,0,0,1,9,10,25,2,1,1,0,0,1,0,15,4,2401,0,0,0,0,0,0,0,,,,,0,0,",000000000",",000000000",11,1,22,0,132,,",130000000",",000000000",,0,2,1,,,,,27,,",000000000",2026-09-16 04:03:10.053000000
2026-09-16,15139629000194,Neoenergia Coelba,COMPANHIA DE ELETRICIDADE DO ESTADO DA BAHIA,Concessão,2023-09-01,2918456,3448,3404,3446,116,46,0,0,1,48,21,17,38,1,1,0,0,37,0,84,31,3330,0,0,0,0,0,0,0,,,,,0,0,",000000000",",000000000",1,1,20,0,126,,",005267857",",000000000",,0,7,2,16,16,7,,1,,",000000000",2026-09-16 04:03:09.927000000
2026-09-16,15139629000194,Neoenergia Coelba,COMPANHIA DE ELETRICIDADE DO ESTADO DA BAHIA,Concessão,2026-05-01,2923605,10273,9977,9838,147,34,0,0,1,36,76,183,64,9,5,4,0,55,0,109,37,9691,0,0,0,0,0,0,0,,,,,1,1,",000000000",",000000000",8,1,22,0,178,,"1,020000000",",000000000",,0,5,4,,,,,30,,",000000000",2026-09-16 04:03:10.020000000
2026-09-16,15139629000194,Neoenergia Coelba,COMPANHIA DE ELETRICIDADE DO ESTADO DA BAHIA,Concessão,2026-07-01,2918605,3656,3586,3598,44,2,0,0,2,10,30,2,4,0,0,0,0,4,0,35,7,3554,0,0,0,0,0,0,0,,,,,0,0,",000000000",",000000000",2,1,22,0,105,,",730000000",",000000000",,0,5,2,3,3,3,,,,",000000000",2026-09-16 04:03:10.053000000
2026-09-16,15139629000194,Neoenergia Coelba,COMPANHIA DE ELETRICIDADE DO ESTADO DA BAHIA,Concessão,2023-09-01,2918357,11149,10935,11003,136,27,0,0,6,64,39,60,38,29,26,3,0,9,0,104,26,10866,1,0,1,2,2,0,0,"106130,000000000","106130,000000000",",000000000",",000000000",0,0,"352,360000000",",000000000",21,1,20,0,36,,",002664931",",000000000",,0,13,2,11,12,1,,88,,",000000000",2026-09-16 04:03:09.927000000
2026-09-16,15139629000194,Neoenergia Coelba,COMPANHIA DE ELETRICIDADE DO ESTADO DA BAHIA,Concessão,2026-05-01,2923803,13447,13219,13250,105,4,0,0,1,60,40,58,22,10,10,0,0,12,0,89,15,13145,0,0,0,0,0,0,0,,,,,0,1,",000000000",",000000000",35,1,22,0,178,,",550000000",",000000000",,0,,,,,,,10,,",000000000",2026-09-16 04:03:10.020000000
2026-09-16,15139629000194,Neoenergia Coelba,COMPANHIA DE ELETRICIDADE DO ESTADO DA BAHIA,Concessão,2026-07-01,2918555,2702,2640,2636,132,102,0,0,1,23,6,74,129,14,13,1,0,109,6,97,34,2504,0,0,0,0,0,0,0,,,,,1,1,",000000000","1400,000000000",10,1,22,0,96,,",200000000",",000000000",,0,,,,,,,26,,",000000000",2026-09-16 04:03:10.053000000
2026-09-16,15139629000194,Neoenergia Coelba,COMPANHIA DE ELETRICIDADE DO ESTADO DA BAHIA,Concessão,2023-09-01,2918308,6062,5974,5985,62,6,0,0,1,35,20,16,22,10,10,0,0,12,0,49,12,5923,0,0,0,0,0,0,0,,,,,1,0,",000000000",",000000000",15,1,20,0,180,,",002501479",",000000000",,0,,,1,1,,,86,,",000000000",2026-09-16 04:03:09.927000000
2026-09-16,15139629000194,Neoenergia Coelba,COMPANHIA DE ELETRICIDADE DO ESTADO DA BAHIA,Concessão,2026-05-01,2923902,4112,4032,3976,151,11,55,0,1,0,84,21,26,2,2,0,0,5,19,117,33,3825,0,0,0,0,0,0,0,,,,,1,2,",000000000","570,000000000",12,1,22,0,36,,"2,850000000",",000000000",,0,,,,1,,,35,,",000000000",2026-09-16 04:03:10.020000000
2026-09-16,15139629000194,Neoenergia Coelba,COMPANHIA DE ELETRICIDADE DO ESTADO DA BAHIA,Concessão,2026-07-01,2930709,49717,48894,48841,1916,5,0,0,5,603,1303,1481,153,153,136,17,0,0,0,1281,630,46925,0,0,0,0,0,0,0,,,,,20,15,"16246,910000000","37335,330000000",818,1,22,0,1102,,",730000000",",000000000",,0,10,6,,3,,,883,,",000000000",2026-09-16 04:03:10.053000000
2026-09-16,15139629000194,Neoenergia Coelba,COMPANHIA DE ELETRICIDADE DO ESTADO DA BAHIA,Concessão,2023-09-01,2918209,6230,6028,6068,54,0,0,0,1,31,22,26,6,6,6,0,0,0,0,43,10,6014,0,0,0,0,0,0,0,,,,,1,0,",000000000","1500,000000000",9,1,20,0,321,,",001414922",",000000000",,0,3,2,4,4,2,,15,,",000000000",2026-09-16 04:03:09.927000000
2026-09-16,15139629000194,Neoenergia Coelba,COMPANHIA DE ELETRICIDADE DO ESTADO DA BAHIA,Concessão,2026-05-01,2924009,50800,49850,49716,466,147,0,0,2,51,266,1285,125,93,70,23,0,32,0,384,80,49247,3,0,3,0,0,0,0,,,,,8,13,",000000000","2127,000000000",341,1,22,0,2460,,"5,650000000",",000000000",,0,48,26,58,68,33,,691,,",000000000",2026-09-16 04:03:10.020000000
2026-09-16,15139629000194,Neoenergia Coelba,COMPANHIA DE ELETRICIDADE DO ESTADO DA BAHIA,Concessão,2026-07-01,2930600,7592,7442,7465,46,4,0,0,1,17,24,70,14,9,8,1,0,5,0,39,6,7419,0,0,0,0,0,0,0,,,,,1,3,",000000000",",000000000",11,1,22,0,240,,",680000000",",000000000",,0,4,,,1,,,65,,",000000000",2026-09-16 04:03:10.053000000
2026-09-16,15139629000194,Neoenergia Coelba,COMPANHIA DE ELETRICIDADE DO ESTADO DA BAHIA,Concessão,2023-09-01,2918100,17385,17159,17190,349,113,0,0,2,151,83,68,117,14,14,0,0,103,0,264,83,16841,0,0,0,0,0,0,0,,,,,0,0,",000000000",",000000000",23,1,20,0,299,,",002445536",",000000000",,0,17,3,2,2,2,,71,,",000000000",2026-09-16 04:03:09.927000000
2026-09-16,15139629000194,Neoenergia Coelba,COMPANHIA DE ELETRICIDADE DO ESTADO DA BAHIA,Concessão,2026-05-01,2924058,6083,5976,5970,63,0,0,0,1,20,42,65,15,14,14,0,0,1,0,52,10,5907,0,0,0,0,0,0,0,,,,,1,1,",000000000",",000000000",5,1,22,0,228,,",880000000",",000000000",,0,3,,,,,,14,,",000000000",2026-09-16 04:03:10.020000000
2026-09-16,15139629000194,Neoenergia Coelba,COMPANHIA DE ELETRICIDADE DO ESTADO DA BAHIA,Concessão,2026-07-01,2930501,44798,43724,43729,465,13,0,0,3,189,260,1482,378,367,367,0,0,11,0,393,69,43264,0,0,0,0,0,0,0,,,,,19,9,"2576,100000000","2037,000000000",127,1,22,0,882,,"1,500000000",",000000000",,0,10,9,11,15,5,,273,1,",000000000",2026-09-16 04:03:10.053000000
2026-09-16,15139629000194,Neoenergia Coelba,COMPANHIA DE ELETRICIDADE DO ESTADO DA BAHIA,Concessão,2023-09-01,2915809,9032,8943,8878,51,0,0,0,1,34,16,51,27,27,27,0,0,0,0,38,12,8827,0,0,0,0,0,0,0,,,,,1,1,",000000000",",000000000",36,1,20,0,73,,",008876681",",000000000",,0,12,,5,5,3,,136,,",000000000",2026-09-16 04:03:09.927000000
2026-09-16,15139629000194,Neoenergia Coelba,COMPANHIA DE ELETRICIDADE DO ESTADO DA BAHIA,Concessão,2026-05-01,2924108,3263,3210,3196,34,0,0,0,1,16,17,49,10,10,10,0,0,0,0,28,5,3162,0,0,0,0,0,0,0,,,,,0,0,",000000000",",000000000",7,1,22,0,103,,",050000000",",000000000",,0,,,,,,,20,,",000000000",2026-09-16 04:03:10.020000000
2026-09-16,15139629000194,Neoenergia Coelba,COMPANHIA DE ELETRICIDADE DO ESTADO DA BAHIA,Concessão,2026-07-01,2930402,7892,7735,7749,144,20,0,0,1,60,63,37,18,1,0,1,0,17,0,117,26,7605,0,0,0,0,0,0,0,,,,,2,2,",000000000",",000000000",14,1,22,0,215,,",600000000",",000000000",,0,3,,3,3,,,13,,",000000000",2026-09-16 04:03:10.053000000
2026-09-16,15139629000194,Neoenergia Coelba,COMPANHIA DE ELETRICIDADE DO ESTADO DA BAHIA,Concessão,2023-09-01,2915908,2863,2805,2826,39,0,0,0,2,22,15,13,7,6,6,0,0,1,0,33,4,2786,1,0,1,0,0,0,0,,,,,1,0,",000000000",",000000000",7,1,20,0,112,,",003935289",",000000000",,0,8,3,1,1,,,26,,",000000000",2026-09-16 04:03:09.927000000
2026-09-16,15139629000194,Neoenergia Coelba,COMPANHIA DE ELETRICIDADE DO ESTADO DA BAHIA,Concessão,2026-05-01,2922102,9859,9716,9694,158,31,0,0,1,53,73,85,25,7,7,0,0,18,0,117,40,9536,0,0,0,0,0,0,0,,,,,0,0,",000000000",",000000000",18,1,22,0,208,,",550000000",",000000000",,0,,,,,,,68,,",000000000",2026-09-16 04:03:10.020000000
2026-09-16,15139629000194,Neoenergia Coelba,COMPANHIA DE ELETRICIDADE DO ESTADO DA BAHIA,Concessão,2026-07-01,2930303,8287,8127,8134,148,35,0,0,2,28,83,22,19,0,0,0,0,19,0,111,35,7986,0,0,0,0,0,0,0,,,,,0,0,",000000000",",000000000",12,1,22,0,297,,",430000000",",000000000",,0,3,,,,,,36,,",000000000",2026-09-16 04:03:10.053000000
2026-09-16,15139629000194,Neoenergia Coelba,COMPANHIA DE ELETRICIDADE DO ESTADO DA BAHIA,Concessão,2023-09-01,2916005,9043,8948,9028,246,42,0,0,1,151,52,61,194,35,32,3,0,159,0,181,64,8782,0,0,0,0,0,0,0,,,,,0,0,",000000000",",000000000",12,1,20,0,97,,",001781811",",000000000",,0,19,2,8,11,5,,43,,",000000000",2026-09-16 04:03:09.927000000
2026-09-16,15139629000194,Neoenergia Coelba,COMPANHIA DE ELETRICIDADE DO ESTADO DA BAHIA,Concessão,2026-05-01,2922201,3746,3666,3670,31,0,0,0,1,10,20,24,2,2,1,1,0,0,0,21,9,3639,0,0,0,0,0,0,0,,,,,1,1,",000000000",",000000000",11,1,22,0,43,,"1,280000000",",000000000",,0,,,,,,,11,,",000000000",2026-09-16 04:03:10.020000000
2026-09-16,15139629000194,Neoenergia Coelba,COMPANHIA DE ELETRICIDADE DO ESTADO DA BAHIA,Concessão,2026-07-01,2930154,16957,16451,16427,556,297,0,0,1,141,117,516,284,66,55,11,0,218,0,419,136,15871,0,0,0,0,0,0,0,,,,,0,0,",000000000",",000000000",106,1,22,0,327,,",130000000",",000000000",,0,28,8,3,3,,,205,,",000000000",2026-09-16 04:03:10.053000000
2026-09-16,15139629000194,Neoenergia Coelba,COMPANHIA DE ELETRICIDADE DO ESTADO DA BAHIA,Concessão,2023-09-01,2916104,11676,11531,11580,165,8,0,0,1,61,95,62,25,19,19,0,0,6,0,128,36,11415,0,0,0,0,0,0,0,,,,,2,3,",000000000","5858,000000000",18,1,20,0,184,,",003709868",",000000000",,0,22,2,16,16,11,,281,,",000000000",2026-09-16 04:03:09.927000000
2026-09-16,15139629000194,Neoenergia Coelba,COMPANHIA DE ELETRICIDADE DO ESTADO DA BAHIA,Concessão,2026-05-01,2922250,5019,4925,4872,87,4,0,0,1,19,63,97,10,5,5,0,0,5,0,64,22,4785,0,0,0,0,0,0,0,,,,,0,0,",000000000",",000000000",10,1,22,0,118,,",280000000",",000000000",,0,,,,,,,30,,",000000000",2026-09-16 04:03:10.020000000
2026-09-16,15139629000194,Neoenergia Coelba,COMPANHIA DE ELETRICIDADE DO ESTADO DA BAHIA,Concessão,2026-07-01,2930204,12566,12277,12100,201,32,0,0,1,53,115,221,33,13,7,6,0,20,0,172,28,11899,0,0,0,0,0,0,0,,,,,1,1,",000000000","1250,000000000",62,1,22,0,550,,",720000000",",000000000",,0,1,1,,,,,179,,",000000000",2026-09-16 04:03:10.053000000
2026-09-16,15139629000194,Neoenergia Coelba,COMPANHIA DE ELETRICIDADE DO ESTADO DA BAHIA,Concessão,2023-09-01,2918407,101276,99321,99669,1202,355,0,0,11,433,403,571,378,178,171,7,0,200,0,1029,162,98467,0,0,0,0,0,0,0,,,,,34,17,"6736,460000000","12710,280000000",872,2,20,0,2723,,",007363143",",000000000",,0,445,121,202,217,51,2,892,,",000000000",2026-09-16 04:03:09.927000000
2026-09-16,15139629000194,Neoenergia Coelba,COMPANHIA DE ELETRICIDADE DO ESTADO DA BAHIA,Concessão,2026-05-01,2923704,12992,12725,12704,103,24,0,0,1,11,67,64,33,3,3,0,0,30,0,74,28,12601,0,0,0,0,0,0,0,,,,,0,0,",000000000",",000000000",8,1,22,0,238,,",100000000",",000000000",,0,1,1,,1,,,73,,",000000000",2026-09-16 04:03:10.020000000
2026-09-16,15139629000194,Neoenergia Coelba,COMPANHIA DE ELETRICIDADE DO ESTADO DA BAHIA,Concessão,2026-07-01,2930105,39598,38657,38645,347,63,0,0,3,154,127,834,84,22,22,0,0,62,0,268,76,38298,0,0,0,0,0,0,0,,,,,4,2,",000000000",",000000000",169,1,22,0,1350,,",180000000",",000000000",,0,,,,2,,,471,,",000000000",2026-09-16 04:03:10.053000000
2026-09-16,15139629000194,Neoenergia Coelba,COMPANHIA DE ELETRICIDADE DO ESTADO DA BAHIA,Concessão,2023-08-01,2912400,8149,7944,8005,179,47,0,0,1,101,30,57,46,24,18,6,0,22,0,130,48,7824,2,0,2,0,0,0,0,,,,,1,0,",000000000",",000000000",18,1,23,0,46,,"2,420000000",",000000000",,0,13,2,3,3,3,,79,,",000000000",2026-09-16 04:03:09.927000000
2026-09-16,15139629000194,Neoenergia Coelba,COMPANHIA DE ELETRICIDADE DO ESTADO DA BAHIA,Concessão,2026-05-01,2931202,7692,7535,7462,338,188,0,0,1,105,44,190,120,9,2,7,0,111,0,259,78,7124,0,0,0,0,0,0,0,,,,,3,2,",000000000",",000000000",14,1,22,0,91,,",550000000",",000000000",,0,2,2,,,,,154,,",000000000",2026-09-16 04:03:10.020000000
2026-09-16,15139629000194,Neoenergia Coelba,COMPANHIA DE ELETRICIDADE DO ESTADO DA BAHIA,Concessão,2026-07-01,2930006,5041,4898,4892,369,161,0,0,1,111,96,83,63,7,7,0,0,56,0,215,153,4523,0,0,0,0,0,0,0,,,,,1,1,",000000000",",000000000",11,1,22,0,89,,",920000000",",000000000",,0,13,2,,,,,6,,",000000000",2026-09-16 04:03:10.053000000
2026-09-16,15139629000194,Neoenergia Coelba,COMPANHIA DE ELETRICIDADE DO ESTADO DA BAHIA,Concessão,2023-08-01,2912301,6977,6817,6853,70,34,5,0,1,15,15,8,35,7,6,1,0,28,0,50,19,6783,0,0,0,0,0,0,0,,,,,1,1,",000000000",",000000000",47,1,23,0,183,,"6,280000000",",000000000",,0,11,2,4,7,4,,89,,",000000000",2026-09-16 04:03:09.927000000
2026-09-16,15139629000194,Neoenergia Coelba,COMPANHIA DE ELETRICIDADE DO ESTADO DA BAHIA,Concessão,2026-05-01,2931103,3426,3373,3380,29,0,0,0,1,9,19,29,3,2,2,0,0,1,0,24,4,3351,0,0,0,0,0,0,0,,,,,0,1,",000000000",",000000000",4,1,22,0,169,,",280000000",",000000000",,0,1,,,,,,21,,",000000000",2026-09-16 04:03:10.020000000
2026-09-16,15139629000194,Neoenergia Coelba,COMPANHIA DE ELETRICIDADE DO ESTADO DA BAHIA,Concessão,2026-07-01,2929909,25373,24791,24850,159,43,0,0,4,55,57,479,52,25,22,3,0,27,0,123,32,24691,0,0,0,0,0,0,0,,,,,1,3,",000000000",",000000000",27,1,22,0,506,,",080000000",",000000000",,0,35,9,6,9,6,,20,,",000000000",2026-09-16 04:03:10.053000000
2026-09-16,15139629000194,Neoenergia Coelba,COMPANHIA DE ELETRICIDADE DO ESTADO DA BAHIA,Concessão,2023-08-01,2912202,9525,9347,9350,61,4,0,0,1,38,18,49,88,63,63,0,0,25,0,39,21,9289,0,0,0,0,0,0,0,,,,,0,0,",000000000","2238,380000000",36,1,23,0,85,,",840000000",",000000000",,0,23,7,8,11,6,,104,,",000000000",2026-09-16 04:03:09.927000000
2026-09-16,15139629000194,Neoenergia Coelba,COMPANHIA DE ELETRICIDADE DO ESTADO DA BAHIA,Concessão,2026-05-01,2931053,9007,8753,8754,171,35,0,0,1,79,56,53,42,14,13,1,0,28,0,107,63,8583,0,0,0,0,0,0,0,,,,,0,0,",000000000",",000000000",9,1,22,0,179,,",400000000",",000000000",,0,7,1,,2,,,23,,",000000000",2026-09-16 04:03:10.020000000
2026-09-16,15139629000194,Neoenergia Coelba,COMPANHIA DE ELETRICIDADE DO ESTADO DA BAHIA,Concessão,2026-07-01,2929800,6229,6110,6085,63,17,0,0,1,30,15,47,8,8,8,0,0,0,0,40,22,6022,0,0,0,0,0,0,0,,,,,0,0,",000000000",",000000000",5,1,22,0,60,,",330000000",",000000000",,0,1,1,,,,,59,,",000000000",2026-09-16 04:03:10.053000000
2026-09-16,15139629000194,Neoenergia Coelba,COMPANHIA DE ELETRICIDADE DO ESTADO DA BAHIA,Concessão,2023-08-01,2929305,16700,16317,16364,146,26,0,0,2,63,55,83,37,22,22,0,0,15,0,119,25,16218,0,0,0,0,0,0,0,,,,,7,1,"4220,000000000",",000000000",139,1,23,0,404,,"5,500000000",",000000000",,0,57,22,12,18,5,,186,,",000000000",2026-09-16 04:03:09.927000000
2026-09-16,15139629000194,Neoenergia Coelba,COMPANHIA DE ELETRICIDADE DO ESTADO DA BAHIA,Concessão,2024-06-01,2913309,2861,2800,2810,17,0,0,0,1,6,10,92,13,13,13,0,0,0,0,10,6,2793,0,0,0,0,0,0,0,,,,,1,1,",000000000",",000000000",21,1,19,0,120,,",002200000",",000000000",,0,2,1,,1,,,35,,",000000000",2026-09-16 04:03:09.960000000
2026-09-16,15139629000194,Neoenergia Coelba,COMPANHIA DE ELETRICIDADE DO ESTADO DA BAHIA,Concessão,2026-05-01,2917003,16671,16279,16284,139,3,0,0,1,30,105,185,10,10,9,1,0,0,0,114,24,16145,0,0,0,0,0,0,0,,,,,1,0,",000000000",",000000000",27,1,22,0,321,,",250000000",",000000000",,0,7,2,,1,,,93,,",000000000",2026-09-16 04:03:10.020000000
2026-09-16,15139629000194,Neoenergia Coelba,COMPANHIA DE ELETRICIDADE DO ESTADO DA BAHIA,Concessão,2026-07-01,2930758,5576,5438,5428,167,97,0,0,1,30,39,89,63,7,5,2,0,56,0,123,43,5261,0,0,0,0,0,0,0,,,,,1,1,",000000000",",000000000",19,1,22,0,196,,",100000000",",000000000",,0,14,5,2,3,1,,53,,",000000000",2026-09-16 04:03:10.053000000
2026-09-16,15139629000194,Neoenergia Coelba,COMPANHIA DE ELETRICIDADE DO ESTADO DA BAHIA,Concessão,2023-08-01,2929255,9654,9447,9499,126,51,0,0,4,48,23,40,74,24,20,4,0,50,0,90,32,9373,0,0,0,0,0,0,0,,,,,1,0,",000000000",",000000000",9,1,23,0,43,,"1,330000000",",000000000",,0,12,4,1,2,1,,97,,",000000000",2026-09-16 04:03:09.927000000
2026-09-16,15139629000194,Neoenergia Coelba,COMPANHIA DE ELETRICIDADE DO ESTADO DA BAHIA,Concessão,2024-06-01,2910404,20010,19787,19793,171,0,0,0,5,90,76,261,96,96,95,1,0,0,0,135,31,19622,0,0,0,0,0,0,0,,,,,9,10,",000000000","1211,000000000",43,1,19,0,312,,",004100000",",000000000",,0,22,5,5,8,,,129,,",000000000",2026-09-16 04:03:09.960000000
2026-09-16,15139629000194,Neoenergia Coelba,COMPANHIA DE ELETRICIDADE DO ESTADO DA BAHIA,Concessão,2026-05-01,2916906,5683,5553,5543,19,2,0,0,1,11,5,24,6,2,1,1,0,4,0,15,3,5523,1,0,1,0,0,0,0,,,,,0,0,",000000000",",000000000",17,1,22,0,71,,",170000000",",000000000",,0,8,,,,,,30,,",000000000",2026-09-16 04:03:10.020000000
2026-09-16,15139629000194,Neoenergia Coelba,COMPANHIA DE ELETRICIDADE DO ESTADO DA BAHIA,Concessão,2026-07-01,2903805,9363,9189,9151,262,184,0,0,1,38,39,207,132,24,20,4,0,108,0,175,86,8889,0,0,0,0,0,0,0,,,,,0,0,",000000000",",000000000",16,1,22,0,313,,",620000000",",000000000",,0,2,,,,,,69,,",000000000",2026-09-16 04:03:10.053000000
2026-09-16,15139629000194,Neoenergia Coelba,COMPANHIA DE ELETRICIDADE DO ESTADO DA BAHIA,Concessão,2023-08-01,2929206,15168,14998,15035,118,1,0,0,1,55,61,70,29,29,29,0,0,0,0,95,22,14917,0,0,0,0,0,0,0,,,,,6,8,",000000000",",000000000",21,1,23,0,106,,"1,210000000",",000000000",,0,3,2,8,9,1,,22,,",000000000",2026-09-16 04:03:09.927000000
2026-09-16,15139629000194,Neoenergia Coelba,COMPANHIA DE ELETRICIDADE DO ESTADO DA BAHIA,Concessão,2024-06-01,2910305,4231,4163,4169,15,0,0,0,3,5,7,42,9,9,2,7,0,0,0,11,1,4154,0,0,0,0,0,0,0,,,,,0,0,",000000000",",000000000",11,1,19,0,48,,",001100000",",000000000",,0,1,,,,,,36,1,",000000000",2026-09-16 04:03:09.960000000
2026-09-16,15139629000194,Neoenergia Coelba,COMPANHIA DE ELETRICIDADE DO ESTADO DA BAHIA,Concessão,2026-05-01,2916856,7770,7567,7565,61,20,0,0,1,13,27,51,15,2,2,0,0,13,0,45,15,7504,0,0,0,0,0,0,0,,,,,1,1,",000000000","650,000000000",28,1,22,0,78,,",230000000",",000000000",,0,3,1,,1,,,68,,",000000000",2026-09-16 04:03:10.020000000
2026-09-16,15139629000194,Neoenergia Coelba,COMPANHIA DE ELETRICIDADE DO ESTADO DA BAHIA,Concessão,2026-07-01,2930766,6781,6594,6623,99,5,0,0,1,65,28,77,15,12,12,0,0,3,0,82,16,6524,0,0,0,0,0,0,0,,,,,0,0,",000000000",",000000000",5,1,22,0,173,,",130000000",",000000000",,0,1,1,,,,,39,,",000000000",2026-09-16 04:03:10.053000000
2026-09-16,15139629000194,Neoenergia Coelba,COMPANHIA DE ELETRICIDADE DO ESTADO DA BAHIA,Concessão,2023-08-01,2927606,6443,6371,6407,115,29,0,0,1,55,30,3,16,1,1,0,0,15,0,78,36,6292,0,0,0,0,0,0,0,,,,,0,0,",000000000",",000000000",2,1,23,0,166,,"10,170000000",",000000000",,0,2,2,3,4,,,39,,",000000000",2026-09-16 04:03:09.927000000
2026-09-16,15139629000194,Neoenergia Coelba,COMPANHIA DE ELETRICIDADE DO ESTADO DA BAHIA,Concessão,2024-06-01,2910206,2107,2076,2076,15,0,0,0,1,5,9,13,3,3,2,1,0,0,0,12,2,2061,0,0,0,0,0,0,0,,,,,2,0,"540,000000000",",000000000",4,1,19,0,131,,",005600000",",000000000",,0,,,,,,,24,,",000000000",2026-09-16 04:03:09.960000000
2026-09-16,15139629000194,Neoenergia Coelba,COMPANHIA DE ELETRICIDADE DO ESTADO DA BAHIA,Concessão,2026-05-01,2916807,8031,7831,7774,68,13,9,0,1,14,31,134,61,29,29,0,0,7,25,61,6,7706,0,0,0,1,1,0,0,"12618,000000000","12618,000000000",",000000000",",000000000",3,3,",000000000","735,000000000",22,1,22,0,447,,",280000000",",000000000",,0,1,,,,,,83,,",000000000",2026-09-16 04:03:10.020000000
2026-09-16,15139629000194,Neoenergia Coelba,COMPANHIA DE ELETRICIDADE DO ESTADO DA BAHIA,Concessão,2026-07-01,2930808,8120,7913,7921,113,25,0,0,2,28,58,32,34,12,12,0,0,22,0,97,14,7808,0,0,0,0,0,0,0,,,,,0,1,",000000000",",000000000",18,1,22,0,146,,",100000000",",000000000",,0,9,7,3,3,3,,56,,",000000000",2026-09-16 04:03:10.053000000
2026-09-16,15139629000194,Neoenergia Coelba,COMPANHIA DE ELETRICIDADE DO ESTADO DA BAHIA,Concessão,2023-08-01,2927507,8614,8411,8452,88,1,0,0,5,42,40,13,1,0,0,0,0,1,0,65,18,8364,0,0,0,0,0,0,0,,,,,4,2,",000000000",",000000000",30,1,23,0,375,,"4,780000000",",000000000",,0,16,10,12,12,1,,100,1,",000000000",2026-09-16 04:03:09.927000000
2026-09-16,15139629000194,Neoenergia Coelba,COMPANHIA DE ELETRICIDADE DO ESTADO DA BAHIA,Concessão,2024-06-01,2913002,7225,7140,7127,55,2,0,0,3,9,41,208,20,20,20,0,0,0,0,39,13,7072,0,0,0,0,0,0,0,,,,,0,0,",000000000",",000000000",16,1,19,0,85,,",004200000",",000000000",,0,5,,4,16,3,,11,,",000000000",2026-09-16 04:03:09.960000000
2026-09-16,15139629000194,Neoenergia Coelba,COMPANHIA DE ELETRICIDADE DO ESTADO DA BAHIA,Concessão,2026-05-01,2916708,3865,3788,3793,30,1,0,0,1,16,12,18,1,1,1,0,0,0,0,24,5,3763,0,0,0,0,0,0,0,,,,,0,0,",000000000",",000000000",9,1,22,0,89,,",080000000",",000000000",,0,4,,,,,,3,,",000000000",2026-09-16 04:03:10.020000000
2026-09-16,15139629000194,Neoenergia Coelba,COMPANHIA DE ELETRICIDADE DO ESTADO DA BAHIA,Concessão,2026-07-01,2918506,8571,8341,8334,290,148,0,0,1,57,84,118,83,9,6,3,0,74,0,185,104,8043,1,0,1,0,0,0,0,,,,,0,1,",000000000",",000000000",25,1,22,0,71,,",030000000",",000000000",,0,,,,,,,29,,",000000000",2026-09-16 04:03:10.053000000
2026-09-16,15139629000194,Neoenergia Coelba,COMPANHIA DE ELETRICIDADE DO ESTADO DA BAHIA,Concessão,2023-08-01,2927408,1132664,1110995,1116940,20461,1422,0,0,485,5994,12560,6789,3674,2697,2612,85,0,977,0,15190,4786,1096464,15,0,15,1,1,0,0,"10845,000000000","10845,000000000",",000000000",",000000000",1310,471,"90288,870000000","164478,200000000",2694,7,23,0,28910,,"8,420000000",",000000000",,0,944,299,610,810,320,23,5727,18,",000000000",2026-09-16 04:03:09.927000000
2026-09-16,15139629000194,Neoenergia Coelba,COMPANHIA DE ELETRICIDADE DO ESTADO DA BAHIA,Concessão,2024-06-01,2913101,8904,8740,8757,246,148,0,0,7,55,36,48,63,10,9,1,0,53,0,184,55,8511,0,0,0,0,0,0,0,,,,,1,0,",000000000",",000000000",37,1,19,0,87,,",006500000",",000000000",,0,21,6,11,12,10,,73,,",000000000",2026-09-16 04:03:09.960000000
2026-09-16,15139629000194,Neoenergia Coelba,COMPANHIA DE ELETRICIDADE DO ESTADO DA BAHIA,Concessão,2026-05-01,2916609,3372,3323,3307,48,16,0,0,1,20,11,51,11,0,0,0,0,11,0,32,15,3259,0,0,0,0,0,0,0,,,,,0,0,",000000000",",000000000",6,1,22,0,99,,",280000000",",000000000",,0,,,,,,,,,",000000000",2026-09-16 04:03:10.020000000
2026-09-16,15139629000194,Neoenergia Coelba,COMPANHIA DE ELETRICIDADE DO ESTADO DA BAHIA,Concessão,2026-07-01,2918456,3581,3544,3550,141,79,0,0,1,24,37,61,71,12,10,2,0,59,0,102,38,3409,0,0,0,0,0,0,0,,,,,0,0,",000000000",",000000000",0,1,22,0,44,,",070000000",",000000000",,0,2,,,,,,1,,",000000000",2026-09-16 04:03:10.053000000
2026-09-16,15139629000194,Neoenergia Coelba,COMPANHIA DE ELETRICIDADE DO ESTADO DA BAHIA,Concessão,2023-08-01,2927309,7866,7758,7768,50,0,0,0,2,13,35,52,23,22,22,0,0,1,0,39,9,7718,0,0,0,0,0,0,0,,,,,9,2,",000000000","649,000000000",6,1,23,0,39,,"1,390000000",",000000000",,0,10,5,31,31,1,,21,,",000000000",2026-09-16 04:03:09.927000000
2026-09-16,15139629000194,Neoenergia Coelba,COMPANHIA DE ELETRICIDADE DO ESTADO DA BAHIA,Concessão,2024-06-01,2913200,13446,13187,13046,75,8,0,0,2,29,36,46,17,16,16,0,0,1,0,58,15,12971,0,0,0,0,0,0,0,,,,,0,1,",000000000",",000000000",67,1,19,0,1385,,",003200000",",000000000",,0,27,8,3,19,2,,111,,",000000000",2026-09-16 04:03:09.960000000
2026-09-16,15139629000194,Neoenergia Coelba,COMPANHIA DE ELETRICIDADE DO ESTADO DA BAHIA,Concessão,2026-05-01,2915908,3666,3374,3381,43,3,0,0,1,13,26,70,32,32,32,0,0,0,0,29,13,3338,0,0,0,0,0,0,0,,,,,1,0,",000000000","1220,000000000",5,1,22,0,75,,",730000000",",000000000",,0,,,,,,,4,,",000000000",2026-09-16 04:03:10.020000000
2026-09-16,15139629000194,Neoenergia Coelba,COMPANHIA DE ELETRICIDADE DO ESTADO DA BAHIA,Concessão,2026-07-01,2918407,108537,105888,105292,1251,224,0,0,13,364,650,3425,502,364,189,175,0,138,0,1055,183,104039,2,0,2,0,0,0,0,,,,,9,26,"2190,000000000","1170,000000000",883,1,22,0,3206,,"5,380000000",",000000000",,0,37,15,20,40,8,,1155,,",000000000",2026-09-16 04:03:10.053000000
2026-09-16,15139629000194,Neoenergia Coelba,COMPANHIA DE ELETRICIDADE DO ESTADO DA BAHIA,Concessão,2023-08-01,2927200,14175,13882,13850,203,53,0,0,3,118,29,12,46,5,2,3,0,41,0,156,44,13647,0,0,0,0,0,0,0,,,,,5,0,",000000000","1480,000000000",26,1,23,0,213,,"4,180000000",",000000000",,0,42,1,,,,,149,,",000000000",2026-09-16 04:03:09.927000000
2026-09-16,15139629000194,Neoenergia Coelba,COMPANHIA DE ELETRICIDADE DO ESTADO DA BAHIA,Concessão,2024-06-01,2910008,4842,4758,4758,114,97,0,0,1,1,15,82,54,27,27,0,0,27,0,86,27,4644,0,0,0,0,0,0,0,,,,,1,0,",000000000",",000000000",19,1,19,0,478,,",002600000",",000000000",,0,4,,3,3,3,,60,,",000000000",2026-09-16 04:03:09.960000000
2026-09-16,15139629000194,Neoenergia Coelba,COMPANHIA DE ELETRICIDADE DO ESTADO DA BAHIA,Concessão,2026-05-01,2915809,9404,9228,9178,100,11,0,0,2,56,31,49,23,7,5,2,0,16,0,75,23,9078,0,0,0,0,0,0,0,,,,,1,0,",000000000","4890,000000000",17,1,22,0,68,,"1,570000000",",000000000",,0,,,,,,,129,,",000000000",2026-09-16 04:03:10.020000000
2026-09-16,15139629000194,Neoenergia Coelba,COMPANHIA DE ELETRICIDADE DO ESTADO DA BAHIA,Concessão,2026-07-01,2918357,12865,12544,12566,346,129,0,0,2,121,94,126,101,14,10,4,0,87,0,244,100,12220,0,0,0,0,0,0,0,,,,,0,1,",000000000",",000000000",28,1,22,0,236,,",070000000",",000000000",,0,4,2,1,1,1,,113,,",000000000",2026-09-16 04:03:10.053000000
2026-09-16,15139629000194,Neoenergia Coelba,COMPANHIA DE ELETRICIDADE DO ESTADO DA BAHIA,Concessão,2023-08-01,2927101,3923,3879,3888,67,1,0,0,1,32,33,23,4,4,3,1,0,0,0,50,16,3821,0,0,0,0,0,0,0,,,,,1,0,",000000000",",000000000",4,1,23,0,6,,"1,240000000",",000000000",,0,7,7,9,10,6,,67,,",000000000",2026-09-16 04:03:09.927000000
2026-09-16,15139629000194,Neoenergia Coelba,COMPANHIA DE ELETRICIDADE DO ESTADO DA BAHIA,Concessão,2024-06-01,2910057,28821,28423,28476,835,5,0,0,4,154,672,629,246,242,242,0,0,4,0,391,440,27641,0,0,0,0,0,0,0,,,,,21,26,"1755,000000000","8882,860000000",153,1,19,0,939,,",004100000",",000000000",,0,67,44,5,9,2,2,297,,",000000000",2026-09-16 04:03:09.960000000
2026-09-16,15139629000194,Neoenergia Coelba,COMPANHIA DE ELETRICIDADE DO ESTADO DA BAHIA,Concessão,2026-05-01,2915700,3576,3486,3492,145,113,0,0,1,27,4,17,118,5,5,0,0,113,0,81,63,3346,1,0,1,0,0,0,0,,,,,0,0,",000000000",",000000000",11,1,22,0,42,,",330000000",",000000000",,0,,,,,,,45,,",000000000",2026-09-16 04:03:10.020000000
2026-09-16,15139629000194,Neoenergia Coelba,COMPANHIA DE ELETRICIDADE DO ESTADO DA BAHIA,Concessão,2026-07-01,2918308,6612,6437,6439,93,60,0,0,1,24,8,98,53,4,3,1,0,49,0,66,26,6346,0,0,0,0,0,0,0,,,,,2,3,",000000000",",000000000",24,1,22,0,205,,",250000000",",000000000",,0,3,1,3,4,,,91,,",000000000",2026-09-16 04:03:10.053000000
2026-09-16,15139629000194,Neoenergia Coelba,COMPANHIA DE ELETRICIDADE DO ESTADO DA BAHIA,Concessão,2023-08-01,2929057,7096,6946,6942,37,0,0,0,2,11,24,16,6,5,5,0,0,1,0,31,4,6905,0,0,0,0,0,0,0,,,,,0,0,",000000000",",000000000",16,1,23,0,88,,"3,210000000",",000000000",,0,4,2,5,7,5,,50,,",000000000",2026-09-16 04:03:09.927000000
2026-09-16,15139629000194,Neoenergia Coelba,COMPANHIA DE ELETRICIDADE DO ESTADO DA BAHIA,Concessão,2024-06-01,2910107,6184,6026,6035,42,7,0,0,3,11,21,58,6,5,5,0,0,1,0,33,6,5993,0,0,0,0,0,0,0,,,,,1,1,",000000000",",000000000",74,1,19,0,93,,",002700000",",000000000",,0,19,4,4,13,4,,28,,",000000000",2026-09-16 04:03:09.960000000
2026-09-16,15139629000194,Neoenergia Coelba,COMPANHIA DE ELETRICIDADE DO ESTADO DA BAHIA,Concessão,2026-05-01,2915601,27056,26472,26274,777,582,0,0,8,70,117,525,128,27,26,1,0,101,0,596,173,25497,0,0,0,0,0,0,0,,,,,9,4,",000000000","1230,000000000",71,2,22,0,362,,",670000000",",000000000",,0,13,4,2,2,,,220,,",000000000",2026-09-16 04:03:10.020000000
2026-09-16,15139629000194,Neoenergia Coelba,COMPANHIA DE ELETRICIDADE DO ESTADO DA BAHIA,Concessão,2026-07-01,2918100,18629,18260,18212,221,28,0,0,1,109,83,191,43,17,17,0,0,26,0,166,54,17991,0,0,0,0,0,0,0,,,,,0,1,",000000000",",000000000",76,1,22,0,310,,",200000000",",000000000",,0,51,19,10,11,2,,238,,",000000000",2026-09-16 04:03:10.053000000
2026-09-16,15139629000194,Neoenergia Coelba,COMPANHIA DE ELETRICIDADE DO ESTADO DA BAHIA,Concessão,2023-08-01,2929008,4285,4227,4257,61,12,0,0,3,25,21,17,7,5,5,0,0,2,0,43,15,4196,0,0,0,0,0,0,0,,,,,2,1,",000000000",",000000000",19,1,23,0,186,,"9,810000000",",000000000",,0,10,2,,1,,,20,,",000000000",2026-09-16 04:03:09.927000000
2026-09-16,15139629000194,Neoenergia Coelba,COMPANHIA DE ELETRICIDADE DO ESTADO DA BAHIA,Concessão,2024-06-01,2908200,8811,8650,8650,103,33,0,0,2,31,37,159,43,35,33,2,0,8,0,81,20,8547,0,0,0,0,0,0,0,,,,,0,2,",000000000",",000000000",33,1,19,0,53,,",008900000",",000000000",,0,1,,6,8,6,,201,,",000000000",2026-09-16 04:03:09.960000000
2026-09-16,15139629000194,Neoenergia Coelba,COMPANHIA DE ELETRICIDADE DO ESTADO DA BAHIA,Concessão,2026-05-01,2915502,9244,9054,9084,129,33,0,0,1,56,39,118,63,39,38,1,0,24,0,101,27,8955,0,0,0,0,0,0,0,,,,,3,2,",000000000",",000000000",49,1,22,0,241,,",120000000",",000000000",,0,1,,,,,,78,,",000000000",2026-09-16 04:03:10.020000000
2026-09-16,15139629000194,Neoenergia Coelba,COMPANHIA DE ELETRICIDADE DO ESTADO DA BAHIA,Concessão,2026-07-01,2918209,7031,6806,6828,67,1,0,0,1,37,28,54,20,16,13,3,0,4,0,56,10,6761,0,0,0,0,0,0,0,,,,,1,3,",000000000",",000000000",8,1,22,0,111,,",850000000",",000000000",,0,2,1,1,1,,,31,,",000000000",2026-09-16 04:03:10.053000000
2026-09-16,15139629000194,Neoenergia Coelba,COMPANHIA DE ELETRICIDADE DO ESTADO DA BAHIA,Concessão,2023-08-01,2929107,8574,8362,8377,53,24,0,0,4,0,25,21,9,9,9,0,0,0,0,40,9,8324,0,0,0,0,0,0,0,,,,,4,2,",000000000",",000000000",8,1,23,0,200,,"12,350000000",",000000000",,0,3,1,,1,,,2,,",000000000",2026-09-16 04:03:09.927000000
2026-09-16,15139629000194,Neoenergia Coelba,COMPANHIA DE ELETRICIDADE DO ESTADO DA BAHIA,Concessão,2024-06-01,2908309,7616,7532,7531,45,1,0,0,7,18,19,46,14,12,2,10,0,2,0,32,6,7486,0,0,0,0,0,0,0,,,,,4,4,",000000000",",000000000",22,1,19,0,79,,",008800000",",000000000",,0,6,1,3,4,2,,152,,",000000000",2026-09-16 04:03:09.960000000
2026-09-16,15139629000194,Neoenergia Coelba,COMPANHIA DE ELETRICIDADE DO ESTADO DA BAHIA,Concessão,2026-05-01,2915403,2632,2602,2577,51,23,0,0,1,19,8,8,47,2,2,0,0,45,0,36,14,2526,0,0,0,0,0,0,0,,,,,1,0,",000000000",",000000000",9,1,22,0,77,,",550000000",",000000000",,0,1,,,,,,24,,",000000000",2026-09-16 04:03:10.020000000
2026-09-16,15139629000194,Neoenergia Coelba,COMPANHIA DE ELETRICIDADE DO ESTADO DA BAHIA,Concessão,2026-07-01,2918001,78424,76877,76872,747,44,0,0,25,417,261,1874,232,187,185,2,0,45,0,645,77,76124,1,0,1,0,0,0,0,,,,,23,21,"7979,850000000","2880,000000000",401,1,22,0,2427,,"4,570000000",",000000000",,0,125,27,22,31,7,,341,,",000000000",2026-09-16 04:03:10.053000000
2026-09-16,15139629000194,Neoenergia Coelba,COMPANHIA DE ELETRICIDADE DO ESTADO DA BAHIA,Concessão,2023-08-01,2928950,4241,4154,4148,47,0,0,0,1,18,28,0,0,0,0,0,0,0,0,37,9,4101,0,0,0,0,0,0,0,,,,,0,0,",000000000",",000000000",26,1,23,0,89,,"4,550000000",",000000000",,0,2,1,2,2,,,34,,",000000000",2026-09-16 04:03:09.927000000
2026-09-16,15139629000194,Neoenergia Coelba,COMPANHIA DE ELETRICIDADE DO ESTADO DA BAHIA,Concessão,2024-06-01,2908408,32892,32247,32304,218,2,0,0,13,74,129,664,248,248,200,48,0,0,0,157,48,32086,0,0,0,0,0,0,0,,,,,4,2,",000000000","900,000000000",116,1,19,0,1687,,",004600000",",000000000",,0,24,7,23,24,22,,193,,",000000000",2026-09-16 04:03:09.960000000
2026-09-16,15139629000194,Neoenergia Coelba,COMPANHIA DE ELETRICIDADE DO ESTADO DA BAHIA,Concessão,2026-05-01,2916500,17167,16787,16796,189,3,0,0,1,131,54,123,18,16,14,2,0,2,0,147,41,16607,0,0,0,0,0,0,0,,,,,0,0,",000000000",",000000000",31,1,22,0,236,,",230000000",",000000000",,0,,,,,,,104,,",000000000",2026-09-16 04:03:10.020000000
2026-09-16,15139629000194,Neoenergia Coelba,COMPANHIA DE ELETRICIDADE DO ESTADO DA BAHIA,Concessão,2026-07-01,2917904,4,0,0,0,0,0,0,0,0,0,0,0,0,0,0,0,0,0,0,0,0,0,0,0,0,0,0,0,,,,,0,0,",000000000",",000000000",0,0,22,0,0,,",000000000",",000000000",,0,,,,,,,,,",000000000",2026-09-16 04:03:10.053000000
2026-09-16,15139629000194,Neoenergia Coelba,COMPANHIA DE ELETRICIDADE DO ESTADO DA BAHIA,Concessão,2023-08-01,2928901,15315,14937,14833,137,10,0,0,1,66,60,102,40,34,33,1,0,6,0,112,24,14696,0,0,0,0,0,0,0,,,,,1,1,",000000000",",000000000",32,2,23,0,141,,"1,290000000",",000000000",,0,45,16,13,21,11,,179,,",000000000",2026-09-16 04:03:09.927000000
2026-09-16,15139629000194,Neoenergia Coelba,COMPANHIA DE ELETRICIDADE DO ESTADO DA BAHIA,Concessão,2024-06-01,2908507,16837,16499,16534,240,35,0,0,3,122,80,276,102,91,90,1,0,11,0,174,63,16294,0,0,0,1,1,0,0,"16492,000000000","16492,000000000","1,000000000","1,000000000",2,0,",000000000","2138,070000000",66,1,19,0,250,,",005300000",",000000000",,0,17,1,19,24,12,,154,,",000000000",2026-09-16 04:03:09.960000000
2026-09-16,15139629000194,Neoenergia Coelba,COMPANHIA DE ELETRICIDADE DO ESTADO DA BAHIA,Concessão,2026-05-01,2916401,31785,31236,31101,222,10,0,0,2,124,86,634,46,31,29,2,0,15,0,179,41,30879,0,0,0,1,1,0,0,"10097,000000000","10097,000000000",",000000000",",000000000",4,0,",000000000",",000000000",91,1,22,0,1162,,",080000000",",000000000",,0,5,1,,,,,500,,",000000000",2026-09-16 04:03:10.020000000
2026-09-16,15139629000194,Neoenergia Coelba,COMPANHIA DE ELETRICIDADE DO ESTADO DA BAHIA,Concessão,2026-07-01,2917805,8265,8126,8102,126,1,0,0,1,58,66,151,32,31,17,14,0,1,0,111,14,7976,0,0,0,0,0,0,0,,,,,1,3,",000000000",",000000000",20,1,22,0,47,,",350000000",",000000000",,0,1,,2,3,,,40,,",000000000",2026-09-16 04:03:10.053000000
2026-09-16,15139629000194,Neoenergia Coelba,COMPANHIA DE ELETRICIDADE DO ESTADO DA BAHIA,Concessão,2023-08-01,2928802,22641,22104,22213,226,20,0,0,7,98,101,80,37,22,18,4,0,15,0,186,33,21987,0,0,0,0,0,0,0,,,,,13,0,",000000000",",000000000",144,1,23,0,1114,,"1,020000000",",000000000",,0,87,25,24,31,9,1,293,,",000000000",2026-09-16 04:03:09.927000000
2026-09-16,15139629000194,Neoenergia Coelba,COMPANHIA DE ELETRICIDADE DO ESTADO DA BAHIA,Concessão,2024-06-01,2908606,12154,12015,12029,136,1,0,0,2,90,43,305,101,101,100,1,0,0,0,107,27,11893,0,0,0,0,0,0,0,,,,,4,2,",000000000",",000000000",41,1,19,0,496,,",002500000",",000000000",3,0,18,8,,1,,,60,,",000000000",2026-09-16 04:03:09.960000000
2026-09-16,15139629000194,Neoenergia Coelba,COMPANHIA DE ELETRICIDADE DO ESTADO DA BAHIA,Concessão,2026-05-01,2916302,4430,4379,4365,42,7,0,0,1,13,21,31,14,6,6,0,0,8,0,33,8,4323,0,0,0,0,0,0,0,,,,,0,1,",000000000",",000000000",4,1,22,0,182,,",080000000",",000000000",,0,,,,,,,44,,",000000000",2026-09-16 04:03:10.020000000
2026-09-16,15139629000194,Neoenergia Coelba,COMPANHIA DE ELETRICIDADE DO ESTADO DA BAHIA,Concessão,2026-07-01,2917706,19011,18605,18618,175,10,0,0,1,64,100,145,42,26,23,3,0,16,0,139,35,18443,0,0,0,0,0,0,0,,,,,1,1,",000000000",",000000000",72,2,22,0,616,,",560000000",",000000000",,0,,,1,1,1,,143,,",000000000",2026-09-16 04:03:10.053000000
2026-09-16,15139629000194,Neoenergia Coelba,COMPANHIA DE ELETRICIDADE DO ESTADO DA BAHIA,Concessão,2023-08-01,2928703,51726,50739,50882,208,4,0,0,9,91,104,263,74,74,70,4,0,0,0,160,39,50674,0,0,0,0,0,0,0,,,,,35,8,"563,000000000","1645,000000000",64,1,23,0,1945,,"6,950000000",",000000000",,0,39,18,35,40,16,,68,,",000000000",2026-09-16 04:03:09.927000000
2026-09-16,15139629000194,Neoenergia Coelba,COMPANHIA DE ELETRICIDADE DO ESTADO DA BAHIA,Concessão,2024-06-01,2908705,9011,8841,8861,42,3,0,0,3,18,18,80,8,8,7,1,0,0,0,32,7,8819,0,0,0,0,0,0,0,,,,,0,0,",000000000",",000000000",34,1,19,0,107,,",006900000",",000000000",,0,5,1,4,4,4,,26,,",000000000",2026-09-16 04:03:09.960000000
2026-09-16,15139629000194,Neoenergia Coelba,COMPANHIA DE ELETRICIDADE DO ESTADO DA BAHIA,Concessão,2026-05-01,2916203,4287,4192,4184,43,26,0,0,1,9,7,29,9,0,0,0,0,9,0,33,9,4141,0,0,0,0,0,0,0,,,,,0,0,",000000000",",000000000",14,1,22,0,190,,",950000000",",000000000",,0,,,,,,,47,,",000000000",2026-09-16 04:03:10.020000000
2026-09-16,15139629000194,Neoenergia Coelba,COMPANHIA DE ELETRICIDADE DO ESTADO DA BAHIA,Concessão,2026-07-01,2930774,11602,11319,11262,101,1,0,0,1,40,59,148,9,7,1,6,0,2,0,85,15,11161,0,0,0,0,0,0,0,,,,,2,1,",000000000",",000000000",82,1,22,0,98,,",150000000",",000000000",,0,1,1,2,5,1,,276,,",000000000",2026-09-16 04:03:10.053000000
2026-09-16,15139629000194,Neoenergia Coelba,COMPANHIA DE ELETRICIDADE DO ESTADO DA BAHIA,Concessão,2023-08-01,2928604,25204,24707,24824,219,47,0,0,2,78,92,61,36,13,13,0,0,23,0,184,33,24605,0,0,0,0,0,0,0,,,,,12,3,",000000000","1750,000000000",245,1,23,0,1381,,"7,030000000",",000000000",,0,109,57,19,34,7,,349,,",000000000",2026-09-16 04:03:09.927000000
2026-09-16,15139629000194,Neoenergia Coelba,COMPANHIA DE ELETRICIDADE DO ESTADO DA BAHIA,Concessão,2024-06-01,2908804,2174,2120,2114,14,1,0,0,1,7,5,7,1,0,0,0,0,1,0,10,3,2100,0,0,0,0,0,0,0,,,,,0,0,",000000000",",000000000",11,1,19,0,0,,",000000000",",000000000",,0,,,,,,,12,,",000000000",2026-09-16 04:03:09.960000000
2026-09-16,15139629000194,Neoenergia Coelba,COMPANHIA DE ELETRICIDADE DO ESTADO DA BAHIA,Concessão,2026-05-01,2916104,12050,11835,11880,711,7,0,0,1,34,669,124,41,37,36,1,0,4,0,194,516,11169,0,0,0,0,0,0,0,,,,,4,4,",000000000","1540,000000000",30,1,22,0,319,,"1,600000000",",000000000",,0,10,1,20,20,16,,208,,",000000000",2026-09-16 04:03:10.020000000
2026-09-16,15139629000194,Neoenergia Coelba,COMPANHIA DE ELETRICIDADE DO ESTADO DA BAHIA,Concessão,2026-07-01,2929750,10643,10509,10498,149,23,0,0,2,60,64,219,21,15,15,0,0,6,0,113,34,10349,0,0,0,0,0,0,0,,,,,2,2,"2700,000000000","2700,000000000",25,1,22,0,88,,",050000000",",000000000",,0,1,1,2,3,1,,125,,",000000000",2026-09-16 04:03:10.053000000
2026-09-16,15139629000194,Neoenergia Coelba,COMPANHIA DE ELETRICIDADE DO ESTADO DA BAHIA,Concessão,2023-08-01,2929354,2500,2480,2475,14,3,1,0,1,4,5,5,17,0,0,0,0,12,5,12,1,2461,0,0,0,0,0,0,0,,,,,0,1,",000000000",",000000000",0,1,23,0,96,,"9,980000000",",000000000",,0,,,,1,,,,,",000000000",2026-09-16 04:03:09.927000000
2026-09-16,15139629000194,Neoenergia Coelba,COMPANHIA DE ELETRICIDADE DO ESTADO DA BAHIA,Concessão,2024-06-01,2912905,8855,8718,8722,411,320,0,0,1,49,41,27,26,3,1,2,0,23,0,262,148,8311,0,0,0,0,0,0,0,,,,,1,3,",000000000","3545,000000000",23,1,19,0,238,,",000300000",",000000000",,0,9,,4,6,,,151,,",000000000",2026-09-16 04:03:09.960000000
2026-09-16,15139629000194,Neoenergia Coelba,COMPANHIA DE ELETRICIDADE DO ESTADO DA BAHIA,Concessão,2026-05-01,2917508,50008,48926,48858,340,44,0,0,1,81,214,572,111,69,59,10,0,42,0,273,66,48518,0,0,0,0,0,0,0,,,,,3,4,",000000000",",000000000",111,1,22,0,729,,",430000000",",000000000",,0,24,4,10,10,8,,376,,",000000000",2026-09-16 04:03:10.020000000
2026-09-16,15139629000194,Neoenergia Coelba,COMPANHIA DE ELETRICIDADE DO ESTADO DA BAHIA,Concessão,2026-07-01,2903706,6990,6840,6834,86,33,0,0,2,15,36,76,31,13,8,5,0,18,0,63,21,6748,0,0,0,0,0,0,0,,,,,0,1,",000000000",",000000000",18,1,22,0,125,,",430000000",",000000000",,0,3,2,,,,,9,,",000000000",2026-09-16 04:03:10.053000000
2026-09-16,15139629000194,Neoenergia Coelba,COMPANHIA DE ELETRICIDADE DO ESTADO DA BAHIA,Concessão,2023-08-01,2929370,5418,5357,5361,13,0,0,0,2,7,4,4,2,1,1,0,0,1,0,9,2,5348,0,0,0,0,0,0,0,,,,,2,0,",000000000",",000000000",20,1,23,0,37,,"3,390000000",",000000000",,0,1,,10,15,8,,41,,",000000000",2026-09-16 04:03:09.927000000
2026-09-16,15139629000194,Neoenergia Coelba,COMPANHIA DE ELETRICIDADE DO ESTADO DA BAHIA,Concessão,2024-06-01,2912806,4091,4031,4028,132,1,0,0,1,123,7,13,3,1,1,0,0,2,0,114,17,3896,0,0,0,0,0,0,0,,,,,0,0,",000000000",",000000000",23,1,19,0,107,,",000300000",",000000000",,0,27,3,5,7,4,1,111,,",000000000",2026-09-16 04:03:09.960000000
2026-09-16,15139629000194,Neoenergia Coelba,COMPANHIA DE ELETRICIDADE DO ESTADO DA BAHIA,Concessão,2026-05-01,2917607,23548,23033,23044,174,8,0,0,1,100,65,164,28,16,14,2,0,12,0,135,38,22869,1,0,1,0,0,0,0,,,,,0,0,",000000000",",000000000",98,2,22,0,714,,",430000000",",000000000",,0,11,4,4,4,3,,203,,",000000000",2026-09-16 04:03:10.020000000
2026-09-16,15139629000194,Neoenergia Coelba,COMPANHIA DE ELETRICIDADE DO ESTADO DA BAHIA,Concessão,2026-07-01,2903508,9621,9322,9332,47,3,0,0,0,17,27,78,18,10,9,1,0,8,0,37,10,9285,0,0,0,0,0,0,0,,,,,3,3,",000000000",",000000000",35,1,22,0,204,,"1,100000000",",000000000",,0,,,,1,,,98,,",000000000",2026-09-16 04:03:10.053000000
2026-09-16,15139629000194,Neoenergia Coelba,COMPANHIA DE ELETRICIDADE DO ESTADO DA BAHIA,Concessão,2023-08-01,2929404,4763,4699,4711,28,0,0,0,1,11,16,22,5,4,4,0,0,1,0,24,3,4683,0,0,0,0,0,0,0,,,,,2,0,",000000000",",000000000",1,1,23,0,55,,"2,830000000",",000000000",,0,3,,3,3,,,11,,",000000000",2026-09-16 04:03:09.927000000
2026-09-16,15139629000194,Neoenergia Coelba,COMPANHIA DE ELETRICIDADE DO ESTADO DA BAHIA,Concessão,2024-06-01,2912707,7092,6968,6982,191,116,0,0,1,53,21,13,10,5,5,0,0,5,0,141,49,6791,0,0,0,0,0,0,0,,,,,2,2,",000000000",",000000000",23,1,19,0,85,,",003700000",",000000000",,0,9,,2,5,,,73,,",000000000",2026-09-16 04:03:09.960000000
2026-09-16,15139629000194,Neoenergia Coelba,COMPANHIA DE ELETRICIDADE DO ESTADO DA BAHIA,Concessão,2026-05-01,2917706,18902,18504,18359,122,8,0,0,1,38,75,284,31,13,8,5,0,18,0,99,22,18237,0,0,0,0,0,0,0,,,,,1,0,",000000000",",000000000",53,2,22,0,563,,",430000000",",000000000",,0,2,1,7,7,3,,169,,",000000000",2026-09-16 04:03:10.020000000
2026-09-16,15139629000194,Neoenergia Coelba,COMPANHIA DE ELETRICIDADE DO ESTADO DA BAHIA,Concessão,2026-07-01,2901957,3471,3376,3349,150,132,0,0,1,9,8,47,48,2,2,0,0,46,0,110,39,3199,0,0,0,0,0,0,0,,,,,0,1,",000000000",",000000000",17,1,22,0,100,,",570000000",",000000000",,0,,,,,,,68,,",000000000",2026-09-16 04:03:10.053000000
2026-09-16,15139629000194,Neoenergia Coelba,COMPANHIA DE ELETRICIDADE DO ESTADO DA BAHIA,Concessão,2023-08-01,2929503,18331,18123,18180,134,6,0,0,1,64,63,48,16,16,16,0,0,0,0,99,34,18045,1,0,1,0,0,0,0,,,,,10,1,",000000000","2430,000000000",17,1,23,0,107,,"12,380000000",",000000000",,0,7,1,20,28,,2,79,,",000000000",2026-09-16 04:03:09.927000000
2026-09-16,15139629000194,Neoenergia Coelba,COMPANHIA DE ELETRICIDADE DO ESTADO DA BAHIA,Concessão,2024-06-01,2913408,7082,6953,6958,29,11,0,0,1,3,14,85,27,12,11,1,0,15,0,26,2,6929,0,0,0,0,0,0,0,,,,,0,0,",000000000",",000000000",38,1,19,0,132,,",007100000",",000000000",,0,1,,2,2,2,,44,,",000000000",2026-09-16 04:03:09.960000000
2026-09-16,15139629000194,Neoenergia Coelba,COMPANHIA DE ELETRICIDADE DO ESTADO DA BAHIA,Concessão,2026-05-01,2917805,8246,8136,8126,74,3,0,0,1,30,40,126,17,16,5,11,0,1,0,59,14,8052,0,0,0,0,0,0,0,,,,,0,0,"1200,000000000","2100,000000000",12,1,22,0,34,,",350000000",",000000000",,0,3,3,,,,,69,,",000000000",2026-09-16 04:03:10.020000000
2026-09-16,15139629000194,Neoenergia Coelba,COMPANHIA DE ELETRICIDADE DO ESTADO DA BAHIA,Concessão,2026-07-01,2901908,7454,7293,7285,70,0,0,0,1,36,33,54,1,1,1,0,0,0,0,51,18,7215,0,0,0,0,0,0,0,,,,,0,2,",000000000",",000000000",13,1,22,0,137,,",100000000",",000000000",,0,,,,,,,72,,",000000000",2026-09-16 04:03:10.053000000
2026-09-16,15139629000194,Neoenergia Coelba,COMPANHIA DE ELETRICIDADE DO ESTADO DA BAHIA,Concessão,2023-08-01,2905305,9105,8930,9027,223,41,0,0,2,120,60,26,20,12,12,0,0,8,0,150,71,8803,1,0,1,0,0,0,0,,,,,1,2,",000000000",",000000000",13,1,23,0,1,,"911,180000000",",000000000",,0,23,10,7,14,2,,130,,",000000000",2026-09-16 04:03:09.927000000
2026-09-16,15139629000194,Neoenergia Coelba,COMPANHIA DE ELETRICIDADE DO ESTADO DA BAHIA,Concessão,2024-06-01,2900108,4409,4329,4334,31,4,0,0,3,8,16,19,6,4,4,0,0,2,0,17,11,4303,0,0,0,0,0,0,0,,,,,0,0,",000000000",",000000000",7,1,19,0,73,,",001800000",",000000000",,0,1,,1,1,1,,1,,",000000000",2026-09-16 04:03:09.960000000
2026-09-16,15139629000194,Neoenergia Coelba,COMPANHIA DE ELETRICIDADE DO ESTADO DA BAHIA,Concessão,2026-05-01,2910206,2204,2158,2159,11,0,0,0,1,7,3,8,1,0,0,0,0,1,0,10,0,2148,0,0,0,0,0,0,0,,,,,0,0,",000000000","1795,000000000",5,1,22,0,43,,",620000000",",000000000",,0,2,,2,2,,,4,,",000000000",2026-09-16 04:03:10.020000000
2026-09-16,15139629000194,Neoenergia Coelba,COMPANHIA DE ELETRICIDADE DO ESTADO DA BAHIA,Concessão,2026-07-01,2901809,4720,4640,4632,31,5,0,0,1,11,14,54,6,0,0,0,0,6,0,22,8,4601,0,0,0,0,0,0,0,,,,,0,0,",000000000",",000000000",6,1,22,0,244,,",580000000",",000000000",,0,,,,,,,71,,",000000000",2026-09-16 04:03:10.053000000
2026-09-16,15139629000194,Neoenergia Coelba,COMPANHIA DE ELETRICIDADE DO ESTADO DA BAHIA,Concessão,2023-08-01,2905206,26844,25986,25989,71,4,0,0,7,24,36,65,25,22,19,3,0,3,0,47,17,25918,0,0,0,0,0,0,0,,,,,0,1,",000000000",",000000000",106,1,23,0,333,,"1,130000000",",000000000",,0,31,7,6,6,5,,172,1,",000000000",2026-09-16 04:03:09.927000000
2026-09-16,15139629000194,Neoenergia Coelba,COMPANHIA DE ELETRICIDADE DO ESTADO DA BAHIA,Concessão,2024-06-01,2914802,98861,97248,97555,1157,602,0,0,4,402,149,1965,929,554,513,41,0,375,0,945,208,96394,4,0,4,0,0,0,0,,,,,23,27,",000000000","4415,000000000",445,1,19,0,4247,,",005500000",",000000000",,0,134,17,15,23,5,2,1517,2,",000000000",2026-09-16 04:03:09.960000000
2026-09-16,15139629000194,Neoenergia Coelba,COMPANHIA DE ELETRICIDADE DO ESTADO DA BAHIA,Concessão,2026-05-01,2910107,6426,6278,6106,100,18,0,0,1,20,61,204,18,2,2,0,0,16,0,71,28,6006,0,0,0,0,0,0,0,,,,,1,2,",000000000",",000000000",11,1,22,0,151,,",130000000",",000000000",,0,2,2,,,,,1,,",000000000",2026-09-16 04:03:10.020000000
2026-09-16,15139629000194,Neoenergia Coelba,COMPANHIA DE ELETRICIDADE DO ESTADO DA BAHIA,Concessão,2026-07-01,2901700,4603,4484,4472,86,22,0,0,2,32,30,182,11,2,2,0,0,9,0,65,19,4386,0,0,0,0,0,0,0,,,,,1,1,",000000000",",000000000",6,1,22,0,169,,",950000000",",000000000",,0,,,3,4,,,19,,",000000000",2026-09-16 04:03:10.053000000
2026-09-16,15139629000194,Neoenergia Coelba,COMPANHIA DE ELETRICIDADE DO ESTADO DA BAHIA,Concessão,2023-08-01,2905156,4928,4799,4843,88,29,0,0,1,42,16,19,24,8,8,0,0,16,0,71,16,4754,1,0,1,0,0,0,0,,,,,1,0,",000000000",",000000000",25,1,23,0,141,,",410000000",",000000000",,0,3,2,6,6,6,,32,,",000000000",2026-09-16 04:03:09.927000000
2026-09-16,15139629000194,Neoenergia Coelba,COMPANHIA DE ELETRICIDADE DO ESTADO DA BAHIA,Concessão,2024-06-01,2914703,33027,32468,32515,374,181,0,0,4,119,70,455,83,25,25,0,0,58,0,276,94,32140,1,0,1,0,0,0,0,,,,,8,12,",000000000","1120,000000000",133,1,19,0,690,,",002300000",",000000000",,0,53,14,7,8,,,322,,",000000000",2026-09-16 04:03:09.960000000
2026-09-16,15139629000194,Neoenergia Coelba,COMPANHIA DE ELETRICIDADE DO ESTADO DA BAHIA,Concessão,2026-05-01,2910057,29413,28861,28796,887,8,0,0,3,120,756,376,59,52,52,0,0,7,0,513,371,27909,0,0,0,0,0,0,0,,,,,26,15,"2104,800000000","3670,000000000",656,1,22,0,1059,,"1,380000000",",000000000",,0,3,,1,3,,,260,,",000000000",2026-09-16 04:03:10.020000000
2026-09-16,15139629000194,Neoenergia Coelba,COMPANHIA DE ELETRICIDADE DO ESTADO DA BAHIA,Concessão,2026-07-01,2902054,5567,5450,5465,39,4,0,0,1,15,19,71,5,3,3,0,0,2,0,29,9,5426,0,0,0,0,0,0,0,,,,,1,3,",000000000",",000000000",13,1,22,0,138,,",570000000",",000000000",,0,2,2,1,1,,,64,,",000000000",2026-09-16 04:03:10.053000000
2026-09-16,15139629000194,Neoenergia Coelba,COMPANHIA DE ELETRICIDADE DO ESTADO DA BAHIA,Concessão,2023-08-01,2905107,5328,5228,5227,29,1,0,0,4,14,10,11,8,8,8,0,0,0,0,20,5,5198,0,0,0,0,0,0,0,,,,,1,1,",000000000",",000000000",55,1,23,0,46,,",400000000",",000000000",,0,21,18,5,10,4,,47,,",000000000",2026-09-16 04:03:09.927000000
2026-09-16,15139629000194,Neoenergia Coelba,COMPANHIA DE ELETRICIDADE DO ESTADO DA BAHIA,Concessão,2024-06-01,2914653,12558,12379,12371,258,74,0,0,2,110,72,76,36,24,23,1,0,12,0,202,54,12113,0,0,0,1,1,0,0,"10447,000000000","10447,000000000",",000000000",",000000000",1,0,",000000000",",000000000",59,1,19,0,535,,",000200000",",000000000",,0,11,1,3,8,1,,282,,",000000000",2026-09-16 04:03:09.960000000
2026-09-16,15139629000194,Neoenergia Coelba,COMPANHIA DE ELETRICIDADE DO ESTADO DA BAHIA,Concessão,2026-05-01,1707009,1,1,1,0,0,0,0,0,0,0,0,0,0,0,0,0,0,0,0,0,1,0,0,0,0,0,0,0,,,,,0,0,",000000000",",000000000",0,0,22,0,0,,",000000000",",000000000",,0,,,,,,,,,",000000000",2026-09-16 04:03:10.020000000
2026-09-16,15139629000194,Neoenergia Coelba,COMPANHIA DE ELETRICIDADE DO ESTADO DA BAHIA,Concessão,2026-07-01,2901601,6080,5918,5926,62,6,0,0,1,41,14,49,16,11,11,0,0,5,0,47,14,5864,0,0,0,0,0,0,0,,,,,0,0,",000000000",",000000000",3,1,22,0,134,,",420000000",",000000000",,0,,,1,1,,,32,,",000000000",2026-09-16 04:03:10.053000000
2026-09-16,15139629000194,Neoenergia Coelba,COMPANHIA DE ELETRICIDADE DO ESTADO DA BAHIA,Concessão,2023-08-01,2905008,11489,11134,11161,65,2,0,0,4,47,12,32,21,14,14,0,0,7,0,53,8,11096,0,0,0,0,0,0,0,,,,,0,0,",000000000",",000000000",39,1,23,0,225,,"4,740000000",",000000000",,0,27,3,1,5,,,171,,",000000000",2026-09-16 04:03:09.927000000
2026-09-16,15139629000194,Neoenergia Coelba,COMPANHIA DE ELETRICIDADE DO ESTADO DA BAHIA,Concessão,2024-06-01,2914604,36911,36238,36261,362,129,0,0,8,213,12,305,108,33,26,7,0,75,0,275,79,35899,0,0,0,0,0,0,0,,,,,6,4,",000000000","6683,350000000",149,1,19,0,1496,,",010700000",",000000000",,0,57,,5,9,5,,222,,",000000000",2026-09-16 04:03:09.960000000
2026-09-16,15139629000194,Neoenergia Coelba,COMPANHIA DE ELETRICIDADE DO ESTADO DA BAHIA,Concessão,2026-05-01,2909505,2285,2224,2223,13,2,0,0,1,7,3,7,0,0,0,0,0,0,0,9,3,2210,0,0,0,0,0,0,0,,,,,0,0,",000000000",",000000000",3,1,22,0,38,,",030000000",",000000000",,0,,,,,,,,,",000000000",2026-09-16 04:03:10.020000000
2026-09-16,15139629000194,Neoenergia Coelba,COMPANHIA DE ELETRICIDADE DO ESTADO DA BAHIA,Concessão,2026-07-01,2903953,4565,4478,4490,41,6,0,0,1,12,22,36,14,1,1,0,0,13,0,34,6,4449,0,0,0,0,0,0,0,,,,,0,0,",000000000",",000000000",12,1,22,0,136,,",650000000",",000000000",,0,1,1,,,,,1,,",000000000",2026-09-16 04:03:10.053000000
2026-09-16,15139629000194,Neoenergia Coelba,COMPANHIA DE ELETRICIDADE DO ESTADO DA BAHIA,Concessão,2023-08-01,2904902,13341,13132,13181,166,74,0,0,1,45,46,81,89,31,25,6,0,58,0,133,32,13015,0,0,0,0,0,0,0,,,,,6,3,",000000000",",000000000",57,1,23,0,540,,"2,880000000",",000000000",,0,22,3,10,11,9,,108,,",000000000",2026-09-16 04:03:09.927000000
2026-09-16,15139629000194,Neoenergia Coelba,COMPANHIA DE ELETRICIDADE DO ESTADO DA BAHIA,Concessão,2024-06-01,2914505,14145,13792,13819,103,0,0,0,5,49,49,131,23,23,21,2,0,0,0,84,14,13716,0,0,0,0,0,0,0,,,,,13,11,"1500,000000000","510,000000000",21,1,19,0,509,,",006400000",",000000000",,0,17,4,20,25,8,,80,,",000000000",2026-09-16 04:03:09.960000000
2026-09-16,15139629000194,Neoenergia Coelba,COMPANHIA DE ELETRICIDADE DO ESTADO DA BAHIA,Concessão,2026-05-01,2909406,6739,6623,6525,89,14,0,0,1,20,54,52,80,10,10,0,0,70,0,64,24,6436,0,0,0,0,0,0,0,,,,,0,0,",000000000",",000000000",8,1,22,0,65,,",320000000",",000000000",,0,,,,,,,84,,",000000000",2026-09-16 04:03:10.020000000
2026-09-16,15139629000194,Neoenergia Coelba,COMPANHIA DE ELETRICIDADE DO ESTADO DA BAHIA,Concessão,2026-07-01,2904001,6567,6426,6370,121,48,0,0,2,28,43,31,40,2,2,0,0,38,0,81,38,6249,0,0,0,1,1,0,0,"31443,000000000","31443,000000000",",000000000",",000000000",0,0,",000000000",",000000000",4,1,22,0,44,,",680000000",",000000000",,0,9,2,1,2,,,21,,",000000000",2026-09-16 04:03:10.053000000
2026-09-16,15139629000194,Neoenergia Coelba,COMPANHIA DE ELETRICIDADE DO ESTADO DA BAHIA,Concessão,2023-08-01,2904852,4945,4808,4835,26,2,0,0,1,12,11,12,0,0,0,0,0,0,0,20,5,4809,0,0,0,0,0,0,0,,,,,0,0,",000000000",",000000000",28,1,23,0,173,,"9,450000000",",000000000",,0,22,11,8,9,5,,34,,",000000000",2026-09-16 04:03:09.927000000
2026-09-16,15139629000194,Neoenergia Coelba,COMPANHIA DE ELETRICIDADE DO ESTADO DA BAHIA,Concessão,2024-06-01,2914406,11954,11695,11699,122,45,0,0,6,42,29,276,38,22,19,3,0,16,0,93,23,11577,0,0,0,0,0,0,0,,,,,0,0,",000000000",",000000000",17,1,19,0,208,,",011900000",",000000000",,0,47,4,12,18,4,,104,,",000000000",2026-09-16 04:03:09.960000000
2026-09-16,15139629000194,Neoenergia Coelba,COMPANHIA DE ELETRICIDADE DO ESTADO DA BAHIA,Concessão,2026-05-01,2909307,16764,16308,16173,280,13,0,0,1,61,205,366,38,20,20,0,0,18,0,224,55,15892,1,0,1,0,0,0,0,,,,,1,1,",000000000",",000000000",57,2,22,0,314,,",510000000",",000000000",,0,54,23,,,,,142,,",000000000",2026-09-16 04:03:10.020000000
2026-09-16,15139629000194,Neoenergia Coelba,COMPANHIA DE ELETRICIDADE DO ESTADO DA BAHIA,Concessão,2026-07-01,2901502,3780,3686,3689,50,17,0,0,1,16,16,29,13,0,0,0,0,13,0,43,6,3639,0,0,0,0,0,0,0,,,,,0,4,"900,000000000",",000000000",14,1,22,0,100,,"1,630000000",",000000000",,0,2,1,4,5,3,,,,",000000000",2026-09-16 04:03:10.053000000
2026-09-16,15139629000194,Neoenergia Coelba,COMPANHIA DE ELETRICIDADE DO ESTADO DA BAHIA,Concessão,2023-08-01,2904803,3055,3007,2985,27,8,0,0,2,8,9,18,47,9,9,0,0,38,0,20,5,2958,0,0,0,0,0,0,0,,,,,0,2,",000000000",",000000000",12,1,23,0,42,,"32,740000000",",000000000",,0,5,1,1,1,1,,30,,",000000000",2026-09-16 04:03:09.927000000
2026-09-16,15139629000194,Neoenergia Coelba,COMPANHIA DE ELETRICIDADE DO ESTADO DA BAHIA,Concessão,2024-06-01,2914307,4888,4811,4820,93,57,0,0,5,18,13,44,34,7,7,0,0,27,0,66,22,4727,0,0,0,0,0,0,0,,,,,0,0,",000000000",",000000000",8,1,19,0,97,,",003200000",",000000000",,0,2,,,,,,33,,",000000000",2026-09-16 04:03:09.960000000
2026-09-16,15139629000194,Neoenergia Coelba,COMPANHIA DE ELETRICIDADE DO ESTADO DA BAHIA,Concessão,2026-05-01,2909208,7904,7729,7702,88,10,0,0,1,43,34,76,7,3,3,0,0,4,0,70,17,7613,1,0,1,0,0,0,0,,,,,0,0,",000000000",",000000000",22,1,22,0,78,,"1,520000000",",000000000",,0,12,1,3,3,3,,111,,",000000000",2026-09-16 04:03:10.020000000
2026-09-16,15139629000194,Neoenergia Coelba,COMPANHIA DE ELETRICIDADE DO ESTADO DA BAHIA,Concessão,2026-07-01,2901403,7474,7319,7324,314,171,0,0,1,66,76,78,79,7,7,0,0,72,0,238,75,7010,0,0,0,0,0,0,0,,,,,0,0,",000000000",",000000000",37,1,22,0,32,,"1,930000000",",000000000",,0,15,3,1,1,1,,86,,",000000000",2026-09-16 04:03:10.053000000
2026-09-16,15139629000194,Neoenergia Coelba,COMPANHIA DE ELETRICIDADE DO ESTADO DA BAHIA,Concessão,2023-08-01,2928307,3983,3909,3929,34,0,0,0,1,10,23,14,2,2,2,0,0,0,0,30,3,3895,0,0,0,0,0,0,0,,,,,4,2,",000000000",",000000000",12,1,23,0,17,,"15,070000000",",000000000",,0,7,3,,,,,53,,",000000000",2026-09-16 04:03:09.927000000
2026-09-16,15139629000194,Neoenergia Coelba,COMPANHIA DE ELETRICIDADE DO ESTADO DA BAHIA,Concessão,2024-06-01,2908903,12719,12390,12419,185,28,0,0,2,115,40,213,60,51,23,28,0,9,0,119,64,12234,0,0,0,0,0,0,0,,,,,4,6,",000000000","1494,000000000",41,1,19,0,243,,",002300000",",000000000",,0,13,2,1,7,,,205,1,",000000000",2026-09-16 04:03:09.960000000
2026-09-16,15139629000194,Neoenergia Coelba,COMPANHIA DE ELETRICIDADE DO ESTADO DA BAHIA,Concessão,2026-05-01,2916005,9248,9111,9002,275,250,0,0,1,0,24,75,76,5,5,0,0,71,0,198,76,8727,0,0,0,0,0,0,0,,,,,0,2,",000000000",",000000000",33,1,22,0,322,,",100000000",",000000000",,0,,,,1,,,25,,",000000000",2026-09-16 04:03:10.020000000
2026-09-16,15139629000194,Neoenergia Coelba,COMPANHIA DE ELETRICIDADE DO ESTADO DA BAHIA,Concessão,2026-07-01,2903904,32675,31906,31728,556,216,0,0,2,121,217,1383,380,238,235,3,0,142,0,423,131,31172,0,0,0,0,0,0,0,,,,,4,5,",000000000",",000000000",128,1,22,0,1976,,"4,920000000",",000000000",,0,48,5,10,13,7,,393,,",000000000",2026-09-16 04:03:10.053000000
2026-09-16,15139629000194,Neoenergia Coelba,COMPANHIA DE ELETRICIDADE DO ESTADO DA BAHIA,Concessão,2023-08-01,2904753,7894,7745,7745,80,0,0,0,1,14,65,10,9,8,8,0,0,1,0,71,8,7665,0,0,0,0,0,0,0,,,,,0,0,",000000000",",000000000",11,1,23,0,182,,"5,440000000",",000000000",,0,14,4,16,23,14,,55,,",000000000",2026-09-16 04:03:09.927000000
2026-09-16,15139629000194,Neoenergia Coelba,COMPANHIA DE ELETRICIDADE DO ESTADO DA BAHIA,Concessão,2024-06-01,2914208,3035,2987,2993,18,0,0,0,2,9,7,14,5,5,5,0,0,0,0,12,4,2975,0,0,0,0,0,0,0,,,,,0,0,",000000000",",000000000",15,1,19,0,43,,",005700000",",000000000",,0,,,1,1,1,,34,1,",000000000",2026-09-16 04:03:09.960000000
2026-09-16,15139629000194,Neoenergia Coelba,COMPANHIA DE ELETRICIDADE DO ESTADO DA BAHIA,Concessão,2026-05-01,2909109,8076,7860,7857,142,11,0,0,1,13,117,63,35,20,20,0,0,15,0,116,25,7715,0,0,0,0,0,0,0,,,,,0,8,",000000000",",000000000",3,1,22,0,91,,",380000000",",000000000",,0,3,2,1,1,1,,52,,",000000000",2026-09-16 04:03:10.020000000
2026-09-16,15139629000194,Neoenergia Coelba,COMPANHIA DE ELETRICIDADE DO ESTADO DA BAHIA,Concessão,2026-07-01,2902005,6867,6699,6702,126,59,0,0,2,29,36,41,49,7,6,1,0,42,0,94,30,6576,0,0,0,0,0,0,0,,,,,0,1,",000000000",",000000000",28,1,22,0,228,,",420000000",",000000000",,0,,,1,1,,,1,,",000000000",2026-09-16 04:03:10.053000000
2026-09-16,15139629000194,Neoenergia Coelba,COMPANHIA DE ELETRICIDADE DO ESTADO DA BAHIA,Concessão,2023-08-01,2904050,7390,7204,7238,52,15,0,0,3,25,9,14,7,3,3,0,0,4,0,35,14,7186,0,0,0,1,1,0,0,"15688,000000000","15688,000000000",",000000000",",000000000",0,1,",000000000",",000000000",7,1,23,0,52,,"16,920000000",",000000000",,0,32,4,,2,,,87,,",000000000",2026-09-16 04:03:09.927000000
2026-09-16,15139629000194,Neoenergia Coelba,COMPANHIA DE ELETRICIDADE DO ESTADO DA BAHIA,Concessão,2024-06-01,2914000,28478,27892,27985,424,191,0,0,3,91,139,241,180,106,104,2,0,74,0,334,87,27561,0,0,0,0,0,0,0,,,,,1,0,",000000000","1660,000000000",108,1,19,0,595,,",013300000",",000000000",,0,20,5,22,27,16,,219,,",000000000",2026-09-16 04:03:09.960000000
2026-09-16,15139629000194,Neoenergia Coelba,COMPANHIA DE ELETRICIDADE DO ESTADO DA BAHIA,Concessão,2026-05-01,2908903,14090,13653,13681,214,40,0,0,1,111,62,134,29,5,4,1,0,24,0,166,47,13467,0,0,0,0,0,0,0,,,,,13,6,",000000000","2040,000000000",19,1,22,0,234,,",250000000",",000000000",,0,11,6,,,,,143,,",000000000",2026-09-16 04:03:10.020000000
2026-09-16,15139629000194,Neoenergia Coelba,COMPANHIA DE ELETRICIDADE DO ESTADO DA BAHIA,Concessão,2026-07-01,2902104,23349,22894,22972,229,2,0,0,1,73,153,307,27,25,24,1,0,2,0,190,38,22743,0,0,0,0,0,0,0,,,,,0,1,",000000000",",000000000",23,1,22,0,501,,",050000000",",000000000",,0,24,8,15,15,,,63,,",000000000",2026-09-16 04:03:10.053000000
2026-09-16,15139629000194,Neoenergia Coelba,COMPANHIA DE ELETRICIDADE DO ESTADO DA BAHIA,Concessão,2023-08-01,2904001,5961,5870,5882,58,14,0,0,10,15,19,13,9,1,0,1,0,8,0,41,7,5824,0,0,0,0,0,0,0,,,,,0,0,",000000000",",000000000",4,1,23,0,54,,"18,530000000",",000000000",,0,5,,,1,,,17,,",000000000",2026-09-16 04:03:09.927000000
2026-09-16,15139629000194,Neoenergia Coelba,COMPANHIA DE ELETRICIDADE DO ESTADO DA BAHIA,Concessão,2024-06-01,2913903,20120,19822,19849,253,142,0,0,1,61,49,263,72,53,49,4,0,19,0,180,72,19596,0,0,0,0,0,0,0,,,,,2,2,",000000000","2110,000000000",78,1,19,0,301,,",004000000",",000000000",,0,18,2,15,18,12,,287,1,"428,740000000",2026-09-16 04:03:09.960000000
2026-09-16,15139629000194,Neoenergia Coelba,COMPANHIA DE ELETRICIDADE DO ESTADO DA BAHIA,Concessão,2026-05-01,2908804,2282,2208,2177,29,9,0,0,1,10,9,49,5,1,1,0,0,4,0,27,1,2148,0,0,0,0,0,0,0,,,,,0,0,",000000000",",000000000",13,1,22,0,77,,",150000000",",000000000",,0,1,,,,,,5,,",000000000",2026-09-16 04:03:10.020000000
2026-09-16,15139629000194,Neoenergia Coelba,COMPANHIA DE ELETRICIDADE DO ESTADO DA BAHIA,Concessão,2026-07-01,2902203,5457,5355,5366,29,0,0,0,1,13,15,86,4,4,4,0,0,0,0,25,3,5337,0,0,0,0,0,0,0,,,,,0,0,",000000000",",000000000",12,1,22,0,45,,",230000000",",000000000",,0,2,,,,,,31,,",000000000",2026-09-16 04:03:10.053000000
2026-09-16,15139629000194,Neoenergia Coelba,COMPANHIA DE ELETRICIDADE DO ESTADO DA BAHIA,Concessão,2023-08-01,2930006,4649,4496,4538,121,56,0,0,3,32,30,46,81,34,30,4,0,47,0,87,31,4417,0,0,0,0,0,0,0,,,,,1,0,",000000000",",000000000",23,1,23,0,79,,"14,610000000",",000000000",,0,6,,3,3,2,,17,,",000000000",2026-09-16 04:03:09.927000000
2026-09-16,15139629000194,Neoenergia Coelba,COMPANHIA DE ELETRICIDADE DO ESTADO DA BAHIA,Concessão,2024-06-01,2913804,4938,4881,4890,80,22,0,0,2,30,26,189,61,56,55,1,0,5,0,65,13,4810,0,0,0,0,0,0,0,,,,,0,2,",000000000",",000000000",19,1,19,0,47,,",006400000",",000000000",,0,11,2,1,3,,,23,,",000000000",2026-09-16 04:03:09.960000000
2026-09-16,15139629000194,Neoenergia Coelba,COMPANHIA DE ELETRICIDADE DO ESTADO DA BAHIA,Concessão,2026-05-01,2908705,9454,9214,9187,80,6,0,0,2,12,60,66,10,2,2,0,0,8,0,66,12,9107,0,0,0,0,0,0,0,,,,,0,0,",000000000",",000000000",15,1,22,0,140,,",400000000",",000000000",,0,4,4,,,,,14,,",000000000",2026-09-16 04:03:10.020000000
2026-09-16,15139629000194,Neoenergia Coelba,COMPANHIA DE ELETRICIDADE DO ESTADO DA BAHIA,Concessão,2026-07-01,2917607,23650,23067,23133,236,10,0,0,1,156,69,185,24,19,18,1,0,5,0,194,41,22897,0,0,0,0,0,0,0,,,,,0,0,",000000000",",000000000",132,2,22,0,777,,",580000000",",000000000",,0,29,5,2,3,1,,228,,",000000000",2026-09-16 04:03:10.053000000
2026-09-16,15139629000194,Neoenergia Coelba,COMPANHIA DE ELETRICIDADE DO ESTADO DA BAHIA,Concessão,2023-08-01,2929909,22915,22401,22501,269,31,0,0,6,177,55,54,62,27,25,2,0,35,0,206,57,22232,0,0,0,0,0,0,0,,,,,3,2,"460,000000000",",000000000",50,1,23,0,84,,"12,760000000",",000000000",,0,25,8,8,8,8,,124,,",000000000",2026-09-16 04:03:09.927000000
2026-09-16,15139629000194,Neoenergia Coelba,COMPANHIA DE ELETRICIDADE DO ESTADO DA BAHIA,Concessão,2024-06-01,2913705,16915,16710,16712,135,1,0,0,1,74,59,176,46,46,46,0,0,0,0,102,32,16577,0,0,0,0,0,0,0,,,,,0,0,",000000000",",000000000",31,1,19,0,388,,",001400000",",000000000",,0,11,2,7,10,6,,195,,",000000000",2026-09-16 04:03:09.960000000
2026-09-16,15139629000194,Neoenergia Coelba,COMPANHIA DE ELETRICIDADE DO ESTADO DA BAHIA,Concessão,2026-05-01,2908606,12967,12736,12624,225,16,0,0,1,129,79,422,73,73,72,1,0,0,0,181,43,12399,0,0,0,0,0,0,0,,,,,0,0,",000000000","3750,000000000",43,1,22,0,410,,"1,230000000",",000000000",,0,,,,,,,150,,",000000000",2026-09-16 04:03:10.020000000
2026-09-16,15139629000194,Neoenergia Coelba,COMPANHIA DE ELETRICIDADE DO ESTADO DA BAHIA,Concessão,2026-07-01,2917508,50243,49045,49086,367,26,0,0,2,124,215,759,140,102,98,4,0,38,0,294,71,48719,0,0,0,0,0,0,0,,,,,5,16,",000000000",",000000000",101,2,22,0,388,,",220000000",",000000000",,0,15,5,6,9,2,,475,,",000000000",2026-09-16 04:03:10.053000000
2026-09-16,15139629000194,Neoenergia Coelba,COMPANHIA DE ELETRICIDADE DO ESTADO DA BAHIA,Concessão,2023-08-01,2929800,5817,5720,5678,21,0,0,0,7,8,6,16,15,15,15,0,0,0,0,11,3,5657,0,0,0,0,0,0,0,,,,,0,0,",000000000",",000000000",65,1,23,0,56,,"6,930000000",",000000000",,0,28,23,,3,,,33,,",000000000",2026-09-16 04:03:09.927000000
2026-09-16,15139629000194,Neoenergia Coelba,COMPANHIA DE ELETRICIDADE DO ESTADO DA BAHIA,Concessão,2024-06-01,2913606,87941,86691,86772,2037,1205,0,0,5,622,205,955,463,196,188,8,0,266,1,1477,555,84732,3,0,3,0,0,0,0,,,,,83,71,"47910,330000000","30926,230000000",460,1,19,0,3164,,",006500000",",000000000",,0,92,20,15,20,5,2,1198,1,",000000000",2026-09-16 04:03:09.960000000
2026-09-16,15139629000194,Neoenergia Coelba,COMPANHIA DE ELETRICIDADE DO ESTADO DA BAHIA,Concessão,2026-05-01,2908507,17867,17470,17453,311,26,0,0,2,177,106,253,28,17,16,1,0,11,0,243,66,17142,0,0,0,0,0,0,0,,,,,3,0,",000000000",",000000000",43,1,22,0,343,,",520000000",",000000000",,0,12,8,7,7,3,,168,,",000000000",2026-09-16 04:03:10.020000000
2026-09-16,15139629000194,Neoenergia Coelba,COMPANHIA DE ELETRICIDADE DO ESTADO DA BAHIA,Concessão,2026-07-01,2917409,7232,7057,6982,128,61,0,0,0,25,42,161,72,12,11,1,0,60,0,82,46,6854,0,0,0,0,0,0,0,,,,,2,2,",000000000",",000000000",9,1,22,0,173,,"2,680000000",",000000000",,0,,,,,,,13,,",000000000",2026-09-16 04:03:10.053000000
2026-09-16,15139629000194,Neoenergia Coelba,COMPANHIA DE ELETRICIDADE DO ESTADO DA BAHIA,Concessão,2023-08-01,2929750,10159,9978,10037,98,22,0,0,1,28,47,50,41,32,31,1,0,9,0,75,22,9938,1,0,1,0,0,0,0,,,,,3,1,",000000000",",000000000",79,1,23,0,195,,"15,810000000",",000000000",,0,32,14,6,13,3,,151,,",000000000",2026-09-16 04:03:09.927000000
2026-09-16,15139629000194,Neoenergia Coelba,COMPANHIA DE ELETRICIDADE DO ESTADO DA BAHIA,Concessão,2024-06-01,2913507,10658,10533,10507,383,369,0,0,3,0,11,412,64,35,33,2,0,22,7,242,138,10124,0,0,0,0,0,0,0,,,,,2,1,",000000000",",000000000",34,1,19,0,515,,",011700000",",000000000",1,0,17,5,2,2,2,,25,,",000000000",2026-09-16 04:03:09.960000000
2026-09-16,15139629000194,Neoenergia Coelba,COMPANHIA DE ELETRICIDADE DO ESTADO DA BAHIA,Concessão,2026-05-01,2917102,8993,8833,8836,88,0,0,0,1,45,42,64,12,7,7,0,0,5,0,67,20,8748,0,0,0,0,0,0,0,,,,,3,3,",000000000",",000000000",28,1,22,0,138,,",330000000",",000000000",,0,,,,,,,94,,",000000000",2026-09-16 04:03:10.020000000
2026-09-16,15139629000194,Neoenergia Coelba,COMPANHIA DE ELETRICIDADE DO ESTADO DA BAHIA,Concessão,2026-07-01,2917359,5032,4840,4817,110,19,0,0,1,32,58,37,20,3,1,2,0,17,0,86,23,4707,0,0,0,0,0,0,0,,,,,0,0,",000000000",",000000000",7,1,22,0,142,,"1,050000000",",000000000",,0,9,3,10,11,8,,35,,",000000000",2026-09-16 04:03:10.053000000
2026-09-16,15139629000194,Neoenergia Coelba,COMPANHIA DE ELETRICIDADE DO ESTADO DA BAHIA,Concessão,2023-08-01,2929701,6890,6761,6777,61,0,0,0,1,29,31,19,4,4,4,0,0,0,0,47,13,6716,0,0,0,0,0,0,0,,,,,1,0,",000000000",",000000000",23,1,23,0,82,,"10,660000000",",000000000",,0,15,3,4,4,3,,133,,",000000000",2026-09-16 04:03:09.927000000
2026-09-16,15139629000194,Neoenergia Coelba,COMPANHIA DE ELETRICIDADE DO ESTADO DA BAHIA,Concessão,2024-06-01,2913457,4239,4162,4164,325,254,0,0,1,41,29,59,82,5,4,1,0,77,0,215,109,3839,0,0,0,0,0,0,0,,,,,1,0,",000000000",",000000000",10,1,19,0,41,,",007000000",",000000000",,0,6,2,1,1,,,71,,",000000000",2026-09-16 04:03:09.960000000
2026-09-16,15139629000194,Neoenergia Coelba,COMPANHIA DE ELETRICIDADE DO ESTADO DA BAHIA,Concessão,2026-05-01,2918001,78214,76792,76612,545,86,4,0,4,231,220,2292,309,271,267,4,0,38,0,443,98,76067,0,0,0,0,0,0,0,,,,,16,21,"2994,000000000","5903,890000000",456,1,22,0,2375,,"2,920000000",",000000000",,0,182,16,13,16,3,,565,,",000000000",2026-09-16 04:03:10.020000000
2026-09-16,15139629000194,Neoenergia Coelba,COMPANHIA DE ELETRICIDADE DO ESTADO DA BAHIA,Concessão,2026-07-01,2917334,5480,5322,5324,127,58,0,0,0,27,42,64,47,10,6,4,0,37,0,87,40,5197,0,0,0,0,0,0,0,,,,,2,3,",000000000",",000000000",17,1,22,0,134,,",050000000",",000000000",,0,,,,,,,16,,",000000000",2026-09-16 04:03:10.053000000
2026-09-16,15139629000194,Neoenergia Coelba,COMPANHIA DE ELETRICIDADE DO ESTADO DA BAHIA,Concessão,2023-08-01,2929602,7298,7175,7197,46,0,0,0,3,19,24,24,3,3,3,0,0,0,0,39,4,7151,0,0,0,0,0,0,0,,,,,1,0,",000000000",",000000000",6,1,23,0,51,,"7,450000000",",000000000",,0,,,4,4,,,11,,",000000000",2026-09-16 04:03:09.927000000
2026-09-16,15139629000194,Neoenergia Coelba,COMPANHIA DE ELETRICIDADE DO ESTADO DA BAHIA,Concessão,2024-06-01,2912608,1964,1881,1867,38,16,0,0,1,21,0,59,15,6,5,1,0,9,0,28,9,1829,0,0,0,0,0,0,0,,,,,0,0,",000000000",",000000000",4,1,19,0,59,,",010700000",",000000000",,0,,,,1,,,9,,",000000000",2026-09-16 04:03:09.960000000
2026-09-16,15139629000194,Neoenergia Coelba,COMPANHIA DE ELETRICIDADE DO ESTADO DA BAHIA,Concessão,2026-05-01,2917904,4,0,0,0,0,0,0,0,0,0,0,0,0,0,0,0,0,0,0,0,0,0,0,0,0,0,0,0,,,,,0,0,",000000000",",000000000",0,0,22,0,0,,",000000000",",000000000",,0,,,,,,,,,",000000000",2026-09-16 04:03:10.020000000
2026-09-16,15139629000194,Neoenergia Coelba,COMPANHIA DE ELETRICIDADE DO ESTADO DA BAHIA,Concessão,2026-07-01,2917300,10689,10448,10466,177,10,0,0,1,106,60,177,77,24,22,2,0,53,0,134,42,10289,0,0,0,0,0,0,0,,,,,1,1,",000000000",",000000000",25,1,22,0,149,,",800000000",",000000000",,0,1,,2,2,,,68,,",000000000",2026-09-16 04:03:10.053000000
2026-09-16,15139629000194,Neoenergia Coelba,COMPANHIA DE ELETRICIDADE DO ESTADO DA BAHIA,Concessão,2023-08-01,2904704,7551,7470,7494,87,32,0,0,1,33,21,22,52,5,5,0,0,47,0,69,17,7407,0,0,0,0,0,0,0,,,,,0,0,",000000000",",000000000",16,1,23,0,52,,"6,560000000",",000000000",,0,15,4,,1,,,3,,",000000000",2026-09-16 04:03:09.927000000
2026-09-16,15139629000194,Neoenergia Coelba,COMPANHIA DE ELETRICIDADE DO ESTADO DA BAHIA,Concessão,2024-06-01,2914109,5572,5481,5483,35,2,0,0,1,11,21,121,16,16,16,0,0,0,0,22,12,5448,0,0,0,0,0,0,0,,,,,0,0,",000000000",",000000000",24,1,19,0,303,,",012100000",",000000000",,0,8,2,3,4,2,,28,,",000000000",2026-09-16 04:03:09.960000000
2026-09-16,15139629000194,Neoenergia Coelba,COMPANHIA DE ELETRICIDADE DO ESTADO DA BAHIA,Concessão,2026-05-01,2909000,4100,4001,4005,23,2,0,0,1,6,14,15,9,9,9,0,0,0,0,15,7,3982,0,0,0,0,0,0,0,,,,,0,0,",000000000",",000000000",15,1,22,0,118,,",580000000",",000000000",,0,,,,,,,,,",000000000",2026-09-16 04:03:10.020000000
2026-09-16,15139629000194,Neoenergia Coelba,COMPANHIA DE ELETRICIDADE DO ESTADO DA BAHIA,Concessão,2026-07-01,2917201,10432,10232,10212,114,29,0,0,1,36,48,90,36,10,10,0,0,26,0,84,29,10098,0,0,0,0,0,0,0,,,,,1,0,",000000000",",000000000",62,1,22,0,109,,"1,720000000",",000000000",,0,6,3,7,8,6,,61,,",000000000",2026-09-16 04:03:10.053000000
2026-09-16,15139629000194,Neoenergia Coelba,COMPANHIA DE ELETRICIDADE DO ESTADO DA BAHIA,Concessão,2023-08-01,2928208,12467,12210,12234,80,20,0,0,3,19,38,54,34,22,20,2,0,12,0,62,15,12154,0,0,0,0,0,0,0,,,,,0,0,",000000000",",000000000",36,1,23,0,390,,"1,490000000",",000000000",,0,26,8,6,9,5,,126,,",000000000",2026-09-16 04:03:09.927000000
2026-09-16,15139629000194,Neoenergia Coelba,COMPANHIA DE ELETRICIDADE DO ESTADO DA BAHIA,Concessão,2024-06-01,2909000,3907,3849,3849,17,2,0,0,1,9,5,57,5,5,4,1,0,0,0,14,2,3832,0,0,0,0,0,0,0,,,,,0,0,",000000000",",000000000",6,1,19,0,36,,",004600000",",000000000",,0,2,,,,,,6,,",000000000",2026-09-16 04:03:09.960000000
2026-09-16,15139629000194,Neoenergia Coelba,COMPANHIA DE ELETRICIDADE DO ESTADO DA BAHIA,Concessão,2026-05-01,2915353,6981,6796,6683,258,133,0,0,1,48,76,99,53,7,6,1,0,46,0,173,84,6425,0,0,0,0,0,0,0,,,,,1,2,",000000000",",000000000",14,1,22,0,62,,",070000000",",000000000",,0,,,,,,,100,,",000000000",2026-09-16 04:03:10.020000000
2026-09-16,15139629000194,Neoenergia Coelba,COMPANHIA DE ELETRICIDADE DO ESTADO DA BAHIA,Concessão,2026-07-01,2917102,9013,8812,8827,68,3,0,0,1,32,32,51,9,8,7,1,0,1,0,59,8,8759,0,0,0,0,0,0,0,,,,,1,3,",000000000",",000000000",40,1,22,0,148,,",580000000",",000000000",,0,8,4,1,1,1,,102,,",000000000",2026-09-16 04:03:10.053000000
2026-09-16,15139629000194,Neoenergia Coelba,COMPANHIA DE ELETRICIDADE DO ESTADO DA BAHIA,Concessão,2023-08-01,2928000,16702,16351,16383,105,0,0,0,6,40,59,25,11,11,9,2,0,0,0,83,16,16278,0,0,0,0,0,0,0,,,,,0,0,",000000000",",000000000",57,1,23,0,359,,"5,620000000",",000000000",,0,13,1,5,5,,,,,",000000000",2026-09-16 04:03:09.927000000
2026-09-16,15139629000194,Neoenergia Coelba,COMPANHIA DE ELETRICIDADE DO ESTADO DA BAHIA,Concessão,2024-06-01,2909109,7738,7562,7579,102,1,0,0,1,14,86,14,9,2,2,0,0,7,0,76,25,7477,0,0,0,0,0,0,0,,,,,1,1,",000000000",",000000000",22,1,19,0,106,,",004600000",",000000000",,0,3,,2,2,2,,23,,",000000000",2026-09-16 04:03:09.960000000
2026-09-16,15139629000194,Neoenergia Coelba,COMPANHIA DE ELETRICIDADE DO ESTADO DA BAHIA,Concessão,2026-05-01,2915304,2968,2911,2918,41,15,0,0,1,11,14,20,16,3,3,0,0,13,0,31,9,2877,0,0,0,0,0,0,0,,,,,0,0,",000000000","1150,000000000",8,1,22,0,54,,",230000000",",000000000",,0,,,,,,,30,,",000000000",2026-09-16 04:03:10.020000000
2026-09-16,15139629000194,Neoenergia Coelba,COMPANHIA DE ELETRICIDADE DO ESTADO DA BAHIA,Concessão,2026-07-01,2902401,4674,4582,4566,83,26,0,0,1,27,29,50,12,2,2,0,0,10,0,62,20,4483,0,0,0,0,0,0,0,,,,,0,3,",000000000",",000000000",7,1,22,0,68,,",200000000",",000000000",,0,3,1,,2,,,51,,",000000000",2026-09-16 04:03:10.053000000
2026-09-16,15139629000194,Neoenergia Coelba,COMPANHIA DE ELETRICIDADE DO ESTADO DA BAHIA,Concessão,2023-08-01,2928505,5230,5133,5135,41,15,0,0,2,13,11,21,18,18,15,3,0,0,0,32,7,5094,0,0,0,0,0,0,0,,,,,0,0,",000000000",",000000000",6,1,23,0,149,,"9,460000000",",000000000",,0,1,,2,2,,1,,,",000000000",2026-09-16 04:03:09.927000000
2026-09-16,15139629000194,Neoenergia Coelba,COMPANHIA DE ELETRICIDADE DO ESTADO DA BAHIA,Concessão,2024-06-01,2909208,7207,7135,7126,115,52,0,0,2,27,34,14,33,4,4,0,0,29,0,75,38,7011,0,0,0,0,0,0,0,,,,,0,1,",000000000",",000000000",10,1,19,0,45,,",028600000",",000000000",,0,,,9,9,2,,38,,",000000000",2026-09-16 04:03:09.960000000
2026-09-16,15139629000194,Neoenergia Coelba,COMPANHIA DE ELETRICIDADE DO ESTADO DA BAHIA,Concessão,2026-05-01,2915205,7343,7144,7144,172,123,0,0,2,16,31,42,111,11,11,0,0,100,0,132,38,6972,0,0,0,0,0,0,0,,,,,1,0,",000000000","1338,690000000",14,1,22,0,82,,",070000000",",000000000",,0,12,,1,2,,,54,,",000000000",2026-09-16 04:03:10.020000000
2026-09-16,15139629000194,Neoenergia Coelba,COMPANHIA DE ELETRICIDADE DO ESTADO DA BAHIA,Concessão,2026-07-01,2902302,3665,3583,3596,28,0,0,0,1,10,17,34,10,10,10,0,0,0,0,19,8,3568,0,0,0,0,0,0,0,,,,,0,2,",000000000",",000000000",9,1,22,0,55,,",170000000",",000000000",,0,,,1,2,,,13,,",000000000",2026-09-16 04:03:10.053000000
2026-09-16,15139629000194,Neoenergia Coelba,COMPANHIA DE ELETRICIDADE DO ESTADO DA BAHIA,Concessão,2023-08-01,2926103,6156,6035,6059,37,0,0,0,2,20,15,0,0,0,0,0,0,0,0,28,7,6022,0,0,0,0,0,0,0,,,,,1,0,",000000000",",000000000",22,1,23,0,234,,"5,570000000",",000000000",,0,7,4,8,8,,,31,,",000000000",2026-09-16 04:03:09.927000000
2026-09-16,15139629000194,Neoenergia Coelba,COMPANHIA DE ELETRICIDADE DO ESTADO DA BAHIA,Concessão,2024-06-01,2910909,4371,4310,4321,46,33,0,0,1,7,5,17,59,3,3,0,0,56,0,37,8,4275,0,0,0,0,0,0,0,,,,,0,1,",000000000","1550,000000000",20,1,19,0,77,,",002200000",",000000000",,0,6,,,1,,,31,,",000000000",2026-09-16 04:03:09.960000000
2026-09-16,15139629000194,Neoenergia Coelba,COMPANHIA DE ELETRICIDADE DO ESTADO DA BAHIA,Concessão,2026-05-01,2913606,90685,88937,88876,1838,701,0,0,4,815,318,2634,1359,591,563,28,0,768,0,1332,502,87036,2,0,2,0,0,0,0,,,,,48,38,"50199,860000000","22356,900000000",571,1,22,0,3110,,"5,280000000",",000000000",,0,12,3,4,8,1,,1485,,",000000000",2026-09-16 04:03:10.020000000
2026-09-16,15139629000194,Neoenergia Coelba,COMPANHIA DE ELETRICIDADE DO ESTADO DA BAHIA,Concessão,2026-07-01,2902252,3707,3582,3596,349,258,0,0,1,84,6,65,244,21,20,1,0,15,208,232,116,3247,0,0,0,0,0,0,0,,,,,0,1,",000000000",",000000000",9,1,22,0,56,,"2,920000000",",000000000",,0,,,,,,,20,,",000000000",2026-09-16 04:03:10.053000000
2026-09-16,15139629000194,Neoenergia Coelba,COMPANHIA DE ELETRICIDADE DO ESTADO DA BAHIA,Concessão,2023-08-01,2926004,15997,15568,14906,231,18,0,0,114,37,62,26,28,10,10,0,0,18,0,100,17,14675,0,0,0,0,0,0,0,,,,,0,0,",000000000",",000000000",168,1,23,0,34,,",280000000",",000000000",,0,88,27,5,14,3,,230,,",000000000",2026-09-16 04:03:09.927000000
2026-09-16,15139629000194,Neoenergia Coelba,COMPANHIA DE ELETRICIDADE DO ESTADO DA BAHIA,Concessão,2024-06-01,2911006,11271,11047,10764,108,19,0,0,2,41,46,80,12,9,9,0,0,3,0,94,12,10656,0,0,0,1,1,0,0,"116839,000000000","116839,000000000",",000000000",",000000000",1,0,"349786,670000000",",000000000",21,1,19,0,309,,",003000000",",000000000",,0,12,5,8,14,7,1,144,,",000000000",2026-09-16 04:03:09.960000000
2026-09-16,15139629000194,Neoenergia Coelba,COMPANHIA DE ELETRICIDADE DO ESTADO DA BAHIA,Concessão,2026-05-01,2913507,11023,10787,10796,136,51,0,0,1,25,59,143,95,30,27,3,0,64,1,114,21,10660,0,0,0,0,0,0,0,,,,,0,1,",000000000",",000000000",30,1,22,0,521,,"2,300000000",",000000000",,0,1,,,,,,28,,",000000000",2026-09-16 04:03:10.020000000
2026-09-16,15139629000194,Neoenergia Coelba,COMPANHIA DE ELETRICIDADE DO ESTADO DA BAHIA,Concessão,2026-07-01,2901353,8573,8374,8389,133,27,0,0,1,72,33,50,17,6,6,0,0,11,0,98,34,8256,0,0,0,0,0,0,0,,,,,0,1,",000000000",",000000000",13,1,22,0,56,,",200000000",",000000000",,0,4,,,,,,74,,",000000000",2026-09-16 04:03:10.053000000
2026-09-16,15139629000194,Neoenergia Coelba,COMPANHIA DE ELETRICIDADE DO ESTADO DA BAHIA,Concessão,2023-08-01,2925600,6980,6837,6867,76,13,0,0,3,36,24,28,25,15,15,0,0,10,0,56,17,6791,0,0,0,0,0,0,0,,,,,4,0,",000000000",",000000000",5,1,23,0,70,,"4,500000000",",000000000",,0,16,2,1,1,,,39,,",000000000",2026-09-16 04:03:09.927000000
2026-09-16,15139629000194,Neoenergia Coelba,COMPANHIA DE ELETRICIDADE DO ESTADO DA BAHIA,Concessão,2024-06-01,2911105,12573,12340,12349,155,92,0,0,1,28,34,177,44,38,35,3,0,6,0,125,29,12194,0,0,0,0,0,0,0,,,,,3,3,",000000000",",000000000",58,1,19,0,298,,",005300000",",000000000",,0,5,,4,7,2,,202,1,",000000000",2026-09-16 04:03:09.960000000
2026-09-16,15139629000194,Neoenergia Coelba,COMPANHIA DE ELETRICIDADE DO ESTADO DA BAHIA,Concessão,2026-05-01,2919157,13919,13548,13576,335,140,0,0,1,73,121,218,166,39,36,3,0,127,0,245,89,13240,1,0,1,0,0,0,0,,,,,6,1,",000000000","1627,000000000",43,1,22,0,266,,",130000000",",000000000",,0,7,4,,,,,118,,",000000000",2026-09-16 04:03:10.020000000
2026-09-16,15139629000194,Neoenergia Coelba,COMPANHIA DE ELETRICIDADE DO ESTADO DA BAHIA,Concessão,2026-07-01,2901304,6652,6422,6407,161,61,0,0,2,36,62,50,52,4,3,1,0,48,0,116,43,6246,0,0,0,0,0,0,0,,,,,2,2,",000000000",",000000000",13,1,22,0,234,,",280000000",",000000000",,0,5,5,,1,,,50,,",000000000",2026-09-16 04:03:10.053000000
2026-09-16,15139629000194,Neoenergia Coelba,COMPANHIA DE ELETRICIDADE DO ESTADO DA BAHIA,Concessão,2023-08-01,2925501,14928,14525,14565,199,41,0,0,3,93,62,132,72,52,48,4,0,20,0,162,34,14366,0,0,0,1,1,0,0,"31133,000000000","31133,000000000",",000000000",",000000000",10,3,",000000000",",000000000",21,2,23,0,735,,"2,070000000",",000000000",,0,36,24,23,31,8,,4,,",000000000",2026-09-16 04:03:09.927000000
2026-09-16,15139629000194,Neoenergia Coelba,COMPANHIA DE ELETRICIDADE DO ESTADO DA BAHIA,Concessão,2024-06-01,2911204,2385,2346,2354,13,0,0,0,1,6,6,44,4,4,3,1,0,0,0,9,3,2341,0,0,0,0,0,0,0,,,,,0,0,",000000000",",000000000",2,1,19,0,137,,",003600000",",000000000",,0,,,2,2,,,11,,",000000000",2026-09-16 04:03:09.960000000
2026-09-16,15139629000194,Neoenergia Coelba,COMPANHIA DE ELETRICIDADE DO ESTADO DA BAHIA,Concessão,2026-05-01,2919207,115695,113175,113095,2593,26,0,0,70,521,1976,1688,254,230,217,13,0,24,0,2050,473,110502,0,0,0,0,0,0,0,,,,,105,94,"33716,000000000","54448,810000000",690,1,22,0,0,,",000000000",",000000000",,0,55,16,10,25,9,,1019,,",000000000",2026-09-16 04:03:10.020000000
2026-09-16,15139629000194,Neoenergia Coelba,COMPANHIA DE ELETRICIDADE DO ESTADO DA BAHIA,Concessão,2026-07-01,2901205,11597,11307,11293,184,34,0,0,1,60,89,120,37,3,3,0,0,34,0,150,33,11109,0,0,0,0,0,0,0,,,,,0,2,",000000000","870,000000000",59,1,22,0,189,,",600000000",",000000000",,0,15,7,1,1,,,164,,",000000000",2026-09-16 04:03:10.053000000
2026-09-16,15139629000194,Neoenergia Coelba,COMPANHIA DE ELETRICIDADE DO ESTADO DA BAHIA,Concessão,2023-08-01,2925402,4114,4029,3976,43,3,0,0,1,16,23,14,10,6,5,1,0,4,0,35,7,3933,0,0,0,0,0,0,0,,,,,0,1,",000000000",",000000000",23,1,23,0,74,,"6,670000000",",000000000",,0,9,2,1,1,,,66,,",000000000",2026-09-16 04:03:09.927000000
2026-09-16,15139629000194,Neoenergia Coelba,COMPANHIA DE ELETRICIDADE DO ESTADO DA BAHIA,Concessão,2024-06-01,2911253,5459,5372,5351,26,3,0,0,3,10,10,52,19,8,6,2,0,11,0,19,4,5325,0,0,0,0,0,0,0,,,,,0,0,",000000000",",000000000",11,1,19,0,63,,",000800000",",000000000",,0,3,1,1,1,1,,14,,",000000000",2026-09-16 04:03:09.960000000
2026-09-16,15139629000194,Neoenergia Coelba,COMPANHIA DE ELETRICIDADE DO ESTADO DA BAHIA,Concessão,2026-05-01,2919306,5568,5431,5431,258,166,0,0,1,74,17,123,65,6,4,2,0,59,0,218,39,5173,0,0,0,0,0,0,0,,,,,2,2,"1200,000000000",",000000000",5,1,22,0,54,,",050000000",",000000000",,0,2,1,,,,,36,,",000000000",2026-09-16 04:03:10.020000000
2026-09-16,15139629000194,Neoenergia Coelba,COMPANHIA DE ELETRICIDADE DO ESTADO DA BAHIA,Concessão,2026-07-01,2904050,8143,7924,7951,130,75,0,0,1,37,17,72,69,7,5,2,0,62,0,75,54,7821,0,0,0,0,0,0,0,,,,,0,0,",000000000",",000000000",12,1,22,0,123,,",130000000",",000000000",,0,1,,,,,,24,,",000000000",2026-09-16 04:03:10.053000000
2026-09-16,15139629000194,Neoenergia Coelba,COMPANHIA DE ELETRICIDADE DO ESTADO DA BAHIA,Concessão,2023-08-01,2914703,32076,31268,31373,316,75,0,0,3,167,71,142,111,68,63,5,0,43,0,245,68,31056,1,0,1,0,0,0,0,,,,,13,2,"1150,000000000","711,000000000",77,1,23,0,79,,"1,580000000",",000000000",,0,76,12,9,16,5,,321,1,",000000000",2026-09-16 04:03:09.927000000
2026-09-16,15139629000194,Neoenergia Coelba,COMPANHIA DE ELETRICIDADE DO ESTADO DA BAHIA,Concessão,2024-06-01,2911303,6875,6776,6761,197,93,0,0,3,74,27,241,233,65,18,47,0,168,0,143,51,6564,0,0,0,0,0,0,0,,,,,1,0,",000000000",",000000000",14,1,19,0,78,,",001000000",",000000000",,0,13,4,14,21,7,,42,,",000000000",2026-09-16 04:03:09.960000000
2026-09-16,15139629000194,Neoenergia Coelba,COMPANHIA DE ELETRICIDADE DO ESTADO DA BAHIA,Concessão,2026-05-01,2919405,6455,6295,6194,114,14,0,0,1,64,35,149,45,6,3,3,0,39,0,84,29,6080,0,0,0,0,0,0,0,,,,,1,0,",000000000",",000000000",10,1,22,0,71,,"1,520000000",",000000000",,0,2,1,,,,,43,,",000000000",2026-09-16 04:03:10.020000000
2026-09-16,15139629000194,Neoenergia Coelba,COMPANHIA DE ELETRICIDADE DO ESTADO DA BAHIA,Concessão,2026-07-01,2902807,14107,13637,13641,301,105,0,0,5,140,51,115,116,13,10,3,0,103,0,213,83,13340,0,0,0,0,0,0,0,,,,,0,2,",000000000",",000000000",29,1,22,0,381,,",250000000",",000000000",,0,,,2,3,2,,117,,",000000000",2026-09-16 04:03:10.053000000
2026-09-16,15139629000194,Neoenergia Coelba,COMPANHIA DE ELETRICIDADE DO ESTADO DA BAHIA,Concessão,2023-08-01,2914653,12388,12125,12159,216,71,0,0,2,89,54,74,76,31,25,6,0,45,0,175,39,11943,0,0,0,0,0,0,0,,,,,0,0,",000000000",",000000000",9,1,23,0,378,,",610000000",",000000000",,0,18,2,12,12,1,,40,,",000000000",2026-09-16 04:03:09.927000000
2026-09-16,15139629000194,Neoenergia Coelba,COMPANHIA DE ELETRICIDADE DO ESTADO DA BAHIA,Concessão,2024-06-01,2911402,2727,2685,2688,48,27,0,0,1,9,11,27,8,5,4,1,0,3,0,35,12,2640,0,0,0,0,0,0,0,,,,,0,0,",000000000",",000000000",5,1,19,0,277,,",002600000",",000000000",,0,2,1,,,,,35,,",000000000",2026-09-16 04:03:09.960000000
2026-09-16,15139629000194,Neoenergia Coelba,COMPANHIA DE ELETRICIDADE DO ESTADO DA BAHIA,Concessão,2026-05-01,2919504,24519,23914,23683,294,46,0,0,4,85,159,368,71,26,26,0,0,45,0,219,71,23389,0,0,0,1,1,0,0,"29299,000000000","29299,000000000",",000000000",",000000000",0,0,",000000000","3212,520000000",83,1,22,0,515,,",230000000",",000000000",,0,39,18,,1,,,63,,",000000000",2026-09-16 04:03:10.020000000
2026-09-16,15139629000194,Neoenergia Coelba,COMPANHIA DE ELETRICIDADE DO ESTADO DA BAHIA,Concessão,2026-07-01,2902906,17731,17289,17312,221,49,0,0,2,115,55,394,141,42,41,1,0,99,0,153,66,17091,0,0,0,0,0,0,0,,,,,1,0,",000000000","1830,000000000",50,1,22,0,480,,",300000000",",000000000",,0,9,6,1,2,1,,32,,",000000000",2026-09-16 04:03:10.053000000
2026-09-16,15139629000194,Neoenergia Coelba,COMPANHIA DE ELETRICIDADE DO ESTADO DA BAHIA,Concessão,2023-08-01,2914604,35819,34866,34984,279,78,0,0,7,143,51,196,110,69,63,6,0,41,0,216,56,34705,0,0,0,1,1,0,0,"2355,760000000","2355,760000000",",000000000",",000000000",11,3,",000000000",",000000000",77,1,23,0,4531,,"6,120000000",",000000000",,0,26,3,4,6,4,,288,,",000000000",2026-09-16 04:03:09.927000000
2026-09-16,15139629000194,Neoenergia Coelba,COMPANHIA DE ELETRICIDADE DO ESTADO DA BAHIA,Concessão,2024-06-01,2911501,9248,9056,9046,84,1,0,0,1,47,35,146,46,45,44,1,0,1,0,68,15,8962,0,0,0,0,0,0,0,,,,,2,7,",000000000",",000000000",42,1,19,0,630,,",002300000",",000000000",,0,8,3,1,2,,,106,,",000000000",2026-09-16 04:03:09.960000000
2026-09-16,15139629000194,Neoenergia Coelba,COMPANHIA DE ELETRICIDADE DO ESTADO DA BAHIA,Concessão,2026-05-01,2919553,57109,55346,55209,1054,151,0,0,3,339,561,1588,617,373,364,9,0,244,0,826,225,54153,2,0,2,0,0,0,0,,,,,6,9,",000000000","1735,000000000",228,1,22,0,1485,,"3,620000000",",000000000",,0,126,23,8,19,3,,700,,",000000000",2026-09-16 04:03:10.020000000
2026-09-16,15139629000194,Neoenergia Coelba,COMPANHIA DE ELETRICIDADE DO ESTADO DA BAHIA,Concessão,2026-07-01,2903003,7889,7738,7749,155,85,0,0,1,35,34,55,55,11,7,4,0,44,0,103,51,7594,0,0,0,0,0,0,0,,,,,0,1,",000000000",",000000000",16,1,22,0,96,,",180000000",",000000000",,0,1,,,,,,28,,",000000000",2026-09-16 04:03:10.053000000
2026-09-16,15139629000194,Neoenergia Coelba,COMPANHIA DE ELETRICIDADE DO ESTADO DA BAHIA,Concessão,2023-08-01,2926202,9954,9766,9726,85,3,0,0,2,31,49,25,18,8,8,0,0,10,0,66,17,9641,0,0,0,0,0,0,0,,,,,0,0,",000000000",",000000000",31,1,23,0,7,,"2,470000000",",000000000",,0,27,6,4,5,3,,138,1,",000000000",2026-09-16 04:03:09.927000000
2026-09-16,15139629000194,Neoenergia Coelba,COMPANHIA DE ELETRICIDADE DO ESTADO DA BAHIA,Concessão,2024-06-01,2910859,2459,2437,2440,21,0,0,0,1,15,5,8,1,1,1,0,0,0,0,18,2,2419,0,0,0,0,0,0,0,,,,,0,0,",000000000",",000000000",1,1,19,0,65,,",004000000",",000000000",,0,6,1,,,,,11,,",000000000",2026-09-16 04:03:09.960000000
2026-09-16,15139629000194,Neoenergia Coelba,COMPANHIA DE ELETRICIDADE DO ESTADO DA BAHIA,Concessão,2026-05-01,2913705,18551,18298,18316,175,0,0,0,1,92,82,268,35,35,33,2,0,0,0,130,44,18141,0,0,0,0,0,0,0,,,,,6,4,",000000000",",000000000",30,1,22,0,219,,",550000000",",000000000",,0,6,3,,,,,161,,",000000000",2026-09-16 04:03:10.020000000
2026-09-16,15139629000194,Neoenergia Coelba,COMPANHIA DE ELETRICIDADE DO ESTADO DA BAHIA,Concessão,2026-07-01,2903102,2521,2442,2451,76,49,0,0,1,14,12,16,31,2,2,0,0,29,0,56,19,2375,0,0,0,0,0,0,0,,,,,0,1,",000000000",",000000000",7,1,22,0,60,,",130000000",",000000000",,0,5,1,,,,,20,,",000000000",2026-09-16 04:03:10.053000000
2026-09-16,15139629000194,Neoenergia Coelba,COMPANHIA DE ELETRICIDADE DO ESTADO DA BAHIA,Concessão,2023-08-01,2914505,13446,13089,13135,107,1,0,0,5,54,47,43,16,16,16,0,0,0,0,83,19,13028,0,0,0,0,0,0,0,,,,,5,3,",000000000","1000,000000000",81,1,23,0,341,,"8,450000000",",000000000",,0,36,12,4,5,,,192,,",000000000",2026-09-16 04:03:09.927000000
2026-09-16,15139629000194,Neoenergia Coelba,COMPANHIA DE ELETRICIDADE DO ESTADO DA BAHIA,Concessão,2024-06-01,2911600,3711,3654,3654,18,4,0,0,1,2,11,28,10,8,8,0,0,2,0,14,3,3636,0,0,0,0,0,0,0,,,,,0,0,",000000000",",000000000",7,1,19,0,88,,",005400000",",000000000",,0,7,1,,3,,,9,,",000000000",2026-09-16 04:03:09.960000000
2026-09-16,15139629000194,Neoenergia Coelba,COMPANHIA DE ELETRICIDADE DO ESTADO DA BAHIA,Concessão,2026-05-01,2919603,5771,5642,5637,76,24,0,0,2,7,43,40,34,5,5,0,0,29,0,59,15,5561,0,0,0,0,0,0,0,,,,,2,1,",000000000",",000000000",3,1,22,0,57,,",430000000",",000000000",,0,,,,,,,,,",000000000",2026-09-16 04:03:10.020000000
2026-09-16,15139629000194,Neoenergia Coelba,COMPANHIA DE ELETRICIDADE DO ESTADO DA BAHIA,Concessão,2026-07-01,2903201,83709,81501,81229,2108,418,0,0,7,619,1064,2198,669,404,395,9,0,265,0,1690,411,79121,0,0,0,0,0,0,0,,,,,14,14,"1599,000000000","4229,000000000",429,1,22,0,3340,,"3,330000000",",000000000",,0,90,31,21,34,14,,754,,",000000000",2026-09-16 04:03:10.053000000
2026-09-16,15139629000194,Neoenergia Coelba,COMPANHIA DE ELETRICIDADE DO ESTADO DA BAHIA,Concessão,2023-08-01,2914307,4806,4723,4737,65,16,0,0,5,23,21,8,21,2,1,1,0,19,0,45,15,4672,0,0,0,0,0,0,0,,,,,0,0,",000000000",",000000000",13,1,23,0,137,,"2,140000000",",000000000",,0,18,6,,,,,39,,",000000000",2026-09-16 04:03:09.927000000
2026-09-16,15139629000194,Neoenergia Coelba,COMPANHIA DE ELETRICIDADE DO ESTADO DA BAHIA,Concessão,2024-06-01,2917003,15915,15651,15663,83,19,0,0,3,8,53,35,34,11,11,0,0,23,0,59,21,15580,0,0,0,0,0,0,0,,,,,0,0,",000000000",",000000000",14,1,19,0,399,,",000800000",",000000000",,0,10,,6,12,2,,63,,",000000000",2026-09-16 04:03:09.960000000
2026-09-16,15139629000194,Neoenergia Coelba,COMPANHIA DE ELETRICIDADE DO ESTADO DA BAHIA,Concessão,2026-05-01,2911204,13325,12958,12872,104,16,0,0,2,38,48,202,82,13,8,5,0,69,0,78,24,12768,0,0,0,0,0,0,0,,,,,0,1,",000000000","680,000000000",38,1,22,0,676,,",150000000",",000000000",,0,5,,4,4,3,,198,,",000000000",2026-09-16 04:03:10.020000000
2026-09-16,15139629000194,Neoenergia Coelba,COMPANHIA DE ELETRICIDADE DO ESTADO DA BAHIA,Concessão,2026-07-01,2903235,7205,6989,7022,117,60,0,0,1,21,35,83,53,11,8,3,0,42,0,80,36,6905,0,0,0,0,0,0,0,,,,,1,1,",000000000",",000000000",5,1,22,0,64,,",550000000",",000000000",,0,1,,5,5,5,,39,,",000000000",2026-09-16 04:03:10.053000000
2026-09-16,15139629000194,Neoenergia Coelba,COMPANHIA DE ELETRICIDADE DO ESTADO DA BAHIA,Concessão,2023-08-01,2702405,1360,1349,1348,4,0,0,0,1,2,1,1,3,0,0,0,0,3,0,3,0,1344,0,0,0,0,0,0,0,,,,,3,2,",000000000",",000000000",0,0,0,0,0,,",000000000",",000000000",,0,5,4,,,,,16,,",000000000",2026-09-16 04:03:09.927000000
2026-09-16,15139629000194,Neoenergia Coelba,COMPANHIA DE ELETRICIDADE DO ESTADO DA BAHIA,Concessão,2024-06-01,2916906,5511,5437,5432,44,0,0,0,2,36,6,28,4,4,4,0,0,0,0,35,7,5388,0,0,0,0,0,0,0,,,,,0,0,",000000000","1810,000000000",17,1,19,0,34,,",000800000",",000000000",,0,8,,6,6,6,,28,,",000000000",2026-09-16 04:03:09.960000000
2026-09-16,15139629000194,Neoenergia Coelba,COMPANHIA DE ELETRICIDADE DO ESTADO DA BAHIA,Concessão,2026-05-01,2911253,2507,2443,2451,11,0,0,0,1,1,9,4,0,0,0,0,0,0,0,9,1,2440,0,0,0,0,0,0,0,,,,,0,0,",000000000",",000000000",5,1,22,0,162,,"1,800000000",",000000000",,0,1,,1,1,,,22,,",000000000",2026-09-16 04:03:10.020000000
2026-09-16,15139629000194,Neoenergia Coelba,COMPANHIA DE ELETRICIDADE DO ESTADO DA BAHIA,Concessão,2026-07-01,2903300,2794,2730,2745,22,5,0,0,1,9,7,37,4,1,1,0,0,3,0,17,4,2723,0,0,0,0,0,0,0,,,,,0,0,",000000000",",000000000",31,1,22,0,131,,",730000000",",000000000",,0,,,,,,,42,,",000000000",2026-09-16 04:03:10.053000000
2026-09-16,15139629000194,Neoenergia Coelba,COMPANHIA DE ELETRICIDADE DO ESTADO DA BAHIA,Concessão,2023-08-01,1712702,0,0,0,0,0,0,0,0,0,0,0,0,0,0,0,0,0,0,0,0,0,0,0,0,0,0,0,0,,,,,0,0,",000000000",",000000000",0,0,0,0,0,,",000000000",",000000000",,0,,,,,,,,,",000000000",2026-09-16 04:03:09.927000000
2026-09-16,15139629000194,Neoenergia Coelba,COMPANHIA DE ELETRICIDADE DO ESTADO DA BAHIA,Concessão,2024-06-01,2916856,7318,7211,7205,82,15,0,0,2,42,23,192,78,76,8,68,0,2,0,57,23,7123,0,0,0,0,0,0,0,,,,,0,1,",000000000",",000000000",16,1,19,0,96,,",004500000",",000000000",,0,10,,2,2,,,60,,",000000000",2026-09-16 04:03:09.960000000
2026-09-16,15139629000194,Neoenergia Coelba,COMPANHIA DE ELETRICIDADE DO ESTADO DA BAHIA,Concessão,2026-05-01,2911303,5743,5631,5616,86,12,0,0,1,10,63,36,18,4,1,3,0,14,0,69,16,5530,0,0,0,0,0,0,0,,,,,0,0,",000000000","4846,100000000",8,1,22,0,126,,",030000000",",000000000",,0,,,,,,,7,,",000000000",2026-09-16 04:03:10.020000000
2026-09-16,15139629000194,Neoenergia Coelba,COMPANHIA DE ELETRICIDADE DO ESTADO DA BAHIA,Concessão,2026-07-01,2921104,11328,11121,11099,248,61,9,0,1,76,101,266,64,26,21,5,0,29,9,206,41,10851,0,0,0,0,0,0,0,,,,,1,0,",000000000",",000000000",42,1,22,0,452,,",580000000",",000000000",,0,,,1,1,,,103,,",000000000",2026-09-16 04:03:10.053000000
2026-09-16,15139629000194,Neoenergia Coelba,COMPANHIA DE ELETRICIDADE DO ESTADO DA BAHIA,Concessão,2023-08-01,1707009,1,1,1,0,0,0,0,0,0,0,0,0,0,0,0,0,0,0,0,0,1,0,0,0,0,0,0,0,,,,,0,0,",000000000",",000000000",0,0,0,0,0,,",000000000",",000000000",,0,,,,,,,,,",000000000",2026-09-16 04:03:09.927000000
2026-09-16,15139629000194,Neoenergia Coelba,COMPANHIA DE ELETRICIDADE DO ESTADO DA BAHIA,Concessão,2024-06-01,2916807,7685,7537,7482,81,22,0,0,1,41,17,37,12,10,9,1,0,2,0,69,11,7401,0,0,0,0,0,0,0,,,,,0,1,",000000000",",000000000",19,1,19,0,429,,",000800000",",000000000",,0,15,3,,,,,65,,",000000000",2026-09-16 04:03:09.960000000
2026-09-16,15139629000194,Neoenergia Coelba,COMPANHIA DE ELETRICIDADE DO ESTADO DA BAHIA,Concessão,2026-05-01,2911402,7177,7026,7028,94,9,0,0,1,7,77,114,15,8,6,2,0,7,0,81,12,6934,0,0,0,0,0,0,0,,,,,0,0,",000000000",",000000000",34,1,22,0,48,,",480000000",",000000000",,0,18,11,10,10,,,20,,",000000000",2026-09-16 04:03:10.020000000
2026-09-16,15139629000194,Neoenergia Coelba,COMPANHIA DE ELETRICIDADE DO ESTADO DA BAHIA,Concessão,2026-07-01,2921054,5137,4976,4944,58,6,0,0,1,11,40,73,13,8,8,0,0,5,0,45,12,4886,0,0,0,0,0,0,0,,,,,0,0,",000000000",",000000000",10,1,22,0,67,,",730000000",",000000000",,0,,,,1,,,7,,",000000000",2026-09-16 04:03:10.053000000
2026-09-16,15139629000194,Neoenergia Coelba,COMPANHIA DE ELETRICIDADE DO ESTADO DA BAHIA,Concessão,2023-08-01,2933604,18624,18192,17582,131,29,0,0,1,42,59,64,19,13,11,2,0,6,0,106,24,17451,0,0,0,0,0,0,0,,,,,4,0,",000000000",",000000000",27,1,23,0,142,,"6,390000000",",000000000",,0,22,3,3,4,3,,349,,",000000000",2026-09-16 04:03:09.927000000
2026-09-16,15139629000194,Neoenergia Coelba,COMPANHIA DE ELETRICIDADE DO ESTADO DA BAHIA,Concessão,2024-06-01,2916708,3672,3616,3625,24,0,0,0,1,15,8,147,24,21,21,0,0,3,0,19,4,3601,0,0,0,0,0,0,0,,,,,0,1,",000000000",",000000000",21,1,19,0,176,,",001600000",",000000000",,0,15,2,,1,,,29,,",000000000",2026-09-16 04:03:09.960000000
2026-09-16,15139629000194,Neoenergia Coelba,COMPANHIA DE ELETRICIDADE DO ESTADO DA BAHIA,Concessão,2026-05-01,2911501,2883,2825,2834,46,21,0,0,1,15,9,29,19,4,4,0,0,15,0,32,13,2788,0,0,0,0,0,0,0,,,,,0,0,",000000000",",000000000",2,1,22,0,157,,",750000000",",000000000",,0,4,,1,1,,,4,,",000000000",2026-09-16 04:03:10.020000000
2026-09-16,15139629000194,Neoenergia Coelba,COMPANHIA DE ELETRICIDADE DO ESTADO DA BAHIA,Concessão,2026-07-01,2903276,7457,7227,7284,34,0,0,0,1,7,26,34,2,1,1,0,0,1,0,27,6,7250,0,0,0,0,0,0,0,,,,,2,7,",000000000","1348,000000000",12,1,22,0,382,,",900000000",",000000000",,0,4,1,1,1,,,33,,",000000000",2026-09-16 04:03:10.053000000
2026-09-16,15139629000194,Neoenergia Coelba,COMPANHIA DE ELETRICIDADE DO ESTADO DA BAHIA,Concessão,2023-08-01,2933174,4388,4280,4300,15,0,0,0,1,6,8,7,6,6,6,0,0,0,0,11,3,4285,0,0,0,0,0,0,0,,,,,1,1,",000000000","1200,000000000",3,1,23,0,83,,"6,390000000",",000000000",,0,1,,2,2,,,6,,",000000000",2026-09-16 04:03:09.927000000
2026-09-16,15139629000194,Neoenergia Coelba,COMPANHIA DE ELETRICIDADE DO ESTADO DA BAHIA,Concessão,2024-06-01,2916609,3282,3236,3246,66,59,0,0,1,5,1,72,37,7,7,0,0,30,0,41,24,3180,0,0,0,0,0,0,0,,,,,0,0,",000000000",",000000000",10,1,19,0,143,,",003900000",",000000000",,0,1,,3,3,,,59,,",000000000",2026-09-16 04:03:09.960000000
2026-09-16,15139629000194,Neoenergia Coelba,COMPANHIA DE ELETRICIDADE DO ESTADO DA BAHIA,Concessão,2026-05-01,2911600,9684,9465,9444,73,3,0,0,2,25,43,54,1,1,1,0,0,0,0,63,8,9371,0,0,0,0,0,0,0,,,,,2,4,",000000000","4473,000000000",19,1,22,0,182,,"1,850000000",",000000000",,0,10,5,,,,,108,,",000000000",2026-09-16 04:03:10.020000000
2026-09-16,15139629000194,Neoenergia Coelba,COMPANHIA DE ELETRICIDADE DO ESTADO DA BAHIA,Concessão,2026-07-01,2903409,9243,9042,9031,271,123,0,0,1,80,67,171,61,20,19,1,0,41,0,208,62,8760,0,0,0,0,0,0,0,,,,,8,5,",000000000",",000000000",27,3,22,0,92,,",030000000",",000000000",,0,,,,1,,,61,,",000000000",2026-09-16 04:03:10.053000000
2026-09-16,15139629000194,Neoenergia Coelba,COMPANHIA DE ELETRICIDADE DO ESTADO DA BAHIA,Concessão,2023-08-01,2933158,6750,6616,6646,40,0,0,0,2,16,22,13,6,6,6,0,0,0,0,29,9,6606,0,0,0,0,0,0,0,,,,,0,0,",000000000",",000000000",34,1,23,0,78,,"7,060000000",",000000000",,0,24,3,6,6,6,,52,,",000000000",2026-09-16 04:03:09.927000000
2026-09-16,15139629000194,Neoenergia Coelba,COMPANHIA DE ELETRICIDADE DO ESTADO DA BAHIA,Concessão,2024-06-01,2911709,8308,8227,8120,302,202,0,0,1,59,40,92,45,12,12,0,0,33,0,225,76,7818,0,0,0,0,0,0,0,,,,,1,2,",000000000","2339,600000000",25,1,19,0,111,,",001900000",",000000000",,0,9,,3,4,3,,117,,",000000000",2026-09-16 04:03:09.960000000
2026-09-16,15139629000194,Neoenergia Coelba,COMPANHIA DE ELETRICIDADE DO ESTADO DA BAHIA,Concessão,2026-05-01,2919801,21515,21120,21069,224,3,10,0,1,9,201,172,15,9,9,0,0,6,0,182,41,20845,0,0,0,0,0,0,0,,,,,0,0,",000000000",",000000000",32,1,22,0,1037,,",170000000",",000000000",,0,18,9,1,1,,,58,,",000000000",2026-09-16 04:03:10.020000000
2026-09-16,15139629000194,Neoenergia Coelba,COMPANHIA DE ELETRICIDADE DO ESTADO DA BAHIA,Concessão,2026-07-01,2902708,22358,21748,21649,360,10,2,0,4,56,288,97,13,4,4,0,0,9,0,308,48,21288,1,0,1,0,0,0,0,,,,,0,0,",000000000",",000000000",40,1,22,0,329,,",050000000",",000000000",,0,10,10,1,1,,,129,,",000000000",2026-09-16 04:03:10.053000000
2026-09-16,15139629000194,Neoenergia Coelba,COMPANHIA DE ELETRICIDADE DO ESTADO DA BAHIA,Concessão,2023-08-01,2933109,4681,4607,4623,24,2,0,0,2,12,8,16,8,8,8,0,0,0,0,15,7,4599,0,0,0,0,0,0,0,,,,,0,0,",000000000",",000000000",16,1,23,0,86,,"9,640000000",",000000000",,0,13,7,,3,,,20,,",000000000",2026-09-16 04:03:09.927000000
2026-09-16,15139629000194,Neoenergia Coelba,COMPANHIA DE ELETRICIDADE DO ESTADO DA BAHIA,Concessão,2024-06-01,2911808,6575,6475,6486,45,11,0,0,1,19,14,351,58,54,45,9,0,4,0,29,15,6441,0,0,0,0,0,0,0,,,,,0,0,",000000000",",000000000",12,1,19,0,277,,",002500000",",000000000",,0,4,2,,,,,25,,",000000000",2026-09-16 04:03:09.960000000
2026-09-16,15139629000194,Neoenergia Coelba,COMPANHIA DE ELETRICIDADE DO ESTADO DA BAHIA,Concessão,2026-05-01,2919900,3824,3756,3607,45,3,0,0,1,8,33,83,4,2,2,0,0,2,0,38,6,3562,0,0,0,0,0,0,0,,,,,0,0,",000000000",",000000000",5,1,22,0,45,,"1,120000000",",000000000",,0,,,,,,,30,,",000000000",2026-09-16 04:03:10.020000000
2026-09-16,15139629000194,Neoenergia Coelba,COMPANHIA DE ELETRICIDADE DO ESTADO DA BAHIA,Concessão,2026-07-01,2903607,8011,7832,7796,155,1,0,0,1,51,102,52,2,2,2,0,0,0,0,141,13,7641,0,0,0,0,0,0,0,,,,,0,0,",000000000",",000000000",8,1,22,0,188,,",170000000",",000000000",,0,5,3,1,1,,,61,,",000000000",2026-09-16 04:03:10.053000000
2026-09-16,15139629000194,Neoenergia Coelba,COMPANHIA DE ELETRICIDADE DO ESTADO DA BAHIA,Concessão,2023-08-01,2914406,11514,11235,11283,79,7,0,0,6,36,30,44,32,25,24,1,0,7,0,59,14,11204,0,0,0,0,0,0,0,,,,,0,2,",000000000",",000000000",30,1,23,0,205,,",240000000",",000000000",,0,26,7,19,23,12,,80,1,",000000000",2026-09-16 04:03:09.927000000
2026-09-16,15139629000194,Neoenergia Coelba,COMPANHIA DE ELETRICIDADE DO ESTADO DA BAHIA,Concessão,2024-06-01,2911659,48135,46787,46839,1308,1015,0,0,5,115,173,650,896,88,67,21,0,808,0,977,326,45530,1,0,1,0,0,0,0,,,,,9,3,"1390,000000000","3680,000000000",360,1,19,0,2004,,",007000000",",000000000",1,0,30,4,15,24,15,,271,1,",000000000",2026-09-16 04:03:09.960000000
2026-09-16,15139629000194,Neoenergia Coelba,COMPANHIA DE ELETRICIDADE DO ESTADO DA BAHIA,Concessão,2026-05-01,2919702,7690,7558,7534,112,11,0,0,1,44,56,65,43,7,3,4,0,36,0,82,29,7422,0,0,0,0,0,0,0,,,,,1,2,",000000000",",000000000",6,1,22,0,112,,",380000000",",000000000",,0,2,,,,,,58,,",000000000",2026-09-16 04:03:10.020000000
2026-09-16,15139629000194,Neoenergia Coelba,COMPANHIA DE ELETRICIDADE DO ESTADO DA BAHIA,Concessão,2026-07-01,2902658,5957,5868,5866,43,2,0,0,1,18,22,72,2,2,2,0,0,0,0,36,6,5823,0,0,0,0,0,0,0,,,,,0,0,",000000000",",000000000",18,1,22,0,130,,"1,080000000",",000000000",,0,1,1,,,,,2,,",000000000",2026-09-16 04:03:10.053000000
2026-09-16,15139629000194,Neoenergia Coelba,COMPANHIA DE ELETRICIDADE DO ESTADO DA BAHIA,Concessão,2023-08-01,2905404,8443,8258,8327,239,6,0,0,5,74,154,93,34,33,33,0,0,1,0,195,39,8086,2,0,2,0,0,0,0,,,,,1,1,",000000000","1110,000000000",12,2,23,0,112,,"5,870000000",",000000000",,0,43,4,15,21,12,,1,,",000000000",2026-09-16 04:03:09.927000000
2026-09-16,15139629000194,Neoenergia Coelba,COMPANHIA DE ELETRICIDADE DO ESTADO DA BAHIA,Concessão,2024-06-01,2900207,6140,6051,6033,52,0,0,0,1,24,27,42,15,10,9,1,0,5,0,44,7,5980,1,0,1,0,0,0,0,,,,,0,0,",000000000",",000000000",10,1,19,0,80,,",004800000",",000000000",,0,2,1,5,5,,,37,,",000000000",2026-09-16 04:03:09.960000000
2026-09-16,15139629000194,Neoenergia Coelba,COMPANHIA DE ELETRICIDADE DO ESTADO DA BAHIA,Concessão,2026-05-01,2910305,4502,4356,4359,29,2,0,0,2,16,9,49,12,8,7,1,0,4,0,21,6,4330,0,0,0,0,0,0,0,,,,,0,0,",000000000",",000000000",10,1,22,0,96,,",720000000",",000000000",,0,2,,,,,,37,,",000000000",2026-09-16 04:03:10.020000000
2026-09-16,15139629000194,Neoenergia Coelba,COMPANHIA DE ELETRICIDADE DO ESTADO DA BAHIA,Concessão,2026-07-01,2900355,6623,6458,6480,64,5,0,0,1,32,26,49,9,3,3,0,0,6,0,48,15,6416,0,0,0,0,0,0,0,,,,,1,1,",000000000",",000000000",7,1,22,0,303,,",320000000",",000000000",,0,,,1,1,,,6,,",000000000",2026-09-16 04:03:10.053000000
2026-09-16,15139629000194,Neoenergia Coelba,COMPANHIA DE ELETRICIDADE DO ESTADO DA BAHIA,Concessão,2023-08-01,2926301,15912,15552,15618,112,0,0,0,4,50,58,47,20,20,20,0,0,0,0,82,26,15506,0,0,0,0,0,0,0,,,,,4,3,",000000000",",000000000",86,1,23,0,518,,"9,820000000",",000000000",,0,35,13,4,4,4,,243,,",000000000",2026-09-16 04:03:09.927000000
2026-09-16,15139629000194,Neoenergia Coelba,COMPANHIA DE ELETRICIDADE DO ESTADO DA BAHIA,Concessão,2024-06-01,2910800,8451,8314,8322,55,7,0,0,1,23,24,33,6,1,1,0,0,5,0,34,20,8266,1,0,1,0,0,0,0,,,,,0,0,",000000000",",000000000",19,1,19,0,212,,",000600000",",000000000",,0,11,2,6,7,6,,46,,",000000000",2026-09-16 04:03:09.960000000
2026-09-16,15139629000194,Neoenergia Coelba,COMPANHIA DE ELETRICIDADE DO ESTADO DA BAHIA,Concessão,2026-05-01,2912707,7582,7449,7410,158,57,0,0,3,67,31,87,48,6,4,2,0,42,0,130,25,7252,0,0,0,0,0,0,0,,,,,0,0,",000000000",",000000000",11,1,22,0,165,,"1,120000000",",000000000",,0,,,,,,,68,,",000000000",2026-09-16 04:03:10.020000000
2026-09-16,15139629000194,Neoenergia Coelba,COMPANHIA DE ELETRICIDADE DO ESTADO DA BAHIA,Concessão,2026-07-01,2904704,7999,7866,7872,95,12,0,0,2,48,33,140,43,12,11,1,0,31,0,71,22,7777,0,0,0,0,0,0,0,,,,,6,8,"4680,000000000",",000000000",28,1,22,0,50,,",180000000",",000000000",,0,5,1,3,3,1,,62,,",000000000",2026-09-16 04:03:10.053000000
2026-09-16,15139629000194,Neoenergia Coelba,COMPANHIA DE ELETRICIDADE DO ESTADO DA BAHIA,Concessão,2023-08-01,2926509,5911,5821,5856,102,36,0,0,2,43,21,22,20,11,11,0,0,9,0,78,22,5754,0,0,0,0,0,0,0,,,,,0,0,",000000000",",000000000",14,1,23,0,179,,"5,790000000",",000000000",,0,4,4,7,7,6,,13,,",000000000",2026-09-16 04:03:09.927000000
2026-09-16,15139629000194,Neoenergia Coelba,COMPANHIA DE ELETRICIDADE DO ESTADO DA BAHIA,Concessão,2024-06-01,2910750,3067,2913,2933,41,3,0,0,2,3,33,14,15,2,1,1,0,13,0,30,9,2892,0,0,0,0,0,0,0,,,,,0,0,",000000000",",000000000",7,1,19,0,118,,",001200000",",000000000",,0,,,3,5,3,,3,,",000000000",2026-09-16 04:03:09.960000000
2026-09-16,15139629000194,Neoenergia Coelba,COMPANHIA DE ELETRICIDADE DO ESTADO DA BAHIA,Concessão,2026-05-01,2912905,9391,9164,9184,291,218,0,0,1,22,50,110,183,37,33,4,0,146,0,190,100,8893,0,0,0,0,0,0,0,,,,,3,4,",000000000",",000000000",15,1,22,0,186,,",130000000",",000000000",,0,8,3,,,,,114,,",000000000",2026-09-16 04:03:10.020000000
2026-09-16,15139629000194,Neoenergia Coelba,COMPANHIA DE ELETRICIDADE DO ESTADO DA BAHIA,Concessão,2026-07-01,2901155,8633,8415,8398,305,121,0,0,2,134,48,107,103,27,21,6,0,76,0,208,95,8093,0,0,0,0,0,0,0,,,,,0,1,",000000000",",000000000",23,1,22,0,73,,",650000000",",000000000",,0,,,,,,,66,,",000000000",2026-09-16 04:03:10.053000000
2026-09-16,15139629000194,Neoenergia Coelba,COMPANHIA DE ELETRICIDADE DO ESTADO DA BAHIA,Concessão,2023-08-01,2928406,13025,12695,12406,86,15,0,0,1,28,42,33,12,7,7,0,0,5,0,66,19,12320,0,0,0,0,0,0,0,,,,,0,1,",000000000",",000000000",35,1,23,0,251,,"6,530000000",",000000000",,0,31,5,9,12,9,,147,,",000000000",2026-09-16 04:03:09.927000000
2026-09-16,15139629000194,Neoenergia Coelba,COMPANHIA DE ELETRICIDADE DO ESTADO DA BAHIA,Concessão,2024-06-01,2909307,15751,15385,15326,158,7,0,0,2,27,122,251,20,11,11,0,0,9,0,126,30,15168,0,0,0,0,0,0,0,,,,,1,0,",000000000",",000000000",68,2,19,0,352,,",009000000",",000000000",2,0,4,2,17,23,17,,20,,",000000000",2026-09-16 04:03:09.960000000
2026-09-16,15139629000194,Neoenergia Coelba,COMPANHIA DE ELETRICIDADE DO ESTADO DA BAHIA,Concessão,2026-05-01,2915106,6176,6023,6038,135,105,0,0,1,12,17,14,28,4,4,0,0,24,0,74,60,5903,0,0,0,0,0,0,0,,,,,0,1,",000000000",",000000000",19,1,22,0,81,,",350000000",",000000000",,0,4,1,,,,,31,,",000000000",2026-09-16 04:03:10.020000000
2026-09-16,15139629000194,Neoenergia Coelba,COMPANHIA DE ELETRICIDADE DO ESTADO DA BAHIA,Concessão,2026-07-01,2901106,11737,11502,11502,239,26,0,0,3,123,87,141,23,10,10,0,0,13,0,191,45,11263,0,0,0,0,0,0,0,,,,,0,3,",000000000",",000000000",21,1,22,0,120,,",370000000",",000000000",,0,,,3,3,1,,59,,",000000000",2026-09-16 04:03:10.053000000
2026-09-16,15139629000194,Neoenergia Coelba,COMPANHIA DE ELETRICIDADE DO ESTADO DA BAHIA,Concessão,2023-08-01,2928109,17797,17400,17385,91,2,0,0,2,32,55,29,19,18,18,0,0,1,0,73,16,17294,0,0,0,0,0,0,0,,,,,1,0,",000000000",",000000000",60,1,23,0,10,,"1,250000000",",000000000",,0,10,6,6,7,6,,84,,",000000000",2026-09-16 04:03:09.927000000
2026-09-16,15139629000194,Neoenergia Coelba,COMPANHIA DE ELETRICIDADE DO ESTADO DA BAHIA,Concessão,2024-06-01,2903805,9160,8994,8982,195,132,0,0,1,47,15,237,190,27,22,5,0,163,0,126,68,8787,0,0,0,0,0,0,0,,,,,1,1,",000000000",",000000000",30,1,19,0,218,,",008000000",",000000000",,0,13,3,6,6,,,84,,",000000000",2026-09-16 04:03:09.960000000
2026-09-16,15139629000194,Neoenergia Coelba,COMPANHIA DE ELETRICIDADE DO ESTADO DA BAHIA,Concessão,2026-05-01,2915007,6839,6673,6680,170,74,0,0,1,59,36,52,55,16,14,2,0,39,0,107,62,6510,0,0,0,0,0,0,0,,,,,0,0,",000000000",",000000000",16,1,22,0,123,,",230000000",",000000000",,0,,,,,,,11,,",000000000",2026-09-16 04:03:10.020000000
2026-09-16,15139629000194,Neoenergia Coelba,COMPANHIA DE ELETRICIDADE DO ESTADO DA BAHIA,Concessão,2026-07-01,2901007,19623,19199,19224,95,12,0,0,2,37,44,446,26,22,14,8,0,4,0,78,15,19129,0,0,0,0,0,0,0,,,,,3,5,",000000000",",000000000",61,1,22,0,653,,",330000000",",000000000",,0,2,1,1,1,,,186,,",000000000",2026-09-16 04:03:10.053000000
2026-09-16,15139629000194,Neoenergia Coelba,COMPANHIA DE ELETRICIDADE DO ESTADO DA BAHIA,Concessão,2023-08-01,2928059,5018,4899,4888,213,112,64,0,1,19,17,84,307,33,32,1,0,147,127,138,74,4675,0,0,0,0,0,0,0,,,,,0,0,",000000000",",000000000",2,1,23,0,118,,"3,740000000",",000000000",,0,5,2,5,5,,,8,,",000000000",2026-09-16 04:03:09.927000000
2026-09-16,15139629000194,Neoenergia Coelba,COMPANHIA DE ELETRICIDADE DO ESTADO DA BAHIA,Concessão,2024-06-01,2903904,30728,30163,30105,481,100,0,0,3,200,178,325,76,23,21,2,0,53,0,391,87,29624,0,0,0,0,0,0,0,,,,,2,1,"1070,000000000","750,000000000",228,1,19,0,1630,,",007100000",",000000000",,0,49,10,8,15,8,,371,4,",000000000",2026-09-16 04:03:09.960000000
2026-09-16,15139629000194,Neoenergia Coelba,COMPANHIA DE ELETRICIDADE DO ESTADO DA BAHIA,Concessão,2026-05-01,2914901,10056,9865,9889,256,94,0,0,1,119,42,84,95,20,19,1,0,75,0,185,70,9632,1,0,1,0,0,0,0,,,,,5,4,",000000000","450,980000000",39,1,22,0,91,,",920000000",",000000000",,0,39,5,10,11,6,,187,,",000000000",2026-09-16 04:03:10.020000000
2026-09-16,15139629000194,Neoenergia Coelba,COMPANHIA DE ELETRICIDADE DO ESTADO DA BAHIA,Concessão,2026-07-01,2900900,2832,2757,2770,27,5,0,0,2,11,9,25,10,0,0,0,0,10,0,17,8,2743,0,0,0,0,0,0,0,,,,,0,0,",000000000",",000000000",18,1,22,0,78,,",500000000",",000000000",,0,,,,,,,18,,",000000000",2026-09-16 04:03:10.053000000
2026-09-16,15139629000194,Neoenergia Coelba,COMPANHIA DE ELETRICIDADE DO ESTADO DA BAHIA,Concessão,2023-08-01,2927903,4592,4486,4505,34,0,0,0,1,25,8,14,0,0,0,0,0,0,0,25,8,4471,0,0,0,0,0,0,0,,,,,0,0,",000000000",",000000000",24,1,23,0,62,,"18,930000000",",000000000",,0,9,,2,2,2,,67,,",000000000",2026-09-16 04:03:09.927000000
2026-09-16,15139629000194,Neoenergia Coelba,COMPANHIA DE ELETRICIDADE DO ESTADO DA BAHIA,Concessão,2024-06-01,2903953,4301,4262,4265,29,5,0,0,1,12,11,57,17,5,5,0,0,12,0,15,13,4235,1,0,1,0,0,0,0,,,,,0,0,",000000000",",000000000",3,1,19,0,126,,",004000000",",000000000",,0,1,,,,,,35,,",000000000",2026-09-16 04:03:09.960000000
2026-09-16,15139629000194,Neoenergia Coelba,COMPANHIA DE ELETRICIDADE DO ESTADO DA BAHIA,Concessão,2026-05-01,2914802,100105,97970,98188,1990,1419,0,0,6,335,230,2489,1370,509,488,21,0,861,0,1540,444,96192,6,0,6,0,0,0,0,,,,,61,42,"27360,000000000","29488,000000000",679,1,22,0,4801,,"6,830000000",",000000000",,0,60,8,3,5,1,,1071,,",000000000",2026-09-16 04:03:10.020000000
2026-09-16,15139629000194,Neoenergia Coelba,COMPANHIA DE ELETRICIDADE DO ESTADO DA BAHIA,Concessão,2026-07-01,2900207,6433,6302,6294,90,2,0,0,1,45,42,39,5,0,0,0,0,5,0,74,15,6204,0,0,0,0,0,0,0,,,,,0,1,",000000000",",000000000",11,1,22,0,157,,",130000000",",000000000",,0,6,5,3,3,,,104,,",000000000",2026-09-16 04:03:10.053000000
2026-09-16,15139629000194,Neoenergia Coelba,COMPANHIA DE ELETRICIDADE DO ESTADO DA BAHIA,Concessão,2023-08-01,2927804,2248,2218,2220,16,8,0,0,1,4,3,9,5,3,3,0,0,2,0,12,3,2204,0,0,0,0,0,0,0,,,,,0,1,",000000000",",000000000",3,1,23,0,136,,",870000000",",000000000",,0,4,2,,1,,,11,,",000000000",2026-09-16 04:03:09.927000000
2026-09-16,15139629000194,Neoenergia Coelba,COMPANHIA DE ELETRICIDADE DO ESTADO DA BAHIA,Concessão,2024-06-01,2904001,6139,6063,6068,60,25,0,0,10,13,12,127,40,15,13,2,0,25,0,38,12,6008,0,0,0,0,0,0,0,,,,,0,0,",000000000",",000000000",7,1,19,0,72,,",005100000",",000000000",,0,8,,10,17,6,,6,,",000000000",2026-09-16 04:03:09.960000000
2026-09-16,15139629000194,Neoenergia Coelba,COMPANHIA DE ELETRICIDADE DO ESTADO DA BAHIA,Concessão,2026-05-01,2914703,35290,34455,34286,561,261,0,0,1,152,147,944,378,54,47,7,0,324,0,405,155,33724,1,0,1,1,1,0,0,"60851,000000000","60851,000000000",",000000000",",000000000",11,7,"2400,000000000","10731,850000000",92,1,22,0,983,,",050000000",",000000000",,0,13,2,5,7,3,,402,,",000000000",2026-09-16 04:03:10.020000000
2026-09-16,15139629000194,Neoenergia Coelba,COMPANHIA DE ELETRICIDADE DO ESTADO DA BAHIA,Concessão,2026-07-01,2900108,4567,4436,4451,26,3,0,0,1,6,16,18,11,3,0,3,0,8,0,20,5,4425,0,0,0,0,0,0,0,,,,,0,0,",000000000",",000000000",9,1,22,0,224,,",470000000",",000000000",,0,,,,,,,19,,",000000000",2026-09-16 04:03:10.053000000
2026-09-16,15139629000194,Neoenergia Coelba,COMPANHIA DE ELETRICIDADE DO ESTADO DA BAHIA,Concessão,2023-08-01,2927705,11854,11535,11615,238,48,0,0,1,123,66,153,142,74,73,1,0,68,0,188,49,11377,0,0,0,0,0,0,0,,,,,2,4,",000000000","3085,000000000",14,1,23,0,124,,"1,510000000",",000000000",,0,6,2,9,24,5,,11,,",000000000",2026-09-16 04:03:09.927000000
2026-09-16,15139629000194,Neoenergia Coelba,COMPANHIA DE ELETRICIDADE DO ESTADO DA BAHIA,Concessão,2024-06-01,2904050,7608,7452,7451,59,34,0,0,3,12,10,53,23,8,4,4,0,15,0,35,21,7392,0,0,0,0,0,0,0,,,,,0,0,",000000000",",000000000",7,1,19,0,124,,",008000000",",000000000",,0,12,1,,2,,,14,,",000000000",2026-09-16 04:03:09.960000000
2026-09-16,15139629000194,Neoenergia Coelba,COMPANHIA DE ELETRICIDADE DO ESTADO DA BAHIA,Concessão,2026-05-01,2914653,12818,12608,12564,341,106,1,0,3,118,113,156,48,16,16,0,0,32,0,277,61,12223,0,0,0,0,0,0,0,,,,,6,2,",000000000",",000000000",21,1,22,0,291,,"1,180000000",",000000000",,0,3,3,,,,,120,,",000000000",2026-09-16 04:03:10.020000000
2026-09-16,15139629000194,Neoenergia Coelba,COMPANHIA DE ELETRICIDADE DO ESTADO DA BAHIA,Concessão,2026-07-01,2900801,12869,12637,12619,261,22,0,0,2,174,63,349,68,36,23,13,0,32,0,185,74,12358,0,0,0,0,0,0,0,,,,,6,6,",000000000",",000000000",53,1,22,0,235,,",180000000",",000000000",,0,3,,5,6,,,219,,",000000000",2026-09-16 04:03:10.053000000
2026-09-16,15139629000194,Neoenergia Coelba,COMPANHIA DE ELETRICIDADE DO ESTADO DA BAHIA,Concessão,2023-08-01,2927002,25,25,25,1,0,0,0,0,0,1,1,0,0,0,0,0,0,0,1,0,24,0,0,0,0,0,0,0,,,,,0,0,",000000000",",000000000",0,0,0,0,0,,",000000000",",000000000",,0,,,,,,,,,",000000000",2026-09-16 04:03:09.927000000
2026-09-16,15139629000194,Neoenergia Coelba,COMPANHIA DE ELETRICIDADE DO ESTADO DA BAHIA,Concessão,2024-06-01,2904100,10148,9984,9953,47,0,0,0,1,11,35,16,6,6,5,1,0,0,0,34,12,9906,0,0,0,0,0,0,0,,,,,0,0,",000000000",",000000000",26,1,19,0,113,,",003900000",",000000000",,0,2,1,12,17,12,,20,,",000000000",2026-09-16 04:03:09.960000000
2026-09-16,15139629000194,Neoenergia Coelba,COMPANHIA DE ELETRICIDADE DO ESTADO DA BAHIA,Concessão,2026-05-01,2914604,39478,38503,38335,491,191,0,0,2,151,147,1178,268,35,30,5,0,233,0,330,159,37844,0,0,0,0,0,0,0,,,,,15,3,"1200,000000000","980,000000000",135,1,22,0,3238,,"5,700000000",",000000000",,0,4,,,,,,596,,",000000000",2026-09-16 04:03:10.020000000
2026-09-16,15139629000194,Neoenergia Coelba,COMPANHIA DE ELETRICIDADE DO ESTADO DA BAHIA,Concessão,2026-07-01,2900702,79055,77472,77572,469,1,0,0,6,292,170,2240,240,240,240,0,0,0,0,420,43,77101,2,0,2,0,0,0,0,,,,,19,21,",000000000",",000000000",310,1,22,0,3814,,"2,200000000",",000000000",,0,21,9,10,11,8,,1097,,",000000000",2026-09-16 04:03:10.053000000
2026-09-16,15139629000194,Neoenergia Coelba,COMPANHIA DE ELETRICIDADE DO ESTADO DA BAHIA,Concessão,2023-08-01,2926905,4976,4842,4889,48,5,0,0,2,20,21,7,5,4,4,0,0,1,0,33,13,4841,0,0,0,0,0,0,0,,,,,0,0,",000000000",",000000000",16,1,23,0,234,,"5,080000000",",000000000",,0,7,,3,3,,,23,,",000000000",2026-09-16 04:03:09.927000000
2026-09-16,15139629000194,Neoenergia Coelba,COMPANHIA DE ELETRICIDADE DO ESTADO DA BAHIA,Concessão,2024-06-01,2909406,6411,6323,6189,48,7,0,0,1,11,29,29,15,5,4,1,0,10,0,37,10,6141,0,0,0,0,0,0,0,,,,,1,0,",000000000",",000000000",19,1,19,0,29,,",000700000",",000000000",,0,13,,2,4,,,91,,",000000000",2026-09-16 04:03:09.960000000
2026-09-16,15139629000194,Neoenergia Coelba,COMPANHIA DE ELETRICIDADE DO ESTADO DA BAHIA,Concessão,2026-05-01,2914505,15461,15028,14991,133,1,0,0,1,58,73,177,13,12,12,0,0,1,0,112,20,14858,0,0,0,0,0,0,0,,,,,1,2,",000000000",",000000000",47,1,22,0,1059,,",100000000",",000000000",,0,17,7,2,2,,,125,,",000000000",2026-09-16 04:03:10.020000000
2026-09-16,15139629000194,Neoenergia Coelba,COMPANHIA DE ELETRICIDADE DO ESTADO DA BAHIA,Concessão,2026-07-01,2900603,2042,1981,1990,42,27,0,0,1,10,4,19,6,0,0,0,0,6,0,30,11,1948,0,0,0,0,0,0,0,,,,,1,1,",000000000",",000000000",9,1,22,0,39,,",070000000",",000000000",,0,,,,,,,32,,",000000000",2026-09-16 04:03:10.053000000
2026-09-16,15139629000194,Neoenergia Coelba,COMPANHIA DE ELETRICIDADE DO ESTADO DA BAHIA,Concessão,2023-08-01,2926400,13858,13442,13462,100,24,0,0,2,30,44,46,40,24,21,3,0,16,0,81,17,13362,0,0,0,0,0,0,0,,,,,0,0,",000000000",",000000000",70,1,23,0,149,,"8,030000000",",000000000",,0,23,5,8,10,8,,80,,",000000000",2026-09-16 04:03:09.927000000
2026-09-16,15139629000194,Neoenergia Coelba,COMPANHIA DE ELETRICIDADE DO ESTADO DA BAHIA,Concessão,2024-06-01,2910776,314585,309028,309758,4109,415,0,0,123,1684,1887,3400,485,217,204,13,0,268,0,2577,1409,305648,1,0,1,0,0,0,0,,,,,86,73,"9296,450000000","29783,500000000",1639,2,19,0,7122,,",010100000",",000000000",266,0,196,48,195,283,143,2,4127,6,",000000000",2026-09-16 04:03:09.960000000
2026-09-16,15139629000194,Neoenergia Coelba,COMPANHIA DE ELETRICIDADE DO ESTADO DA BAHIA,Concessão,2026-05-01,2912806,4291,4194,4165,130,64,0,0,1,36,29,76,51,23,1,22,0,28,0,98,31,4035,0,0,0,0,0,0,0,,,,,0,0,",000000000",",000000000",12,1,22,0,52,,"1,470000000",",000000000",,0,,,,,,,72,,",000000000",2026-09-16 04:03:10.020000000
2026-09-16,15139629000194,Neoenergia Coelba,COMPANHIA DE ELETRICIDADE DO ESTADO DA BAHIA,Concessão,2026-07-01,2900405,7988,7813,7807,89,3,0,0,2,36,48,82,9,9,9,0,0,0,0,68,19,7718,0,0,0,0,0,0,0,,,,,0,0,",000000000",",000000000",12,1,22,0,200,,",080000000",",000000000",,0,5,2,1,1,,,40,,",000000000",2026-09-16 04:03:10.053000000
2026-09-16,15139629000194,Neoenergia Coelba,COMPANHIA DE ELETRICIDADE DO ESTADO DA BAHIA,Concessão,2023-08-01,2926806,6634,6496,6510,23,3,0,0,2,4,14,14,13,8,8,0,0,5,0,19,2,6487,0,0,0,0,0,0,0,,,,,0,0,",000000000",",000000000",21,1,23,0,72,,"1,230000000",",000000000",,0,14,,,1,,,38,,",000000000",2026-09-16 04:03:09.927000000
2026-09-16,15139629000194,Neoenergia Coelba,COMPANHIA DE ELETRICIDADE DO ESTADO DA BAHIA,Concessão,2024-06-01,2909505,2165,2122,2122,8,0,0,0,2,3,3,32,4,4,2,2,0,0,0,6,0,2114,0,0,0,0,0,0,0,,,,,0,1,",000000000",",000000000",9,1,19,0,71,,",008900000",",000000000",,0,5,1,,,,,8,,",000000000",2026-09-16 04:03:09.960000000
2026-09-16,15139629000194,Neoenergia Coelba,COMPANHIA DE ELETRICIDADE DO ESTADO DA BAHIA,Concessão,2026-05-01,2914406,12885,12512,12497,117,40,0,0,1,30,46,161,38,13,10,3,0,25,0,99,17,12380,0,0,0,0,0,0,0,,,,,0,0,",000000000",",000000000",30,1,22,0,220,,",350000000",",000000000",,0,9,2,1,1,,,91,,",000000000",2026-09-16 04:03:10.020000000
2026-09-16,15139629000194,Neoenergia Coelba,COMPANHIA DE ELETRICIDADE DO ESTADO DA BAHIA,Concessão,2026-07-01,2902609,9694,9523,9543,81,9,0,0,1,25,46,47,18,5,5,0,0,13,0,68,12,9462,0,0,0,0,0,0,0,,,,,3,4,",000000000",",000000000",8,1,22,0,178,,",070000000",",000000000",,0,,,2,2,2,,24,,",000000000",2026-09-16 04:03:10.053000000
2026-09-16,15139629000194,Neoenergia Coelba,COMPANHIA DE ELETRICIDADE DO ESTADO DA BAHIA,Concessão,2023-08-01,2926657,3860,3774,3672,19,0,0,0,2,11,6,3,0,0,0,0,0,0,0,15,2,3653,0,0,0,0,0,0,0,,,,,0,0,",000000000",",000000000",24,1,23,0,127,,"9,460000000",",000000000",,0,14,1,3,3,3,,45,,",000000000",2026-09-16 04:03:09.927000000
2026-09-16,15139629000194,Neoenergia Coelba,COMPANHIA DE ELETRICIDADE DO ESTADO DA BAHIA,Concessão,2024-06-01,2909703,6330,6231,6244,21,1,0,0,1,7,12,64,7,7,7,0,0,0,0,15,5,6223,0,0,0,0,0,0,0,,,,,1,3,",000000000",",000000000",9,1,19,0,278,,",002400000",",000000000",,0,14,,3,5,3,,70,,",000000000",2026-09-16 04:03:09.960000000
2026-09-16,15139629000194,Neoenergia Coelba,COMPANHIA DE ELETRICIDADE DO ESTADO DA BAHIA,Concessão,2026-05-01,2914208,3181,3109,3112,21,0,0,0,1,5,15,24,3,3,2,1,0,0,0,15,5,3091,0,0,0,0,0,0,0,,,,,0,0,",000000000",",000000000",7,1,22,0,100,,"1,220000000",",000000000",,0,,,,,,,,,",000000000",2026-09-16 04:03:10.020000000
2026-09-16,15139629000194,Neoenergia Coelba,COMPANHIA DE ELETRICIDADE DO ESTADO DA BAHIA,Concessão,2026-07-01,2926905,5192,5056,5047,69,10,0,0,1,11,47,37,17,5,5,0,0,12,0,56,12,4978,0,0,0,0,0,0,0,,,,,0,3,",000000000",",000000000",4,1,22,0,396,,"1,020000000",",000000000",,0,,,,2,,,2,,",000000000",2026-09-16 04:03:10.053000000
2026-09-16,15139629000194,Neoenergia Coelba,COMPANHIA DE ELETRICIDADE DO ESTADO DA BAHIA,Concessão,2023-08-01,2926608,27395,26659,26797,366,89,0,0,19,122,136,144,107,60,58,2,0,47,0,273,74,26431,0,0,0,0,0,0,0,,,,,1,0,",000000000","900,000000000",68,1,23,0,1624,,"6,350000000",",000000000",,0,20,14,9,12,2,,124,1,",000000000",2026-09-16 04:03:09.927000000
2026-09-16,15139629000194,Neoenergia Coelba,COMPANHIA DE ELETRICIDADE DO ESTADO DA BAHIA,Concessão,2024-06-01,2909802,28317,27979,27987,165,0,0,0,3,94,68,252,85,84,23,61,0,1,0,146,16,27822,0,0,0,0,0,0,0,,,,,2,7,",000000000",",000000000",80,1,19,0,214,,",015400000",",000000000",1,0,45,7,17,22,12,1,147,,",000000000",2026-09-16 04:03:09.960000000
2026-09-16,15139629000194,Neoenergia Coelba,COMPANHIA DE ELETRICIDADE DO ESTADO DA BAHIA,Concessão,2026-05-01,2914109,5882,5748,5764,60,1,0,0,1,20,38,43,8,3,3,0,0,5,0,52,7,5704,0,0,0,0,0,0,0,,,,,0,0,",000000000",",000000000",4,1,22,0,367,,",230000000",",000000000",,0,,,,1,,,8,,",000000000",2026-09-16 04:03:10.020000000
2026-09-16,15139629000194,Neoenergia Coelba,COMPANHIA DE ELETRICIDADE DO ESTADO DA BAHIA,Concessão,2026-07-01,2929701,7807,7595,7592,125,5,0,0,1,45,74,56,7,7,7,0,0,0,0,104,20,7467,0,0,0,0,0,0,0,,,,,0,6,",000000000",",000000000",17,1,22,0,140,,"1,850000000",",000000000",,0,8,2,2,2,1,,65,,",000000000",2026-09-16 04:03:10.053000000
2026-09-16,15139629000194,Neoenergia Coelba,COMPANHIA DE ELETRICIDADE DO ESTADO DA BAHIA,Concessão,2023-08-01,2925956,8397,8258,8297,168,14,0,0,4,112,38,27,19,1,1,0,0,18,0,134,30,8129,0,0,0,0,0,0,0,,,,,0,0,",000000000",",000000000",60,1,23,0,179,,"2,850000000",",000000000",,0,31,7,6,8,3,,25,,",000000000",2026-09-16 04:03:09.927000000
2026-09-16,15139629000194,Neoenergia Coelba,COMPANHIA DE ELETRICIDADE DO ESTADO DA BAHIA,Concessão,2024-06-01,2909901,13351,13031,12855,255,149,0,0,3,25,78,121,103,22,20,2,0,81,0,193,59,12599,1,0,1,0,0,0,0,,,,,0,1,",000000000",",000000000",116,1,19,0,404,,",004700000",",000000000",,0,57,18,3,10,,1,181,,",000000000",2026-09-16 04:03:09.960000000
2026-09-16,15139629000194,Neoenergia Coelba,COMPANHIA DE ELETRICIDADE DO ESTADO DA BAHIA,Concessão,2026-05-01,2914000,29545,28835,28806,359,123,0,0,2,54,180,344,165,29,27,2,0,136,0,273,84,28447,0,0,0,0,0,0,0,,,,,3,3,",000000000","1610,000000000",43,1,22,0,324,,",950000000",",000000000",,0,3,2,,1,,,168,,",000000000",2026-09-16 04:03:10.020000000
2026-09-16,15139629000194,Neoenergia Coelba,COMPANHIA DE ELETRICIDADE DO ESTADO DA BAHIA,Concessão,2026-07-01,2929503,18982,18701,18704,786,0,0,0,2,188,596,329,120,120,119,1,0,0,0,411,373,17918,0,0,0,0,0,0,0,,,,,10,11,"9581,110000000","370,000000000",29,1,22,0,179,,",070000000",",000000000",,0,7,1,3,4,,,221,,",000000000",2026-09-16 04:03:10.053000000
2026-09-16,15139629000194,Neoenergia Coelba,COMPANHIA DE ELETRICIDADE DO ESTADO DA BAHIA,Concessão,2023-08-01,2925931,4680,4600,4624,21,1,0,0,3,12,5,6,6,5,5,0,0,1,0,16,2,4603,0,0,0,0,0,0,0,,,,,0,0,",000000000",",000000000",27,1,23,0,82,,"5,590000000",",000000000",,0,8,7,5,6,3,,30,,",000000000",2026-09-16 04:03:09.927000000
2026-09-16,15139629000194,Neoenergia Coelba,COMPANHIA DE ELETRICIDADE DO ESTADO DA BAHIA,Concessão,2024-06-01,2910503,4183,4111,4117,38,8,0,0,4,9,17,29,6,4,3,1,0,2,0,22,12,4079,0,0,0,0,0,0,0,,,,,0,0,",000000000",",000000000",7,1,19,0,109,,",002700000",",000000000",,0,2,,,,,,4,,",000000000",2026-09-16 04:03:09.960000000
2026-09-16,15139629000194,Neoenergia Coelba,COMPANHIA DE ELETRICIDADE DO ESTADO DA BAHIA,Concessão,2026-05-01,2913903,21058,20575,20601,241,105,0,0,3,82,51,321,80,30,28,2,0,50,0,158,80,20360,0,0,0,0,0,0,0,,,,,6,2,"974,300000000",",000000000",78,1,22,0,890,,",130000000",",000000000",,0,35,3,,,,,257,,",000000000",2026-09-16 04:03:10.020000000
2026-09-16,15139629000194,Neoenergia Coelba,COMPANHIA DE ELETRICIDADE DO ESTADO DA BAHIA,Concessão,2026-07-01,2923407,11464,11112,11080,327,175,0,0,2,34,116,153,146,24,23,1,0,122,0,204,121,10753,0,0,0,0,0,0,0,,,,,1,1,",000000000",",000000000",35,1,22,0,737,,"1,900000000",",000000000",,0,9,4,,1,,,44,,",000000000",2026-09-16 04:03:10.053000000
2026-09-16,15139629000194,Neoenergia Coelba,COMPANHIA DE ELETRICIDADE DO ESTADO DA BAHIA,Concessão,2023-08-01,2925907,10989,10844,10890,156,38,0,0,3,67,48,23,24,6,4,2,0,18,0,109,44,10734,0,0,0,0,0,0,0,,,,,0,0,",000000000","1037,000000000",10,1,23,0,440,,"3,840000000",",000000000",,0,3,2,4,5,,,43,,",000000000",2026-09-16 04:03:09.927000000
2026-09-16,15139629000194,Neoenergia Coelba,COMPANHIA DE ELETRICIDADE DO ESTADO DA BAHIA,Concessão,2024-06-01,2900504,14909,14764,14760,117,0,0,0,8,56,53,133,42,42,32,10,0,0,0,91,18,14643,0,0,0,0,0,0,0,,,,,4,1,",000000000",",000000000",15,1,19,0,209,,",004400000",",000000000",,0,7,2,1,4,,,74,,",000000000",2026-09-16 04:03:09.960000000
2026-09-16,15139629000194,Neoenergia Coelba,COMPANHIA DE ELETRICIDADE DO ESTADO DA BAHIA,Concessão,2026-05-01,2913804,5069,4981,4989,87,14,0,0,1,24,48,48,12,5,5,0,0,7,0,67,19,4902,0,0,0,0,0,0,0,,,,,0,1,"1390,000000000",",000000000",11,1,22,0,51,,"1,070000000",",000000000",,0,1,1,,,,,19,,",000000000",2026-09-16 04:03:10.020000000
2026-09-16,15139629000194,Neoenergia Coelba,COMPANHIA DE ELETRICIDADE DO ESTADO DA BAHIA,Concessão,2026-07-01,2923357,11114,10758,10769,145,0,0,0,1,114,30,148,29,29,29,0,0,0,0,112,32,10624,0,0,0,0,0,0,0,,,,,0,0,",000000000",",000000000",30,1,22,0,55,,",020000000",",000000000",,0,2,1,1,1,,,99,,",000000000",2026-09-16 04:03:10.053000000
2026-09-16,15139629000194,Neoenergia Coelba,COMPANHIA DE ELETRICIDADE DO ESTADO DA BAHIA,Concessão,2023-08-01,2925808,11633,11419,11417,51,0,0,0,3,20,28,20,11,11,10,1,0,0,0,38,10,11366,0,0,0,0,0,0,0,,,,,0,1,",000000000",",000000000",27,1,23,0,260,,"4,230000000",",000000000",,0,20,7,4,4,,,86,,",000000000",2026-09-16 04:03:09.927000000
2026-09-16,15139629000194,Neoenergia Coelba,COMPANHIA DE ELETRICIDADE DO ESTADO DA BAHIA,Concessão,2024-06-01,2910602,29794,29341,29373,435,183,0,0,5,162,85,156,66,31,30,1,0,35,0,252,178,28938,0,0,0,0,0,0,0,,,,,18,4,",000000000","665,000000000",83,1,19,0,498,,",002100000",",000000000",,0,38,9,14,24,,,170,,",000000000",2026-09-16 04:03:09.960000000
2026-09-16,15139629000194,Neoenergia Coelba,COMPANHIA DE ELETRICIDADE DO ESTADO DA BAHIA,Concessão,2026-05-01,2913200,14111,13819,13674,140,7,0,0,1,19,113,211,27,22,19,3,0,5,0,111,28,13534,0,0,0,0,0,0,0,,,,,0,0,",000000000",",000000000",27,1,22,0,680,,"2,200000000",",000000000",,0,,,,,,,115,,",000000000",2026-09-16 04:03:10.020000000
2026-09-16,15139629000194,Neoenergia Coelba,COMPANHIA DE ELETRICIDADE DO ESTADO DA BAHIA,Concessão,2026-07-01,2923308,4075,3990,3985,34,0,0,0,2,12,20,59,2,2,2,0,0,0,0,27,5,3951,0,0,0,0,0,0,0,,,,,1,1,",000000000",",000000000",10,1,22,0,69,,",970000000",",000000000",,0,5,2,5,5,,,38,,",000000000",2026-09-16 04:03:10.053000000
2026-09-16,15139629000194,Neoenergia Coelba,COMPANHIA DE ELETRICIDADE DO ESTADO DA BAHIA,Concessão,2023-08-01,2925758,9841,9477,9522,74,10,0,0,1,38,25,61,206,20,19,1,0,0,186,59,14,9448,0,0,0,0,0,0,0,,,,,3,1,",000000000","770,000000000",5,1,23,0,215,,",500000000",",000000000",,0,9,6,,,,,,,",000000000",2026-09-16 04:03:09.927000000
2026-09-16,15139629000194,Neoenergia Coelba,COMPANHIA DE ELETRICIDADE DO ESTADO DA BAHIA,Concessão,2024-06-01,2910701,53590,52802,52923,450,19,0,0,5,305,121,643,48,47,46,1,0,1,0,380,65,52473,0,0,0,0,0,0,0,,,,,24,19,",000000000","10195,260000000",289,1,19,0,1557,,",006200000",",000000000",,0,41,3,15,21,14,1,1164,2,",000000000",2026-09-16 04:03:09.960000000
2026-09-16,15139629000194,Neoenergia Coelba,COMPANHIA DE ELETRICIDADE DO ESTADO DA BAHIA,Concessão,2026-05-01,2913101,9626,9343,9331,238,126,0,0,2,59,51,168,116,20,16,4,0,96,0,158,78,9093,0,0,0,0,0,0,0,,,,,2,1,"2050,000000000",",000000000",14,1,22,0,124,,",500000000",",000000000",,0,2,2,,,,,45,,",000000000",2026-09-16 04:03:10.020000000
2026-09-16,15139629000194,Neoenergia Coelba,COMPANHIA DE ELETRICIDADE DO ESTADO DA BAHIA,Concessão,2026-07-01,2923209,12077,11799,11768,151,3,0,0,1,25,122,113,11,7,7,0,0,4,0,122,28,11617,0,0,0,0,0,0,0,,,,,0,0,",000000000",",000000000",19,1,22,0,641,,"1,470000000",",000000000",,0,1,,,,,,64,,",000000000",2026-09-16 04:03:10.053000000
2026-09-16,15139629000194,Neoenergia Coelba,COMPANHIA DE ELETRICIDADE DO ESTADO DA BAHIA,Concessão,2023-08-01,2925709,5990,5907,5821,26,7,0,0,2,10,7,16,7,5,4,1,0,2,0,22,2,5795,0,0,0,0,0,0,0,,,,,0,0,",000000000",",000000000",24,1,23,0,64,,"7,980000000",",000000000",,0,10,2,7,9,6,,18,,",000000000",2026-09-16 04:03:09.927000000
2026-09-16,15139629000194,Neoenergia Coelba,COMPANHIA DE ELETRICIDADE DO ESTADO DA BAHIA,Concessão,2024-06-01,2910727,9291,9188,9208,90,41,0,0,2,23,24,99,19,17,16,1,0,2,0,71,17,9118,0,0,0,0,0,0,0,,,,,2,0,",000000000",",000000000",21,1,19,0,130,,",011800000",",000000000",,0,9,1,,1,,,47,,",000000000",2026-09-16 04:03:09.960000000
2026-09-16,15139629000194,Neoenergia Coelba,COMPANHIA DE ELETRICIDADE DO ESTADO DA BAHIA,Concessão,2026-05-01,2913002,7559,7432,7419,119,15,0,0,1,6,97,50,18,1,1,0,0,17,0,97,21,7300,0,0,0,0,0,0,0,,,,,0,1,",000000000",",000000000",5,1,22,0,132,,",080000000",",000000000",,0,,,,,,,5,,",000000000",2026-09-16 04:03:10.020000000
2026-09-16,15139629000194,Neoenergia Coelba,COMPANHIA DE ELETRICIDADE DO ESTADO DA BAHIA,Concessão,2026-07-01,2923506,6355,6142,6114,101,33,0,0,2,36,30,40,23,9,8,1,0,14,0,85,14,6013,0,0,0,0,0,0,0,,,,,2,1,",000000000",",000000000",5,1,22,0,86,,",180000000",",000000000",,0,6,,,,,,24,,",000000000",2026-09-16 04:03:10.053000000
2026-09-16,15139629000194,Neoenergia Coelba,COMPANHIA DE ELETRICIDADE DO ESTADO DA BAHIA,Concessão,2023-08-01,2926707,6786,6609,6638,29,3,0,0,4,17,5,12,12,5,5,0,0,7,0,18,7,6609,0,0,0,0,0,0,0,,,,,2,0,",000000000",",000000000",20,1,23,0,156,,"29,120000000",",000000000",,0,12,4,6,6,5,,25,,",000000000",2026-09-16 04:03:09.927000000
2026-09-16,15139629000194,Neoenergia Coelba,COMPANHIA DE ELETRICIDADE DO ESTADO DA BAHIA,Concessão,2024-06-01,2909604,9984,9825,9848,85,4,0,0,2,33,46,645,261,261,160,101,0,0,0,63,20,9763,0,0,0,0,0,0,0,,,,,0,1,",000000000",",000000000",21,1,19,0,214,,",002900000",",000000000",,0,14,5,,1,,,22,,",000000000",2026-09-16 04:03:09.960000000
2026-09-16,15139629000194,Neoenergia Coelba,COMPANHIA DE ELETRICIDADE DO ESTADO DA BAHIA,Concessão,2026-05-01,2914307,5094,4967,4979,190,97,0,0,1,53,39,47,72,7,5,2,0,65,0,124,65,4789,0,0,0,0,0,0,0,,,,,0,0,",000000000",",000000000",5,1,22,0,88,,",130000000",",000000000",,0,4,,,,,,6,,",000000000",2026-09-16 04:03:10.020000000
2026-09-16,15139629000194,Neoenergia Coelba,COMPANHIA DE ELETRICIDADE DO ESTADO DA BAHIA,Concessão,2026-07-01,2923100,12503,12220,12250,107,8,0,0,2,55,42,90,25,19,19,0,0,6,0,90,15,12143,0,0,0,0,0,0,0,,,,,0,1,",000000000",",000000000",33,1,22,0,382,,",080000000",",000000000",,0,1,1,,,,,71,,",000000000",2026-09-16 04:03:10.053000000
2026-09-16,15139629000194,Neoenergia Coelba,COMPANHIA DE ELETRICIDADE DO ESTADO DA BAHIA,Concessão,2023-08-01,2905503,5113,5037,5044,26,0,0,0,2,15,9,9,2,2,0,2,0,0,0,17,7,5018,0,0,0,0,0,0,0,,,,,0,0,",000000000",",000000000",48,1,23,0,38,,"16,010000000",",000000000",,0,29,24,8,12,3,,42,,",000000000",2026-09-16 04:03:09.927000000
2026-09-16,15139629000194,Neoenergia Coelba,COMPANHIA DE ELETRICIDADE DO ESTADO DA BAHIA,Concessão,2024-06-01,2900306,6553,6474,6482,58,0,0,0,1,35,22,80,13,12,12,0,0,1,0,51,6,6424,0,0,0,0,0,0,0,,,,,1,0,",000000000",",000000000",6,1,19,0,335,,",003200000",",000000000",,0,3,1,2,2,,,27,,",000000000",2026-09-16 04:03:09.960000000
2026-09-16,15139629000194,Neoenergia Coelba,COMPANHIA DE ELETRICIDADE DO ESTADO DA BAHIA,Concessão,2026-05-01,2910404,10007,9807,9761,94,16,0,0,2,27,49,59,25,6,5,1,0,19,0,81,11,9667,0,0,0,0,0,0,0,,,,,0,1,",000000000",",000000000",15,1,22,0,117,,"1,630000000",",000000000",,0,1,,,1,,,47,,",000000000",2026-09-16 04:03:10.020000000
2026-09-16,15139629000194,Neoenergia Coelba,COMPANHIA DE ELETRICIDADE DO ESTADO DA BAHIA,Concessão,2026-07-01,2923035,6010,5898,5914,70,15,0,0,1,18,36,25,13,8,8,0,0,5,0,52,17,5844,0,0,0,0,0,0,0,,,,,0,0,",000000000",",000000000",13,1,22,0,86,,",050000000",",000000000",,0,,,,1,,,23,,",000000000",2026-09-16 04:03:10.053000000
2026-09-16,15139629000194,Neoenergia Coelba,COMPANHIA DE ELETRICIDADE DO ESTADO DA BAHIA,Concessão,2023-08-01,2904100,9930,9780,9743,29,0,0,0,1,13,15,12,10,10,10,0,0,0,0,23,5,9714,0,0,0,0,0,0,0,,,,,0,0,",000000000",",000000000",27,1,23,0,101,,"3,760000000",",000000000",,0,7,6,14,15,14,,73,,",000000000",2026-09-16 04:03:09.927000000
2026-09-16,15139629000194,Neoenergia Coelba,COMPANHIA DE ELETRICIDADE DO ESTADO DA BAHIA,Concessão,2024-06-01,2914901,9439,9246,9259,297,181,0,0,2,72,42,55,47,9,8,1,0,38,0,218,77,8962,0,0,0,0,0,0,0,,,,,2,4,",000000000",",000000000",44,1,19,0,1242,,",001300000",",000000000",,0,3,1,5,5,1,,160,,",000000000",2026-09-16 04:03:09.960000000
2026-09-16,15139629000194,Neoenergia Coelba,COMPANHIA DE ELETRICIDADE DO ESTADO DA BAHIA,Concessão,2026-05-01,2909604,10940,10697,10732,102,0,0,0,1,61,40,29,3,3,3,0,0,0,0,75,26,10630,0,0,0,0,0,0,0,,,,,3,3,",000000000",",000000000",22,1,22,0,193,,",620000000",",000000000",,0,,,,1,,,103,,",000000000",2026-09-16 04:03:10.020000000
2026-09-16,15139629000194,Neoenergia Coelba,COMPANHIA DE ELETRICIDADE DO ESTADO DA BAHIA,Concessão,2026-07-01,2923001,19487,19134,19013,534,30,0,0,2,332,170,190,41,18,17,1,0,23,0,406,126,18479,0,0,0,0,0,0,0,,,,,1,4,",000000000",",000000000",79,2,22,0,353,,",620000000",",000000000",,0,2,1,10,10,1,,369,,",000000000",2026-09-16 04:03:10.053000000
2026-09-16,15139629000194,Neoenergia Coelba,COMPANHIA DE ELETRICIDADE DO ESTADO DA BAHIA,Concessão,2023-08-01,2904209,5018,4836,4848,39,2,0,0,1,9,27,12,6,4,4,0,0,2,0,31,7,4809,0,0,0,0,0,0,0,,,,,0,0,",000000000",",000000000",10,1,23,0,186,,",830000000",",000000000",1,0,6,2,,,,,37,,",000000000",2026-09-16 04:03:09.927000000
2026-09-16,15139629000194,Neoenergia Coelba,COMPANHIA DE ELETRICIDADE DO ESTADO DA BAHIA,Concessão,2024-06-01,2915007,6544,6441,6434,81,53,0,0,1,11,16,17,25,5,4,1,0,20,0,54,26,6353,0,0,0,0,0,0,0,,,,,0,1,",000000000",",000000000",15,1,19,0,80,,",001200000",",000000000",,0,3,,1,1,,,54,,",000000000",2026-09-16 04:03:09.960000000
2026-09-16,15139629000194,Neoenergia Coelba,COMPANHIA DE ELETRICIDADE DO ESTADO DA BAHIA,Concessão,2026-05-01,2909703,6630,6501,6503,47,10,0,0,2,12,23,50,14,9,9,0,0,5,0,38,7,6456,0,0,0,0,0,0,0,,,,,0,0,",000000000","2140,000000000",6,1,22,0,221,,"1,000000000",",000000000",,0,,,,,,,8,,",000000000",2026-09-16 04:03:10.020000000
2026-09-16,15139629000194,Neoenergia Coelba,COMPANHIA DE ELETRICIDADE DO ESTADO DA BAHIA,Concessão,2026-07-01,2922904,13341,13049,13050,142,7,0,0,1,90,44,194,44,39,37,2,0,5,0,106,35,12908,0,0,0,0,0,0,0,,,,,4,5,",000000000",",000000000",34,1,22,0,146,,",180000000",",000000000",,0,3,1,2,2,1,,54,,",000000000",2026-09-16 04:03:10.053000000
2026-09-16,15139629000194,Neoenergia Coelba,COMPANHIA DE ELETRICIDADE DO ESTADO DA BAHIA,Concessão,2023-08-01,2902609,9032,8901,8917,53,1,0,0,2,22,28,26,12,12,12,0,0,0,0,37,14,8864,0,0,0,0,0,0,0,,,,,0,0,",000000000",",000000000",46,1,23,0,106,,",810000000",",000000000",,0,10,3,,3,,,100,,",000000000",2026-09-16 04:03:09.927000000
2026-09-16,15139629000194,Neoenergia Coelba,COMPANHIA DE ELETRICIDADE DO ESTADO DA BAHIA,Concessão,2026-05-01,2929370,5721,5627,5621,40,0,0,0,1,15,24,57,10,10,7,3,0,0,0,31,8,5581,0,0,0,0,0,0,0,,,,,2,2,",000000000",",000000000",17,1,22,0,99,,",330000000",",000000000",,0,,,,,,,55,,",000000000",2026-09-16 04:03:10.020000000
2026-09-16,15139629000194,Neoenergia Coelba,COMPANHIA DE ELETRICIDADE DO ESTADO DA BAHIA,Concessão,2026-07-01,2922854,4071,3977,3978,90,28,0,0,1,21,40,11,32,1,1,0,0,31,0,69,20,3888,0,0,0,0,0,0,0,,,,,0,0,",000000000",",000000000",0,1,22,0,88,,",450000000",",000000000",,0,1,1,,,,,12,,",000000000",2026-09-16 04:03:10.053000000
2026-09-16,15139629000194,Neoenergia Coelba,COMPANHIA DE ELETRICIDADE DO ESTADO DA BAHIA,Concessão,2023-08-01,2902500,6326,6193,6219,32,0,0,0,2,13,17,14,4,4,4,0,0,0,0,23,7,6187,0,0,0,0,0,0,0,,,,,0,0,",000000000",",000000000",14,1,23,0,79,,"5,180000000",",000000000",,0,18,3,4,5,4,,34,,",000000000",2026-09-16 04:03:09.927000000
2026-09-16,15139629000194,Neoenergia Coelba,COMPANHIA DE ELETRICIDADE DO ESTADO DA BAHIA,Concessão,2026-05-01,2929354,2690,2642,2651,33,11,0,0,1,12,9,17,15,5,4,1,0,10,0,24,8,2618,0,0,0,0,0,0,0,,,,,0,0,",000000000",",000000000",5,1,22,0,77,,",350000000",",000000000",,0,,,,,,,7,,",000000000",2026-09-16 04:03:10.020000000
2026-09-16,15139629000194,Neoenergia Coelba,COMPANHIA DE ELETRICIDADE DO ESTADO DA BAHIA,Concessão,2026-07-01,2923050,4357,4259,4262,40,2,0,0,2,27,9,48,22,15,14,1,0,7,0,30,8,4222,0,0,0,0,0,0,0,,,,,0,0,",000000000",",000000000",12,1,22,0,209,,",320000000",",000000000",,0,,,,1,,,13,,",000000000",2026-09-16 04:03:10.053000000
2026-09-16,15139629000194,Neoenergia Coelba,COMPANHIA DE ELETRICIDADE DO ESTADO DA BAHIA,Concessão,2023-08-01,2902401,4390,4281,4319,39,8,0,0,1,23,7,43,40,19,18,1,0,18,3,28,10,4280,0,0,0,0,0,0,0,,,,,1,12,",000000000",",000000000",2,1,23,0,91,,",950000000",",000000000",,0,2,1,7,7,5,,6,,",000000000",2026-09-16 04:03:09.927000000
2026-09-16,15139629000194,Neoenergia Coelba,COMPANHIA DE ELETRICIDADE DO ESTADO DA BAHIA,Concessão,2026-05-01,2929305,18532,18083,18079,271,43,0,0,1,117,110,190,47,21,21,0,0,26,0,213,57,17808,0,0,0,0,0,0,0,,,,,5,2,"680,000000000",",000000000",77,1,22,0,668,,"1,020000000",",000000000",,0,4,2,16,16,7,,142,,",000000000",2026-09-16 04:03:10.020000000
2026-09-16,15139629000194,Neoenergia Coelba,COMPANHIA DE ELETRICIDADE DO ESTADO DA BAHIA,Concessão,2026-07-01,2923605,10330,10002,9960,140,37,0,0,1,34,68,154,28,9,6,3,0,19,0,103,36,9820,0,0,0,0,0,0,0,,,,,1,0,",000000000",",000000000",21,1,22,0,120,,",030000000",",000000000",,0,5,2,2,3,2,,14,,",000000000",2026-09-16 04:03:10.053000000
2026-09-16,15139629000194,Neoenergia Coelba,COMPANHIA DE ELETRICIDADE DO ESTADO DA BAHIA,Concessão,2023-08-01,2902302,3103,3043,3062,17,0,0,0,1,4,12,12,0,0,0,0,0,0,0,13,3,3045,0,0,0,0,0,0,0,,,,,1,1,",000000000",",000000000",3,1,23,0,49,,"2,450000000",",000000000",,0,2,,6,6,4,,,,",000000000",2026-09-16 04:03:09.927000000
2026-09-16,15139629000194,Neoenergia Coelba,COMPANHIA DE ELETRICIDADE DO ESTADO DA BAHIA,Concessão,2026-05-01,2929255,10838,10564,10579,306,143,0,0,1,102,60,213,177,17,9,8,0,160,0,193,112,10273,0,0,0,0,0,0,0,,,,,0,0,",000000000",",000000000",24,1,22,0,231,,"1,080000000",",000000000",,0,,,,,,,50,,",000000000",2026-09-16 04:03:10.020000000
2026-09-16,15139629000194,Neoenergia Coelba,COMPANHIA DE ELETRICIDADE DO ESTADO DA BAHIA,Concessão,2026-07-01,2923704,13043,12732,12736,94,23,0,0,1,5,65,121,28,16,16,0,0,12,0,76,17,12642,0,0,0,0,0,0,0,,,,,0,0,",000000000",",000000000",20,1,22,0,254,,",280000000",",000000000",,0,,,10,11,9,,69,,",000000000",2026-09-16 04:03:10.053000000
2026-09-16,15139629000194,Neoenergia Coelba,COMPANHIA DE ELETRICIDADE DO ESTADO DA BAHIA,Concessão,2023-08-01,2902252,3343,3266,3247,90,37,33,0,1,9,10,61,196,25,25,0,0,150,21,61,28,3157,0,0,0,1,1,0,0,"14751,000000000","14751,000000000",",000000000",",000000000",0,0,",000000000",",000000000",4,1,23,0,71,,",190000000",",000000000",,0,2,1,2,2,,,12,,",000000000",2026-09-16 04:03:09.927000000
2026-09-16,15139629000194,Neoenergia Coelba,COMPANHIA DE ELETRICIDADE DO ESTADO DA BAHIA,Concessão,2024-06-01,2908101,9187,8986,8663,193,0,0,0,1,11,181,49,23,7,6,1,0,16,0,164,28,8470,0,0,0,0,0,0,0,,,,,0,0,",000000000",",000000000",22,1,19,0,275,,",001400000",",000000000",,0,2,1,6,8,6,,16,,",000000000",2026-09-16 04:03:09.960000000
2026-09-16,15139629000194,Neoenergia Coelba,COMPANHIA DE ELETRICIDADE DO ESTADO DA BAHIA,Concessão,2026-05-01,2929206,15907,15739,15694,295,4,0,0,1,172,118,339,44,39,38,1,0,5,0,238,56,15399,0,0,0,0,0,0,0,,,,,8,5,",000000000","1868,000000000",72,1,22,0,209,,",880000000",",000000000",,0,7,,1,4,,,180,,",000000000",2026-09-16 04:03:10.020000000
2026-09-16,15139629000194,Neoenergia Coelba,COMPANHIA DE ELETRICIDADE DO ESTADO DA BAHIA,Concessão,2026-07-01,2923803,13528,13241,13294,113,13,0,0,1,51,48,95,17,10,10,0,0,7,0,92,20,13181,0,0,0,0,0,0,0,,,,,4,6,",000000000",",000000000",27,1,22,0,184,,",320000000",",000000000",,0,,,1,2,,,31,,",000000000",2026-09-16 04:03:10.053000000
2026-09-16,15139629000194,Neoenergia Coelba,COMPANHIA DE ELETRICIDADE DO ESTADO DA BAHIA,Concessão,2023-08-01,2900801,11249,10985,11059,155,16,0,0,1,81,57,80,47,34,33,1,0,13,0,124,30,10904,0,0,0,0,0,0,0,,,,,0,1,",000000000",",000000000",17,1,23,0,411,,"1,640000000",",000000000",,0,29,12,13,22,5,,10,,",000000000",2026-09-16 04:03:09.927000000
2026-09-16,15139629000194,Neoenergia Coelba,COMPANHIA DE ELETRICIDADE DO ESTADO DA BAHIA,Concessão,2024-06-01,2908002,9315,9217,9216,83,42,0,0,1,24,16,70,52,24,23,1,0,28,0,61,21,9133,0,0,0,0,0,0,0,,,,,0,2,",000000000","3922,000000000",29,1,19,0,171,,",004000000",",000000000",,0,11,1,,,,,202,,",000000000",2026-09-16 04:03:09.960000000
2026-09-16,15139629000194,Neoenergia Coelba,COMPANHIA DE ELETRICIDADE DO ESTADO DA BAHIA,Concessão,2026-05-01,2928109,19287,18708,18733,208,5,0,0,1,30,172,246,45,31,31,0,0,14,0,178,29,18525,0,0,0,0,0,0,0,,,,,1,3,",000000000",",000000000",50,1,22,0,261,,",330000000",",000000000",,0,18,6,,,,,146,,",000000000",2026-09-16 04:03:10.020000000
2026-09-16,15139629000194,Neoenergia Coelba,COMPANHIA DE ELETRICIDADE DO ESTADO DA BAHIA,Concessão,2026-07-01,2931350,72260,70505,70741,929,35,0,0,8,642,244,1823,181,153,51,102,0,28,0,764,157,69811,1,0,1,0,0,0,0,,,,,23,36,"2350,000000000","7719,000000000",406,1,22,0,2660,,"5,720000000",",000000000",,0,27,14,31,41,7,,1316,,",000000000",2026-09-16 04:03:10.053000000
2026-09-16,15139629000194,Neoenergia Coelba,COMPANHIA DE ELETRICIDADE DO ESTADO DA BAHIA,Concessão,2023-08-01,2900702,73289,72159,72414,480,0,0,0,7,210,263,445,88,88,87,1,0,0,0,386,87,71931,3,0,3,0,0,0,0,,,,,63,25,"3990,000000000","3870,000000000",259,1,23,0,3762,,"6,680000000",",000000000",,0,58,29,4,6,3,,604,,",000000000",2026-09-16 04:03:09.927000000
2026-09-16,15139629000194,Neoenergia Coelba,COMPANHIA DE ELETRICIDADE DO ESTADO DA BAHIA,Concessão,2024-06-01,2907905,7832,7686,7708,95,37,0,0,2,38,18,155,53,26,25,1,0,27,0,74,19,7613,0,0,0,0,0,0,0,,,,,0,0,",000000000",",000000000",28,1,19,0,160,,",006000000",",000000000",,0,15,2,9,13,,,33,,",000000000",2026-09-16 04:03:09.960000000
2026-09-16,15139629000194,Neoenergia Coelba,COMPANHIA DE ELETRICIDADE DO ESTADO DA BAHIA,Concessão,2026-05-01,2928059,5200,5108,5069,435,389,2,0,1,30,13,65,224,22,17,5,0,202,0,258,176,4634,0,0,0,0,0,0,0,,,,,0,0,",000000000",",000000000",18,1,22,0,98,,",470000000",",000000000",,0,1,,,,,,52,,",000000000",2026-09-16 04:03:10.020000000
2026-09-16,15139629000194,Neoenergia Coelba,COMPANHIA DE ELETRICIDADE DO ESTADO DA BAHIA,Concessão,2026-07-01,2931301,6762,6659,6640,147,19,0,0,1,44,83,41,7,2,2,0,0,5,0,111,35,6493,0,0,0,0,0,0,0,,,,,0,0,",000000000",",000000000",15,1,22,0,161,,",200000000",",000000000",,0,,,,,,,67,,",000000000",2026-09-16 04:03:10.053000000
2026-09-16,15139629000194,Neoenergia Coelba,COMPANHIA DE ELETRICIDADE DO ESTADO DA BAHIA,Concessão,2023-08-01,2900603,1942,1895,1864,15,1,4,0,1,4,5,26,37,12,10,2,0,0,25,10,4,1849,0,0,0,0,0,0,0,,,,,1,0,",000000000",",000000000",1,1,23,0,45,,"6,980000000",",000000000",,0,,,,,,,6,,",000000000",2026-09-16 04:03:09.927000000
2026-09-16,15139629000194,Neoenergia Coelba,COMPANHIA DE ELETRICIDADE DO ESTADO DA BAHIA,Concessão,2024-06-01,2907806,16116,15976,15950,133,35,0,0,6,61,31,315,65,56,52,4,0,9,0,104,23,15817,0,0,0,0,0,0,0,,,,,0,1,",000000000",",000000000",21,1,19,0,431,,",004400000",",000000000",,0,8,2,,,,,85,,",000000000",2026-09-16 04:03:09.960000000
2026-09-16,15139629000194,Neoenergia Coelba,COMPANHIA DE ELETRICIDADE DO ESTADO DA BAHIA,Concessão,2026-05-01,2928000,17915,17581,17624,136,0,0,0,3,31,102,119,11,8,8,0,0,3,0,106,27,17488,0,0,0,0,0,0,0,,,,,1,2,",000000000",",000000000",23,1,22,0,551,,",670000000",",000000000",,0,12,7,7,7,3,,79,,",000000000",2026-09-16 04:03:10.020000000
2026-09-16,15139629000194,Neoenergia Coelba,COMPANHIA DE ELETRICIDADE DO ESTADO DA BAHIA,Concessão,2026-07-01,2931202,7745,7536,7551,601,203,0,0,1,269,128,77,80,4,2,2,0,76,0,505,95,6950,0,0,0,0,0,0,0,,,,,1,0,"22656,000000000","22656,000000000",18,1,22,0,89,,",320000000",",000000000",,0,2,2,3,3,2,,111,,",000000000",2026-09-16 04:03:10.053000000
2026-09-16,15139629000194,Neoenergia Coelba,COMPANHIA DE ELETRICIDADE DO ESTADO DA BAHIA,Concessão,2023-08-01,2902658,5574,5471,5487,79,13,0,0,5,36,25,12,9,4,4,0,0,5,0,51,23,5408,0,0,0,0,0,0,0,,,,,0,0,",000000000",",000000000",4,1,23,0,106,,"4,090000000",",000000000",,0,6,2,2,3,2,,18,,",000000000",2026-09-16 04:03:09.927000000
2026-09-16,15139629000194,Neoenergia Coelba,COMPANHIA DE ELETRICIDADE DO ESTADO DA BAHIA,Concessão,2026-05-01,2929404,5274,5173,5171,32,7,0,0,1,16,8,23,8,3,3,0,0,5,0,28,3,5139,0,0,0,0,0,0,0,,,,,1,2,",000000000",",000000000",17,1,22,0,69,,",050000000",",000000000",,0,,,,1,,,48,,",000000000",2026-09-16 04:03:10.020000000
2026-09-16,15139629000194,Neoenergia Coelba,COMPANHIA DE ELETRICIDADE DO ESTADO DA BAHIA,Concessão,2026-07-01,2931103,3426,3374,3385,72,2,0,0,1,10,59,24,6,6,6,0,0,0,0,67,4,3313,0,0,0,0,0,0,0,,,,,1,2,",000000000",",000000000",3,1,22,0,157,,",150000000",",000000000",,0,3,1,,,,,17,,",000000000",2026-09-16 04:03:10.053000000
2026-09-16,15139629000194,Neoenergia Coelba,COMPANHIA DE ELETRICIDADE DO ESTADO DA BAHIA,Concessão,2023-08-01,2900405,7001,6905,6913,75,0,0,0,2,39,34,18,3,3,3,0,0,0,0,63,10,6838,0,0,0,0,0,0,0,,,,,1,0,",000000000",",000000000",28,1,23,0,79,,"8,600000000",",000000000",,0,8,2,9,9,6,,72,,",000000000",2026-09-16 04:03:09.927000000
2026-09-16,15139629000194,Neoenergia Coelba,COMPANHIA DE ELETRICIDADE DO ESTADO DA BAHIA,Concessão,2024-06-01,2907707,4585,4522,4336,53,8,0,0,1,26,18,20,45,7,5,2,0,38,0,39,13,4283,0,0,0,0,0,0,0,,,,,0,0,",000000000",",000000000",14,1,19,0,79,,",004700000",",000000000",,0,3,,6,7,6,,20,,",000000000",2026-09-16 04:03:09.960000000
2026-09-16,15139629000194,Neoenergia Coelba,COMPANHIA DE ELETRICIDADE DO ESTADO DA BAHIA,Concessão,2026-05-01,2927903,5037,4931,4939,22,1,0,0,1,12,8,25,2,2,0,2,0,0,0,19,2,4917,0,0,0,0,0,0,0,,,,,2,0,",000000000",",000000000",14,1,22,0,149,,",070000000",",000000000",,0,,,,,,,5,,",000000000",2026-09-16 04:03:10.020000000
2026-09-16,15139629000194,Neoenergia Coelba,COMPANHIA DE ELETRICIDADE DO ESTADO DA BAHIA,Concessão,2026-07-01,2931053,9048,8790,8813,118,41,0,0,1,28,48,41,27,6,6,0,0,21,0,86,31,8695,0,0,0,0,0,0,0,,,,,0,0,",000000000",",000000000",10,1,22,0,128,,",550000000",",000000000",,0,,,,2,,,10,,",000000000",2026-09-16 04:03:10.053000000
2026-09-16,15139629000194,Neoenergia Coelba,COMPANHIA DE ELETRICIDADE DO ESTADO DA BAHIA,Concessão,2023-08-01,2900306,6469,6373,6406,52,0,0,0,1,23,28,12,2,2,2,0,0,0,0,40,11,6354,0,0,0,0,0,0,0,,,,,0,0,",000000000",",000000000",26,1,23,0,220,,"4,250000000",",000000000",,0,21,16,3,3,,,82,,",000000000",2026-09-16 04:03:09.927000000
2026-09-16,15139629000194,Neoenergia Coelba,COMPANHIA DE ELETRICIDADE DO ESTADO DA BAHIA,Concessão,2024-06-01,2907558,3950,3861,3869,49,12,0,0,3,7,27,81,27,12,12,0,0,15,0,33,13,3820,0,0,0,0,0,0,0,,,,,0,0,",000000000",",000000000",15,1,19,0,90,,",003200000",",000000000",,0,3,,5,5,4,,7,,",000000000",2026-09-16 04:03:09.960000000
2026-09-16,15139629000194,Neoenergia Coelba,COMPANHIA DE ELETRICIDADE DO ESTADO DA BAHIA,Concessão,2026-05-01,2927804,2350,2316,2312,10,1,0,0,1,4,4,42,56,22,22,0,0,34,0,7,2,2302,0,0,0,0,0,0,0,,,,,0,0,",000000000",",000000000",10,1,22,0,69,,",080000000",",000000000",,0,1,1,,,,,17,,",000000000",2026-09-16 04:03:10.020000000
2026-09-16,15139629000194,Neoenergia Coelba,COMPANHIA DE ELETRICIDADE DO ESTADO DA BAHIA,Concessão,2026-07-01,2931004,11679,11372,11356,174,58,0,0,1,63,52,87,30,5,2,3,0,25,0,121,52,11182,0,0,0,0,0,0,0,,,,,5,2,",000000000",",000000000",59,1,22,0,134,,",830000000",",000000000",,0,7,4,11,11,6,,60,,",000000000",2026-09-16 04:03:10.053000000
2026-09-16,15139629000194,Neoenergia Coelba,COMPANHIA DE ELETRICIDADE DO ESTADO DA BAHIA,Concessão,2023-08-01,2902203,4915,4836,4862,60,0,0,0,1,31,28,21,3,3,3,0,0,0,0,50,9,4802,0,0,0,0,0,0,0,,,,,0,1,",000000000",",000000000",14,1,23,0,47,,"2,930000000",",000000000",,0,12,6,3,4,3,,42,,",000000000",2026-09-16 04:03:09.927000000
2026-09-16,15139629000194,Neoenergia Coelba,COMPANHIA DE ELETRICIDADE DO ESTADO DA BAHIA,Concessão,2024-06-01,2907509,23547,23315,23307,227,4,0,0,3,134,86,274,89,89,59,30,0,0,0,193,31,23080,0,0,0,0,0,0,0,,,,,3,4,"910,800000000","9905,600000000",62,1,19,0,272,,",005100000",",000000000",,0,13,2,6,9,6,1,248,1,",000000000",2026-09-16 04:03:09.960000000
2026-09-16,15139629000194,Neoenergia Coelba,COMPANHIA DE ELETRICIDADE DO ESTADO DA BAHIA,Concessão,2026-05-01,2929057,7714,7534,7509,99,3,0,0,1,15,80,40,17,13,13,0,0,4,0,77,21,7410,0,0,0,0,0,0,0,,,,,0,0,",000000000",",000000000",28,1,22,0,65,,",300000000",",000000000",,0,3,1,,1,,,52,,",000000000",2026-09-16 04:03:10.020000000
2026-09-16,15139629000194,Neoenergia Coelba,COMPANHIA DE ELETRICIDADE DO ESTADO DA BAHIA,Concessão,2026-07-01,2930907,5625,5487,5488,98,45,0,0,2,16,35,24,16,7,7,0,0,9,0,63,33,5390,0,0,0,0,0,0,0,,,,,0,0,",000000000",",000000000",7,1,22,0,125,,",180000000",",000000000",,0,1,,,,,,13,,",000000000",2026-09-16 04:03:10.053000000
2026-09-16,15139629000194,Neoenergia Coelba,COMPANHIA DE ELETRICIDADE DO ESTADO DA BAHIA,Concessão,2023-08-01,2902104,21095,20667,20751,169,0,0,0,6,78,85,68,43,42,42,0,0,1,0,130,33,20582,0,0,0,0,0,0,0,,,,,1,1,",000000000",",000000000",33,1,23,0,582,,"6,720000000",",000000000",,0,25,15,9,13,7,,153,,",000000000",2026-09-16 04:03:09.927000000
2026-09-16,15139629000194,Neoenergia Coelba,COMPANHIA DE ELETRICIDADE DO ESTADO DA BAHIA,Concessão,2024-06-01,2907400,1724,1694,1695,10,1,0,0,1,1,7,20,4,4,4,0,0,0,0,6,3,1685,0,0,0,0,0,0,0,,,,,0,0,",000000000",",000000000",3,1,19,0,44,,",000400000",",000000000",,0,5,1,,,,,5,,",000000000",2026-09-16 04:03:09.960000000
2026-09-16,15139629000194,Neoenergia Coelba,COMPANHIA DE ELETRICIDADE DO ESTADO DA BAHIA,Concessão,2026-05-01,2929008,4338,4271,4282,43,9,0,0,1,8,25,52,25,13,12,1,0,12,0,36,6,4239,0,0,0,0,0,0,0,,,,,0,0,",000000000",",000000000",13,1,22,0,94,,",530000000",",000000000",,0,2,,,,,,22,,",000000000",2026-09-16 04:03:10.020000000
2026-09-16,15139629000194,Neoenergia Coelba,COMPANHIA DE ELETRICIDADE DO ESTADO DA BAHIA,Concessão,2026-07-01,2919207,115820,112948,112955,1842,24,0,0,70,579,1169,2022,251,231,207,24,0,20,0,1407,365,111113,0,0,0,0,0,0,0,,,,,103,122,"26055,670000000","33956,350000000",1301,1,22,0,1059,,",650000000",",000000000",,0,32,16,18,41,17,,1130,,",000000000",2026-09-16 04:03:10.053000000
2026-09-16,15139629000194,Neoenergia Coelba,COMPANHIA DE ELETRICIDADE DO ESTADO DA BAHIA,Concessão,2023-08-01,2902005,6276,6092,6104,70,9,0,0,2,36,23,9,13,3,3,0,0,10,0,51,17,6034,0,0,0,0,0,0,0,,,,,0,0,",000000000","450,000000000",20,1,23,0,237,,"1,380000000",",000000000",,0,27,5,3,8,3,,47,,",000000000",2026-09-16 04:03:09.927000000
2026-09-16,15139629000194,Neoenergia Coelba,COMPANHIA DE ELETRICIDADE DO ESTADO DA BAHIA,Concessão,2024-06-01,2907301,10886,10766,10768,79,2,0,0,2,52,23,84,31,31,20,11,0,0,0,65,12,10689,0,0,0,0,0,0,0,,,,,3,8,",000000000","733,000000000",20,1,19,0,227,,",004600000",",000000000",,0,8,1,,,,,52,,",000000000",2026-09-16 04:03:09.960000000
2026-09-16,15139629000194,Neoenergia Coelba,COMPANHIA DE ELETRICIDADE DO ESTADO DA BAHIA,Concessão,2026-05-01,2929107,9095,8918,8912,64,0,0,0,0,27,37,76,7,7,6,1,0,0,0,51,13,8848,0,0,0,0,0,0,0,,,,,1,1,",000000000",",000000000",41,1,22,0,243,,",680000000",",000000000",,0,1,,3,4,3,,71,,",000000000",2026-09-16 04:03:10.020000000
2026-09-16,15139629000194,Neoenergia Coelba,COMPANHIA DE ELETRICIDADE DO ESTADO DA BAHIA,Concessão,2026-07-01,2919157,14006,13641,13642,342,159,0,0,2,77,104,108,99,14,10,4,0,85,0,239,101,13300,0,0,0,0,0,0,0,,,,,3,8,"2880,000000000",",000000000",43,1,22,0,232,,",130000000",",000000000",,0,2,,1,2,,,103,,",000000000",2026-09-16 04:03:10.053000000
2026-09-16,15139629000194,Neoenergia Coelba,COMPANHIA DE ELETRICIDADE DO ESTADO DA BAHIA,Concessão,2023-08-01,2902054,4614,4552,4556,33,0,0,0,1,12,20,11,2,1,1,0,0,1,0,28,4,4523,0,0,0,0,0,0,0,,,,,4,2,",000000000",",000000000",21,1,23,0,131,,"2,790000000",",000000000",,0,9,1,3,3,3,,29,,",000000000",2026-09-16 04:03:09.927000000
2026-09-16,15139629000194,Neoenergia Coelba,COMPANHIA DE ELETRICIDADE DO ESTADO DA BAHIA,Concessão,2024-06-01,2907202,27177,24510,24510,1356,61,0,0,4,1211,80,334,131,61,42,19,0,69,1,1002,350,23153,1,0,1,0,0,0,0,,,,,2,2,",000000000","1300,000000000",159,1,19,0,1126,,",004100000",",000000000",,0,73,26,38,53,25,1,287,,",000000000",2026-09-16 04:03:09.960000000
2026-09-16,15139629000194,Neoenergia Coelba,COMPANHIA DE ELETRICIDADE DO ESTADO DA BAHIA,Concessão,2026-05-01,2928950,4367,4295,4270,33,0,0,0,1,6,26,56,5,5,4,1,0,0,0,27,5,4237,0,0,0,0,0,0,0,,,,,0,0,",000000000",",000000000",9,1,22,0,160,,"1,450000000",",000000000",,0,,,,,,,38,,",000000000",2026-09-16 04:03:10.020000000
2026-09-16,15139629000194,Neoenergia Coelba,COMPANHIA DE ELETRICIDADE DO ESTADO DA BAHIA,Concessão,2026-07-01,2919108,3704,3620,3621,48,0,0,0,1,18,29,45,8,8,8,0,0,0,0,38,9,3573,0,0,0,0,0,0,0,,,,,2,2,",000000000",",000000000",4,1,22,0,64,,",980000000",",000000000",,0,,,,,,,19,,",000000000",2026-09-16 04:03:10.053000000
2026-09-16,15139629000194,Neoenergia Coelba,COMPANHIA DE ELETRICIDADE DO ESTADO DA BAHIA,Concessão,2023-08-01,2901957,3236,3179,3200,66,37,0,0,1,15,13,12,10,3,2,1,0,0,7,50,15,3134,0,0,0,0,0,0,0,,,,,1,2,",000000000",",000000000",0,1,23,0,62,,"5,520000000",",000000000",,0,2,1,,,,,1,,",000000000",2026-09-16 04:03:09.927000000
2026-09-16,15139629000194,Neoenergia Coelba,COMPANHIA DE ELETRICIDADE DO ESTADO DA BAHIA,Concessão,2024-06-01,2907103,12923,12658,12588,155,49,0,0,1,24,81,138,89,35,31,4,0,54,0,113,41,12433,0,0,0,0,0,0,0,,,,,0,0,",000000000",",000000000",31,1,19,0,347,,",001000000",",000000000",,0,17,3,8,11,7,,120,,",000000000",2026-09-16 04:03:09.960000000
2026-09-16,15139629000194,Neoenergia Coelba,COMPANHIA DE ELETRICIDADE DO ESTADO DA BAHIA,Concessão,2026-05-01,2928901,17033,16604,16413,401,51,0,0,1,87,262,244,114,46,36,10,0,68,0,309,91,16012,0,0,0,0,0,0,0,,,,,3,4,",000000000",",000000000",24,1,22,0,168,,",170000000",",000000000",,0,8,4,7,8,7,,216,,",000000000",2026-09-16 04:03:10.020000000
2026-09-16,15139629000194,Neoenergia Coelba,COMPANHIA DE ELETRICIDADE DO ESTADO DA BAHIA,Concessão,2026-07-01,2923902,4121,4035,4039,187,62,1,0,1,93,30,27,242,5,5,0,0,233,4,108,78,3852,0,0,0,0,0,0,0,,,,,5,5,",000000000",",000000000",9,1,22,0,24,,"2,170000000",",000000000",,0,,,1,1,,,29,,",000000000",2026-09-16 04:03:10.053000000
2026-09-16,15139629000194,Neoenergia Coelba,COMPANHIA DE ELETRICIDADE DO ESTADO DA BAHIA,Concessão,2023-08-01,2901908,6765,6661,6688,49,0,0,0,2,18,29,8,1,1,1,0,0,0,0,39,8,6639,0,0,0,0,0,0,0,,,,,0,0,",000000000",",000000000",19,1,23,0,201,,"7,100000000",",000000000",,0,3,2,5,5,,,83,,",000000000",2026-09-16 04:03:09.927000000
2026-09-16,15139629000194,Neoenergia Coelba,COMPANHIA DE ELETRICIDADE DO ESTADO DA BAHIA,Concessão,2024-06-01,2907004,3653,3600,3604,35,0,0,0,1,22,12,49,9,9,9,0,0,0,0,27,7,3569,0,0,0,0,0,0,0,,,,,0,1,",000000000",",000000000",7,1,19,0,185,,",004800000",",000000000",,0,9,2,,,,,4,,",000000000",2026-09-16 04:03:09.960000000
2026-09-16,15139629000194,Neoenergia Coelba,COMPANHIA DE ELETRICIDADE DO ESTADO DA BAHIA,Concessão,2026-05-01,2928802,24682,24114,24051,336,41,0,0,5,125,165,368,35,4,4,0,0,31,0,234,97,23715,0,0,0,0,0,0,0,,,,,6,5,",000000000","950,000000000",71,1,22,0,446,,",280000000",",000000000",,0,4,1,11,11,2,,258,,",000000000",2026-09-16 04:03:10.020000000
2026-09-16,15139629000194,Neoenergia Coelba,COMPANHIA DE ELETRICIDADE DO ESTADO DA BAHIA,Concessão,2026-07-01,2922805,3896,3757,3770,37,0,0,0,2,12,23,6,1,1,1,0,0,0,0,33,2,3733,0,0,0,0,0,0,0,,,,,0,1,",000000000",",000000000",15,1,22,0,56,,",330000000",",000000000",,0,1,1,,,,,16,,",000000000",2026-09-16 04:03:10.053000000
2026-09-16,15139629000194,Neoenergia Coelba,COMPANHIA DE ELETRICIDADE DO ESTADO DA BAHIA,Concessão,2023-08-01,2901809,4450,4357,4384,31,1,0,0,1,20,9,15,2,2,2,0,0,0,0,21,9,4353,0,0,0,0,0,0,0,,,,,0,0,",000000000",",000000000",20,1,23,0,108,,"11,600000000",",000000000",,0,14,4,1,1,1,,66,,",000000000",2026-09-16 04:03:09.927000000
2026-09-16,15139629000194,Neoenergia Coelba,COMPANHIA DE ELETRICIDADE DO ESTADO DA BAHIA,Concessão,2024-06-01,2906907,9501,9275,9074,154,34,0,0,4,84,32,77,15,9,7,2,0,6,0,118,32,8920,0,0,0,0,0,0,0,,,,,4,2,",000000000",",000000000",37,1,19,0,204,,",004500000",",000000000",,0,33,5,7,7,5,,110,,",000000000",2026-09-16 04:03:09.960000000
2026-09-16,15139629000194,Neoenergia Coelba,COMPANHIA DE ELETRICIDADE DO ESTADO DA BAHIA,Concessão,2026-05-01,2927606,6874,6773,6775,42,4,0,0,1,8,29,38,6,1,1,0,0,5,0,34,7,6733,0,0,0,0,0,0,0,,,,,0,1,",000000000",",000000000",18,1,22,0,200,,",400000000",",000000000",,0,17,1,8,8,6,,18,,",000000000",2026-09-16 04:03:10.020000000
2026-09-16,15139629000194,Neoenergia Coelba,COMPANHIA DE ELETRICIDADE DO ESTADO DA BAHIA,Concessão,2026-07-01,2922755,2456,2391,2398,37,11,0,0,1,12,13,3,7,0,0,0,0,7,0,30,6,2361,0,0,0,0,0,0,0,,,,,0,0,",000000000",",000000000",4,1,22,0,27,,",170000000",",000000000",,0,,,,,,,27,,",000000000",2026-09-16 04:03:10.053000000
2026-09-16,15139629000194,Neoenergia Coelba,COMPANHIA DE ELETRICIDADE DO ESTADO DA BAHIA,Concessão,2023-08-01,2900355,6075,5969,5974,37,1,0,0,2,22,12,21,16,14,13,1,0,2,0,31,4,5937,0,0,0,0,0,0,0,,,,,0,0,",000000000",",000000000",4,1,23,0,105,,"11,380000000",",000000000",,0,1,,3,3,3,,35,,",000000000",2026-09-16 04:03:09.927000000
2026-09-16,15139629000194,Neoenergia Coelba,COMPANHIA DE ELETRICIDADE DO ESTADO DA BAHIA,Concessão,2024-06-01,2907608,8143,8015,8028,90,50,0,0,8,21,11,30,37,3,2,1,0,34,0,57,25,7938,0,0,0,0,0,0,0,,,,,0,0,",000000000",",000000000",26,1,19,0,46,,",005000000",",000000000",,0,10,1,1,4,,,64,,",000000000",2026-09-16 04:03:09.960000000
2026-09-16,15139629000194,Neoenergia Coelba,COMPANHIA DE ELETRICIDADE DO ESTADO DA BAHIA,Concessão,2026-05-01,2927705,12958,12435,12412,376,68,1,0,2,208,97,225,66,26,26,0,0,40,0,312,62,12036,0,0,0,0,0,0,0,,,,,5,3,"515,000000000","2490,500000000",39,1,22,0,8,,",100000000",",000000000",,0,1,1,,,,,144,,",000000000",2026-09-16 04:03:10.020000000
2026-09-16,15139629000194,Neoenergia Coelba,COMPANHIA DE ELETRICIDADE DO ESTADO DA BAHIA,Concessão,2026-07-01,2922730,4353,4250,4263,61,0,0,0,2,5,54,16,3,3,3,0,0,0,0,46,13,4202,0,0,0,0,0,0,0,,,,,0,0,",000000000",",000000000",5,1,22,0,118,,",530000000",",000000000",,0,2,2,4,4,3,,6,,",000000000",2026-09-16 04:03:10.053000000
2026-09-16,15139629000194,Neoenergia Coelba,COMPANHIA DE ELETRICIDADE DO ESTADO DA BAHIA,Concessão,2023-08-01,2901700,4176,4080,4109,46,10,0,0,3,21,12,24,14,12,12,0,0,2,0,35,8,4063,0,0,0,0,0,0,0,,,,,0,0,",000000000",",000000000",29,1,23,0,114,,"5,530000000",",000000000",,0,17,4,9,10,6,,3,,",000000000",2026-09-16 04:03:09.927000000
2026-09-16,15139629000194,Neoenergia Coelba,COMPANHIA DE ELETRICIDADE DO ESTADO DA BAHIA,Concessão,2024-06-01,2906899,5000,4893,4880,118,54,0,0,2,42,20,37,29,8,8,0,0,21,0,91,25,4762,0,0,0,0,0,0,0,,,,,0,0,",000000000",",000000000",24,1,19,0,231,,",003200000",",000000000",,0,6,1,2,3,2,,30,1,",000000000",2026-09-16 04:03:09.960000000
2026-09-16,15139629000194,Neoenergia Coelba,COMPANHIA DE ELETRICIDADE DO ESTADO DA BAHIA,Concessão,2026-05-01,2927507,9297,9039,9055,169,2,0,0,1,55,111,78,5,2,1,1,0,3,0,139,29,8886,0,0,0,0,0,0,0,,,,,2,1,"844,000000000",",000000000",17,1,22,0,457,,"2,070000000",",000000000",,0,14,6,1,1,,,52,,",000000000",2026-09-16 04:03:10.020000000
2026-09-16,15139629000194,Neoenergia Coelba,COMPANHIA DE ELETRICIDADE DO ESTADO DA BAHIA,Concessão,2026-07-01,2922706,6727,6560,6511,122,54,0,0,1,8,59,52,92,1,1,0,0,91,0,99,22,6389,0,0,0,0,0,0,0,,,,,0,0,",000000000",",000000000",10,1,22,0,185,,",250000000",",000000000",,0,1,1,,,,,4,,",000000000",2026-09-16 04:03:10.053000000
2026-09-16,15139629000194,Neoenergia Coelba,COMPANHIA DE ELETRICIDADE DO ESTADO DA BAHIA,Concessão,2023-08-01,2903235,6653,6539,6577,73,13,0,0,6,17,37,28,21,12,12,0,0,9,0,53,14,6504,0,0,0,0,0,0,0,,,,,0,0,",000000000",",000000000",1,1,23,0,92,,"3,150000000",",000000000",,0,19,3,2,6,,,24,,",000000000",2026-09-16 04:03:09.927000000
2026-09-16,15139629000194,Neoenergia Coelba,COMPANHIA DE ELETRICIDADE DO ESTADO DA BAHIA,Concessão,2026-05-01,2929503,18940,18682,18675,603,0,0,0,1,133,469,219,15,15,15,0,0,0,0,448,154,18072,0,0,0,0,0,0,0,,,,,16,11,"4470,000000000","2500,000000000",51,1,22,0,202,,",170000000",",000000000",,0,12,2,1,5,,,202,,",000000000",2026-09-16 04:03:10.020000000
2026-09-16,15139629000194,Neoenergia Coelba,COMPANHIA DE ELETRICIDADE DO ESTADO DA BAHIA,Concessão,2026-07-01,2921450,4540,4387,4351,40,3,0,0,1,9,27,69,4,2,2,0,0,2,0,34,5,4311,0,0,0,0,0,0,0,,,,,1,2,",000000000",",000000000",16,1,22,0,35,,",130000000",",000000000",,0,2,1,6,7,6,,11,,",000000000",2026-09-16 04:03:10.053000000
2026-09-16,15139629000194,Neoenergia Coelba,COMPANHIA DE ELETRICIDADE DO ESTADO DA BAHIA,Concessão,2023-08-01,2903276,6817,6652,6676,26,0,0,0,1,17,8,32,11,11,11,0,0,0,0,17,8,6650,0,0,0,0,0,0,0,,,,,8,3,"1416,000000000","10129,000000000",45,1,23,0,407,,"3,450000000",",000000000",,0,13,2,5,5,2,,60,,",000000000",2026-09-16 04:03:09.927000000
2026-09-16,15139629000194,Neoenergia Coelba,COMPANHIA DE ELETRICIDADE DO ESTADO DA BAHIA,Concessão,2026-05-01,2928604,26223,25806,25808,256,49,0,0,2,79,126,557,71,39,30,9,0,32,0,218,36,25552,0,0,0,0,0,0,0,,,,,0,2,",000000000",",000000000",41,1,22,0,1018,,",270000000",",000000000",,0,15,9,2,2,,,288,1,"86,200000000",2026-09-16 04:03:10.020000000
2026-09-16,15139629000194,Neoenergia Coelba,COMPANHIA DE ELETRICIDADE DO ESTADO DA BAHIA,Concessão,2026-07-01,2921401,8610,8449,8460,86,7,0,0,1,26,52,52,6,3,3,0,0,3,0,64,21,8374,0,0,0,0,0,0,0,,,,,0,0,",000000000",",000000000",17,1,22,0,89,,"2,180000000",",000000000",,0,2,,2,2,1,,77,,",000000000",2026-09-16 04:03:10.053000000
2026-09-16,15139629000194,Neoenergia Coelba,COMPANHIA DE ELETRICIDADE DO ESTADO DA BAHIA,Concessão,2023-08-01,2912103,10849,10688,10727,66,10,0,0,3,34,19,32,35,8,8,0,0,5,22,46,17,10661,0,0,0,0,0,0,0,,,,,5,1,",000000000","6564,000000000",37,1,23,0,467,,",100000000",",000000000",,0,16,1,,,,,27,,",000000000",2026-09-16 04:03:09.927000000
2026-09-16,15139629000194,Neoenergia Coelba,COMPANHIA DE ELETRICIDADE DO ESTADO DA BAHIA,Concessão,2026-05-01,2931004,11626,11333,11250,152,54,0,0,1,31,66,159,31,6,4,2,0,25,0,118,33,11098,0,0,0,0,0,0,0,,,,,0,1,",000000000",",000000000",27,1,22,0,87,,",330000000",",000000000",,0,45,18,3,3,3,,23,,",000000000",2026-09-16 04:03:10.020000000
2026-09-16,15139629000194,Neoenergia Coelba,COMPANHIA DE ELETRICIDADE DO ESTADO DA BAHIA,Concessão,2026-07-01,2921302,5439,5285,5309,30,2,0,0,1,12,15,47,4,2,2,0,0,2,0,26,3,5279,0,0,0,0,0,0,0,,,,,2,1,",000000000",",000000000",19,1,22,0,105,,",570000000",",000000000",,0,1,,8,8,,,52,,",000000000",2026-09-16 04:03:10.053000000
2026-09-16,15139629000194,Neoenergia Coelba,COMPANHIA DE ELETRICIDADE DO ESTADO DA BAHIA,Concessão,2023-08-01,2912004,5251,5146,5160,33,1,0,0,3,21,8,5,6,4,4,0,0,2,0,23,7,5127,0,0,0,0,0,0,0,,,,,0,0,",000000000",",000000000",19,1,23,0,21,,",100000000",",000000000",,0,18,2,,2,,,72,,",000000000",2026-09-16 04:03:09.927000000
2026-09-16,15139629000194,Neoenergia Coelba,COMPANHIA DE ELETRICIDADE DO ESTADO DA BAHIA,Concessão,2026-05-01,2930907,5605,5498,5472,81,31,0,0,1,16,33,47,39,1,1,0,0,38,0,56,24,5391,0,0,0,0,0,0,0,,,,,0,0,",000000000",",000000000",3,1,22,0,196,,",100000000",",000000000",,0,,,,,,,6,,",000000000",2026-09-16 04:03:10.020000000
2026-09-16,15139629000194,Neoenergia Coelba,COMPANHIA DE ELETRICIDADE DO ESTADO DA BAHIA,Concessão,2026-07-01,2921203,14535,14275,14267,83,11,0,0,1,22,49,228,32,26,26,0,0,6,0,63,19,14184,0,0,0,0,0,0,0,,,,,1,3,",000000000",",000000000",16,1,22,0,204,,",320000000",",000000000",,0,3,1,,,,,101,,",000000000",2026-09-16 04:03:10.053000000
2026-09-16,15139629000194,Neoenergia Coelba,COMPANHIA DE ELETRICIDADE DO ESTADO DA BAHIA,Concessão,2023-08-01,2911501,2643,2506,2611,39,2,6,0,1,15,15,17,8,8,8,0,0,0,0,29,9,2572,0,0,0,0,0,0,0,,,,,0,0,",000000000",",000000000",1,1,23,0,327,,"3,420000000",",000000000",,0,1,,,1,,,9,,",000000000",2026-09-16 04:03:09.927000000
2026-09-16,15139629000194,Neoenergia Coelba,COMPANHIA DE ELETRICIDADE DO ESTADO DA BAHIA,Concessão,2026-05-01,2930808,8071,7858,7860,102,33,0,0,2,23,44,35,17,2,2,0,0,15,0,85,15,7758,0,0,0,0,0,0,0,,,,,1,0,",000000000",",000000000",17,1,22,0,114,,",370000000",",000000000",,0,,,3,3,,,54,,",000000000",2026-09-16 04:03:10.020000000
2026-09-16,15139629000194,Neoenergia Coelba,COMPANHIA DE ELETRICIDADE DO ESTADO DA BAHIA,Concessão,2026-07-01,2900306,6883,6769,6763,124,0,0,0,1,71,52,56,1,1,1,0,0,0,0,104,19,6638,1,0,1,0,0,0,0,,,,,0,0,",000000000",",000000000",10,1,22,0,391,,",070000000",",000000000",,0,,,,,,,77,,",000000000",2026-09-16 04:03:10.053000000
2026-09-16,15139629000194,Neoenergia Coelba,COMPANHIA DE ELETRICIDADE DO ESTADO DA BAHIA,Concessão,2023-08-01,2911402,6742,6660,6689,148,23,0,0,3,63,59,50,41,29,28,1,0,12,0,114,31,6541,0,0,0,0,0,0,0,,,,,2,0,",000000000","5199,000000000",7,1,23,0,35,,"27,940000000",",000000000",,0,11,6,3,5,,,48,,",000000000",2026-09-16 04:03:09.927000000
2026-09-16,15139629000194,Neoenergia Coelba,COMPANHIA DE ELETRICIDADE DO ESTADO DA BAHIA,Concessão,2026-05-01,2930402,7853,7709,7712,89,13,0,0,1,35,40,37,14,4,4,0,0,10,0,71,17,7623,0,0,0,0,0,0,0,,,,,0,0,",000000000","1250,000000000",10,1,22,0,239,,",670000000",",000000000",,0,,,1,1,,,52,,",000000000",2026-09-16 04:03:10.020000000
2026-09-16,15139629000194,Neoenergia Coelba,COMPANHIA DE ELETRICIDADE DO ESTADO DA BAHIA,Concessão,2026-07-01,2926509,6554,6387,6400,63,5,0,0,2,29,27,77,10,9,9,0,0,1,0,47,14,6337,0,0,0,0,0,0,0,,,,,0,0,",000000000",",000000000",13,1,22,0,140,,",220000000",",000000000",,0,4,,,1,,,47,,",000000000",2026-09-16 04:03:10.053000000
2026-09-16,15139629000194,Neoenergia Coelba,COMPANHIA DE ELETRICIDADE DO ESTADO DA BAHIA,Concessão,2023-08-01,2911303,5248,5148,5124,23,3,0,0,3,5,12,10,7,7,7,0,0,0,0,16,4,5101,0,0,0,0,0,0,0,,,,,0,0,",000000000",",000000000",6,1,23,0,74,,",840000000",",000000000",,0,9,2,7,7,6,,11,,",000000000",2026-09-16 04:03:09.927000000
2026-09-16,15139629000194,Neoenergia Coelba,COMPANHIA DE ELETRICIDADE DO ESTADO DA BAHIA,Concessão,2026-05-01,2930303,8258,8118,8132,145,30,0,0,1,20,94,46,56,10,9,1,0,46,0,119,25,7987,0,0,0,0,0,0,0,,,,,0,0,",000000000",",000000000",10,1,22,0,249,,",300000000",",000000000",,0,,,,,,,30,,",000000000",2026-09-16 04:03:10.020000000
2026-09-16,15139629000194,Neoenergia Coelba,COMPANHIA DE ELETRICIDADE DO ESTADO DA BAHIA,Concessão,2026-07-01,2926400,14750,14351,14319,206,81,0,0,3,31,91,151,53,10,8,2,0,43,0,144,59,14113,0,0,0,0,0,0,0,,,,,0,0,",000000000",",000000000",20,2,22,0,219,,",820000000",",000000000",,0,,,19,20,19,,48,,",000000000",2026-09-16 04:03:10.053000000
2026-09-16,15139629000194,Neoenergia Coelba,COMPANHIA DE ELETRICIDADE DO ESTADO DA BAHIA,Concessão,2023-08-01,2903953,4214,4134,4157,42,8,0,0,1,24,9,6,6,2,2,0,0,4,0,30,11,4114,1,0,1,0,0,0,0,,,,,0,0,",000000000",",000000000",8,1,23,0,80,,"3,020000000",",000000000",,0,7,4,8,9,8,,5,,",000000000",2026-09-16 04:03:09.927000000
2026-09-16,15139629000194,Neoenergia Coelba,COMPANHIA DE ELETRICIDADE DO ESTADO DA BAHIA,Concessão,2026-05-01,2930154,16840,16428,16393,405,240,0,0,1,81,83,404,261,73,66,7,0,188,0,281,123,15988,0,0,0,0,0,0,0,,,,,1,2,",000000000",",000000000",55,1,22,0,342,,",100000000",",000000000",,0,24,10,1,1,,,165,,",000000000",2026-09-16 04:03:10.020000000
2026-09-16,15139629000194,Neoenergia Coelba,COMPANHIA DE ELETRICIDADE DO ESTADO DA BAHIA,Concessão,2026-07-01,2926301,16858,16496,16492,186,1,0,0,2,75,108,123,14,14,13,1,0,0,0,144,40,16306,0,0,0,0,0,0,0,,,,,0,4,",000000000",",000000000",20,1,22,0,717,,",220000000",",000000000",,0,20,9,8,10,4,,114,,",000000000",2026-09-16 04:03:10.053000000
2026-09-16,15139629000194,Neoenergia Coelba,COMPANHIA DE ELETRICIDADE DO ESTADO DA BAHIA,Concessão,2023-08-01,2903904,29875,29113,29070,173,11,0,0,2,95,65,158,60,51,50,1,0,9,0,139,32,28897,0,0,0,0,0,0,0,,,,,2,4,"2230,000000000","620,000000000",134,1,23,0,2812,,"5,340000000",",000000000",,0,65,16,18,35,12,,215,1,",000000000",2026-09-16 04:03:09.927000000
2026-09-16,15139629000194,Neoenergia Coelba,COMPANHIA DE ELETRICIDADE DO ESTADO DA BAHIA,Concessão,2026-05-01,2930204,12520,12261,12113,183,34,0,0,1,30,118,81,26,11,10,1,0,15,0,147,35,11930,0,0,0,0,0,0,0,,,,,1,0,",000000000",",000000000",22,1,22,0,766,,"1,000000000",",000000000",,0,,,,,,,192,,",000000000",2026-09-16 04:03:10.020000000
2026-09-16,15139629000194,Neoenergia Coelba,COMPANHIA DE ELETRICIDADE DO ESTADO DA BAHIA,Concessão,2026-07-01,2927309,8450,8265,8276,108,0,0,0,2,50,56,64,10,9,9,0,0,1,0,83,23,8168,0,0,0,0,0,0,0,,,,,5,4,"5099,000000000","5099,000000000",20,1,22,0,113,,"1,630000000",",000000000",,0,4,1,7,8,,,161,,",000000000",2026-09-16 04:03:10.053000000
2026-09-16,15139629000194,Neoenergia Coelba,COMPANHIA DE ELETRICIDADE DO ESTADO DA BAHIA,Concessão,2023-08-01,2903805,8822,8632,8693,332,112,0,0,1,196,23,35,79,16,12,4,0,63,0,244,87,8361,0,0,0,0,0,0,0,,,,,0,2,",000000000","1200,000000000",22,1,23,0,126,,",500000000",",000000000",,0,31,3,,,,,219,,",000000000",2026-09-16 04:03:09.927000000
2026-09-16,15139629000194,Neoenergia Coelba,COMPANHIA DE ELETRICIDADE DO ESTADO DA BAHIA,Concessão,2026-05-01,2930105,39388,38498,38455,298,55,0,0,2,115,126,451,57,18,18,0,0,39,0,251,45,38157,0,0,0,0,0,0,0,,,,,16,12,",000000000",",000000000",145,1,22,0,1032,,",430000000",",000000000",,0,14,3,2,3,,,270,,",000000000",2026-09-16 04:03:10.020000000
2026-09-16,15139629000194,Neoenergia Coelba,COMPANHIA DE ELETRICIDADE DO ESTADO DA BAHIA,Concessão,2026-07-01,2927200,15445,15129,15061,187,95,0,0,2,28,62,218,115,7,5,2,0,108,0,145,40,14874,0,0,0,0,0,0,0,,,,,0,2,",000000000",",000000000",24,1,22,0,311,,",480000000",",000000000",,0,,,,,,,118,,",000000000",2026-09-16 04:03:10.053000000
2026-09-16,15139629000194,Neoenergia Coelba,COMPANHIA DE ELETRICIDADE DO ESTADO DA BAHIA,Concessão,2023-08-01,2903300,2594,2569,2576,12,2,0,0,1,2,7,16,42,3,2,1,0,39,0,11,0,2564,0,0,0,0,0,0,0,,,,,0,1,",000000000",",000000000",0,1,23,0,28,,",470000000",",000000000",,0,3,1,1,1,,,1,,",000000000",2026-09-16 04:03:09.927000000
2026-09-16,15139629000194,Neoenergia Coelba,COMPANHIA DE ELETRICIDADE DO ESTADO DA BAHIA,Concessão,2026-05-01,2928703,54951,53943,53747,261,10,0,0,4,94,153,1571,376,371,51,320,0,5,0,219,38,53486,0,0,0,0,0,0,0,,,,,21,17,"4460,000000000","8550,000000000",251,1,22,0,1990,,"1,920000000",",000000000",,0,76,11,17,19,6,,317,,",000000000",2026-09-16 04:03:10.020000000
2026-09-16,15139629000194,Neoenergia Coelba,COMPANHIA DE ELETRICIDADE DO ESTADO DA BAHIA,Concessão,2026-07-01,2927101,4136,4076,4085,65,2,0,0,1,15,47,51,22,14,14,0,0,8,0,50,14,4020,0,0,0,0,0,0,0,,,,,0,1,",000000000",",000000000",17,1,22,0,151,,",330000000",",000000000",,0,19,18,1,2,,,89,,",000000000",2026-09-16 04:03:10.053000000
2026-09-16,15139629000194,Neoenergia Coelba,COMPANHIA DE ELETRICIDADE DO ESTADO DA BAHIA,Concessão,2023-08-01,2903706,6550,6413,6423,96,34,16,0,1,28,17,3,61,1,1,0,0,10,50,68,27,6327,0,0,0,0,0,0,0,,,,,0,0,",000000000",",000000000",10,1,23,0,95,,"7,110000000",",000000000",,0,13,3,6,6,6,,34,,",000000000",2026-09-16 04:03:09.927000000
2026-09-16,15139629000194,Neoenergia Coelba,COMPANHIA DE ELETRICIDADE DO ESTADO DA BAHIA,Concessão,2026-05-01,2930006,5032,4886,4862,348,177,0,0,1,75,95,126,89,11,11,0,0,78,0,212,135,4514,0,0,0,0,0,0,0,,,,,0,0,",000000000",",000000000",18,1,22,0,85,,",630000000",",000000000",,0,1,,,,,,56,,",000000000",2026-09-16 04:03:10.020000000
2026-09-16,15139629000194,Neoenergia Coelba,COMPANHIA DE ELETRICIDADE DO ESTADO DA BAHIA,Concessão,2026-07-01,2921500,25268,24728,24776,279,9,0,0,2,40,228,321,34,28,23,5,0,6,0,227,50,24496,1,0,1,0,0,0,0,,,,,1,1,",000000000",",000000000",46,1,22,0,638,,"1,080000000",",000000000",,0,4,2,,1,,,75,,",000000000",2026-09-16 04:03:10.053000000
2026-09-16,15139629000194,Neoenergia Coelba,COMPANHIA DE ELETRICIDADE DO ESTADO DA BAHIA,Concessão,2023-08-01,2903102,2266,2183,2189,60,22,3,0,1,27,7,2,50,0,0,0,0,3,47,45,14,2129,0,0,0,0,0,0,0,,,,,1,0,",000000000",",000000000",0,1,23,0,114,,"5,460000000",",000000000",,0,1,,,,,,,,",000000000",2026-09-16 04:03:09.927000000
2026-09-16,15139629000194,Neoenergia Coelba,COMPANHIA DE ELETRICIDADE DO ESTADO DA BAHIA,Concessão,2026-05-01,2929800,6204,6082,6056,47,10,0,0,1,1,35,27,16,6,6,0,0,10,0,37,9,6009,0,0,0,0,0,0,0,,,,,0,0,",000000000",",000000000",10,1,22,0,58,,",150000000",",000000000",,0,,,,,,,22,,",000000000",2026-09-16 04:03:10.020000000
2026-09-16,15139629000194,Neoenergia Coelba,COMPANHIA DE ELETRICIDADE DO ESTADO DA BAHIA,Concessão,2026-07-01,2931400,3810,3736,3736,84,36,0,0,1,36,11,69,13,3,3,0,0,10,0,66,17,3652,0,0,0,0,0,0,0,,,,,2,4,",000000000",",000000000",11,1,22,0,129,,",750000000",",000000000",,0,,,,,,,36,,",000000000",2026-09-16 04:03:10.053000000
2026-09-16,15139629000194,Neoenergia Coelba,COMPANHIA DE ELETRICIDADE DO ESTADO DA BAHIA,Concessão,2023-08-01,2903003,7169,7057,7109,193,72,0,0,1,90,30,27,29,9,9,0,0,20,0,145,47,6916,0,0,0,0,0,0,0,,,,,0,0,",000000000",",000000000",13,1,23,0,49,,"6,330000000",",000000000",,0,19,2,2,2,,,32,,",000000000",2026-09-16 04:03:09.927000000
2026-09-16,15139629000194,Neoenergia Coelba,COMPANHIA DE ELETRICIDADE DO ESTADO DA BAHIA,Concessão,2026-05-01,2929750,10612,10467,10477,92,13,0,0,1,23,55,153,16,11,11,0,0,5,0,69,22,10385,0,0,0,0,0,0,0,,,,,2,2,"2790,000000000",",000000000",22,1,22,0,140,,",080000000",",000000000",,0,4,1,1,1,,,113,,",000000000",2026-09-16 04:03:10.020000000
2026-09-16,15139629000194,Neoenergia Coelba,COMPANHIA DE ELETRICIDADE DO ESTADO DA BAHIA,Concessão,2026-07-01,2921609,4294,4208,4206,55,3,0,0,1,5,46,18,11,7,7,0,0,4,0,46,8,4151,0,0,0,0,0,0,0,,,,,1,0,",000000000",",000000000",8,1,22,0,325,,",700000000",",000000000",,0,,,1,1,1,,32,,",000000000",2026-09-16 04:03:10.053000000
2026-09-16,15139629000194,Neoenergia Coelba,COMPANHIA DE ELETRICIDADE DO ESTADO DA BAHIA,Concessão,2023-08-01,2902906,15601,15256,15313,163,55,0,0,4,79,25,62,75,14,14,0,0,61,0,128,31,15150,0,0,0,0,0,0,0,,,,,1,0,",000000000",",000000000",134,1,23,0,463,,",350000000",",000000000",,0,41,8,9,12,9,,166,,",000000000",2026-09-16 04:03:09.927000000
2026-09-16,15139629000194,Neoenergia Coelba,COMPANHIA DE ELETRICIDADE DO ESTADO DA BAHIA,Concessão,2026-05-01,2929701,7759,7602,7603,80,2,0,0,1,25,52,49,7,6,6,0,0,1,0,61,18,7523,0,0,0,0,0,0,0,,,,,1,3,",000000000","670,000000000",7,1,22,0,82,,"1,470000000",",000000000",,0,6,2,4,4,,,33,,",000000000",2026-09-16 04:03:10.020000000
2026-09-16,15139629000194,Neoenergia Coelba,COMPANHIA DE ELETRICIDADE DO ESTADO DA BAHIA,Concessão,2026-07-01,2921807,6118,5881,5904,112,58,0,0,1,15,38,31,74,6,4,2,0,68,0,82,29,5790,2,0,2,0,0,0,0,,,,,0,0,",000000000",",000000000",5,1,22,0,301,,",950000000",",000000000",,0,,,,,,,8,,",000000000",2026-09-16 04:03:10.053000000
2026-09-16,15139629000194,Neoenergia Coelba,COMPANHIA DE ELETRICIDADE DO ESTADO DA BAHIA,Concessão,2023-08-01,2902807,12215,11850,11902,69,17,0,0,6,34,12,8,12,2,2,0,0,10,0,50,13,11833,0,0,0,0,0,0,0,,,,,0,0,",000000000",",000000000",61,1,23,0,764,,",260000000",",000000000",,0,18,10,9,16,6,,170,,",000000000",2026-09-16 04:03:09.927000000
2026-09-16,15139629000194,Neoenergia Coelba,COMPANHIA DE ELETRICIDADE DO ESTADO DA BAHIA,Concessão,2026-05-01,2929602,7705,7572,7563,44,1,0,0,1,17,25,60,5,5,5,0,0,0,0,38,5,7519,0,0,0,0,0,0,0,,,,,1,2,",000000000",",000000000",37,1,22,0,205,,"1,380000000",",000000000",,0,1,1,,,,,67,,",000000000",2026-09-16 04:03:10.020000000
2026-09-16,15139629000194,Neoenergia Coelba,COMPANHIA DE ELETRICIDADE DO ESTADO DA BAHIA,Concessão,2026-07-01,2922656,6509,6321,6334,71,1,0,0,1,12,57,16,4,3,3,0,0,1,0,61,9,6263,0,0,0,0,0,0,0,,,,,0,0,",000000000",",000000000",29,1,22,0,125,,"2,430000000",",000000000",,0,3,3,,,,,31,,",000000000",2026-09-16 04:03:10.053000000
2026-09-16,15139629000194,Neoenergia Coelba,COMPANHIA DE ELETRICIDADE DO ESTADO DA BAHIA,Concessão,2023-08-01,2902708,19908,19515,19417,157,0,0,0,3,67,87,52,25,21,20,1,0,4,0,128,26,19260,0,0,0,0,0,0,0,,,,,1,0,",000000000",",000000000",60,1,23,0,114,,"8,280000000",",000000000",,0,27,19,19,24,7,,438,1,",000000000",2026-09-16 04:03:09.927000000
2026-09-16,15139629000194,Neoenergia Coelba,COMPANHIA DE ELETRICIDADE DO ESTADO DA BAHIA,Concessão,2026-05-01,2928406,14147,13775,13431,222,33,0,0,1,29,159,199,63,13,12,1,0,50,0,186,35,13208,1,0,1,0,0,0,0,,,,,1,2,"12650,000000000","13250,000000000",61,1,22,0,688,,",720000000",",000000000",,0,,,,,,,65,,",000000000",2026-09-16 04:03:10.020000000
2026-09-16,15139629000194,Neoenergia Coelba,COMPANHIA DE ELETRICIDADE DO ESTADO DA BAHIA,Concessão,2026-07-01,2922607,5376,5282,5258,154,65,0,0,1,65,23,73,28,0,0,0,0,28,0,110,43,5104,0,0,0,0,0,0,0,,,,,0,2,",000000000",",000000000",5,1,22,0,35,,",070000000",",000000000",,0,7,2,,,,,68,,",000000000",2026-09-16 04:03:10.053000000
2026-09-16,15139629000194,Neoenergia Coelba,COMPANHIA DE ELETRICIDADE DO ESTADO DA BAHIA,Concessão,2023-08-01,2903607,7032,6885,6875,64,0,0,0,1,30,33,8,0,0,0,0,0,0,0,49,14,6811,0,0,0,0,0,0,0,,,,,1,0,",000000000",",000000000",11,1,23,0,164,,"9,410000000",",000000000",,0,11,1,4,5,3,,65,,",000000000",2026-09-16 04:03:09.927000000
2026-09-16,15139629000194,Neoenergia Coelba,COMPANHIA DE ELETRICIDADE DO ESTADO DA BAHIA,Concessão,2026-05-01,2928505,5817,5637,5645,80,21,0,0,1,19,39,48,17,3,2,1,0,14,0,61,18,5565,0,0,0,0,0,0,0,,,,,0,0,",000000000","320,000000000",20,1,22,0,172,,",670000000",",000000000",,0,2,1,1,1,,,37,,",000000000",2026-09-16 04:03:10.020000000
2026-09-16,15139629000194,Neoenergia Coelba,COMPANHIA DE ELETRICIDADE DO ESTADO DA BAHIA,Concessão,2026-07-01,2922508,10843,10606,10653,153,6,0,0,2,94,51,76,22,13,6,7,0,9,0,133,18,10500,0,0,0,0,0,0,0,,,,,0,8,",000000000","2440,000000000",17,1,22,0,1663,,"1,620000000",",000000000",,0,2,,3,4,,,61,,",000000000",2026-09-16 04:03:10.053000000
2026-09-16,15139629000194,Neoenergia Coelba,COMPANHIA DE ELETRICIDADE DO ESTADO DA BAHIA,Concessão,2023-08-01,2903508,8660,8473,8494,32,4,0,0,2,16,10,12,7,2,2,0,0,5,0,21,9,8462,0,0,0,0,0,0,0,,,,,0,0,",000000000",",000000000",44,1,23,0,141,,"5,660000000",",000000000",,0,7,1,4,5,4,,43,,",000000000",2026-09-16 04:03:09.927000000
2026-09-16,15139629000194,Neoenergia Coelba,COMPANHIA DE ELETRICIDADE DO ESTADO DA BAHIA,Concessão,2026-05-01,2928208,13173,12816,12833,180,34,0,0,2,41,103,68,84,12,9,3,0,72,0,134,44,12653,0,0,0,0,0,0,0,,,,,0,1,",000000000",",000000000",32,1,22,0,607,,",530000000",",000000000",,0,14,2,,,,,82,,",000000000",2026-09-16 04:03:10.020000000
2026-09-16,15139629000194,Neoenergia Coelba,COMPANHIA DE ELETRICIDADE DO ESTADO DA BAHIA,Concessão,2026-07-01,2922409,10641,10330,10377,74,0,0,0,1,47,26,96,9,9,9,0,0,0,0,62,11,10303,0,0,0,0,0,0,0,,,,,3,2,"1250,000000000","1250,000000000",21,1,22,0,181,,",930000000",",000000000",,0,2,2,,,,,82,,",000000000",2026-09-16 04:03:10.053000000
2026-09-16,15139629000194,Neoenergia Coelba,COMPANHIA DE ELETRICIDADE DO ESTADO DA BAHIA,Concessão,2023-08-01,2903409,8930,8800,8753,176,127,0,0,1,0,48,115,74,41,34,7,0,33,0,134,41,8577,0,0,0,0,0,0,0,,,,,2,2,",000000000",",000000000",2,2,23,0,171,,"4,640000000",",000000000",,0,3,2,6,8,1,,,,",000000000",2026-09-16 04:03:09.927000000
2026-09-16,15139629000194,Neoenergia Coelba,COMPANHIA DE ELETRICIDADE DO ESTADO DA BAHIA,Concessão,2026-05-01,2928307,4482,4351,4362,41,0,0,0,1,10,30,66,7,7,7,0,0,0,0,37,3,4321,0,0,0,0,0,0,0,,,,,0,0,",000000000",",000000000",8,1,22,0,70,,",180000000",",000000000",,0,6,2,1,1,,,38,,",000000000",2026-09-16 04:03:10.020000000
2026-09-16,15139629000194,Neoenergia Coelba,COMPANHIA DE ELETRICIDADE DO ESTADO DA BAHIA,Concessão,2026-07-01,2922300,12566,12309,12330,86,2,0,0,1,33,50,120,9,5,5,0,0,4,0,70,15,12244,0,0,0,0,0,0,0,,,,,2,3,",000000000",",000000000",30,1,22,0,966,,",030000000",",000000000",,0,4,3,6,8,3,,109,,",000000000",2026-09-16 04:03:10.053000000
2026-09-16,15139629000194,Neoenergia Coelba,COMPANHIA DE ELETRICIDADE DO ESTADO DA BAHIA,Concessão,2023-08-01,2903201,76912,74067,74293,819,62,0,0,5,513,239,706,312,263,252,11,0,49,0,661,153,73474,0,0,0,0,0,0,0,,,,,19,5,",000000000",",000000000",417,1,23,0,3918,,"7,610000000",",000000000",,0,356,103,63,79,43,,982,,",000000000",2026-09-16 04:03:09.927000000
2026-09-16,15139629000194,Neoenergia Coelba,COMPANHIA DE ELETRICIDADE DO ESTADO DA BAHIA,Concessão,2026-05-01,2929909,25209,24697,24677,196,73,0,0,3,64,56,615,77,31,30,1,0,46,0,160,33,24481,0,0,0,0,0,0,0,,,,,1,6,",000000000",",000000000",39,1,22,0,337,,",170000000",",000000000",,0,20,4,,,,,119,,",000000000",2026-09-16 04:03:10.020000000
2026-09-16,15139629000194,Neoenergia Coelba,COMPANHIA DE ELETRICIDADE DO ESTADO DA BAHIA,Concessão,2026-07-01,2922250,5037,4927,4937,80,2,0,0,1,13,64,78,13,11,10,1,0,2,0,61,18,4857,0,0,0,0,0,0,0,,,,,0,0,",000000000",",000000000",5,1,22,0,133,,",230000000",",000000000",,0,2,2,,,,,11,,",000000000",2026-09-16 04:03:10.053000000
2026-09-16,15139629000194,Neoenergia Coelba,COMPANHIA DE ELETRICIDADE DO ESTADO DA BAHIA,Concessão,2023-09-01,2913903,19909,19631,19671,146,27,0,0,1,59,59,61,90,19,19,0,0,15,56,125,20,19525,0,0,0,0,0,0,0,,,,,2,4,"580,000000000","3018,900000000",36,1,20,0,542,,",002985342",",000000000",,0,7,,2,3,1,,155,,",000000000",2026-09-16 04:03:09.927000000
2026-09-16,15139629000194,Neoenergia Coelba,COMPANHIA DE ELETRICIDADE DO ESTADO DA BAHIA,Concessão,2026-06-01,2919553,57360,55456,55543,1322,194,0,0,4,369,755,1013,393,299,294,5,0,94,0,1059,259,54221,0,0,0,0,0,0,0,,,,,12,11,",000000000",",000000000",160,1,22,0,1295,,"3,480000000",",000000000",,0,110,15,22,22,19,,310,,",000000000",2026-09-16 04:03:10.020000000
2026-09-16,15139629000194,Neoenergia Coelba,COMPANHIA DE ELETRICIDADE DO ESTADO DA BAHIA,Concessão,2026-07-01,2922201,3743,3641,3651,30,0,0,0,1,11,18,34,1,0,0,0,0,1,0,24,5,3621,0,0,0,0,0,0,0,,,,,1,1,",000000000",",000000000",10,1,22,0,49,,"1,220000000",",000000000",,0,,,,,,,21,,",000000000",2026-09-16 04:03:10.053000000
2026-09-16,15139629000194,Neoenergia Coelba,COMPANHIA DE ELETRICIDADE DO ESTADO DA BAHIA,Concessão,2023-08-01,2901601,5727,5646,5663,52,1,0,0,3,33,15,16,4,3,3,0,0,1,0,34,15,5611,0,0,0,0,0,0,0,,,,,0,0,",000000000",",000000000",7,1,23,0,121,,"7,410000000",",000000000",,0,2,1,4,5,3,,98,,",000000000",2026-09-16 04:03:09.927000000
2026-09-16,15139629000194,Neoenergia Coelba,COMPANHIA DE ELETRICIDADE DO ESTADO DA BAHIA,Concessão,2024-06-01,2906873,17636,17409,17422,62,3,0,0,6,32,21,30,4,4,4,0,0,0,0,46,10,17360,0,0,0,0,0,0,0,,,,,8,4,"1740,000000000",",000000000",48,1,19,0,180,,",007000000",",000000000",,0,16,6,11,25,2,,135,,",000000000",2026-09-16 04:03:09.960000000
2026-09-16,15139629000194,Neoenergia Coelba,COMPANHIA DE ELETRICIDADE DO ESTADO DA BAHIA,Concessão,2026-05-01,2922607,5388,5307,5309,276,169,0,0,1,72,34,83,200,13,5,8,0,187,0,205,70,5033,0,0,0,0,0,0,0,,,,,0,0,",000000000",",000000000",9,1,22,0,34,,",050000000",",000000000",,0,1,,,,,,107,,",000000000",2026-09-16 04:03:10.020000000
2026-09-16,15139629000194,Neoenergia Coelba,COMPANHIA DE ELETRICIDADE DO ESTADO DA BAHIA,Concessão,2026-07-01,2922102,9897,9733,9722,187,33,0,0,1,62,91,69,28,6,3,3,0,22,0,131,55,9535,0,0,0,0,0,0,0,,,,,1,0,",000000000",",000000000",10,1,22,0,135,,",380000000",",000000000",,0,2,1,,,,,83,,",000000000",2026-09-16 04:03:10.053000000
2026-09-16,15139629000194,Neoenergia Coelba,COMPANHIA DE ELETRICIDADE DO ESTADO DA BAHIA,Concessão,2023-08-01,2901403,7043,6916,6944,72,22,0,0,1,29,20,45,21,14,13,1,0,7,0,57,14,6872,0,0,0,0,0,0,0,,,,,2,1,",000000000",",000000000",18,1,23,0,16,,",770000000",",000000000",,0,21,6,3,5,3,,86,,",000000000",2026-09-16 04:03:09.927000000
2026-09-16,15139629000194,Neoenergia Coelba,COMPANHIA DE ELETRICIDADE DO ESTADO DA BAHIA,Concessão,2024-06-01,2906824,6807,6721,6701,179,102,0,0,1,32,44,114,99,21,17,4,0,78,0,133,45,6522,0,0,0,0,0,0,0,,,,,0,0,",000000000","820,000000000",13,1,19,0,395,,",000200000",",000000000",,0,17,5,2,2,,,23,,",000000000",2026-09-16 04:03:09.960000000
2026-09-16,15139629000194,Neoenergia Coelba,COMPANHIA DE ELETRICIDADE DO ESTADO DA BAHIA,Concessão,2026-05-01,2922706,6703,6559,6408,100,19,18,0,1,0,62,86,197,14,13,1,0,67,116,83,16,6308,0,0,0,0,0,0,0,,,,,0,1,",000000000",",000000000",10,1,22,0,25,,",650000000",",000000000",,0,,,,,,,14,,",000000000",2026-09-16 04:03:10.020000000
2026-09-16,15139629000194,Neoenergia Coelba,COMPANHIA DE ELETRICIDADE DO ESTADO DA BAHIA,Concessão,2026-07-01,2922052,6596,6418,6429,203,31,0,0,3,144,25,49,43,7,6,1,0,36,0,144,56,6226,0,0,0,0,0,0,0,,,,,0,0,",000000000",",000000000",10,1,22,0,142,,",600000000",",000000000",,0,1,1,3,3,3,,20,,",000000000",2026-09-16 04:03:10.053000000
2026-09-16,15139629000194,Neoenergia Coelba,COMPANHIA DE ELETRICIDADE DO ESTADO DA BAHIA,Concessão,2023-08-01,2907103,12529,12163,12125,109,24,0,0,1,47,37,51,40,9,9,0,0,31,0,80,28,12016,0,0,0,0,0,0,0,,,,,1,1,",000000000",",000000000",34,1,23,0,389,,"3,930000000",",000000000",,0,28,9,7,8,5,,204,,",000000000",2026-09-16 04:03:09.927000000
2026-09-16,15139629000194,Neoenergia Coelba,COMPANHIA DE ELETRICIDADE DO ESTADO DA BAHIA,Concessão,2024-06-01,2916104,11824,11676,11681,355,6,0,0,2,26,321,252,82,79,36,43,0,3,0,187,166,11326,0,0,0,0,0,0,0,,,,,0,1,"918,000000000","2907,490000000",43,1,19,0,528,,",003800000",",000000000",,0,24,11,8,17,3,,176,,",000000000",2026-09-16 04:03:09.960000000
2026-09-16,15139629000194,Neoenergia Coelba,COMPANHIA DE ELETRICIDADE DO ESTADO DA BAHIA,Concessão,2026-05-01,2910727,55171,54143,54296,574,139,0,0,13,209,213,883,296,266,266,0,0,30,0,452,109,53722,0,0,0,0,0,0,0,,,,,24,23,"1974,000000000","15606,840000000",328,1,22,0,2152,,"4,170000000",",000000000",,0,12,2,7,8,6,,1043,,",000000000",2026-09-16 04:03:10.020000000
2026-09-16,15139629000194,Neoenergia Coelba,COMPANHIA DE ELETRICIDADE DO ESTADO DA BAHIA,Concessão,2026-07-01,2922003,18019,17672,17653,411,14,0,0,3,284,110,237,53,28,21,7,0,25,0,340,68,17242,0,0,0,0,0,0,0,,,,,2,9,",000000000",",000000000",106,2,22,0,463,,"1,660000000",",000000000",,0,8,8,4,4,1,,412,,",000000000",2026-09-16 04:03:10.053000000
2026-09-16,15139629000194,Neoenergia Coelba,COMPANHIA DE ELETRICIDADE DO ESTADO DA BAHIA,Concessão,2023-08-01,2907004,3599,3558,3565,48,0,0,0,1,26,21,73,5,5,5,0,0,0,0,38,9,3517,0,0,0,0,0,0,0,,,,,0,0,",000000000",",000000000",8,1,23,0,296,,"1,110000000",",000000000",,0,3,,,,,,54,,",000000000",2026-09-16 04:03:09.927000000
2026-09-16,15139629000194,Neoenergia Coelba,COMPANHIA DE ELETRICIDADE DO ESTADO DA BAHIA,Concessão,2024-06-01,2916005,9042,8961,8955,303,227,0,0,1,40,35,63,68,16,16,0,0,1,51,206,96,8652,0,0,0,0,0,0,0,,,,,0,2,",000000000","990,020000000",28,1,19,0,73,,",000600000",",000000000",,0,8,2,1,2,1,,124,,",000000000",2026-09-16 04:03:09.960000000
2026-09-16,15139629000194,Neoenergia Coelba,COMPANHIA DE ELETRICIDADE DO ESTADO DA BAHIA,Concessão,2026-05-01,2910701,31473,30727,30734,179,17,0,0,3,52,107,326,28,23,21,2,0,5,0,130,46,30555,0,0,0,0,0,0,0,,,,,1,0,",000000000",",000000000",60,1,22,0,559,,",370000000",",000000000",,0,12,6,4,4,1,,256,,",000000000",2026-09-16 04:03:10.020000000
2026-09-16,15139629000194,Neoenergia Coelba,COMPANHIA DE ELETRICIDADE DO ESTADO DA BAHIA,Concessão,2026-07-01,2921906,7456,7205,7143,226,87,0,0,2,96,41,52,82,14,13,1,0,68,0,180,44,6917,0,0,0,0,0,0,0,,,,,0,0,",000000000",",000000000",11,1,22,0,141,,",370000000",",000000000",,0,5,,4,4,4,,30,,",000000000",2026-09-16 04:03:10.053000000
2026-09-16,15139629000194,Neoenergia Coelba,COMPANHIA DE ELETRICIDADE DO ESTADO DA BAHIA,Concessão,2023-08-01,2906907,9026,8861,8623,106,20,0,0,4,38,44,42,24,14,14,0,0,10,0,87,15,8517,0,0,0,0,0,0,0,,,,,2,2,",000000000",",000000000",14,1,23,0,138,,"5,200000000",",000000000",,0,22,4,8,10,,1,1,,",000000000",2026-09-16 04:03:09.927000000
2026-09-16,15139629000194,Neoenergia Coelba,COMPANHIA DE ELETRICIDADE DO ESTADO DA BAHIA,Concessão,2024-06-01,2915908,2941,2876,2887,41,0,0,0,2,19,20,96,34,34,34,0,0,0,0,35,4,2846,0,0,0,0,0,0,0,,,,,3,3,",000000000",",000000000",2,1,19,0,110,,",004000000",",000000000",,0,4,,,1,,,13,,",000000000",2026-09-16 04:03:09.960000000
2026-09-16,15139629000194,Neoenergia Coelba,COMPANHIA DE ELETRICIDADE DO ESTADO DA BAHIA,Concessão,2026-05-01,2910602,16286,16001,15987,170,2,0,0,3,86,79,73,17,6,6,0,0,11,0,149,18,15817,0,0,0,0,0,0,0,,,,,1,0,",000000000",",000000000",31,1,22,0,149,,",180000000",",000000000",,0,2,,3,3,,3,146,,",000000000",2026-09-16 04:03:10.020000000
2026-09-16,15139629000194,Neoenergia Coelba,COMPANHIA DE ELETRICIDADE DO ESTADO DA BAHIA,Concessão,2026-07-01,2921708,19066,18510,18499,549,227,0,0,2,229,91,157,157,18,16,2,0,139,0,382,165,17950,0,0,0,0,0,0,0,,,,,0,1,",000000000",",000000000",26,1,22,0,825,,",670000000",",000000000",,0,,,,,,,127,,",000000000",2026-09-16 04:03:10.053000000
2026-09-16,15139629000194,Neoenergia Coelba,COMPANHIA DE ELETRICIDADE DO ESTADO DA BAHIA,Concessão,2023-08-01,2906899,4845,4728,4724,62,18,0,0,2,25,17,10,6,2,2,0,0,4,0,51,9,4662,0,0,0,0,0,0,0,,,,,0,1,",000000000",",000000000",33,1,23,0,0,,",000000000",",000000000",,0,10,4,17,18,12,,19,,",000000000",2026-09-16 04:03:09.927000000
2026-09-16,15139629000194,Neoenergia Coelba,COMPANHIA DE ELETRICIDADE DO ESTADO DA BAHIA,Concessão,2024-06-01,2915809,9130,9020,8953,78,22,0,0,1,45,10,28,6,4,4,0,0,2,0,61,16,8875,0,0,0,0,0,0,0,,,,,1,1,",000000000",",000000000",24,1,19,0,35,,",004000000",",000000000",,0,8,,2,5,1,,91,1,",000000000",2026-09-16 04:03:09.960000000
2026-09-16,15139629000194,Neoenergia Coelba,COMPANHIA DE ELETRICIDADE DO ESTADO DA BAHIA,Concessão,2026-05-01,2900504,4397,4280,4269,90,15,0,0,3,24,48,30,11,2,2,0,0,9,0,68,19,4179,0,0,0,0,0,0,0,,,,,0,0,",000000000",",000000000",3,1,22,0,103,,",320000000",",000000000",,0,,,,,,,8,,",000000000",2026-09-16 04:03:10.020000000
2026-09-16,15139629000194,Neoenergia Coelba,COMPANHIA DE ELETRICIDADE DO ESTADO DA BAHIA,Concessão,2026-07-01,2929602,7728,7589,7612,72,0,0,0,1,38,33,21,4,3,3,0,0,1,0,66,5,7540,0,0,0,0,0,0,0,,,,,4,2,",000000000",",000000000",25,1,22,0,95,,"1,470000000",",000000000",,0,,,,,,,50,,",000000000",2026-09-16 04:03:10.053000000
2026-09-16,15139629000194,Neoenergia Coelba,COMPANHIA DE ELETRICIDADE DO ESTADO DA BAHIA,Concessão,2023-08-01,2906873,17213,16934,16962,62,0,0,0,5,35,22,52,24,21,21,0,0,3,0,48,9,16900,0,0,0,0,0,0,0,,,,,4,2,",000000000",",000000000",82,1,23,0,100,,"8,050000000",",000000000",,0,19,12,5,10,4,,179,,",000000000",2026-09-16 04:03:09.927000000
2026-09-16,15139629000194,Neoenergia Coelba,COMPANHIA DE ELETRICIDADE DO ESTADO DA BAHIA,Concessão,2024-06-01,2915700,3419,3343,3352,250,237,0,0,1,3,9,36,60,8,8,0,0,52,0,156,93,3102,0,0,0,0,0,0,0,,,,,1,0,",000000000",",000000000",18,1,19,0,27,,",002600000",",000000000",,0,1,,3,5,3,,40,,",000000000",2026-09-16 04:03:09.960000000
2026-09-16,15139629000194,Neoenergia Coelba,COMPANHIA DE ELETRICIDADE DO ESTADO DA BAHIA,Concessão,2026-05-01,2910503,21240,20819,20774,296,5,0,0,1,145,145,297,34,30,30,0,0,4,0,245,50,20478,0,0,0,0,0,0,0,,,,,2,2,",000000000","1236,000000000",46,1,22,0,735,,",350000000",",000000000",,0,,,2,6,,2,227,,",000000000",2026-09-16 04:03:10.020000000
2026-09-16,15139629000194,Neoenergia Coelba,COMPANHIA DE ELETRICIDADE DO ESTADO DA BAHIA,Concessão,2026-07-01,2929107,9115,8905,8926,59,0,0,0,0,23,36,111,1,1,1,0,0,0,0,50,9,8867,0,0,0,0,0,0,0,,,,,3,3,"1136,000000000",",000000000",35,1,22,0,252,,",570000000",",000000000",,0,,,,,,,67,,",000000000",2026-09-16 04:03:10.053000000
2026-09-16,15139629000194,Neoenergia Coelba,COMPANHIA DE ELETRICIDADE DO ESTADO DA BAHIA,Concessão,2023-08-01,2906857,5746,5626,5647,37,0,0,0,3,13,21,16,8,8,8,0,0,0,0,29,5,5610,0,0,0,0,0,0,0,,,,,4,1,",000000000",",000000000",23,1,23,0,111,,"6,310000000",",000000000",,0,2,2,1,1,,,39,,",000000000",2026-09-16 04:03:09.927000000
2026-09-16,15139629000194,Neoenergia Coelba,COMPANHIA DE ELETRICIDADE DO ESTADO DA BAHIA,Concessão,2024-06-01,2915601,26328,25901,25926,641,413,0,0,4,151,73,136,112,20,20,0,0,89,3,463,174,25285,0,0,0,0,0,0,0,,,,,11,5,"4863,960000000","10578,000000000",115,2,19,0,709,,",000600000",",000000000",,0,53,11,8,15,5,,323,,",000000000",2026-09-16 04:03:09.960000000
2026-09-16,15139629000194,Neoenergia Coelba,COMPANHIA DE ELETRICIDADE DO ESTADO DA BAHIA,Concessão,2026-05-01,2907202,28046,25293,25293,420,46,0,0,3,121,250,392,40,11,9,2,0,29,0,372,45,24872,1,0,1,0,0,0,0,,,,,0,0,",000000000","900,000000000",107,1,22,0,680,,"1,700000000",",000000000",,0,15,3,11,12,3,,228,,",000000000",2026-09-16 04:03:10.020000000
2026-09-16,15139629000194,Neoenergia Coelba,COMPANHIA DE ELETRICIDADE DO ESTADO DA BAHIA,Concessão,2026-07-01,2929057,7758,7556,7469,85,3,0,0,1,18,63,140,10,5,5,0,0,5,0,68,16,7384,0,0,0,0,0,0,0,,,,,0,0,",000000000",",000000000",28,1,22,0,66,,",500000000",",000000000",,0,7,2,,,,,44,,",000000000",2026-09-16 04:03:10.053000000
2026-09-16,15139629000194,Neoenergia Coelba,COMPANHIA DE ELETRICIDADE DO ESTADO DA BAHIA,Concessão,2023-08-01,2906824,6596,6473,6483,160,73,0,0,1,44,42,24,51,18,15,3,0,33,0,124,35,6323,0,0,0,0,0,0,0,,,,,0,0,",000000000",",000000000",9,1,23,0,305,,"4,580000000",",000000000",,0,6,4,4,6,,,58,,",000000000",2026-09-16 04:03:09.927000000
2026-09-16,15139629000194,Neoenergia Coelba,COMPANHIA DE ELETRICIDADE DO ESTADO DA BAHIA,Concessão,2024-06-01,2915502,8937,8815,8837,112,79,0,0,1,21,11,51,31,11,9,2,0,20,0,91,20,8725,0,0,0,0,0,0,0,,,,,0,2,",000000000",",000000000",41,1,19,0,142,,",002200000",",000000000",,0,6,1,,,,,188,,",000000000",2026-09-16 04:03:09.960000000
2026-09-16,15139629000194,Neoenergia Coelba,COMPANHIA DE ELETRICIDADE DO ESTADO DA BAHIA,Concessão,2026-05-01,2907103,14000,13578,13495,473,185,0,0,1,88,199,197,200,32,28,4,0,168,0,338,134,13022,0,0,0,0,0,0,0,,,,,0,0,",000000000",",000000000",29,1,22,0,456,,",050000000",",000000000",,0,,,,,,,151,,",000000000",2026-09-16 04:03:10.020000000
2026-09-16,15139629000194,Neoenergia Coelba,COMPANHIA DE ELETRICIDADE DO ESTADO DA BAHIA,Concessão,2026-07-01,2927903,5064,4933,4949,45,2,0,0,1,33,9,65,1,1,1,0,0,0,0,40,4,4904,0,0,0,0,0,0,0,,,,,1,1,",000000000",",000000000",33,1,22,0,117,,",100000000",",000000000",,0,5,,,,,,45,,",000000000",2026-09-16 04:03:10.053000000
2026-09-16,15139629000194,Neoenergia Coelba,COMPANHIA DE ELETRICIDADE DO ESTADO DA BAHIA,Concessão,2023-08-01,2906808,15647,15265,15320,83,0,0,0,2,36,45,13,8,8,8,0,0,0,0,66,15,15237,0,0,0,0,0,0,0,,,,,3,5,",000000000",",000000000",37,1,23,0,427,,"4,970000000",",000000000",,0,46,8,15,16,8,,99,,",000000000",2026-09-16 04:03:09.927000000
2026-09-16,15139629000194,Neoenergia Coelba,COMPANHIA DE ELETRICIDADE DO ESTADO DA BAHIA,Concessão,2024-06-01,2915403,2515,2488,2463,34,5,0,0,1,16,12,54,15,9,7,2,0,6,0,24,9,2429,0,0,0,0,0,0,0,,,,,0,0,",000000000",",000000000",5,1,19,0,81,,",005900000",",000000000",,0,4,2,1,1,,,26,,",000000000",2026-09-16 04:03:09.960000000
2026-09-16,15139629000194,Neoenergia Coelba,COMPANHIA DE ELETRICIDADE DO ESTADO DA BAHIA,Concessão,2026-05-01,2907004,4226,4169,4165,41,0,0,0,0,18,23,55,3,3,3,0,0,0,0,35,6,4124,0,0,0,0,0,0,0,,,,,1,1,",000000000",",000000000",4,1,22,0,193,,",670000000",",000000000",,0,,,,,,,48,,",000000000",2026-09-16 04:03:10.020000000
2026-09-16,15139629000194,Neoenergia Coelba,COMPANHIA DE ELETRICIDADE DO ESTADO DA BAHIA,Concessão,2026-07-01,2927705,12994,12725,12769,371,60,0,0,2,215,94,125,113,36,36,0,0,77,0,277,92,12398,0,0,0,0,0,0,0,,,,,3,4,",000000000",",000000000",60,1,22,0,260,,"2,150000000",",000000000",,0,,,3,3,3,,138,,",000000000",2026-09-16 04:03:10.053000000
2026-09-16,15139629000194,Neoenergia Coelba,COMPANHIA DE ELETRICIDADE DO ESTADO DA BAHIA,Concessão,2023-08-01,2907202,26700,23650,23650,378,162,0,0,2,115,99,156,206,58,54,4,0,148,0,299,77,23272,0,0,0,0,0,0,0,,,,,1,0,",000000000",",000000000",169,1,23,0,2644,,"2,270000000",",000000000",,0,135,48,26,37,8,,314,,",000000000",2026-09-16 04:03:09.927000000
2026-09-16,15139629000194,Neoenergia Coelba,COMPANHIA DE ELETRICIDADE DO ESTADO DA BAHIA,Concessão,2024-06-01,2916203,4249,4188,4205,40,18,0,0,1,16,5,232,34,31,28,3,0,3,0,32,7,4165,0,0,0,0,0,0,0,,,,,0,0,",000000000",",000000000",8,1,19,0,135,,",004600000",",000000000",,0,4,,1,2,,,62,,",000000000",2026-09-16 04:03:09.960000000
2026-09-16,15139629000194,Neoenergia Coelba,COMPANHIA DE ELETRICIDADE DO ESTADO DA BAHIA,Concessão,2026-05-01,2910750,9797,9606,9631,51,3,0,0,2,27,19,25,3,1,1,0,0,2,0,40,9,9580,0,0,0,0,0,0,0,,,,,0,1,",000000000",",000000000",24,1,22,0,145,,",620000000",",000000000",,0,,,,,,,39,,",000000000",2026-09-16 04:03:10.020000000
2026-09-16,15139629000194,Neoenergia Coelba,COMPANHIA DE ELETRICIDADE DO ESTADO DA BAHIA,Concessão,2026-07-01,2927804,2349,2314,2326,11,3,0,0,1,5,2,54,0,0,0,0,0,0,0,7,3,2315,0,0,0,0,0,0,0,,,,,0,0,",000000000",",000000000",17,1,22,0,51,,",100000000",",000000000",,0,,,,,,,20,,",000000000",2026-09-16 04:03:10.053000000
2026-09-16,15139629000194,Neoenergia Coelba,COMPANHIA DE ELETRICIDADE DO ESTADO DA BAHIA,Concessão,2023-08-01,2906105,4406,4328,4341,43,3,0,0,2,9,29,6,6,5,5,0,0,1,0,31,10,4298,0,0,0,0,0,0,0,,,,,0,0,",000000000",",000000000",4,1,23,0,182,,"3,920000000",",000000000",,0,1,1,,1,,,18,,",000000000",2026-09-16 04:03:09.927000000
2026-09-16,15139629000194,Neoenergia Coelba,COMPANHIA DE ELETRICIDADE DO ESTADO DA BAHIA,Concessão,2024-06-01,2915353,6421,6307,6172,66,9,0,0,3,23,31,14,14,6,5,1,0,8,0,44,19,6106,0,0,0,0,0,0,0,,,,,0,0,",000000000",",000000000",19,1,19,0,38,,",003900000",",000000000",,0,6,2,,1,,,61,,",000000000",2026-09-16 04:03:09.960000000
2026-09-16,15139629000194,Neoenergia Coelba,COMPANHIA DE ELETRICIDADE DO ESTADO DA BAHIA,Concessão,2026-05-01,2906907,9871,9719,9454,183,45,0,0,2,77,59,213,27,10,7,3,0,17,0,142,39,9271,0,0,0,0,0,0,0,,,,,2,2,",000000000",",000000000",20,1,22,0,36,,",430000000",",000000000",,0,1,1,,1,,,109,,",000000000",2026-09-16 04:03:10.020000000
2026-09-16,15139629000194,Neoenergia Coelba,COMPANHIA DE ELETRICIDADE DO ESTADO DA BAHIA,Concessão,2026-07-01,2927606,6918,6746,6756,88,5,0,0,1,25,57,101,30,28,24,4,0,2,0,72,15,6668,0,0,0,0,0,0,0,,,,,0,0,",000000000",",000000000",9,1,22,0,205,,",480000000",",000000000",,0,10,3,3,3,,,87,,",000000000",2026-09-16 04:03:10.053000000
2026-09-16,15139629000194,Neoenergia Coelba,COMPANHIA DE ELETRICIDADE DO ESTADO DA BAHIA,Concessão,2023-08-01,2905909,9993,9808,9838,85,6,0,0,1,38,40,24,9,8,8,0,0,1,0,67,17,9753,0,0,0,0,0,0,0,,,,,0,0,",000000000",",000000000",73,1,23,0,60,,"18,720000000",",000000000",,0,67,19,5,12,1,,135,,",000000000",2026-09-16 04:03:09.927000000
2026-09-16,15139629000194,Neoenergia Coelba,COMPANHIA DE ELETRICIDADE DO ESTADO DA BAHIA,Concessão,2024-06-01,2912103,9800,9600,9581,85,53,0,0,1,18,13,35,23,11,7,4,0,12,0,59,25,9494,2,0,2,0,0,0,0,,,,,0,1,",000000000",",000000000",17,1,19,0,125,,",000400000",",000000000",,0,5,,3,4,3,,29,,",000000000",2026-09-16 04:03:09.960000000
2026-09-16,15139629000194,Neoenergia Coelba,COMPANHIA DE ELETRICIDADE DO ESTADO DA BAHIA,Concessão,2026-05-01,2917300,10628,10442,10454,273,104,0,0,1,101,67,183,45,18,16,2,0,27,0,191,81,10181,0,0,0,0,0,0,0,,,,,1,1,",000000000",",000000000",26,1,22,0,157,,",620000000",",000000000",,0,4,3,,,,,150,,",000000000",2026-09-16 04:03:10.020000000
2026-09-16,15139629000194,Neoenergia Coelba,COMPANHIA DE ELETRICIDADE DO ESTADO DA BAHIA,Concessão,2026-07-01,2928000,17993,17676,17701,140,2,0,0,3,24,111,128,12,9,9,0,0,3,0,119,18,17561,0,0,0,0,0,0,0,,,,,3,6,",000000000",",000000000",10,1,22,0,633,,",850000000",",000000000",,0,5,5,2,2,,,51,,",000000000",2026-09-16 04:03:10.053000000
2026-09-16,15139629000194,Neoenergia Coelba,COMPANHIA DE ELETRICIDADE DO ESTADO DA BAHIA,Concessão,2023-08-01,2905800,12116,11906,11973,272,0,11,0,1,193,67,134,191,52,50,2,0,0,139,208,63,11701,0,0,0,0,0,0,0,,,,,5,6,",000000000",",000000000",17,1,23,0,148,,"3,590000000",",000000000",,0,12,6,3,5,3,,,,",000000000",2026-09-16 04:03:09.927000000
2026-09-16,15139629000194,Neoenergia Coelba,COMPANHIA DE ELETRICIDADE DO ESTADO DA BAHIA,Concessão,2024-06-01,2912202,7066,6952,6970,65,40,0,0,1,14,10,63,14,14,14,0,0,0,0,45,19,6905,0,0,0,0,0,0,0,,,,,0,2,",000000000",",000000000",20,1,19,0,63,,",009000000",",000000000",,0,10,2,3,8,2,,22,,",000000000",2026-09-16 04:03:09.960000000
2026-09-16,15139629000194,Neoenergia Coelba,COMPANHIA DE ELETRICIDADE DO ESTADO DA BAHIA,Concessão,2026-05-01,2917334,5463,5282,5263,148,86,0,0,0,27,35,66,87,11,10,1,0,76,0,101,47,5115,0,0,0,0,0,0,0,,,,,0,0,",000000000","1380,000000000",3,1,22,0,188,,",050000000",",000000000",,0,1,1,,,,,65,,",000000000",2026-09-16 04:03:10.020000000
2026-09-16,15139629000194,Neoenergia Coelba,COMPANHIA DE ELETRICIDADE DO ESTADO DA BAHIA,Concessão,2026-07-01,2927507,9329,9045,9055,123,3,0,0,1,37,82,146,16,12,11,1,0,4,0,98,24,8932,0,0,0,0,0,0,0,,,,,1,0,",000000000",",000000000",12,1,22,0,399,,"1,330000000",",000000000",,0,10,2,,2,,,56,,",000000000",2026-09-16 04:03:10.053000000
2026-09-16,15139629000194,Neoenergia Coelba,COMPANHIA DE ELETRICIDADE DO ESTADO DA BAHIA,Concessão,2023-08-01,2905701,168385,164785,166535,4713,44,0,0,16,1533,3120,1554,629,597,580,17,0,32,0,3530,1167,161819,3,0,3,0,0,0,0,,,,,161,74,"2884,000000000","24743,540000000",465,1,23,0,3472,,"7,310000000",",000000000",,0,107,42,162,218,70,1,1775,3,",000000000",2026-09-16 04:03:09.927000000
2026-09-16,15139629000194,Neoenergia Coelba,COMPANHIA DE ELETRICIDADE DO ESTADO DA BAHIA,Concessão,2024-06-01,2912301,8296,8168,8173,129,52,0,0,1,52,24,168,74,31,26,5,0,43,0,80,48,8041,3,0,3,0,0,0,0,,,,,1,1,",000000000",",000000000",22,1,19,0,153,,",002600000",",000000000",,0,27,3,5,6,3,,46,,",000000000",2026-09-16 04:03:09.960000000
2026-09-16,15139629000194,Neoenergia Coelba,COMPANHIA DE ELETRICIDADE DO ESTADO DA BAHIA,Concessão,2026-05-01,2906899,5304,5138,5096,97,20,0,0,1,52,24,99,35,4,1,3,0,31,0,55,41,4999,0,0,0,0,0,0,0,,,,,0,0,",000000000",",000000000",24,1,22,0,102,,",330000000",",000000000",,0,1,1,,,,,19,,",000000000",2026-09-16 04:03:10.020000000
2026-09-16,15139629000194,Neoenergia Coelba,COMPANHIA DE ELETRICIDADE DO ESTADO DA BAHIA,Concessão,2026-07-01,2926707,7257,7062,7064,93,36,0,0,2,18,37,63,23,6,6,0,0,17,0,56,35,6971,0,0,0,0,0,0,0,,,,,0,1,",000000000",",000000000",17,1,22,0,94,,",100000000",",000000000",,0,8,1,1,1,1,,26,,",000000000",2026-09-16 04:03:10.053000000
2026-09-16,15139629000194,Neoenergia Coelba,COMPANHIA DE ELETRICIDADE DO ESTADO DA BAHIA,Concessão,2023-08-01,2905602,10548,10341,10336,131,41,24,0,2,33,31,41,326,15,11,4,0,290,21,104,25,10205,0,0,0,0,0,0,0,,,,,1,1,",000000000",",000000000",18,1,23,0,102,,",240000000",",000000000",,0,12,2,9,10,6,,25,1,",000000000",2026-09-16 04:03:09.927000000
2026-09-16,15139629000194,Neoenergia Coelba,COMPANHIA DE ELETRICIDADE DO ESTADO DA BAHIA,Concessão,2024-06-01,2912400,6912,6796,6788,67,0,0,0,1,4,62,21,2,2,2,0,0,0,0,54,12,6721,0,0,0,0,0,0,0,,,,,0,0,",000000000",",000000000",23,1,19,0,165,,",002200000",",000000000",,0,,,4,10,4,,14,,",000000000",2026-09-16 04:03:09.960000000
2026-09-16,15139629000194,Neoenergia Coelba,COMPANHIA DE ELETRICIDADE DO ESTADO DA BAHIA,Concessão,2026-05-01,2906873,18610,18200,18199,113,0,0,0,3,54,56,176,11,10,7,3,0,1,0,96,14,18086,0,0,0,0,0,0,0,,,,,2,2,",000000000","660,000000000",38,1,22,0,1375,,",970000000",",000000000",,0,19,4,2,2,1,,189,,",000000000",2026-09-16 04:03:10.020000000
2026-09-16,15139629000194,Neoenergia Coelba,COMPANHIA DE ELETRICIDADE DO ESTADO DA BAHIA,Concessão,2026-07-01,2926657,4298,4194,4107,80,3,0,0,1,35,41,72,2,2,2,0,0,0,0,73,6,4027,0,0,0,0,0,0,0,,,,,1,1,",000000000",",000000000",12,1,22,0,65,,",630000000",",000000000",,0,1,,,,,,14,,",000000000",2026-09-16 04:03:10.053000000
2026-09-16,15139629000194,Neoenergia Coelba,COMPANHIA DE ELETRICIDADE DO ESTADO DA BAHIA,Concessão,2023-08-01,2904605,35893,34543,34740,297,55,0,0,10,154,78,68,54,21,21,0,0,33,0,225,62,34443,0,0,0,1,1,0,0,"4794,480000000","4794,480000000",",000000000",",000000000",15,4,"730,000000000","2890,000000000",180,1,23,0,2411,,"6,510000000",",000000000",,0,97,18,6,13,6,,371,,",000000000",2026-09-16 04:03:09.927000000
2026-09-16,15139629000194,Neoenergia Coelba,COMPANHIA DE ELETRICIDADE DO ESTADO DA BAHIA,Concessão,2024-06-01,2912509,9329,9177,9159,77,19,0,0,2,36,20,54,18,10,9,1,0,8,0,61,14,9082,0,0,0,0,0,0,0,,,,,1,0,",000000000",",000000000",29,1,19,0,49,,",002200000",",000000000",,0,6,3,4,5,3,,40,,",000000000",2026-09-16 04:03:09.960000000
2026-09-16,15139629000194,Neoenergia Coelba,COMPANHIA DE ELETRICIDADE DO ESTADO DA BAHIA,Concessão,2026-05-01,2702405,1739,1703,1704,12,3,0,0,1,0,8,14,1,0,0,0,0,1,0,9,2,1692,0,0,0,0,0,0,0,,,,,0,0,",000000000","415,000000000",18,0,22,0,0,,",000000000",",000000000",,0,1,,,,,,5,,",000000000",2026-09-16 04:03:10.020000000
2026-09-16,15139629000194,Neoenergia Coelba,COMPANHIA DE ELETRICIDADE DO ESTADO DA BAHIA,Concessão,2026-07-01,2926608,30732,29992,29997,196,39,0,0,12,62,83,932,263,256,256,0,0,7,0,162,22,29800,1,0,1,1,1,0,0,"26516,000000000","26516,000000000",",000000000",",000000000",1,3,"400,000000000","4863,710000000",108,1,22,0,1536,,"1,250000000",",000000000",,0,12,3,5,10,,,130,,",000000000",2026-09-16 04:03:10.053000000
2026-09-16,15139629000194,Neoenergia Coelba,COMPANHIA DE ELETRICIDADE DO ESTADO DA BAHIA,Concessão,2023-08-01,2904506,6364,6202,6247,33,0,0,0,1,9,23,7,6,6,6,0,0,0,0,25,7,6214,0,0,0,0,0,0,0,,,,,0,0,",000000000",",000000000",6,1,23,0,87,,"2,790000000",",000000000",,0,3,1,,,,,33,,",000000000",2026-09-16 04:03:09.927000000
2026-09-16,15139629000194,Neoenergia Coelba,COMPANHIA DE ELETRICIDADE DO ESTADO DA BAHIA,Concessão,2024-06-01,2915304,2879,2856,2856,20,2,0,0,1,6,11,14,1,1,1,0,0,0,0,16,3,2836,0,0,0,0,0,0,0,,,,,0,0,",000000000",",000000000",2,1,19,0,47,,",001500000",",000000000",,0,4,1,,,,2,41,,",000000000",2026-09-16 04:03:09.960000000
2026-09-16,15139629000194,Neoenergia Coelba,COMPANHIA DE ELETRICIDADE DO ESTADO DA BAHIA,Concessão,2026-05-01,2910008,5245,5168,5165,107,80,0,0,1,7,19,51,94,9,8,1,0,85,0,73,33,5058,0,0,0,0,0,0,0,,,,,0,0,",000000000",",000000000",12,1,22,0,32,,",150000000",",000000000",,0,12,2,,,,,35,,",000000000",2026-09-16 04:03:10.020000000
2026-09-16,15139629000194,Neoenergia Coelba,COMPANHIA DE ELETRICIDADE DO ESTADO DA BAHIA,Concessão,2026-07-01,2933307,202845,198064,198361,1385,155,0,0,46,551,633,3428,377,247,243,4,0,130,0,1029,310,196975,1,0,1,0,0,0,0,,,,,44,51,"5869,000000000","15188,200000000",894,1,22,0,3548,,"6,370000000",",000000000",,0,161,39,20,32,17,,998,,",000000000",2026-09-16 04:03:10.053000000
2026-09-16,15139629000194,Neoenergia Coelba,COMPANHIA DE ELETRICIDADE DO ESTADO DA BAHIA,Concessão,2023-08-01,2904407,4486,4419,4431,32,13,0,0,1,7,11,13,4,1,1,0,0,3,0,26,5,4399,0,0,0,0,0,0,0,,,,,0,0,",000000000",",000000000",13,1,23,0,44,,",470000000",",000000000",,0,6,,1,2,1,,34,,",000000000",2026-09-16 04:03:09.927000000
2026-09-16,15139629000194,Neoenergia Coelba,COMPANHIA DE ELETRICIDADE DO ESTADO DA BAHIA,Concessão,2024-06-01,2915205,6852,6725,6701,95,62,0,0,2,9,22,27,30,12,10,2,0,18,0,70,23,6606,0,0,0,0,0,0,0,,,,,3,1,"1350,000000000",",000000000",13,1,19,0,0,,",000000000",",000000000",,0,3,,6,6,6,,98,,",000000000",2026-09-16 04:03:09.960000000
2026-09-16,15139629000194,Neoenergia Coelba,COMPANHIA DE ELETRICIDADE DO ESTADO DA BAHIA,Concessão,2026-05-01,2909901,13896,13596,13375,367,155,0,0,2,65,145,177,190,18,16,2,0,172,0,301,64,13008,0,0,0,0,0,0,0,,,,,0,2,",000000000",",000000000",60,1,22,0,616,,",820000000",",000000000",,0,5,1,2,2,1,,108,,",000000000",2026-09-16 04:03:10.020000000
2026-09-16,15139629000194,Neoenergia Coelba,COMPANHIA DE ELETRICIDADE DO ESTADO DA BAHIA,Concessão,2026-07-01,2927408,1144792,1120515,1121234,35969,3572,0,0,711,5796,25890,17344,5116,2302,2106,196,0,2814,0,23787,11471,1085254,11,0,11,0,0,0,0,,,,,760,792,"219411,080000000","410122,330000000",4778,8,22,0,25868,,"2,760000000",",000000000",,0,190,94,244,300,131,1,11288,4,"172,400000000",2026-09-16 04:03:10.053000000
2026-09-16,15139629000194,Neoenergia Coelba,COMPANHIA DE ELETRICIDADE DO ESTADO DA BAHIA,Concessão,2023-08-01,2904308,6583,6426,6447,19,0,0,0,4,8,7,21,7,7,6,1,0,0,0,11,4,6428,0,0,0,0,0,0,0,,,,,0,1,",000000000",",000000000",21,1,23,0,91,,"71,830000000",",000000000",,0,12,1,,,,,116,,",000000000",2026-09-16 04:03:09.927000000
2026-09-16,15139629000194,Neoenergia Coelba,COMPANHIA DE ELETRICIDADE DO ESTADO DA BAHIA,Concessão,2024-06-01,2915106,5829,5736,5739,208,182,0,0,1,11,14,135,57,33,31,2,0,24,0,133,74,5531,0,0,0,0,0,0,0,,,,,1,1,",000000000",",000000000",12,1,19,0,40,,",008300000",",000000000",,0,8,2,5,7,5,,72,,",000000000",2026-09-16 04:03:09.960000000
2026-09-16,15139629000194,Neoenergia Coelba,COMPANHIA DE ELETRICIDADE DO ESTADO DA BAHIA,Concessão,2026-05-01,2909802,29069,28542,28536,159,0,0,0,2,66,91,260,23,20,20,0,0,3,0,136,21,28377,0,0,0,0,0,0,0,,,,,5,4,",000000000",",000000000",126,1,22,0,420,,",300000000",",000000000",,0,1,1,4,4,2,,187,,",000000000",2026-09-16 04:03:10.020000000
2026-09-16,15139629000194,Neoenergia Coelba,COMPANHIA DE ELETRICIDADE DO ESTADO DA BAHIA,Concessão,2026-07-01,2928059,5223,5114,5068,562,499,0,0,1,51,11,83,207,13,12,1,0,194,0,365,196,4506,0,0,0,0,0,0,0,,,,,0,0,",000000000",",000000000",9,1,22,0,57,,",280000000",",000000000",,0,1,,,,,,52,,",000000000",2026-09-16 04:03:10.053000000
2026-09-16,15139629000194,Neoenergia Coelba,COMPANHIA DE ELETRICIDADE DO ESTADO DA BAHIA,Concessão,2023-08-01,2906006,32497,31827,31809,309,48,0,0,1,191,69,103,65,59,49,10,0,6,0,243,65,31500,0,0,0,0,0,0,0,,,,,1,0,"400,000000000",",000000000",109,1,23,0,278,,"3,080000000",",000000000",,0,88,47,9,13,,,510,1,",000000000",2026-09-16 04:03:09.927000000
2026-09-16,15139629000194,Neoenergia Coelba,COMPANHIA DE ELETRICIDADE DO ESTADO DA BAHIA,Concessão,2024-06-01,2912004,10981,10852,10855,82,51,0,0,3,20,8,108,97,22,19,3,0,75,0,62,17,10773,0,0,0,0,0,0,0,,,,,4,4,"3940,000000000","1800,000000000",50,1,19,0,463,,",006400000",",000000000",,0,10,,8,8,8,,185,,",000000000",2026-09-16 04:03:09.960000000
2026-09-16,15139629000194,Neoenergia Coelba,COMPANHIA DE ELETRICIDADE DO ESTADO DA BAHIA,Concessão,2026-05-01,2917201,10373,10144,10178,119,36,0,0,1,32,50,52,40,10,10,0,0,30,0,91,27,10059,0,0,0,0,0,0,0,,,,,0,0,",000000000",",000000000",37,1,22,0,105,,"1,030000000",",000000000",,0,17,6,3,3,2,,45,,",000000000",2026-09-16 04:03:10.020000000
2026-09-16,15139629000194,Neoenergia Coelba,COMPANHIA DE ELETRICIDADE DO ESTADO DA BAHIA,Concessão,2026-07-01,2928109,19391,18752,18845,229,13,0,0,2,56,158,199,26,20,19,1,0,6,0,184,43,18615,1,0,1,0,0,0,0,,,,,2,2,",000000000",",000000000",52,1,22,0,144,,",180000000",",000000000",,0,3,1,3,3,3,,180,,",000000000",2026-09-16 04:03:10.053000000
2026-09-16,15139629000194,Neoenergia Coelba,COMPANHIA DE ELETRICIDADE DO ESTADO DA BAHIA,Concessão,2023-08-01,2901502,3429,3383,3398,70,29,0,0,2,24,15,4,4,0,0,0,0,4,0,56,12,3328,0,0,0,0,0,0,0,,,,,0,0,",000000000",",000000000",28,1,23,0,93,,"12,270000000",",000000000",,0,12,5,11,11,9,,37,,",000000000",2026-09-16 04:03:09.927000000
2026-09-16,15139629000194,Neoenergia Coelba,COMPANHIA DE ELETRICIDADE DO ESTADO DA BAHIA,Concessão,2024-06-01,2906857,5850,5758,5766,56,0,0,0,3,25,28,141,21,19,14,5,0,2,0,45,8,5710,0,0,0,0,0,0,0,,,,,1,3,",000000000","939,000000000",21,1,19,0,158,,",004400000",",000000000",,0,2,,2,2,,,27,,",000000000",2026-09-16 04:03:09.960000000
2026-09-16,15139629000194,Neoenergia Coelba,COMPANHIA DE ELETRICIDADE DO ESTADO DA BAHIA,Concessão,2026-05-01,2922656,6459,6267,6273,60,0,0,0,1,6,53,33,15,14,14,0,0,1,0,53,6,6213,0,0,0,0,0,0,0,,,,,0,0,",000000000",",000000000",9,1,22,0,91,,"2,300000000",",000000000",,0,5,1,,,,,30,,",000000000",2026-09-16 04:03:10.020000000
2026-09-16,15139629000194,Neoenergia Coelba,COMPANHIA DE ELETRICIDADE DO ESTADO DA BAHIA,Concessão,2026-07-01,2928406,14205,13789,13514,279,26,0,0,1,74,178,122,28,10,9,1,0,18,0,237,41,13234,1,0,1,0,0,0,0,,,,,0,0,",000000000",",000000000",34,1,22,0,0,,",000000000",",000000000",,0,,,,,,,139,,",000000000",2026-09-16 04:03:10.053000000
2026-09-16,15139629000194,Neoenergia Coelba,COMPANHIA DE ELETRICIDADE DO ESTADO DA BAHIA,Concessão,2023-08-01,2907301,10737,10596,10617,61,0,0,0,2,20,39,41,132,24,24,0,0,0,108,46,13,10556,0,0,0,0,0,0,0,,,,,3,0,",000000000",",000000000",10,1,23,0,77,,"10,650000000",",000000000",,0,4,,9,9,1,,12,,",000000000",2026-09-16 04:03:09.927000000
2026-09-16,15139629000194,Neoenergia Coelba,COMPANHIA DE ELETRICIDADE DO ESTADO DA BAHIA,Concessão,2024-06-01,2916302,4346,4285,4285,37,1,0,0,3,15,18,12,5,1,1,0,0,4,0,27,7,4248,0,0,0,0,0,0,0,,,,,0,0,",000000000","1750,000000000",9,1,19,0,129,,",000200000",",000000000",,0,5,,,1,,,54,,",000000000",2026-09-16 04:03:09.960000000
2026-09-16,15139629000194,Neoenergia Coelba,COMPANHIA DE ELETRICIDADE DO ESTADO DA BAHIA,Concessão,2026-05-01,2910776,3234,3125,3096,115,25,0,0,1,44,45,44,47,0,0,0,0,47,0,80,34,2981,0,0,0,0,0,0,0,,,,,0,0,",000000000",",000000000",1,1,22,0,38,,",880000000",",000000000",,0,,,,,,,15,,",000000000",2026-09-16 04:03:10.020000000
2026-09-16,15139629000194,Neoenergia Coelba,COMPANHIA DE ELETRICIDADE DO ESTADO DA BAHIA,Concessão,2026-07-01,2929404,5298,5189,5178,35,2,0,0,2,23,8,66,24,18,7,11,0,6,0,26,7,5143,0,0,0,0,0,0,0,,,,,1,1,",000000000",",000000000",10,1,22,0,106,,",400000000",",000000000",,0,,,,,,,59,,",000000000",2026-09-16 04:03:10.053000000
2026-09-16,15139629000194,Neoenergia Coelba,COMPANHIA DE ELETRICIDADE DO ESTADO DA BAHIA,Concessão,2023-08-01,2907509,23379,23090,23132,190,0,0,0,2,98,90,92,18,13,12,1,0,5,0,164,24,22942,0,0,0,0,0,0,0,,,,,11,7,"1965,000000000","2104,190000000",112,1,23,0,206,,"7,670000000",",000000000",,0,16,8,5,6,3,,269,,",000000000",2026-09-16 04:03:09.927000000
2026-09-16,15139629000194,Neoenergia Coelba,COMPANHIA DE ELETRICIDADE DO ESTADO DA BAHIA,Concessão,2024-06-01,2905107,5436,5341,5334,41,9,0,0,4,7,21,37,6,4,3,1,0,2,0,32,5,5293,0,0,0,0,0,0,0,,,,,0,0,",000000000","1000,000000000",13,1,19,0,30,,",005300000",",000000000",,0,4,3,4,9,4,,27,,",000000000",2026-09-16 04:03:09.960000000
2026-09-16,15139629000194,Neoenergia Coelba,COMPANHIA DE ELETRICIDADE DO ESTADO DA BAHIA,Concessão,2026-05-01,2910859,8855,8645,8632,58,6,0,0,1,25,26,143,5,4,3,1,0,1,0,48,9,8574,0,0,0,0,0,0,0,,,,,0,0,",000000000",",000000000",23,1,22,0,143,,"2,120000000",",000000000",,0,3,,,,,,106,,",000000000",2026-09-16 04:03:10.020000000
2026-09-16,15139629000194,Neoenergia Coelba,COMPANHIA DE ELETRICIDADE DO ESTADO DA BAHIA,Concessão,2026-07-01,2929370,5745,5637,5636,48,0,0,0,1,20,27,38,1,0,0,0,0,1,0,41,6,5588,0,0,0,0,0,0,0,,,,,9,13,",000000000",",000000000",12,1,22,0,97,,",380000000",",000000000",,0,4,1,,,,,43,,",000000000",2026-09-16 04:03:10.053000000
2026-09-16,15139629000194,Neoenergia Coelba,COMPANHIA DE ELETRICIDADE DO ESTADO DA BAHIA,Concessão,2023-08-01,2901353,7991,7806,7840,95,4,0,0,3,65,23,15,9,6,6,0,0,3,0,68,24,7745,0,0,0,0,0,0,0,,,,,0,0,",000000000",",000000000",41,1,23,0,89,,",980000000",",000000000",,0,25,7,,1,,,83,,",000000000",2026-09-16 04:03:09.927000000
2026-09-16,15139629000194,Neoenergia Coelba,COMPANHIA DE ELETRICIDADE DO ESTADO DA BAHIA,Concessão,2024-06-01,2906808,15985,15694,15713,84,0,0,0,2,21,61,54,46,12,12,0,0,34,0,59,23,15629,0,0,0,0,0,0,0,,,,,0,0,",000000000",",000000000",35,1,19,0,242,,",005800000",",000000000",,0,17,7,11,22,9,,95,1,",000000000",2026-09-16 04:03:09.960000000
2026-09-16,15139629000194,Neoenergia Coelba,COMPANHIA DE ELETRICIDADE DO ESTADO DA BAHIA,Concessão,2026-05-01,2922730,4345,4241,4248,24,0,0,0,1,6,17,42,6,6,6,0,0,0,0,13,10,4224,0,0,0,0,0,0,0,,,,,0,0,",000000000",",000000000",1,1,22,0,103,,",620000000",",000000000",,0,2,1,,,,,21,,",000000000",2026-09-16 04:03:10.020000000
2026-09-16,15139629000194,Neoenergia Coelba,COMPANHIA DE ELETRICIDADE DO ESTADO DA BAHIA,Concessão,2026-07-01,2929354,2702,2658,2658,23,7,0,0,1,10,5,47,17,3,3,0,0,14,0,17,5,2635,0,0,0,0,0,0,0,,,,,0,0,",000000000",",000000000",12,1,22,0,58,,",150000000",",000000000",,0,1,,,,,,20,,",000000000",2026-09-16 04:03:10.053000000
2026-09-16,15139629000194,Neoenergia Coelba,COMPANHIA DE ELETRICIDADE DO ESTADO DA BAHIA,Concessão,2023-08-01,2901304,6149,6046,6069,100,32,0,0,4,52,12,49,64,25,23,2,0,39,0,74,22,5969,0,0,0,0,0,0,0,,,,,0,0,",000000000",",000000000",4,1,23,0,15,,"2,800000000",",000000000",,0,9,2,,1,,,120,,",000000000",2026-09-16 04:03:09.927000000
2026-09-16,15139629000194,Neoenergia Coelba,COMPANHIA DE ELETRICIDADE DO ESTADO DA BAHIA,Concessão,2024-06-01,2906709,12193,12039,12050,108,34,0,0,4,53,17,31,46,7,6,1,0,39,0,77,27,11942,0,0,0,0,0,0,0,,,,,0,0,",000000000",",000000000",29,1,19,0,537,,",001600000",",000000000",,0,4,1,,,,,66,,",000000000",2026-09-16 04:03:09.960000000
2026-09-16,15139629000194,Neoenergia Coelba,COMPANHIA DE ELETRICIDADE DO ESTADO DA BAHIA,Concessão,2026-05-01,2922755,2440,2385,2386,118,73,0,0,1,29,15,19,85,1,1,0,0,84,0,99,18,2268,0,0,0,0,0,0,0,,,,,0,0,",000000000",",000000000",10,1,22,0,68,,",600000000",",000000000",,0,,,,,,,21,,",000000000",2026-09-16 04:03:10.020000000
2026-09-16,15139629000194,Neoenergia Coelba,COMPANHIA DE ELETRICIDADE DO ESTADO DA BAHIA,Concessão,2026-07-01,2928950,4374,4295,4291,45,0,0,0,1,12,32,22,3,3,3,0,0,0,0,40,4,4246,0,0,0,0,0,0,0,,,,,0,0,",000000000",",000000000",19,1,22,0,132,,"1,650000000",",000000000",,0,4,2,,,,,6,,",000000000",2026-09-16 04:03:10.053000000
2026-09-16,15139629000194,Neoenergia Coelba,COMPANHIA DE ELETRICIDADE DO ESTADO DA BAHIA,Concessão,2023-08-01,2901205,10470,10234,10280,57,20,0,0,1,15,21,19,24,8,8,0,0,16,0,48,8,10223,0,0,0,0,0,0,0,,,,,0,0,",000000000",",000000000",35,1,23,0,549,,",350000000",",000000000",,0,21,3,36,38,36,,47,,",000000000",2026-09-16 04:03:09.927000000
2026-09-16,15139629000194,Neoenergia Coelba,COMPANHIA DE ELETRICIDADE DO ESTADO DA BAHIA,Concessão,2024-06-01,2906600,7259,7069,7083,215,166,0,0,2,10,37,128,239,45,39,6,0,193,1,144,69,6868,0,0,0,0,0,0,0,,,,,0,0,",000000000",",000000000",62,1,19,0,165,,",010000000",",000000000",,0,6,2,9,11,8,,56,,",000000000",2026-09-16 04:03:09.960000000
2026-09-16,15139629000194,Neoenergia Coelba,COMPANHIA DE ELETRICIDADE DO ESTADO DA BAHIA,Concessão,2026-05-01,2922805,3871,3732,3738,19,0,0,0,2,6,11,20,4,4,4,0,0,0,0,17,0,3719,0,0,0,0,0,0,0,,,,,1,1,",000000000",",000000000",6,1,22,0,88,,",400000000",",000000000",,0,,,,,,,1,,",000000000",2026-09-16 04:03:10.020000000
2026-09-16,15139629000194,Neoenergia Coelba,COMPANHIA DE ELETRICIDADE DO ESTADO DA BAHIA,Concessão,2026-07-01,2928901,17152,16677,16534,448,72,0,0,1,116,259,228,87,40,34,6,0,47,0,355,92,16086,0,0,0,0,0,0,0,,,,,1,0,",000000000",",000000000",37,1,22,0,170,,",170000000",",000000000",,0,15,6,3,6,1,,248,,",000000000",2026-09-16 04:03:10.053000000
2026-09-16,15139629000194,Neoenergia Coelba,COMPANHIA DE ELETRICIDADE DO ESTADO DA BAHIA,Concessão,2023-08-01,2901155,7665,7505,7531,145,12,0,0,8,75,50,45,16,9,9,0,0,7,0,106,31,7386,0,0,0,0,0,0,0,,,,,4,0,",000000000",",000000000",15,1,23,0,21,,"4,360000000",",000000000",,0,36,14,3,6,,,162,,",000000000",2026-09-16 04:03:09.927000000
2026-09-16,15139629000194,Neoenergia Coelba,COMPANHIA DE ELETRICIDADE DO ESTADO DA BAHIA,Concessão,2024-06-01,2906501,34529,34060,34102,866,9,0,0,6,190,661,643,37,30,30,0,0,7,0,596,264,33236,0,0,0,0,0,0,0,,,,,8,11,",000000000","3750,000000000",331,1,19,0,1670,,",006000000",",000000000",,0,101,37,19,32,5,,432,1,",000000000",2026-09-16 04:03:09.960000000
2026-09-16,15139629000194,Neoenergia Coelba,COMPANHIA DE ELETRICIDADE DO ESTADO DA BAHIA,Concessão,2026-05-01,2905008,12516,12225,12110,173,68,0,0,4,68,33,223,60,20,19,1,0,40,0,122,47,11936,1,0,1,0,0,0,0,,,,,0,2,",000000000",",000000000",51,1,22,0,412,,"2,330000000",",000000000",,0,2,1,,,,,142,,",000000000",2026-09-16 04:03:10.020000000
2026-09-16,15139629000194,Neoenergia Coelba,COMPANHIA DE ELETRICIDADE DO ESTADO DA BAHIA,Concessão,2026-07-01,2928802,24747,24149,24146,473,66,0,0,5,184,218,462,41,17,16,1,0,24,0,369,99,23673,0,0,0,0,0,0,0,,,,,3,7,",000000000",",000000000",74,1,22,0,466,,",420000000",",000000000",,0,9,7,3,3,,,215,,",000000000",2026-09-16 04:03:10.053000000
2026-09-16,15139629000194,Neoenergia Coelba,COMPANHIA DE ELETRICIDADE DO ESTADO DA BAHIA,Concessão,2023-08-01,2901106,10600,10388,10416,112,16,0,0,8,59,29,43,25,14,13,1,0,11,0,82,22,10304,0,0,0,1,1,0,0,"4409,000000000","4409,000000000",",000000000",",000000000",4,1,",000000000",",000000000",140,1,23,0,555,,"3,710000000",",000000000",,0,29,5,3,6,3,,161,,",000000000",2026-09-16 04:03:09.927000000
2026-09-16,15139629000194,Neoenergia Coelba,COMPANHIA DE ELETRICIDADE DO ESTADO DA BAHIA,Concessão,2024-06-01,2906402,3909,3826,3834,72,22,0,0,2,16,32,123,12,12,11,1,0,0,0,58,12,3762,0,0,0,0,0,0,0,,,,,0,0,",000000000",",000000000",26,1,19,0,141,,",003200000",",000000000",,0,11,7,2,2,,,28,,",000000000",2026-09-16 04:03:09.960000000
2026-09-16,15139629000194,Neoenergia Coelba,COMPANHIA DE ELETRICIDADE DO ESTADO DA BAHIA,Concessão,2026-05-01,2904902,14037,13681,13691,286,106,0,0,1,120,59,101,77,16,9,7,0,61,0,228,57,13405,0,0,0,0,0,0,0,,,,,4,2,",000000000",",000000000",17,1,22,0,393,,",170000000",",000000000",,0,9,6,,,,,95,,",000000000",2026-09-16 04:03:10.020000000
2026-09-16,15139629000194,Neoenergia Coelba,COMPANHIA DE ELETRICIDADE DO ESTADO DA BAHIA,Concessão,2026-07-01,2928703,55223,53941,54062,269,15,0,0,5,123,126,1560,384,377,43,334,0,7,0,222,42,53793,0,0,0,0,0,0,0,,,,,44,25,"6107,910000000","12985,000000000",261,1,22,0,2402,,",970000000",",000000000",,0,47,12,13,24,6,,361,,",000000000",2026-09-16 04:03:10.053000000
2026-09-16,15139629000194,Neoenergia Coelba,COMPANHIA DE ELETRICIDADE DO ESTADO DA BAHIA,Concessão,2023-08-01,2901007,17985,17639,17715,83,0,0,0,1,34,48,45,12,12,12,0,0,0,0,68,14,17632,0,0,0,0,0,0,0,,,,,12,3,"850,000000000","4890,000000000",7,1,23,0,512,,"4,660000000",",000000000",,0,4,,3,3,,,15,,",000000000",2026-09-16 04:03:09.927000000
2026-09-16,15139629000194,Neoenergia Coelba,COMPANHIA DE ELETRICIDADE DO ESTADO DA BAHIA,Concessão,2024-06-01,2906303,15623,15428,15432,496,334,0,0,4,95,63,206,89,25,25,0,0,64,0,328,164,14936,0,0,0,0,0,0,0,,,,,5,7,"2092,000000000","2530,000000000",28,1,19,0,170,,",001500000",",000000000",,0,4,,14,16,13,,142,,",000000000",2026-09-16 04:03:09.960000000
2026-09-16,15139629000194,Neoenergia Coelba,COMPANHIA DE ELETRICIDADE DO ESTADO DA BAHIA,Concessão,2026-05-01,2904852,5097,4938,4903,75,0,0,0,1,24,50,49,3,2,2,0,0,1,0,58,16,4828,0,0,0,0,0,0,0,,,,,1,0,",000000000",",000000000",15,1,22,0,138,,",180000000",",000000000",,0,,,1,1,,,72,,",000000000",2026-09-16 04:03:10.020000000
2026-09-16,15139629000194,Neoenergia Coelba,COMPANHIA DE ELETRICIDADE DO ESTADO DA BAHIA,Concessão,2026-07-01,2928604,26247,25803,25812,369,56,0,0,3,123,187,636,59,19,18,1,0,40,0,322,44,25443,0,0,0,0,0,0,0,,,,,8,5,",000000000",",000000000",50,1,22,0,1094,,",300000000",",000000000",,0,1,,6,7,,,301,,",000000000",2026-09-16 04:03:10.053000000
2026-09-16,15139629000194,Neoenergia Coelba,COMPANHIA DE ELETRICIDADE DO ESTADO DA BAHIA,Concessão,2023-08-01,2900900,2617,2590,2596,8,0,0,0,2,4,2,7,113,4,4,0,0,109,0,5,1,2588,0,0,0,0,0,0,0,,,,,0,0,",000000000",",000000000",6,1,23,0,88,,"8,870000000",",000000000",,0,3,1,1,1,,,12,,",000000000",2026-09-16 04:03:09.927000000
2026-09-16,15139629000194,Neoenergia Coelba,COMPANHIA DE ELETRICIDADE DO ESTADO DA BAHIA,Concessão,2024-06-01,2906204,12005,11796,11792,202,86,0,0,6,99,11,52,49,5,3,2,0,44,0,146,50,11590,0,0,0,0,0,0,0,,,,,0,1,",000000000",",000000000",41,1,19,0,462,,",000800000",",000000000",,0,25,5,9,13,8,,138,,",000000000",2026-09-16 04:03:09.960000000
2026-09-16,15139629000194,Neoenergia Coelba,COMPANHIA DE ELETRICIDADE DO ESTADO DA BAHIA,Concessão,2026-05-01,2913457,4688,4597,4577,227,19,0,0,1,150,57,45,6,0,0,0,0,6,0,188,38,4350,0,0,0,0,0,0,0,,,,,1,2,",000000000","1200,000000000",4,1,22,0,45,,"2,000000000",",000000000",,0,2,1,,,,,24,,",000000000",2026-09-16 04:03:10.020000000
2026-09-16,15139629000194,Neoenergia Coelba,COMPANHIA DE ELETRICIDADE DO ESTADO DA BAHIA,Concessão,2026-07-01,2928307,4498,4371,4390,56,0,0,0,1,21,34,76,6,5,5,0,0,1,0,43,12,4334,0,0,0,0,0,0,0,,,,,0,0,",000000000",",000000000",11,1,22,0,74,,",200000000",",000000000",,0,,,1,2,,,63,,",000000000",2026-09-16 04:03:10.053000000
2026-09-16,15139629000194,Neoenergia Coelba,COMPANHIA DE ELETRICIDADE DO ESTADO DA BAHIA,Concessão,2023-08-01,2900207,5968,5870,5877,65,0,0,0,1,22,42,14,9,8,8,0,0,1,0,53,11,5811,1,0,1,0,0,0,0,,,,,0,0,",000000000",",000000000",11,1,23,0,62,,",690000000",",000000000",,0,11,6,5,6,4,,111,,",000000000",2026-09-16 04:03:09.927000000
2026-09-16,15139629000194,Neoenergia Coelba,COMPANHIA DE ELETRICIDADE DO ESTADO DA BAHIA,Concessão,2024-06-01,2906105,4493,4411,4416,46,0,0,0,2,1,43,63,4,3,2,1,0,1,0,37,7,4370,0,0,0,0,0,0,0,,,,,1,0,",000000000",",000000000",19,1,19,0,221,,",006100000",",000000000",,0,,,,5,,,13,,",000000000",2026-09-16 04:03:09.960000000
2026-09-16,15139629000194,Neoenergia Coelba,COMPANHIA DE ELETRICIDADE DO ESTADO DA BAHIA,Concessão,2026-05-01,2913408,7398,7235,7200,60,21,0,0,1,14,24,116,31,11,11,0,0,20,0,42,17,7139,1,0,1,0,0,0,0,,,,,0,0,",000000000",",000000000",33,1,22,0,131,,"1,780000000",",000000000",,0,,,,,,,48,,",000000000",2026-09-16 04:03:10.020000000
2026-09-16,15139629000194,Neoenergia Coelba,COMPANHIA DE ELETRICIDADE DO ESTADO DA BAHIA,Concessão,2026-07-01,2928208,13232,12839,12841,277,96,0,0,3,54,124,119,32,8,6,2,0,24,0,210,64,12564,0,0,0,0,0,0,0,,,,,2,2,",000000000",",000000000",41,1,22,0,666,,",370000000",",000000000",,0,7,1,2,2,,,70,,",000000000",2026-09-16 04:03:10.053000000
2026-09-16,15139629000194,Neoenergia Coelba,COMPANHIA DE ELETRICIDADE DO ESTADO DA BAHIA,Concessão,2023-08-01,2907400,1690,1670,1671,12,0,0,0,1,4,7,3,4,2,2,0,0,2,0,8,3,1659,0,0,0,0,0,0,0,,,,,0,0,",000000000",",000000000",1,1,23,0,36,,",680000000",",000000000",,0,5,,,,,,25,,",000000000",2026-09-16 04:03:09.927000000
2026-09-16,15139629000194,Neoenergia Coelba,COMPANHIA DE ELETRICIDADE DO ESTADO DA BAHIA,Concessão,2024-06-01,2905008,11766,11548,11557,81,22,0,0,4,36,19,37,13,3,3,0,0,10,0,63,14,11476,0,0,0,0,0,0,0,,,,,4,4,",000000000",",000000000",36,1,19,0,148,,",005600000",",000000000",,0,16,8,2,4,2,,77,,",000000000",2026-09-16 04:03:09.960000000
2026-09-16,15139629000194,Neoenergia Coelba,COMPANHIA DE ELETRICIDADE DO ESTADO DA BAHIA,Concessão,2026-05-01,2910800,330246,323497,321903,8691,407,0,0,93,1386,6805,7197,505,178,167,11,0,327,0,2967,5631,313208,4,0,4,0,0,0,0,,,,,98,75,"28925,900000000","12018,920000000",907,1,22,0,8615,,"10,880000000",",000000000",19,0,115,62,63,74,29,,2428,,",000000000",2026-09-16 04:03:10.020000000
2026-09-16,15139629000194,Neoenergia Coelba,COMPANHIA DE ELETRICIDADE DO ESTADO DA BAHIA,Concessão,2026-07-01,2928505,5840,5633,5649,79,25,0,0,1,29,24,47,25,9,9,0,0,16,0,61,17,5570,0,0,0,0,0,0,0,,,,,0,0,",000000000",",000000000",13,1,22,0,171,,",680000000",",000000000",,0,3,1,1,1,,,44,,",000000000",2026-09-16 04:03:10.053000000
2026-09-16,15139629000194,Neoenergia Coelba,COMPANHIA DE ELETRICIDADE DO ESTADO DA BAHIA,Concessão,2023-08-01,2900108,4343,4258,4277,29,2,0,0,3,14,10,6,3,1,1,0,0,2,0,19,7,4248,0,0,0,0,0,0,0,,,,,2,1,",000000000",",000000000",3,1,23,0,64,,",550000000",",000000000",,0,5,,,,,,26,,",000000000",2026-09-16 04:03:09.927000000
2026-09-16,15139629000194,Neoenergia Coelba,COMPANHIA DE ELETRICIDADE DO ESTADO DA BAHIA,Concessão,2024-06-01,2906006,33378,32774,32710,271,60,0,0,1,126,84,111,51,32,31,1,0,19,0,196,74,32439,0,0,0,0,0,0,0,,,,,1,2,",000000000",",000000000",66,1,19,0,401,,",003900000",",000000000",,0,70,9,13,15,11,,202,,",000000000",2026-09-16 04:03:09.960000000
2026-09-16,15139629000194,Neoenergia Coelba,COMPANHIA DE ELETRICIDADE DO ESTADO DA BAHIA,Concessão,2026-05-01,2913309,2974,2914,2929,31,0,0,0,1,5,25,11,3,2,2,0,0,1,0,19,11,2898,0,0,0,0,0,0,0,,,,,0,0,",000000000","5875,000000000",10,1,22,0,94,,",120000000",",000000000",,0,,,1,1,,,14,,",000000000",2026-09-16 04:03:10.020000000
2026-09-16,15139629000194,Neoenergia Coelba,COMPANHIA DE ELETRICIDADE DO ESTADO DA BAHIA,Concessão,2026-07-01,2933257,2704,2666,2643,100,68,0,0,0,2,30,32,20,9,5,4,0,11,0,70,30,2543,0,0,0,0,0,0,0,,,,,0,0,",000000000",",000000000",3,1,22,0,82,,",400000000",",000000000",,0,,,,,,,6,,",000000000",2026-09-16 04:03:10.053000000
2026-09-16,15139629000194,Neoenergia Coelba,COMPANHIA DE ELETRICIDADE DO ESTADO DA BAHIA,Concessão,2023-08-01,2906303,15487,15112,15232,443,202,111,0,4,60,66,144,683,57,55,2,0,463,163,318,121,14789,0,0,0,0,0,0,0,,,,,11,8,"650,000000000",",000000000",15,1,23,0,73,,",220000000",",000000000",,0,3,1,12,13,1,,15,,",000000000",2026-09-16 04:03:09.927000000
2026-09-16,15139629000194,Neoenergia Coelba,COMPANHIA DE ELETRICIDADE DO ESTADO DA BAHIA,Concessão,2024-06-01,2905800,12082,11862,11868,428,295,0,0,1,80,52,89,85,24,22,2,0,61,0,283,144,11440,0,0,0,0,0,0,0,,,,,4,6,",000000000","830,000000000",32,1,19,0,367,,",001100000",",000000000",,0,23,1,2,5,,,236,,",000000000",2026-09-16 04:03:09.960000000
2026-09-16,15139629000194,Neoenergia Coelba,COMPANHIA DE ELETRICIDADE DO ESTADO DA BAHIA,Concessão,2026-05-01,2912509,7466,7295,7307,114,4,0,0,1,7,102,37,5,4,4,0,0,1,0,94,19,7193,0,0,0,0,0,0,0,,,,,0,0,",000000000",",000000000",12,1,22,0,126,,",170000000",",000000000",,0,9,2,2,2,2,,46,,",000000000",2026-09-16 04:03:10.020000000
2026-09-16,15139629000194,Neoenergia Coelba,COMPANHIA DE ELETRICIDADE DO ESTADO DA BAHIA,Concessão,2026-07-01,2933208,35978,35197,35252,491,18,0,0,3,254,216,503,93,85,45,40,0,8,0,350,138,34761,0,0,0,0,0,0,0,,,,,15,10,"2480,800000000",",000000000",130,2,22,0,725,,",030000000",",000000000",,0,91,30,41,46,,,315,,",000000000",2026-09-16 04:03:10.053000000
2026-09-16,15139629000194,Neoenergia Coelba,COMPANHIA DE ELETRICIDADE DO ESTADO DA BAHIA,Concessão,2023-08-01,2906204,11811,11560,11609,120,30,0,0,6,38,46,22,23,7,6,1,0,16,0,87,27,11489,0,0,0,0,0,0,0,,,,,1,0,",000000000",",000000000",17,2,23,0,413,,",310000000",",000000000",1,0,62,18,5,11,1,,124,,",000000000",2026-09-16 04:03:09.927000000
2026-09-16,15139629000194,Neoenergia Coelba,COMPANHIA DE ELETRICIDADE DO ESTADO DA BAHIA,Concessão,2024-06-01,2905701,172007,169169,169413,4594,87,0,0,16,707,3784,2925,678,647,594,53,0,31,0,3031,1547,164816,3,0,3,0,0,0,0,,,,,79,80,"11190,200000000","74925,310000000",998,1,19,0,2840,,",007000000",",000000000",,0,431,155,103,142,87,1,2378,,",000000000",2026-09-16 04:03:09.960000000
2026-09-16,15139629000194,Neoenergia Coelba,COMPANHIA DE ELETRICIDADE DO ESTADO DA BAHIA,Concessão,2026-05-01,2912400,8992,8743,8760,271,131,0,0,1,67,72,79,97,11,9,2,0,86,0,167,103,8489,0,0,0,0,0,0,0,,,,,0,0,",000000000",",000000000",17,1,22,0,188,,",530000000",",000000000",,0,3,1,,,,,19,,",000000000",2026-09-16 04:03:10.020000000
2026-09-16,15139629000194,Neoenergia Coelba,COMPANHIA DE ELETRICIDADE DO ESTADO DA BAHIA,Concessão,2026-07-01,2933174,4822,4688,4694,33,1,0,0,1,17,14,65,19,17,0,17,0,2,0,30,2,4661,0,0,0,0,0,0,0,,,,,1,1,",000000000","2104,050000000",25,1,22,0,39,,",600000000",",000000000",,0,,,,,,,28,,",000000000",2026-09-16 04:03:10.053000000
2026-09-16,15139629000194,Neoenergia Coelba,COMPANHIA DE ELETRICIDADE DO ESTADO DA BAHIA,Concessão,2023-08-01,2908002,9277,9199,9222,79,24,9,0,1,25,20,33,180,11,10,1,0,169,0,57,21,9143,0,0,0,0,0,0,0,,,,,4,1,",000000000",",000000000",11,1,23,0,165,,"6,550000000",",000000000",,0,18,1,1,1,1,,7,,",000000000",2026-09-16 04:03:09.927000000
2026-09-16,15139629000194,Neoenergia Coelba,COMPANHIA DE ELETRICIDADE DO ESTADO DA BAHIA,Concessão,2024-06-01,2905602,10648,10431,10447,282,193,0,0,2,54,33,30,43,9,8,1,0,34,0,198,82,10165,0,0,0,0,0,0,0,,,,,6,3,",000000000",",000000000",34,1,19,0,113,,",000700000",",000000000",,0,16,2,,3,,,190,2,",000000000",2026-09-16 04:03:09.960000000
2026-09-16,15139629000194,Neoenergia Coelba,COMPANHIA DE ELETRICIDADE DO ESTADO DA BAHIA,Concessão,2026-05-01,2912301,7359,7137,7154,71,11,0,0,1,30,29,116,31,12,8,4,0,19,0,53,17,7083,0,0,0,0,0,0,0,,,,,0,0,",000000000",",000000000",9,1,22,0,61,,",070000000",",000000000",,0,,,,,,,20,,",000000000",2026-09-16 04:03:10.020000000
2026-09-16,15139629000194,Neoenergia Coelba,COMPANHIA DE ELETRICIDADE DO ESTADO DA BAHIA,Concessão,2026-07-01,2933158,7238,7071,7092,79,0,0,0,1,35,43,47,9,8,8,0,0,1,0,61,17,7013,0,0,0,0,0,0,0,,,,,1,1,",000000000",",000000000",19,1,22,0,93,,",170000000",",000000000",,0,,,5,5,,,63,,",000000000",2026-09-16 04:03:10.053000000
2026-09-16,15139629000194,Neoenergia Coelba,COMPANHIA DE ELETRICIDADE DO ESTADO DA BAHIA,Concessão,2023-08-01,2907905,7581,7440,7493,118,26,0,0,2,57,33,13,24,5,5,0,0,19,0,95,21,7375,0,0,0,0,0,0,0,,,,,0,0,",000000000",",000000000",32,1,23,0,160,,"1,730000000",",000000000",,0,12,10,3,3,2,,70,,",000000000",2026-09-16 04:03:09.927000000
2026-09-16,15139629000194,Neoenergia Coelba,COMPANHIA DE ELETRICIDADE DO ESTADO DA BAHIA,Concessão,2024-06-01,2905503,5221,5154,5155,28,1,0,0,2,9,16,108,13,13,13,0,0,0,0,20,6,5127,0,0,0,0,0,0,0,,,,,0,0,",000000000",",000000000",8,1,19,0,99,,",003500000",",000000000",,0,2,2,,17,,,58,1,"6642,910000000",2026-09-16 04:03:09.960000000
2026-09-16,15139629000194,Neoenergia Coelba,COMPANHIA DE ELETRICIDADE DO ESTADO DA BAHIA,Concessão,2026-05-01,2912202,10879,10557,10527,124,65,0,0,1,25,33,88,76,12,11,1,0,64,0,92,31,10403,0,0,0,0,0,0,0,,,,,0,0,",000000000","1454,400000000",28,1,22,0,102,,",120000000",",000000000",,0,15,2,,,,,44,,",000000000",2026-09-16 04:03:10.020000000
2026-09-16,15139629000194,Neoenergia Coelba,COMPANHIA DE ELETRICIDADE DO ESTADO DA BAHIA,Concessão,2026-07-01,2932200,8591,8375,8401,153,52,0,0,2,71,28,114,17,2,2,0,0,15,0,114,37,8248,0,0,0,0,0,0,0,,,,,3,8,",000000000",",000000000",12,1,22,0,411,,",570000000",",000000000",,0,1,,1,1,,,72,,",000000000",2026-09-16 04:03:10.053000000
2026-09-16,15139629000194,Neoenergia Coelba,COMPANHIA DE ELETRICIDADE DO ESTADO DA BAHIA,Concessão,2023-08-01,2907806,15790,15602,15608,112,6,0,0,6,70,30,61,20,18,18,0,0,2,0,78,28,15496,0,0,0,0,0,0,0,,,,,5,1,",000000000",",000000000",34,1,23,0,339,,"4,040000000",",000000000",,0,7,4,,1,,,94,,",000000000",2026-09-16 04:03:09.927000000
2026-09-16,15139629000194,Neoenergia Coelba,COMPANHIA DE ELETRICIDADE DO ESTADO DA BAHIA,Concessão,2024-06-01,2905404,8409,8238,8235,160,13,0,0,5,66,76,109,57,33,17,16,0,24,0,127,28,8075,0,0,0,0,0,0,0,,,,,2,2,",000000000","3100,000000000",19,2,19,0,188,,",012300000",",000000000",,0,25,3,6,9,3,1,124,,",000000000",2026-09-16 04:03:09.960000000
2026-09-16,15139629000194,Neoenergia Coelba,COMPANHIA DE ELETRICIDADE DO ESTADO DA BAHIA,Concessão,2026-05-01,2912103,11182,10953,10975,117,51,0,0,1,35,30,69,13,0,0,0,0,13,0,85,31,10858,0,0,0,0,0,0,0,,,,,6,2,",000000000","5885,710000000",47,1,22,0,161,,",200000000",",000000000",,0,,,,,,,97,,",000000000",2026-09-16 04:03:10.020000000
2026-09-16,15139629000194,Neoenergia Coelba,COMPANHIA DE ELETRICIDADE DO ESTADO DA BAHIA,Concessão,2026-07-01,2932101,9612,9349,9331,108,13,0,0,2,44,49,163,9,7,2,5,0,2,0,88,18,9223,0,0,0,0,0,0,0,,,,,0,3,",000000000",",000000000",16,1,22,0,101,,",300000000",",000000000",,0,1,1,4,4,3,,48,,",000000000",2026-09-16 04:03:10.053000000
2026-09-16,15139629000194,Neoenergia Coelba,COMPANHIA DE ELETRICIDADE DO ESTADO DA BAHIA,Concessão,2023-08-01,2907707,4504,4219,4219,57,2,0,0,1,28,26,19,1,1,1,0,0,0,0,40,16,4162,0,0,0,0,0,0,0,,,,,0,0,",000000000",",000000000",5,1,23,0,109,,"4,080000000",",000000000",,0,3,2,,,,,77,,",000000000",2026-09-16 04:03:09.927000000
2026-09-16,15139629000194,Neoenergia Coelba,COMPANHIA DE ELETRICIDADE DO ESTADO DA BAHIA,Concessão,2024-06-01,2905305,9275,9123,9137,146,33,0,0,2,65,46,27,21,4,4,0,0,17,0,113,31,8989,2,0,2,0,0,0,0,,,,,0,0,",000000000",",000000000",18,1,19,0,66,,",003300000",",000000000",,0,7,7,1,5,,,78,,",000000000",2026-09-16 04:03:09.960000000
2026-09-16,15139629000194,Neoenergia Coelba,COMPANHIA DE ELETRICIDADE DO ESTADO DA BAHIA,Concessão,2026-05-01,2911105,12102,11713,11438,213,21,0,0,2,44,146,178,71,24,23,1,0,47,0,186,25,11225,0,0,0,0,0,0,0,,,,,0,0,",000000000",",000000000",17,1,22,0,452,,",220000000",",000000000",,0,1,1,,,,,170,,",000000000",2026-09-16 04:03:10.020000000
2026-09-16,15139629000194,Neoenergia Coelba,COMPANHIA DE ELETRICIDADE DO ESTADO DA BAHIA,Concessão,2026-07-01,2932002,13166,12780,12790,238,50,0,0,1,26,161,128,48,11,9,2,0,37,0,207,30,12552,0,0,0,0,0,0,0,,,,,3,9,",000000000",",000000000",79,1,22,0,151,,",230000000",",000000000",,0,,,,,,,158,,",000000000",2026-09-16 04:03:10.053000000
2026-09-16,15139629000194,Neoenergia Coelba,COMPANHIA DE ELETRICIDADE DO ESTADO DA BAHIA,Concessão,2023-08-01,2907608,7837,7692,7714,110,47,0,0,8,34,21,22,48,16,13,3,0,32,0,83,19,7604,0,0,0,0,0,0,0,,,,,4,1,",000000000",",000000000",11,1,23,0,60,,",500000000",",000000000",,0,8,1,,1,,,30,,",000000000",2026-09-16 04:03:09.927000000
2026-09-16,15139629000194,Neoenergia Coelba,COMPANHIA DE ELETRICIDADE DO ESTADO DA BAHIA,Concessão,2024-06-01,2905206,27493,26932,26878,83,13,0,0,8,14,48,994,123,110,88,22,0,13,0,56,19,26795,0,0,0,0,0,0,0,,,,,0,1,",000000000",",000000000",104,1,19,0,575,,",000800000",",000000000",,0,18,1,5,7,5,,112,,",000000000",2026-09-16 04:03:09.960000000
2026-09-16,15139629000194,Neoenergia Coelba,COMPANHIA DE ELETRICIDADE DO ESTADO DA BAHIA,Concessão,2026-05-01,2911006,4536,4439,4440,76,52,0,0,1,13,10,40,14,6,4,2,0,8,0,58,17,4364,0,0,0,0,0,0,0,,,,,1,0,",000000000",",000000000",17,1,22,0,91,,",200000000",",000000000",,0,,,4,4,3,,65,,",000000000",2026-09-16 04:03:10.020000000
2026-09-16,15139629000194,Neoenergia Coelba,COMPANHIA DE ELETRICIDADE DO ESTADO DA BAHIA,Concessão,2026-07-01,2931905,28549,27614,27626,351,107,0,0,1,91,152,472,150,71,62,9,0,79,0,258,92,27275,0,0,0,0,0,0,0,,,,,2,4,",000000000",",000000000",254,1,22,0,720,,",170000000",",000000000",,0,6,3,1,2,,,61,,",000000000",2026-09-16 04:03:10.053000000
2026-09-16,15139629000194,Neoenergia Coelba,COMPANHIA DE ELETRICIDADE DO ESTADO DA BAHIA,Concessão,2023-08-01,2907558,3886,3781,3797,52,6,0,0,3,15,28,6,5,2,2,0,0,3,0,39,10,3745,0,0,0,0,0,0,0,,,,,0,1,",000000000",",000000000",3,1,23,0,119,,"4,700000000",",000000000",,0,5,1,1,1,,,19,,",000000000",2026-09-16 04:03:09.927000000
2026-09-16,15139629000194,Neoenergia Coelba,COMPANHIA DE ELETRICIDADE DO ESTADO DA BAHIA,Concessão,2024-06-01,2905156,5082,4996,5012,104,25,0,0,1,15,63,36,19,6,5,1,0,13,0,83,20,4908,0,0,0,0,0,0,0,,,,,0,0,",000000000",",000000000",31,1,19,0,99,,",000200000",",000000000",,0,4,1,6,7,6,,51,,",000000000",2026-09-16 04:03:09.960000000
2026-09-16,15139629000194,Neoenergia Coelba,COMPANHIA DE ELETRICIDADE DO ESTADO DA BAHIA,Concessão,2026-05-01,2910909,2540,2502,2495,38,1,0,0,1,17,19,17,2,0,0,0,0,2,0,32,5,2457,0,0,0,0,0,0,0,,,,,0,0,",000000000",",000000000",0,1,22,0,175,,",230000000",",000000000",,0,,,,,,,12,,",000000000",2026-09-16 04:03:10.020000000
2026-09-16,15139629000194,Neoenergia Coelba,COMPANHIA DE ELETRICIDADE DO ESTADO DA BAHIA,Concessão,2026-07-01,2931806,9255,9007,8982,106,10,0,0,1,25,70,47,15,5,4,1,0,10,0,89,16,8876,0,0,0,0,0,0,0,,,,,1,0,",000000000",",000000000",18,1,22,0,179,,",080000000",",000000000",,0,5,3,,1,,,37,,",000000000",2026-09-16 04:03:10.053000000
2026-09-16,15139629000194,Neoenergia Coelba,COMPANHIA DE ELETRICIDADE DO ESTADO DA BAHIA,Concessão,2023-08-01,2906402,3865,3784,3807,101,40,0,0,2,35,24,7,0,0,0,0,0,0,0,89,10,3706,0,0,0,0,0,0,0,,,,,0,1,",000000000",",000000000",22,1,23,0,116,,"2,760000000",",000000000",,0,1,,1,1,,,79,,",000000000",2026-09-16 04:03:09.927000000
2026-09-16,15139629000194,Neoenergia Coelba,COMPANHIA DE ELETRICIDADE DO ESTADO DA BAHIA,Concessão,2024-06-01,2905909,10034,9875,9913,74,2,0,0,1,24,47,40,18,11,10,1,0,7,0,59,14,9839,0,0,0,0,0,0,0,,,,,0,0,",000000000",",000000000",67,1,19,0,138,,",003100000",",000000000",,0,34,9,7,15,2,,128,,",000000000",2026-09-16 04:03:09.960000000
2026-09-16,15139629000194,Neoenergia Coelba,COMPANHIA DE ELETRICIDADE DO ESTADO DA BAHIA,Concessão,2026-05-01,2912608,2067,1985,1978,20,8,0,0,1,6,5,3,25,0,0,0,0,25,0,18,1,1958,0,0,0,0,0,0,0,,,,,0,0,",000000000",",000000000",2,1,22,0,57,,",270000000",",000000000",,0,,,,,,,23,,",000000000",2026-09-16 04:03:10.020000000
2026-09-16,15139629000194,Neoenergia Coelba,COMPANHIA DE ELETRICIDADE DO ESTADO DA BAHIA,Concessão,2026-07-01,2931707,5071,4967,4971,84,13,0,0,1,33,37,104,8,2,2,0,0,6,0,64,19,4887,0,0,0,0,0,0,0,,,,,2,1,",000000000",",000000000",11,1,22,0,125,,",670000000",",000000000",,0,,,,,,,49,,",000000000",2026-09-16 04:03:10.053000000
2026-09-16,15139629000194,Neoenergia Coelba,COMPANHIA DE ELETRICIDADE DO ESTADO DA BAHIA,Concessão,2023-10-01,2919157,12508,12248,12307,149,40,0,0,7,65,37,38,48,13,12,1,0,35,0,112,30,12158,0,0,0,0,0,0,0,,,,,0,0,",000000000","1140,000000000",28,1,21,0,67,,"4,340000000",",000000000",,0,30,5,18,18,16,,152,,",000000000",2026-09-16 04:03:09.927000000
2026-09-16,15139629000194,Neoenergia Coelba,COMPANHIA DE ELETRICIDADE DO ESTADO DA BAHIA,Concessão,2024-09-01,2917904,4,0,0,0,0,0,0,0,0,0,0,0,0,0,0,0,0,0,0,0,0,0,0,0,0,0,0,0,,,,,0,0,",000000000",",000000000",0,0,21,0,0,,",000000000",",000000000",,0,,,,,,,,,",000000000",2026-09-16 04:03:09.960000000
2026-09-16,15139629000194,Neoenergia Coelba,COMPANHIA DE ELETRICIDADE DO ESTADO DA BAHIA,Concessão,2025-01-01,2902658,5761,5679,5677,103,26,0,0,1,23,53,65,16,11,9,2,0,5,0,86,16,5574,0,0,0,0,0,0,0,",000000000",",000000000",",000000000",",000000000",0,0,",000000000",",000000000",7,1,22,0,50,,",002500000",",000000000",,0,2,,1,1,,,6,,",000000000",2026-09-16 04:03:10.020000000
2026-09-16,15139629000194,Neoenergia Coelba,COMPANHIA DE ELETRICIDADE DO ESTADO DA BAHIA,Concessão,2026-07-01,2931608,5128,5047,5050,101,24,0,0,1,32,44,58,54,4,2,2,0,50,0,74,26,4949,0,0,0,0,0,0,0,,,,,1,2,",000000000",",000000000",9,1,22,0,34,,"1,170000000",",000000000",,0,17,13,1,1,,,53,,",000000000",2026-09-16 04:03:10.053000000
2026-09-16,15139629000194,Neoenergia Coelba,COMPANHIA DE ELETRICIDADE DO ESTADO DA BAHIA,Concessão,2023-10-01,2920106,8821,8712,8724,35,0,0,0,4,15,16,9,6,5,5,0,0,1,0,23,8,8689,0,0,0,0,0,0,0,,,,,1,1,",000000000",",000000000",19,1,21,0,115,,"1,190000000",",000000000",,0,10,,6,6,6,,59,1,",000000000",2026-09-16 04:03:09.927000000
2026-09-16,15139629000194,Neoenergia Coelba,COMPANHIA DE ELETRICIDADE DO ESTADO DA BAHIA,Concessão,2024-09-01,2918001,75851,74553,74588,662,261,0,0,26,225,150,1222,260,87,74,13,0,173,0,495,141,73925,1,0,1,0,0,0,0,,,,,13,11,",000000000","3410,000000000",549,1,21,0,2432,,",006000000",",000000000",,0,66,28,39,42,10,,407,1,",000000000",2026-09-16 04:03:09.960000000
2026-09-16,15139629000194,Neoenergia Coelba,COMPANHIA DE ELETRICIDADE DO ESTADO DA BAHIA,Concessão,2025-01-01,2903235,6918,6794,6794,138,71,0,0,1,24,42,41,19,7,6,1,0,12,0,93,44,6656,0,0,0,0,0,0,0,",000000000",",000000000",",000000000",",000000000",0,0,",000000000",",000000000",14,1,22,0,32,,",003800000",",000000000",,0,8,,,1,,,36,,",000000000",2026-09-16 04:03:10.020000000
2026-09-16,15139629000194,Neoenergia Coelba,COMPANHIA DE ELETRICIDADE DO ESTADO DA BAHIA,Concessão,2026-07-01,2931509,11551,11217,11246,67,1,0,0,1,16,49,91,18,16,16,0,0,2,0,53,13,11179,0,0,0,0,0,0,0,,,,,0,1,",000000000",",000000000",14,1,22,0,368,,",200000000",",000000000",,0,8,3,7,7,,,17,,",000000000",2026-09-16 04:03:10.053000000
2026-09-16,15139629000194,Neoenergia Coelba,COMPANHIA DE ELETRICIDADE DO ESTADO DA BAHIA,Concessão,2023-10-01,2920205,6683,6520,6532,54,3,0,0,3,24,24,29,21,18,17,1,0,3,0,38,13,6478,0,0,0,0,0,0,0,,,,,2,1,",000000000",",000000000",18,1,21,0,99,,"10,500000000",",000000000",,0,3,1,11,11,10,,25,,",000000000",2026-09-16 04:03:09.927000000
2026-09-16,15139629000194,Neoenergia Coelba,COMPANHIA DE ELETRICIDADE DO ESTADO DA BAHIA,Concessão,2024-09-01,2918100,17677,17504,17454,225,51,0,0,2,91,81,270,141,89,82,7,0,52,0,181,42,17229,0,0,0,0,0,0,0,,,,,1,1,",000000000",",000000000",26,1,21,0,84,,",010200000",",000000000",,0,20,4,6,6,2,,89,,",000000000",2026-09-16 04:03:09.960000000
2026-09-16,15139629000194,Neoenergia Coelba,COMPANHIA DE ELETRICIDADE DO ESTADO DA BAHIA,Concessão,2025-01-01,2903300,2709,2669,2676,70,15,0,0,1,53,1,16,6,3,2,1,0,3,0,53,16,2606,0,0,0,0,0,0,0,",000000000",",000000000",",000000000",",000000000",0,0,",000000000",",000000000",14,1,22,0,52,,",001400000",",000000000",,0,1,,,,,,29,,",000000000",2026-09-16 04:03:10.020000000
2026-09-16,15139629000194,Neoenergia Coelba,COMPANHIA DE ELETRICIDADE DO ESTADO DA BAHIA,Concessão,2026-07-01,2929305,18641,18146,18103,277,58,0,0,1,105,113,257,29,2,2,0,0,27,0,198,78,17826,0,0,0,0,0,0,0,,,,,8,9,",000000000",",000000000",90,1,22,0,731,,",600000000",",000000000",,0,12,4,2,4,1,,86,,",000000000",2026-09-16 04:03:10.053000000
2026-09-16,15139629000194,Neoenergia Coelba,COMPANHIA DE ELETRICIDADE DO ESTADO DA BAHIA,Concessão,2023-04-01,2902807,12035,11804,11857,69,10,0,0,6,28,25,8,16,2,1,1,0,14,0,48,15,11788,0,0,0,0,0,0,0,,,,,0,0,",000000000",",000000000",29,1,18,0,396,,"2,820000000",",000000000",,0,13,8,2,5,2,,48,,",000000000",2026-09-16 04:03:09.927000000
2026-09-16,15139629000194,Neoenergia Coelba,COMPANHIA DE ELETRICIDADE DO ESTADO DA BAHIA,Concessão,2024-10-01,1707009,1,1,1,0,0,0,0,0,0,0,0,0,0,0,0,0,0,0,0,0,1,0,0,0,0,0,0,0,,,,,0,0,",000000000",",000000000",0,0,23,0,0,,",000000000",",000000000",,0,,,,,,,,,",000000000",2026-09-16 04:03:09.960000000
2026-09-16,15139629000194,Neoenergia Coelba,COMPANHIA DE ELETRICIDADE DO ESTADO DA BAHIA,Concessão,2025-03-01,2910107,6271,6080,6083,64,1,0,0,1,29,33,50,10,7,6,1,0,3,0,49,14,6019,0,0,0,0,0,0,0,,,,,1,0,",000000000",",000000000",70,1,20,0,108,,",004700000",",000000000",,0,12,1,,1,,,20,,",000000000",2026-09-16 04:03:10.020000000
2026-09-16,15139629000194,Neoenergia Coelba,COMPANHIA DE ELETRICIDADE DO ESTADO DA BAHIA,Concessão,2026-07-01,2929255,10940,10651,10583,390,205,0,0,1,98,86,288,99,14,10,4,0,85,0,232,157,10192,1,0,1,0,0,0,0,,,,,0,0,",000000000",",000000000",21,1,22,0,274,,"1,030000000",",000000000",,0,,,,,,,32,,",000000000",2026-09-16 04:03:10.053000000
2026-09-16,15139629000194,Neoenergia Coelba,COMPANHIA DE ELETRICIDADE DO ESTADO DA BAHIA,Concessão,2023-04-01,2902708,19706,19433,19328,192,40,0,0,3,59,90,14,54,5,5,0,0,4,45,157,32,19136,0,0,0,0,0,0,0,,,,,0,0,",000000000",",000000000",95,1,18,0,282,,"4,910000000",",000000000",,0,21,13,32,37,26,,193,,",000000000",2026-09-16 04:03:09.927000000
2026-09-16,15139629000194,Neoenergia Coelba,COMPANHIA DE ELETRICIDADE DO ESTADO DA BAHIA,Concessão,2024-10-01,1712702,0,0,0,0,0,0,0,0,0,0,0,0,0,0,0,0,0,0,0,0,0,0,0,0,0,0,0,0,,,,,0,0,",000000000",",000000000",0,0,23,0,0,,",000000000",",000000000",,0,,,,,,,,,",000000000",2026-09-16 04:03:09.960000000
2026-09-16,15139629000194,Neoenergia Coelba,COMPANHIA DE ELETRICIDADE DO ESTADO DA BAHIA,Concessão,2025-03-01,2910057,28831,28341,28404,1161,5,0,0,4,242,910,724,42,41,40,1,0,1,0,483,674,27243,0,0,0,0,0,0,0,,,,,8,16,"1910,000000000","1930,000000000",173,1,20,0,650,,",002700000",",000000000",,0,50,20,38,40,,,296,,",000000000",2026-09-16 04:03:10.020000000
2026-09-16,15139629000194,Neoenergia Coelba,COMPANHIA DE ELETRICIDADE DO ESTADO DA BAHIA,Concessão,2026-07-01,2929206,15927,15684,15707,446,8,0,0,2,263,173,338,51,48,48,0,0,3,0,403,41,15261,0,0,0,0,0,0,0,,,,,1,9,",000000000",",000000000",117,1,22,0,94,,",930000000",",000000000",,0,3,1,,1,,,221,,",000000000",2026-09-16 04:03:10.053000000
2026-09-16,15139629000194,Neoenergia Coelba,COMPANHIA DE ELETRICIDADE DO ESTADO DA BAHIA,Concessão,2023-04-01,2902658,5505,5458,5474,78,2,0,0,5,36,35,14,11,9,8,1,0,2,0,55,18,5396,0,0,0,0,0,0,0,,,,,2,1,",000000000",",000000000",4,1,18,0,66,,",270000000",",000000000",,0,,,,,,,30,,",000000000",2026-09-16 04:03:09.927000000
2026-09-16,15139629000194,Neoenergia Coelba,COMPANHIA DE ELETRICIDADE DO ESTADO DA BAHIA,Concessão,2024-10-01,2702405,1420,1402,1402,12,7,0,0,1,3,1,7,4,0,0,0,0,4,0,8,3,1390,0,0,0,0,0,0,0,,,,,0,0,",000000000",",000000000",7,0,23,0,0,,",000000000",",000000000",,0,10,9,3,3,,,1,,",000000000",2026-09-16 04:03:09.960000000
2026-09-16,15139629000194,Neoenergia Coelba,COMPANHIA DE ELETRICIDADE DO ESTADO DA BAHIA,Concessão,2025-03-01,1707009,1,1,1,0,0,0,0,0,0,0,0,0,0,0,0,0,0,0,0,0,1,0,0,0,0,0,0,0,,,,,0,0,",000000000",",000000000",0,0,20,0,0,,",000000000",",000000000",,0,,,,,,,,,",000000000",2026-09-16 04:03:10.020000000
2026-09-16,15139629000194,Neoenergia Coelba,COMPANHIA DE ELETRICIDADE DO ESTADO DA BAHIA,Concessão,2026-07-01,2932309,7491,7330,7346,82,34,0,0,2,35,11,62,24,10,6,4,0,14,0,65,15,7264,0,0,0,0,0,0,0,,,,,1,3,",000000000","1329,050000000",21,1,22,0,332,,"1,570000000",",000000000",,0,13,4,,1,,,72,,",000000000",2026-09-16 04:03:10.053000000
2026-09-16,15139629000194,Neoenergia Coelba,COMPANHIA DE ELETRICIDADE DO ESTADO DA BAHIA,Concessão,2023-04-01,2902609,8959,8851,8861,48,0,10,0,2,2,34,7,11,1,1,0,0,0,10,37,9,8813,0,0,0,0,0,0,0,,,,,2,2,",000000000","2366,820000000",17,1,18,0,53,,",940000000",",000000000",,0,3,1,,3,,,34,,",000000000",2026-09-16 04:03:09.927000000
2026-09-16,15139629000194,Neoenergia Coelba,COMPANHIA DE ELETRICIDADE DO ESTADO DA BAHIA,Concessão,2024-10-01,2933406,4604,4475,4475,35,5,0,0,1,20,9,30,10,3,3,0,0,7,0,26,8,4440,0,0,0,0,0,0,0,,,,,0,0,",000000000",",000000000",12,1,23,0,66,,",003300000",",000000000",,0,3,1,3,3,3,,52,,",000000000",2026-09-16 04:03:09.960000000
2026-09-16,15139629000194,Neoenergia Coelba,COMPANHIA DE ELETRICIDADE DO ESTADO DA BAHIA,Concessão,2025-03-01,2702405,1606,1464,1468,19,10,0,0,1,4,4,22,13,11,11,0,0,2,0,15,3,1449,0,0,0,0,0,0,0,,,,,0,0,",000000000",",000000000",5,0,20,0,0,,",000000000",",000000000",,0,1,1,2,2,,,5,,",000000000",2026-09-16 04:03:10.020000000
2026-09-16,15139629000194,Neoenergia Coelba,COMPANHIA DE ELETRICIDADE DO ESTADO DA BAHIA,Concessão,2026-07-01,2929008,4338,4261,4260,61,26,0,0,1,9,25,76,3,1,1,0,0,2,0,51,9,4199,0,0,0,0,0,0,0,,,,,0,3,",000000000",",000000000",22,1,22,0,70,,",520000000",",000000000",,0,,,,,,,23,,",000000000",2026-09-16 04:03:10.053000000
2026-09-16,15139629000194,Neoenergia Coelba,COMPANHIA DE ELETRICIDADE DO ESTADO DA BAHIA,Concessão,2023-04-01,2902500,6242,6162,6183,32,3,1,0,2,11,15,5,23,1,1,0,0,1,21,22,8,6151,0,0,0,0,0,0,0,,,,,0,0,",000000000",",000000000",9,1,18,0,39,,"6,380000000",",000000000",,0,14,5,2,2,2,,32,,",000000000",2026-09-16 04:03:09.927000000
2026-09-16,15139629000194,Neoenergia Coelba,COMPANHIA DE ELETRICIDADE DO ESTADO DA BAHIA,Concessão,2024-10-01,2933307,190635,187685,187685,1143,62,0,0,56,697,328,1817,307,107,93,14,0,200,0,857,230,186541,1,0,1,0,0,0,0,,,,,45,31,"2055,000000000","390,000000000",646,1,23,0,4828,,",008300000",",000000000",,0,174,26,44,50,29,,1423,5,",000000000",2026-09-16 04:03:09.960000000
2026-09-16,15139629000194,Neoenergia Coelba,COMPANHIA DE ELETRICIDADE DO ESTADO DA BAHIA,Concessão,2025-03-01,2910008,5004,4937,4938,75,54,0,0,1,3,17,14,32,5,5,0,0,27,0,56,18,4863,0,0,0,0,0,0,0,,,,,0,0,",000000000",",000000000",9,1,20,0,204,,",004400000",",000000000",,0,1,,,,,,47,,",000000000",2026-09-16 04:03:10.020000000
2026-09-16,15139629000194,Neoenergia Coelba,COMPANHIA DE ELETRICIDADE DO ESTADO DA BAHIA,Concessão,2026-07-01,2932408,7966,7746,7762,343,104,0,0,1,129,109,98,57,15,15,0,0,42,0,269,73,7419,0,0,0,0,0,0,0,,,,,1,1,",000000000",",000000000",17,1,22,0,116,,"1,050000000",",000000000",,0,2,,,,,,62,,",000000000",2026-09-16 04:03:10.053000000
2026-09-16,15139629000194,Neoenergia Coelba,COMPANHIA DE ELETRICIDADE DO ESTADO DA BAHIA,Concessão,2023-04-01,2902054,4586,4527,4536,51,0,0,0,1,22,28,14,7,7,7,0,0,0,0,42,8,4485,0,0,0,0,0,0,0,,,,,3,0,",000000000","2207,000000000",13,1,18,0,131,,"2,970000000",",000000000",,0,10,5,1,1,,,63,,",000000000",2026-09-16 04:03:09.927000000
2026-09-16,15139629000194,Neoenergia Coelba,COMPANHIA DE ELETRICIDADE DO ESTADO DA BAHIA,Concessão,2024-10-01,2933257,2685,2652,2652,82,27,0,0,1,38,16,29,17,10,9,1,0,7,0,59,22,2570,0,0,0,0,0,0,0,,,,,0,0,",000000000",",000000000",6,1,23,0,204,,",005600000",",000000000",,0,6,4,,,,,11,,",000000000",2026-09-16 04:03:09.960000000
2026-09-16,15139629000194,Neoenergia Coelba,COMPANHIA DE ELETRICIDADE DO ESTADO DA BAHIA,Concessão,2025-03-01,2909901,13648,13292,13182,329,117,0,0,2,91,119,161,130,17,16,1,0,113,0,253,74,12853,0,0,0,0,0,0,0,,,,,0,0,",000000000",",000000000",56,1,20,0,372,,",001400000",",000000000",,0,2,2,9,12,5,,133,,",000000000",2026-09-16 04:03:10.020000000
2026-09-16,15139629000194,Neoenergia Coelba,COMPANHIA DE ELETRICIDADE DO ESTADO DA BAHIA,Concessão,2026-07-01,2932507,8211,8059,7951,304,111,0,0,1,125,67,117,47,10,10,0,0,37,0,245,58,7647,0,0,0,0,0,0,0,,,,,1,1,",000000000",",000000000",27,1,22,0,77,,",630000000",",000000000",,0,,,,,,,128,,",000000000",2026-09-16 04:03:10.053000000
2026-09-16,15139629000194,Neoenergia Coelba,COMPANHIA DE ELETRICIDADE DO ESTADO DA BAHIA,Concessão,2023-04-01,2901957,3208,3166,3219,197,126,0,0,1,60,10,4,2,2,2,0,0,0,0,147,49,3022,0,0,0,0,0,0,0,,,,,0,0,",000000000","3202,020000000",1,1,18,0,48,,"8,810000000",",000000000",,0,1,1,,,,,33,,",000000000",2026-09-16 04:03:09.927000000
2026-09-16,15139629000194,Neoenergia Coelba,COMPANHIA DE ELETRICIDADE DO ESTADO DA BAHIA,Concessão,2024-10-01,2933208,35119,34537,34537,251,21,0,0,3,55,172,771,200,189,151,38,0,11,0,174,74,34286,0,0,0,0,0,0,0,,,,,9,6,",000000000",",000000000",121,2,23,0,183,,",004300000",",000000000",,0,114,74,21,32,7,,328,,",000000000",2026-09-16 04:03:09.960000000
2026-09-16,15139629000194,Neoenergia Coelba,COMPANHIA DE ELETRICIDADE DO ESTADO DA BAHIA,Concessão,2025-03-01,2917706,18173,17844,17856,178,37,0,0,1,65,75,61,66,7,6,1,0,59,0,135,42,17678,0,0,0,0,0,0,0,,,,,0,1,",000000000",",000000000",73,2,20,0,406,,",001100000",",000000000",,0,11,,1,1,,,96,,",000000000",2026-09-16 04:03:10.020000000
2026-09-16,15139629000194,Neoenergia Coelba,COMPANHIA DE ELETRICIDADE DO ESTADO DA BAHIA,Concessão,2026-07-01,2933109,5050,4945,4942,48,5,0,0,1,12,30,41,15,11,11,0,0,4,0,38,9,4894,0,0,0,0,0,0,0,,,,,0,1,",000000000",",000000000",6,1,22,0,121,,",370000000",",000000000",,0,2,1,,1,,,44,,",000000000",2026-09-16 04:03:10.053000000
2026-09-16,15139629000194,Neoenergia Coelba,COMPANHIA DE ELETRICIDADE DO ESTADO DA BAHIA,Concessão,2023-04-01,2901908,6685,6632,6649,66,0,0,0,2,35,29,4,2,1,1,0,0,1,0,52,12,6583,0,0,0,0,0,0,0,,,,,0,0,",000000000",",000000000",23,1,18,0,144,,"2,850000000",",000000000",,0,5,2,,,,,46,,",000000000",2026-09-16 04:03:09.927000000
2026-09-16,15139629000194,Neoenergia Coelba,COMPANHIA DE ELETRICIDADE DO ESTADO DA BAHIA,Concessão,2024-10-01,2933174,4489,4415,4415,26,0,0,0,1,9,16,37,5,5,5,0,0,0,0,22,3,4389,0,0,0,0,0,0,0,,,,,0,1,",000000000",",000000000",17,1,23,0,104,,",004300000",",000000000",,0,10,2,,,,,33,,",000000000",2026-09-16 04:03:09.960000000
2026-09-16,15139629000194,Neoenergia Coelba,COMPANHIA DE ELETRICIDADE DO ESTADO DA BAHIA,Concessão,2025-03-01,2917607,22942,22462,22493,174,11,0,0,1,112,50,79,11,9,8,1,0,2,0,135,38,22319,0,0,0,0,0,0,0,,,,,0,0,",000000000",",000000000",102,2,20,0,994,,",004100000",",000000000",,0,20,6,20,21,7,,247,,",000000000",2026-09-16 04:03:10.020000000
2026-09-16,15139629000194,Neoenergia Coelba,COMPANHIA DE ELETRICIDADE DO ESTADO DA BAHIA,Concessão,2026-07-01,2933604,20669,19938,19321,385,87,0,0,0,76,222,310,38,19,17,2,0,19,0,316,69,18936,0,0,0,0,0,0,0,,,,,2,12,",000000000",",000000000",34,1,22,0,418,,",230000000",",000000000",,0,1,1,,,,,74,,",000000000",2026-09-16 04:03:10.053000000
2026-09-16,15139629000194,Neoenergia Coelba,COMPANHIA DE ELETRICIDADE DO ESTADO DA BAHIA,Concessão,2023-04-01,2901809,4407,4329,4347,20,2,0,0,1,12,5,3,21,1,1,0,0,8,12,16,3,4327,0,0,0,0,0,0,0,,,,,0,0,",000000000",",000000000",42,1,18,0,18,,"7,320000000",",000000000",,0,10,2,1,2,1,,38,,",000000000",2026-09-16 04:03:09.927000000
2026-09-16,15139629000194,Neoenergia Coelba,COMPANHIA DE ELETRICIDADE DO ESTADO DA BAHIA,Concessão,2024-10-01,2933158,6934,6830,6830,31,2,0,0,1,8,20,133,89,76,76,0,0,13,0,21,9,6799,0,0,0,0,0,0,0,,,,,0,0,",000000000",",000000000",10,1,23,0,108,,",003000000",",000000000",,0,3,2,2,2,,,60,,",000000000",2026-09-16 04:03:09.960000000
2026-09-16,15139629000194,Neoenergia Coelba,COMPANHIA DE ELETRICIDADE DO ESTADO DA BAHIA,Concessão,2025-03-01,2917508,48709,47768,47815,391,68,0,0,2,100,221,212,73,33,31,2,0,40,0,297,92,47424,0,0,0,0,0,0,0,,,,,5,4,",000000000",",000000000",186,2,20,0,1112,,",001100000",",000000000",,0,27,10,28,29,7,,499,,",000000000",2026-09-16 04:03:10.020000000
2026-09-16,15139629000194,Neoenergia Coelba,COMPANHIA DE ELETRICIDADE DO ESTADO DA BAHIA,Concessão,2026-07-01,2933505,8846,8494,8506,350,132,0,0,2,159,57,89,353,5,5,0,0,348,0,242,106,8156,0,0,0,0,0,0,0,,,,,0,0,",000000000",",000000000",12,1,22,0,146,,",400000000",",000000000",,0,9,,,,,,83,,",000000000",2026-09-16 04:03:10.053000000
2026-09-16,15139629000194,Neoenergia Coelba,COMPANHIA DE ELETRICIDADE DO ESTADO DA BAHIA,Concessão,2023-04-01,2901700,4132,4062,4074,58,14,0,0,3,19,22,5,9,0,0,0,0,9,0,48,7,4016,0,0,0,0,0,0,0,,,,,0,3,",000000000",",000000000",14,1,18,0,66,,"4,260000000",",000000000",,0,2,,2,2,2,,10,,",000000000",2026-09-16 04:03:09.927000000
2026-09-16,15139629000194,Neoenergia Coelba,COMPANHIA DE ELETRICIDADE DO ESTADO DA BAHIA,Concessão,2024-10-01,2933109,4831,4755,4755,17,4,0,0,1,3,9,156,99,98,98,0,0,1,0,7,9,4738,0,0,0,0,0,0,0,,,,,1,1,",000000000",",000000000",13,1,23,0,0,,",000000000",",000000000",,0,2,2,,,,,21,,",000000000",2026-09-16 04:03:09.960000000
2026-09-16,15139629000194,Neoenergia Coelba,COMPANHIA DE ELETRICIDADE DO ESTADO DA BAHIA,Concessão,2025-03-01,2917409,7026,6828,6809,175,94,0,0,1,14,66,52,77,13,11,2,0,64,0,120,54,6634,0,0,0,0,0,0,0,,,,,2,0,",000000000",",000000000",26,1,20,0,244,,",003800000",",000000000",,0,,,4,4,4,,20,,",000000000",2026-09-16 04:03:10.020000000
2026-09-16,15139629000194,Neoenergia Coelba,COMPANHIA DE ELETRICIDADE DO ESTADO DA BAHIA,Concessão,2026-07-01,2933455,6277,6104,6026,111,25,0,0,1,40,45,63,36,25,22,3,0,11,0,87,23,5915,0,0,0,0,0,0,0,,,,,3,4,",000000000",",000000000",17,1,22,0,166,,"1,830000000",",000000000",,0,,,,,,,20,,",000000000",2026-09-16 04:03:10.053000000
2026-09-16,15139629000194,Neoenergia Coelba,COMPANHIA DE ELETRICIDADE DO ESTADO DA BAHIA,Concessão,2023-04-01,2901601,5720,5622,5636,41,0,0,0,3,21,17,6,3,1,1,0,0,2,0,32,6,5595,0,0,0,0,0,0,0,,,,,0,0,",000000000",",000000000",1,1,18,0,116,,"6,080000000",",000000000",,0,6,2,,,,,32,,",000000000",2026-09-16 04:03:09.927000000
2026-09-16,15139629000194,Neoenergia Coelba,COMPANHIA DE ELETRICIDADE DO ESTADO DA BAHIA,Concessão,2024-10-01,2933059,7076,6989,6989,26,0,0,0,2,12,12,176,63,63,63,0,0,0,0,19,5,6963,0,0,0,0,0,0,0,,,,,1,1,",000000000",",000000000",11,1,23,0,65,,",005000000",",000000000",,0,5,1,,,,,61,,",000000000",2026-09-16 04:03:09.960000000
2026-09-16,15139629000194,Neoenergia Coelba,COMPANHIA DE ELETRICIDADE DO ESTADO DA BAHIA,Concessão,2025-03-01,2917359,4816,4686,4655,62,3,0,0,1,18,40,10,9,3,1,2,0,6,0,49,12,4593,0,0,0,0,0,0,0,,,,,1,1,",000000000",",000000000",25,1,20,0,50,,",007500000",",000000000",,0,2,1,3,3,,,23,,",000000000",2026-09-16 04:03:10.020000000
2026-09-16,15139629000194,Neoenergia Coelba,COMPANHIA DE ELETRICIDADE DO ESTADO DA BAHIA,Concessão,2026-07-01,2933406,4786,4646,4604,51,16,0,0,1,15,19,37,25,16,16,0,0,9,0,44,6,4553,0,0,0,0,0,0,0,,,,,0,1,",000000000",",000000000",6,1,22,0,94,,"1,120000000",",000000000",,0,1,,,,,,14,,",000000000",2026-09-16 04:03:10.053000000
2026-09-16,15139629000194,Neoenergia Coelba,COMPANHIA DE ELETRICIDADE DO ESTADO DA BAHIA,Concessão,2023-04-01,2901403,6973,6893,6924,101,36,0,0,1,51,13,15,88,7,6,1,0,3,78,78,22,6823,0,0,0,0,0,0,0,,,,,0,0,",000000000",",000000000",11,1,18,0,8,,"1,800000000",",000000000",,0,13,3,3,3,3,,71,,",000000000",2026-09-16 04:03:09.927000000
2026-09-16,15139629000194,Neoenergia Coelba,COMPANHIA DE ELETRICIDADE DO ESTADO DA BAHIA,Concessão,2024-10-01,2933000,10869,10745,10745,62,0,0,0,1,22,39,158,84,84,84,0,0,0,0,43,18,10683,0,0,0,0,0,0,0,,,,,1,0,",000000000","446,000000000",26,1,23,0,228,,",008600000",",000000000",,0,15,1,7,7,,,56,,",000000000",2026-09-16 04:03:09.960000000
2026-09-16,15139629000194,Neoenergia Coelba,COMPANHIA DE ELETRICIDADE DO ESTADO DA BAHIA,Concessão,2025-03-01,2917334,5298,5130,5136,197,104,0,0,1,36,56,39,101,11,6,5,0,90,0,153,43,4939,0,0,0,0,0,0,0,,,,,1,1,",000000000",",000000000",52,1,20,0,125,,",001200000",",000000000",,0,6,4,1,1,1,,50,,",000000000",2026-09-16 04:03:10.020000000
2026-09-16,15139629000194,Neoenergia Coelba,COMPANHIA DE ELETRICIDADE DO ESTADO DA BAHIA,Concessão,2026-07-01,2933059,7346,7218,7223,47,0,0,0,1,11,35,51,1,1,1,0,0,0,0,40,6,7176,0,0,0,0,0,0,0,,,,,1,0,",000000000",",000000000",13,1,22,0,117,,",350000000",",000000000",,0,2,,,,,,38,,",000000000",2026-09-16 04:03:10.053000000
2026-09-16,15139629000194,Neoenergia Coelba,COMPANHIA DE ELETRICIDADE DO ESTADO DA BAHIA,Concessão,2023-04-01,2901502,3410,3369,3379,38,4,0,0,2,10,22,3,4,0,0,0,0,4,0,32,4,3341,0,0,0,0,0,0,0,,,,,0,0,",000000000",",000000000",10,1,18,0,68,,"11,880000000",",000000000",,0,9,2,13,17,9,,34,,",000000000",2026-09-16 04:03:09.927000000
2026-09-16,15139629000194,Neoenergia Coelba,COMPANHIA DE ELETRICIDADE DO ESTADO DA BAHIA,Concessão,2024-10-01,2932903,40338,39824,39824,624,157,0,0,7,296,164,1397,561,299,51,248,0,262,0,504,113,39200,0,0,0,0,0,0,0,,,,,13,5,"1200,000000000","2420,000000000",183,1,23,0,1627,,",005100000",",000000000",,0,66,3,2,2,,,464,1,",000000000",2026-09-16 04:03:09.960000000
2026-09-16,15139629000194,Neoenergia Coelba,COMPANHIA DE ELETRICIDADE DO ESTADO DA BAHIA,Concessão,2025-03-01,2911303,5581,5468,5445,61,7,0,0,1,16,37,27,11,4,3,1,0,7,0,48,12,5384,0,0,0,0,0,0,0,,,,,0,0,",000000000","1900,000000000",4,1,20,0,75,,",001300000",",000000000",,0,3,,,,,,14,,",000000000",2026-09-16 04:03:10.020000000
2026-09-16,15139629000194,Neoenergia Coelba,COMPANHIA DE ELETRICIDADE DO ESTADO DA BAHIA,Concessão,2026-07-01,2933000,11076,10881,10903,103,0,0,0,1,38,64,95,5,4,4,0,0,1,0,88,14,10800,0,0,0,0,0,0,0,,,,,0,2,",000000000",",000000000",14,1,22,0,210,,",370000000",",000000000",,0,5,3,1,1,,,9,,",000000000",2026-09-16 04:03:10.053000000
2026-09-16,15139629000194,Neoenergia Coelba,COMPANHIA DE ELETRICIDADE DO ESTADO DA BAHIA,Concessão,2023-04-01,2904753,7815,7728,7718,66,4,0,0,1,15,46,2,10,1,1,0,0,0,9,57,8,7652,0,0,0,0,0,0,0,,,,,0,0,",000000000",",000000000",10,1,18,0,135,,"4,780000000",",000000000",,0,9,4,4,8,4,,46,,",000000000",2026-09-16 04:03:09.927000000
2026-09-16,15139629000194,Neoenergia Coelba,COMPANHIA DE ELETRICIDADE DO ESTADO DA BAHIA,Concessão,2024-10-01,2932804,8670,8491,8491,45,6,0,0,1,19,19,128,10,8,8,0,0,2,0,32,12,8446,0,0,0,0,0,0,0,,,,,2,1,",000000000",",000000000",15,1,23,0,413,,",007500000",",000000000",,0,6,1,,,,,94,,",000000000",2026-09-16 04:03:09.960000000
2026-09-16,15139629000194,Neoenergia Coelba,COMPANHIA DE ELETRICIDADE DO ESTADO DA BAHIA,Concessão,2025-03-01,2911253,2437,2390,2399,15,0,0,0,1,5,9,10,3,1,1,0,0,2,0,10,4,2384,0,0,0,0,0,0,0,,,,,0,0,",000000000",",000000000",4,1,20,0,116,,",002300000",",000000000",,0,1,,2,2,,,9,,",000000000",2026-09-16 04:03:10.020000000
2026-09-16,15139629000194,Neoenergia Coelba,COMPANHIA DE ELETRICIDADE DO ESTADO DA BAHIA,Concessão,2026-07-01,2932903,42499,41647,41709,857,269,0,0,7,355,226,1518,254,122,19,103,0,132,0,669,181,40852,0,0,0,0,0,0,0,,,,,18,25,"600,000000000","1100,000000000",117,1,22,0,1849,,"1,330000000",",000000000",,0,15,3,1,2,,,450,,",000000000",2026-09-16 04:03:10.053000000
2026-09-16,15139629000194,Neoenergia Coelba,COMPANHIA DE ELETRICIDADE DO ESTADO DA BAHIA,Concessão,2023-04-01,2904803,3044,3010,2952,20,1,8,0,2,0,9,16,13,13,13,0,0,0,0,15,3,2932,0,0,0,0,0,0,0,,,,,1,0,",000000000",",000000000",15,1,18,0,31,,"13,220000000",",000000000",,0,6,,,,,,12,,",000000000",2026-09-16 04:03:09.927000000
2026-09-16,15139629000194,Neoenergia Coelba,COMPANHIA DE ELETRICIDADE DO ESTADO DA BAHIA,Concessão,2024-10-01,2924603,9115,8933,8933,67,7,0,0,2,25,33,76,48,37,37,0,0,11,0,52,13,8866,0,0,0,0,0,0,0,,,,,0,0,",000000000",",000000000",14,1,23,0,113,,",004200000",",000000000",,0,11,4,8,8,,,73,,",000000000",2026-09-16 04:03:09.960000000
2026-09-16,15139629000194,Neoenergia Coelba,COMPANHIA DE ELETRICIDADE DO ESTADO DA BAHIA,Concessão,2025-03-01,2911204,12693,12434,12440,156,70,0,0,4,45,37,42,181,5,3,2,0,176,0,113,39,12284,0,0,0,0,0,0,0,,,,,3,1,"2829,600000000",",000000000",42,1,20,0,565,,",003900000",",000000000",,0,1,1,9,9,,,183,,",000000000",2026-09-16 04:03:10.020000000
2026-09-16,15139629000194,Neoenergia Coelba,COMPANHIA DE ELETRICIDADE DO ESTADO DA BAHIA,Concessão,2026-07-01,2932804,9111,8853,8874,106,37,0,0,1,29,39,70,16,6,6,0,0,10,0,71,34,8768,0,0,0,0,0,0,0,,,,,0,0,",000000000",",000000000",9,1,22,0,346,,",530000000",",000000000",,0,1,,,1,,,50,,",000000000",2026-09-16 04:03:10.053000000
2026-09-16,15139629000194,Neoenergia Coelba,COMPANHIA DE ELETRICIDADE DO ESTADO DA BAHIA,Concessão,2023-04-01,2904852,4970,4872,4887,29,0,0,0,1,9,19,28,1,1,1,0,0,0,0,25,3,4858,0,0,0,0,0,0,0,,,,,0,0,",000000000",",000000000",28,1,18,0,78,,"11,510000000",",000000000",,0,9,6,,3,,,50,,",000000000",2026-09-16 04:03:09.927000000
2026-09-16,15139629000194,Neoenergia Coelba,COMPANHIA DE ELETRICIDADE DO ESTADO DA BAHIA,Concessão,2024-10-01,2924504,7634,7471,7471,280,182,0,0,4,58,36,79,136,17,12,5,0,119,0,197,79,7191,0,0,0,0,0,0,0,,,,,0,0,",000000000",",000000000",37,1,23,0,194,,",001700000",",000000000",,0,7,,,,,,14,,",000000000",2026-09-16 04:03:09.960000000
2026-09-16,15139629000194,Neoenergia Coelba,COMPANHIA DE ELETRICIDADE DO ESTADO DA BAHIA,Concessão,2025-03-01,2911105,11620,11343,11047,159,64,0,0,2,27,66,43,12,4,4,0,0,8,0,132,25,10888,0,0,0,1,1,0,0,"33759,000000000","33759,000000000",",000000000",",000000000",8,3,"2028,000000000",",000000000",15,1,20,0,339,,",002900000",",000000000",,0,8,3,3,4,,,225,,",000000000",2026-09-16 04:03:10.020000000
2026-09-16,15139629000194,Neoenergia Coelba,COMPANHIA DE ELETRICIDADE DO ESTADO DA BAHIA,Concessão,2026-07-01,2932705,9532,9361,9371,223,59,0,0,1,126,37,142,66,16,14,2,0,50,0,165,57,9148,0,0,0,0,0,0,0,,,,,3,4,",000000000",",000000000",87,1,22,0,164,,",650000000",",000000000",,0,1,,,,,,187,,",000000000",2026-09-16 04:03:10.053000000
2026-09-16,15139629000194,Neoenergia Coelba,COMPANHIA DE ELETRICIDADE DO ESTADO DA BAHIA,Concessão,2023-04-01,2904902,13336,13168,13212,152,73,0,0,1,50,28,17,28,2,2,0,0,26,0,121,30,13060,0,0,0,0,0,0,0,,,,,4,2,",000000000",",000000000",81,1,18,0,541,,"2,650000000",",000000000",,0,20,1,,2,,,83,,",000000000",2026-09-16 04:03:09.927000000
2026-09-16,15139629000194,Neoenergia Coelba,COMPANHIA DE ELETRICIDADE DO ESTADO DA BAHIA,Concessão,2024-10-01,2924405,11841,9283,9283,125,2,0,0,1,34,88,50,17,13,13,0,0,4,0,106,18,9158,0,0,0,0,0,0,0,,,,,2,2,",000000000",",000000000",37,2,23,0,119,,",028700000",",000000000",,0,35,21,1,7,,,121,,",000000000",2026-09-16 04:03:09.960000000
2026-09-16,15139629000194,Neoenergia Coelba,COMPANHIA DE ELETRICIDADE DO ESTADO DA BAHIA,Concessão,2025-03-01,2911006,4462,4384,4393,48,39,0,0,1,4,4,14,47,5,5,0,0,42,0,38,9,4345,0,0,0,0,0,0,0,,,,,0,0,",000000000",",000000000",18,1,20,0,34,,",001100000",",000000000",,0,7,1,,,,,55,,",000000000",2026-09-16 04:03:10.020000000
2026-09-16,15139629000194,Neoenergia Coelba,COMPANHIA DE ELETRICIDADE DO ESTADO DA BAHIA,Concessão,2026-07-01,2932606,8291,8069,8025,191,93,0,0,1,46,51,102,83,18,16,2,0,65,0,127,63,7834,0,0,0,0,0,0,0,,,,,0,0,",000000000",",000000000",22,1,22,0,151,,",670000000",",000000000",,0,11,2,,1,,,55,,",000000000",2026-09-16 04:03:10.053000000
2026-09-16,15139629000194,Neoenergia Coelba,COMPANHIA DE ELETRICIDADE DO ESTADO DA BAHIA,Concessão,2023-04-01,2902906,15478,15197,15107,150,40,70,0,4,0,36,31,25,6,5,1,0,16,3,123,23,14957,0,0,0,0,0,0,0,,,,,4,3,",000000000","1896,300000000",103,1,18,0,352,,",880000000",",000000000",,0,10,8,5,10,4,,127,,",000000000",2026-09-16 04:03:09.927000000
2026-09-16,15139629000194,Neoenergia Coelba,COMPANHIA DE ELETRICIDADE DO ESTADO DA BAHIA,Concessão,2024-10-01,2933604,19356,18315,18315,152,37,0,0,1,42,72,189,28,14,14,0,0,14,0,112,39,18163,0,0,0,0,0,0,0,,,,,1,0,",000000000","1850,000000000",88,1,23,0,132,,",001400000",",000000000",,0,20,,3,3,2,,125,,",000000000",2026-09-16 04:03:09.960000000
2026-09-16,15139629000194,Neoenergia Coelba,COMPANHIA DE ELETRICIDADE DO ESTADO DA BAHIA,Concessão,2025-03-01,2917805,7511,7388,7385,59,4,0,0,2,27,26,25,2,1,1,0,0,1,0,46,11,7326,0,0,0,0,0,0,0,,,,,5,2,"420,000000000",",000000000",19,1,20,0,29,,",005200000",",000000000",,0,15,11,6,6,,,63,,",000000000",2026-09-16 04:03:10.020000000
2026-09-16,15139629000194,Neoenergia Coelba,COMPANHIA DE ELETRICIDADE DO ESTADO DA BAHIA,Concessão,2026-07-01,2932457,7277,7093,7103,93,1,0,0,1,66,25,65,9,8,7,1,0,1,0,75,17,7010,0,0,0,0,0,0,0,,,,,0,1,",000000000",",000000000",11,1,22,0,106,,",380000000",",000000000",,0,,,,,,,53,,",000000000",2026-09-16 04:03:10.053000000
2026-09-16,15139629000194,Neoenergia Coelba,COMPANHIA DE ELETRICIDADE DO ESTADO DA BAHIA,Concessão,2023-04-01,2902005,6177,6068,6073,65,8,0,0,2,41,14,8,6,3,3,0,0,3,0,47,16,6008,0,0,0,0,0,0,0,,,,,0,0,",000000000",",000000000",16,1,18,0,190,,"6,970000000",",000000000",,0,15,3,,6,,,42,,",000000000",2026-09-16 04:03:09.927000000
2026-09-16,15139629000194,Neoenergia Coelba,COMPANHIA DE ELETRICIDADE DO ESTADO DA BAHIA,Concessão,2024-10-01,2933505,8002,7835,7835,173,108,0,0,1,32,32,84,358,19,9,10,0,339,0,123,49,7662,0,0,0,0,0,0,0,,,,,1,0,",000000000",",000000000",16,1,23,0,113,,",005300000",",000000000",,0,2,2,2,3,,,82,,",000000000",2026-09-16 04:03:09.960000000
2026-09-16,15139629000194,Neoenergia Coelba,COMPANHIA DE ELETRICIDADE DO ESTADO DA BAHIA,Concessão,2025-03-01,2917904,4,0,0,0,0,0,0,0,0,0,0,0,0,0,0,0,0,0,0,0,0,0,0,0,0,0,0,0,,,,,0,0,",000000000",",000000000",0,0,20,0,0,,",000000000",",000000000",,0,,,,,,,,,",000000000",2026-09-16 04:03:10.020000000
2026-09-16,15139629000194,Neoenergia Coelba,COMPANHIA DE ELETRICIDADE DO ESTADO DA BAHIA,Concessão,2025-09-01,2901700,4392,4287,4294,55,9,0,0,1,31,14,35,7,0,0,0,0,7,0,37,17,4239,0,0,0,0,0,0,0,,,,,0,0,",000000000",",000000000",4,1,21,0,186,,",000162037",",000000000",,0,2,,1,1,,,19,,",000000000",2026-09-16 04:03:10.053000000
2026-09-16,15139629000194,Neoenergia Coelba,COMPANHIA DE ELETRICIDADE DO ESTADO DA BAHIA,Concessão,2023-04-01,2902104,20849,20531,20600,158,3,0,0,6,81,68,23,11,10,10,0,0,1,0,126,26,20442,0,0,0,0,0,0,0,,,,,1,2,",000000000","1060,000000000",53,1,18,0,848,,"4,180000000",",000000000",,0,46,14,20,24,5,,102,,",000000000",2026-09-16 04:03:09.927000000
2026-09-16,15139629000194,Neoenergia Coelba,COMPANHIA DE ELETRICIDADE DO ESTADO DA BAHIA,Concessão,2024-10-01,2933455,6050,5840,5840,70,0,0,0,1,24,45,27,4,2,2,0,0,2,0,57,12,5770,0,0,0,0,0,0,0,,,,,0,0,",000000000",",000000000",10,1,23,0,125,,",003700000",",000000000",,0,,,4,4,4,,71,,",000000000",2026-09-16 04:03:09.960000000
2026-09-16,15139629000194,Neoenergia Coelba,COMPANHIA DE ELETRICIDADE DO ESTADO DA BAHIA,Concessão,2025-03-01,2918001,76590,75206,75353,639,84,0,0,24,293,238,1160,272,153,122,31,0,119,0,507,108,74712,2,0,2,0,0,0,0,,,,,8,10,",000000000","9963,000000000",507,1,20,0,2990,,",006300000",",000000000",,0,97,31,59,61,10,,486,,",000000000",2026-09-16 04:03:10.020000000
2026-09-16,15139629000194,Neoenergia Coelba,COMPANHIA DE ELETRICIDADE DO ESTADO DA BAHIA,Concessão,2025-11-01,2927408,1141984,1121949,1122248,30502,3820,0,0,602,3775,22305,16799,4343,2387,2109,278,0,1956,0,19586,10314,1091731,15,0,15,0,0,0,0,,,,,842,487,"168481,730000000","371226,450000000",4932,8,23,0,20497,,",005300000",",000000000",,0,1529,674,473,492,205,2,11383,,",000000000",2026-09-16 04:03:10.053000000
2026-09-16,15139629000194,Neoenergia Coelba,COMPANHIA DE ELETRICIDADE DO ESTADO DA BAHIA,Concessão,2023-04-01,2902203,4830,4763,4780,50,0,0,0,1,17,32,10,2,2,2,0,0,0,0,42,7,4730,0,0,0,0,0,0,0,,,,,6,3,",000000000","2399,990000000",3,1,18,0,27,,"4,740000000",",000000000",,0,1,,1,1,1,,12,,",000000000",2026-09-16 04:03:09.927000000
2026-09-16,15139629000194,Neoenergia Coelba,COMPANHIA DE ELETRICIDADE DO ESTADO DA BAHIA,Concessão,2024-10-01,2926657,3993,3842,3842,24,0,0,0,2,18,4,7,1,1,1,0,0,0,0,15,7,3818,0,0,0,0,0,0,0,,,,,1,1,",000000000",",000000000",11,1,23,0,54,,",019300000",",000000000",,0,6,,,,,,21,,",000000000",2026-09-16 04:03:09.960000000
2026-09-16,15139629000194,Neoenergia Coelba,COMPANHIA DE ELETRICIDADE DO ESTADO DA BAHIA,Concessão,2025-03-01,2918209,6570,6390,6411,46,8,0,0,1,19,18,24,10,4,4,0,0,6,0,32,13,6365,0,0,0,0,0,0,0,,,,,1,0,",000000000","770,000000000",37,1,20,0,48,,",005000000",",000000000",,0,5,1,9,9,,,23,,",000000000",2026-09-16 04:03:10.020000000
2026-09-16,15139629000194,Neoenergia Coelba,COMPANHIA DE ELETRICIDADE DO ESTADO DA BAHIA,Concessão,2025-11-01,2927606,6822,6741,6751,66,16,0,0,1,20,29,38,25,10,4,6,0,15,0,47,18,6685,0,0,0,0,0,0,0,,,,,0,0,",000000000",",000000000",40,1,23,0,207,,",001800000",",000000000",,0,4,1,,,,,50,,",000000000",2026-09-16 04:03:10.053000000
2026-09-16,15139629000194,Neoenergia Coelba,COMPANHIA DE ELETRICIDADE DO ESTADO DA BAHIA,Concessão,2023-04-01,2903607,6990,6863,6850,42,0,0,0,1,15,26,5,2,2,2,0,0,0,0,33,8,6808,0,0,0,0,0,0,0,,,,,1,1,",000000000",",000000000",18,1,18,0,126,,"8,420000000",",000000000",,0,11,4,12,12,9,,102,,",000000000",2026-09-16 04:03:09.927000000
2026-09-16,15139629000194,Neoenergia Coelba,COMPANHIA DE ELETRICIDADE DO ESTADO DA BAHIA,Concessão,2024-10-01,2927804,2274,2245,2245,10,1,0,0,1,5,3,4,0,0,0,0,0,0,0,8,1,2235,0,0,0,0,0,0,0,,,,,0,0,",000000000",",000000000",7,1,23,0,142,,",001500000",",000000000",,0,,,6,6,6,,28,,",000000000",2026-09-16 04:03:09.960000000
2026-09-16,15139629000194,Neoenergia Coelba,COMPANHIA DE ELETRICIDADE DO ESTADO DA BAHIA,Concessão,2025-03-01,2900801,12173,11923,11951,340,28,0,0,2,171,139,216,37,20,10,10,0,17,0,261,77,11611,0,0,0,0,0,0,0,,,,,0,0,",000000000",",000000000",31,1,20,0,257,,",004100000",",000000000",,0,22,7,1,1,,,119,,",000000000",2026-09-16 04:03:10.020000000
2026-09-16,15139629000194,Neoenergia Coelba,COMPANHIA DE ELETRICIDADE DO ESTADO DA BAHIA,Concessão,2025-11-01,2906303,15931,15612,15651,507,244,0,0,1,171,91,204,140,35,27,8,0,105,0,352,154,15144,0,0,0,0,0,0,0,,,,,12,8,",000000000","7320,010000000",59,1,23,0,311,,",006500000",",000000000",,0,16,3,5,5,1,,184,,",000000000",2026-09-16 04:03:10.053000000
2026-09-16,15139629000194,Neoenergia Coelba,COMPANHIA DE ELETRICIDADE DO ESTADO DA BAHIA,Concessão,2023-04-01,2903508,8596,8436,8438,29,1,12,0,2,0,14,15,7,2,2,0,0,1,4,25,2,8409,0,0,0,0,0,0,0,,,,,0,0,",000000000",",000000000",45,1,18,0,127,,"5,540000000",",000000000",,0,7,1,3,7,3,,56,,",000000000",2026-09-16 04:03:09.927000000
2026-09-16,15139629000194,Neoenergia Coelba,COMPANHIA DE ELETRICIDADE DO ESTADO DA BAHIA,Concessão,2024-10-01,2927705,12291,12085,12085,138,21,0,0,1,89,27,113,31,24,22,2,0,7,0,97,40,11947,0,0,0,0,0,0,0,,,,,4,4,"911,000000000","1234,000000000",38,1,23,0,1074,,",005200000",",000000000",,0,3,,4,5,3,,96,,",000000000",2026-09-16 04:03:09.960000000
2026-09-16,15139629000194,Neoenergia Coelba,COMPANHIA DE ELETRICIDADE DO ESTADO DA BAHIA,Concessão,2025-03-01,2900702,76113,74862,74970,519,2,0,0,8,253,256,682,144,143,142,1,0,1,0,455,56,74451,0,0,0,0,0,0,0,,,,,16,18,",000000000","5230,000000000",238,1,20,0,3525,,",005400000",",000000000",,0,49,3,4,5,,,662,,",000000000",2026-09-16 04:03:10.020000000
2026-09-16,15139629000194,Neoenergia Coelba,COMPANHIA DE ELETRICIDADE DO ESTADO DA BAHIA,Concessão,2025-11-01,2906402,4068,3980,3987,79,41,0,0,1,9,28,24,16,12,10,2,0,4,0,71,7,3908,0,0,0,0,0,0,0,,,,,1,0,",000000000",",000000000",8,1,23,0,129,,",000300000",",000000000",,0,1,,,,,,20,,",000000000",2026-09-16 04:03:10.053000000
2026-09-16,15139629000194,Neoenergia Coelba,COMPANHIA DE ELETRICIDADE DO ESTADO DA BAHIA,Concessão,2023-04-01,2903409,8867,8731,8556,120,20,57,0,1,0,42,25,88,1,1,0,0,9,78,100,19,8436,0,0,0,0,0,0,0,,,,,6,4,",000000000","1795,000000000",13,2,18,0,241,,"4,670000000",",000000000",,0,13,8,4,4,3,,,,",000000000",2026-09-16 04:03:09.927000000
2026-09-16,15139629000194,Neoenergia Coelba,COMPANHIA DE ELETRICIDADE DO ESTADO DA BAHIA,Concessão,2024-10-01,2927606,6635,6563,6563,82,33,0,0,1,21,27,115,74,43,37,6,0,31,0,61,20,6481,0,0,0,0,0,0,0,,,,,0,0,",000000000",",000000000",7,1,23,0,230,,",010300000",",000000000",,0,2,2,,,,,35,,",000000000",2026-09-16 04:03:09.960000000
2026-09-16,15139629000194,Neoenergia Coelba,COMPANHIA DE ELETRICIDADE DO ESTADO DA BAHIA,Concessão,2025-03-01,2900207,6249,6171,6145,81,3,0,0,1,28,49,23,33,4,2,2,0,29,0,70,10,6064,0,0,0,0,0,0,0,,,,,0,1,",000000000",",000000000",43,1,20,0,58,,",000500000",",000000000",,0,7,,1,1,,,117,,",000000000",2026-09-16 04:03:10.020000000
2026-09-16,15139629000194,Neoenergia Coelba,COMPANHIA DE ELETRICIDADE DO ESTADO DA BAHIA,Concessão,2025-11-01,2906501,35382,34942,34918,609,6,0,0,4,229,370,531,130,122,122,0,0,8,0,402,203,34308,1,0,1,0,0,0,0,,,,,13,14,",000000000","5175,000000000",174,1,23,0,435,,",001700000",",000000000",,0,66,9,1,1,,,379,,",000000000",2026-09-16 04:03:10.053000000
2026-09-16,15139629000194,Neoenergia Coelba,COMPANHIA DE ELETRICIDADE DO ESTADO DA BAHIA,Concessão,2023-04-01,2903276,6754,6641,6670,40,0,0,0,1,18,21,15,3,3,3,0,0,0,0,31,8,6630,0,0,0,0,0,0,0,,,,,7,4,",000000000","3139,000000000",24,1,18,0,302,,"4,440000000",",000000000",,0,11,1,2,4,,,27,,",000000000",2026-09-16 04:03:09.927000000
2026-09-16,15139629000194,Neoenergia Coelba,COMPANHIA DE ELETRICIDADE DO ESTADO DA BAHIA,Concessão,2024-10-01,2927507,8900,8711,8711,90,1,0,0,1,38,50,131,44,44,44,0,0,0,0,77,12,8621,0,0,0,2,2,0,0,"1537865,000000000","1537865,000000000",",000000000",",000000000",4,0,",000000000",",000000000",14,1,23,0,478,,",003100000",",000000000",,0,15,7,15,17,6,,39,,",000000000",2026-09-16 04:03:09.960000000
2026-09-16,15139629000194,Neoenergia Coelba,COMPANHIA DE ELETRICIDADE DO ESTADO DA BAHIA,Concessão,2025-03-01,2900306,6693,6583,6589,63,0,0,0,1,33,29,15,1,1,1,0,0,0,0,48,14,6526,0,0,0,0,0,0,0,,,,,2,0,",000000000",",000000000",14,1,20,0,242,,",004700000",",000000000",,0,2,,,,,,36,,",000000000",2026-09-16 04:03:10.020000000
2026-09-16,15139629000194,Neoenergia Coelba,COMPANHIA DE ELETRICIDADE DO ESTADO DA BAHIA,Concessão,2025-11-01,2906600,7568,7357,7366,142,87,0,0,1,19,35,54,49,14,14,0,0,35,0,81,60,7222,2,0,2,0,0,0,0,,,,,1,2,",000000000",",000000000",50,1,23,0,104,,",006300000",",000000000",,0,11,6,,,,,28,,",000000000",2026-09-16 04:03:10.053000000
2026-09-16,15139629000194,Neoenergia Coelba,COMPANHIA DE ELETRICIDADE DO ESTADO DA BAHIA,Concessão,2023-04-01,2903300,2584,2565,2558,8,0,5,0,1,0,2,9,4,4,4,0,0,0,0,7,0,2550,0,0,0,0,0,0,0,,,,,2,1,",000000000",",000000000",4,1,18,0,54,,",840000000",",000000000",,0,2,,1,1,1,,,1,",000000000",2026-09-16 04:03:09.927000000
2026-09-16,15139629000194,Neoenergia Coelba,COMPANHIA DE ELETRICIDADE DO ESTADO DA BAHIA,Concessão,2024-10-01,2927408,1138860,1120749,1120749,19687,1998,0,0,398,3479,13812,13765,3563,2015,1909,106,0,1548,0,12589,6700,1101059,3,0,3,0,0,0,0,,,,,482,351,"71104,500000000","147055,620000000",5200,6,23,0,24219,,",051200000",",000000000",,0,1626,558,332,464,153,22,9640,28,",000000000",2026-09-16 04:03:09.960000000
2026-09-16,15139629000194,Neoenergia Coelba,COMPANHIA DE ELETRICIDADE DO ESTADO DA BAHIA,Concessão,2025-03-01,2900355,6416,6279,6296,63,5,0,0,1,35,22,25,6,4,4,0,0,2,0,48,14,6233,0,0,0,0,0,0,0,,,,,0,0,",000000000",",000000000",10,1,20,0,188,,",000200000",",000000000",,0,5,1,,,,,20,,",000000000",2026-09-16 04:03:10.020000000
2026-09-16,15139629000194,Neoenergia Coelba,COMPANHIA DE ELETRICIDADE DO ESTADO DA BAHIA,Concessão,2025-11-01,2906204,12516,12226,12235,217,77,0,0,1,50,89,90,60,17,13,4,0,43,0,144,72,12018,0,0,0,0,0,0,0,,,,,0,1,",000000000",",000000000",33,1,23,0,428,,",000700000",",000000000",,0,,,,,,,66,,",000000000",2026-09-16 04:03:10.053000000
2026-09-16,15139629000194,Neoenergia Coelba,COMPANHIA DE ELETRICIDADE DO ESTADO DA BAHIA,Concessão,2023-04-01,2903235,6611,6497,6533,63,13,0,0,6,24,20,8,19,5,4,1,0,14,0,41,16,6470,0,0,0,0,0,0,0,,,,,0,0,",000000000",",000000000",11,1,18,0,107,,"2,920000000",",000000000",,0,10,3,3,5,2,,40,,",000000000",2026-09-16 04:03:09.927000000
2026-09-16,15139629000194,Neoenergia Coelba,COMPANHIA DE ELETRICIDADE DO ESTADO DA BAHIA,Concessão,2024-10-01,2927309,8012,7901,7901,65,1,0,0,2,11,51,111,15,15,14,1,0,0,0,45,18,7836,0,0,0,0,0,0,0,,,,,4,2,",000000000",",000000000",24,1,23,0,127,,",003200000",",000000000",,0,6,,3,3,,,99,,",000000000",2026-09-16 04:03:09.960000000
2026-09-16,15139629000194,Neoenergia Coelba,COMPANHIA DE ELETRICIDADE DO ESTADO DA BAHIA,Concessão,2025-03-01,2900405,7463,7317,7315,97,1,0,0,2,43,51,33,13,12,12,0,0,1,0,54,41,7218,0,0,0,0,0,0,0,,,,,0,0,",000000000","800,000000000",17,1,20,0,21,,",000500000",",000000000",,0,12,1,6,6,,,31,,",000000000",2026-09-16 04:03:10.020000000
2026-09-16,15139629000194,Neoenergia Coelba,COMPANHIA DE ELETRICIDADE DO ESTADO DA BAHIA,Concessão,2025-11-01,2906709,12630,12409,12410,184,69,0,0,2,44,69,121,56,16,15,1,0,40,0,136,46,12226,0,0,0,0,0,0,0,,,,,4,1,",000000000",",000000000",29,1,23,0,277,,",002900000",",000000000",,0,1,,,,,,83,,",000000000",2026-09-16 04:03:10.053000000
2026-09-16,15139629000194,Neoenergia Coelba,COMPANHIA DE ELETRICIDADE DO ESTADO DA BAHIA,Concessão,2023-04-01,2901007,17802,17495,17587,237,0,0,0,1,202,34,18,8,7,7,0,0,1,0,184,52,17350,0,0,0,0,0,0,0,,,,,1,0,",000000000","4603,440000000",48,1,18,0,407,,"5,140000000",",000000000",,0,15,4,10,13,10,,35,,",000000000",2026-09-16 04:03:09.927000000
2026-09-16,15139629000194,Neoenergia Coelba,COMPANHIA DE ELETRICIDADE DO ESTADO DA BAHIA,Concessão,2024-10-01,2927200,14739,14449,14449,117,44,0,0,1,39,33,414,44,22,21,1,0,22,0,78,38,14332,0,0,0,0,0,0,0,,,,,0,2,",000000000",",000000000",26,1,23,0,425,,",002900000",",000000000",,0,15,2,,1,,,49,,",000000000",2026-09-16 04:03:09.960000000
2026-09-16,15139629000194,Neoenergia Coelba,COMPANHIA DE ELETRICIDADE DO ESTADO DA BAHIA,Concessão,2025-03-01,2914901,9671,9480,9497,462,115,0,0,2,284,61,56,113,11,9,2,0,102,0,356,104,9035,0,0,0,0,0,0,0,,,,,3,2,",000000000",",000000000",14,1,20,0,307,,",002700000",",000000000",,0,30,9,3,3,,,195,,",000000000",2026-09-16 04:03:10.020000000
2026-09-16,15139629000194,Neoenergia Coelba,COMPANHIA DE ELETRICIDADE DO ESTADO DA BAHIA,Concessão,2025-11-01,2907103,13679,13343,13274,382,165,0,0,1,97,119,91,45,9,4,5,0,36,0,284,97,12891,1,0,1,0,0,0,0,,,,,0,0,",000000000",",000000000",28,1,23,0,212,,",000100000",",000000000",,0,7,4,,,,,26,,",000000000",2026-09-16 04:03:10.053000000
2026-09-16,15139629000194,Neoenergia Coelba,COMPANHIA DE ELETRICIDADE DO ESTADO DA BAHIA,Concessão,2023-04-01,2901106,10567,10399,10416,129,16,0,0,8,55,50,32,17,8,8,0,0,9,0,103,18,10287,0,0,0,0,0,0,0,,,,,1,0,",000000000",",000000000",123,1,18,0,283,,"3,480000000",",000000000",,0,15,4,4,5,2,,134,,",000000000",2026-09-16 04:03:09.927000000
2026-09-16,15139629000194,Neoenergia Coelba,COMPANHIA DE ELETRICIDADE DO ESTADO DA BAHIA,Concessão,2024-10-01,2927101,4010,3963,3963,54,1,0,0,1,29,23,34,11,7,7,0,0,4,0,40,13,3909,0,0,0,0,0,0,0,,,,,0,0,",000000000",",000000000",11,1,23,0,12,,",048700000",",000000000",,0,6,4,4,4,4,,37,,",000000000",2026-09-16 04:03:09.960000000
2026-09-16,15139629000194,Neoenergia Coelba,COMPANHIA DE ELETRICIDADE DO ESTADO DA BAHIA,Concessão,2025-03-01,2915007,6648,6550,6540,84,38,0,0,1,17,28,69,41,14,11,3,0,27,0,52,31,6456,0,0,0,0,0,0,0,,,,,0,0,",000000000",",000000000",8,1,20,0,70,,",004000000",",000000000",,0,3,1,,,,,40,,",000000000",2026-09-16 04:03:10.020000000
2026-09-16,15139629000194,Neoenergia Coelba,COMPANHIA DE ELETRICIDADE DO ESTADO DA BAHIA,Concessão,2025-11-01,2907202,27868,25135,25135,854,630,0,0,4,50,170,1048,52,17,16,1,0,35,0,669,181,24281,0,0,0,0,0,0,0,,,,,4,3,",000000000",",000000000",180,1,23,0,797,,",005700000",",000000000",,0,53,14,1,1,,,349,,",000000000",2026-09-16 04:03:10.053000000
2026-09-16,15139629000194,Neoenergia Coelba,COMPANHIA DE ELETRICIDADE DO ESTADO DA BAHIA,Concessão,2023-04-01,2905008,11349,11194,11213,71,5,0,0,4,41,21,8,5,2,2,0,0,3,0,57,10,11142,0,0,0,0,0,0,0,,,,,1,1,",000000000",",000000000",28,1,18,0,186,,"3,510000000",",000000000",,0,22,4,,1,,,63,,",000000000",2026-09-16 04:03:09.927000000
2026-09-16,15139629000194,Neoenergia Coelba,COMPANHIA DE ELETRICIDADE DO ESTADO DA BAHIA,Concessão,2024-10-01,2924306,10138,9893,9893,58,13,0,0,1,24,20,55,23,15,15,0,0,8,0,36,21,9835,0,0,0,0,0,0,0,,,,,2,2,",000000000",",000000000",39,1,23,0,182,,",003100000",",000000000",,0,47,4,2,2,2,,59,,",000000000",2026-09-16 04:03:09.960000000
2026-09-16,15139629000194,Neoenergia Coelba,COMPANHIA DE ELETRICIDADE DO ESTADO DA BAHIA,Concessão,2025-03-01,2910909,2494,2463,2464,25,1,0,0,1,13,10,3,1,1,1,0,0,0,0,22,2,2439,0,0,0,0,0,0,0,,,,,1,0,",000000000",",000000000",7,1,20,0,149,,",004300000",",000000000",,0,,,6,6,6,,10,,",000000000",2026-09-16 04:03:10.020000000
2026-09-16,15139629000194,Neoenergia Coelba,COMPANHIA DE ELETRICIDADE DO ESTADO DA BAHIA,Concessão,2025-11-01,2907301,11131,10958,10939,265,21,0,0,1,109,134,53,13,4,3,1,0,9,0,203,61,10674,0,0,0,0,0,0,0,,,,,0,0,",000000000",",000000000",27,1,23,0,298,,",003900000",",000000000",,0,10,2,2,2,2,,100,,",000000000",2026-09-16 04:03:10.053000000
2026-09-16,15139629000194,Neoenergia Coelba,COMPANHIA DE ELETRICIDADE DO ESTADO DA BAHIA,Concessão,2023-04-01,2901155,7585,7450,7489,124,5,0,0,8,75,36,7,7,2,2,0,0,2,3,83,33,7365,0,0,0,0,0,0,0,,,,,0,0,",000000000",",000000000",13,1,18,0,48,,"5,990000000",",000000000",,0,18,5,2,2,1,,60,,",000000000",2026-09-16 04:03:09.927000000
2026-09-16,15139629000194,Neoenergia Coelba,COMPANHIA DE ELETRICIDADE DO ESTADO DA BAHIA,Concessão,2024-10-01,2927002,23,23,23,4,0,0,0,0,2,2,0,0,0,0,0,0,0,0,4,0,19,0,0,0,0,0,0,0,,,,,0,0,",000000000",",000000000",0,0,23,0,0,,",000000000",",000000000",,0,,,,,,,,,",000000000",2026-09-16 04:03:09.960000000
2026-09-16,15139629000194,Neoenergia Coelba,COMPANHIA DE ELETRICIDADE DO ESTADO DA BAHIA,Concessão,2025-03-01,2915106,5997,5885,5891,106,91,0,0,1,2,12,16,117,6,5,1,0,111,0,60,45,5785,0,0,0,0,0,0,0,,,,,0,0,",000000000",",000000000",11,1,20,0,92,,",007800000",",000000000",,0,1,,,1,,,68,,",000000000",2026-09-16 04:03:10.020000000
2026-09-16,15139629000194,Neoenergia Coelba,COMPANHIA DE ELETRICIDADE DO ESTADO DA BAHIA,Concessão,2025-11-01,2907400,1780,1754,1746,24,4,0,0,1,7,12,15,6,0,0,0,0,6,0,20,3,1722,0,0,0,0,0,0,0,,,,,0,0,",000000000",",000000000",4,1,23,0,13,,",002100000",",000000000",,0,,,,,,,,,",000000000",2026-09-16 04:03:10.053000000
2026-09-16,15139629000194,Neoenergia Coelba,COMPANHIA DE ELETRICIDADE DO ESTADO DA BAHIA,Concessão,2023-04-01,2901304,6090,6006,6006,78,32,0,0,4,27,15,37,510,12,9,3,0,27,471,64,10,5928,0,0,0,0,0,0,0,,,,,1,1,",000000000",",000000000",16,1,18,0,28,,"5,050000000",",000000000",,0,15,9,,1,,,69,,",000000000",2026-09-16 04:03:09.927000000
2026-09-16,15139629000194,Neoenergia Coelba,COMPANHIA DE ELETRICIDADE DO ESTADO DA BAHIA,Concessão,2024-10-01,2926301,16354,16104,16104,129,1,0,0,2,54,72,152,50,50,50,0,0,0,0,99,28,15975,0,0,0,0,0,0,0,,,,,3,3,",000000000",",000000000",39,1,23,0,626,,",005800000",",000000000",,0,18,4,2,2,,,195,1,",000000000",2026-09-16 04:03:09.960000000
2026-09-16,15139629000194,Neoenergia Coelba,COMPANHIA DE ELETRICIDADE DO ESTADO DA BAHIA,Concessão,2025-03-01,2915304,2928,2889,2890,42,26,0,0,1,6,9,15,2,1,1,0,0,1,0,34,7,2848,0,0,0,0,0,0,0,,,,,0,0,",000000000",",000000000",5,1,20,0,39,,",001600000",",000000000",,0,,,1,1,,,43,,",000000000",2026-09-16 04:03:10.020000000
2026-09-16,15139629000194,Neoenergia Coelba,COMPANHIA DE ELETRICIDADE DO ESTADO DA BAHIA,Concessão,2025-11-01,2907004,4182,4064,4073,57,0,0,0,1,37,19,52,12,12,12,0,0,0,0,51,5,4016,0,0,0,0,0,0,0,,,,,0,1,",000000000",",000000000",13,1,23,0,203,,",000300000",",000000000",,0,,,,,,,44,,",000000000",2026-09-16 04:03:10.053000000
2026-09-16,15139629000194,Neoenergia Coelba,COMPANHIA DE ELETRICIDADE DO ESTADO DA BAHIA,Concessão,2023-04-01,2901353,7925,7791,7865,249,26,0,0,3,182,38,16,21,4,4,0,0,17,0,195,51,7616,0,0,0,0,0,0,0,,,,,0,0,",000000000",",000000000",65,1,18,0,95,,"1,220000000",",000000000",,0,16,3,1,1,,,71,,",000000000",2026-09-16 04:03:09.927000000
2026-09-16,15139629000194,Neoenergia Coelba,COMPANHIA DE ELETRICIDADE DO ESTADO DA BAHIA,Concessão,2024-10-01,2926202,10157,9945,9945,90,11,0,0,2,26,51,68,17,7,7,0,0,10,0,65,23,9855,0,0,0,0,0,0,0,,,,,2,3,",000000000",",000000000",32,1,23,0,119,,",000800000",",000000000",,0,3,1,3,4,3,,95,,",000000000",2026-09-16 04:03:09.960000000
2026-09-16,15139629000194,Neoenergia Coelba,COMPANHIA DE ELETRICIDADE DO ESTADO DA BAHIA,Concessão,2025-03-01,2915353,6637,6468,6355,137,46,0,0,1,38,52,47,11,1,0,1,0,10,0,110,26,6218,0,0,0,0,0,0,0,,,,,1,1,",000000000",",000000000",28,1,20,0,48,,",002600000",",000000000",,0,12,4,,,,,53,,",000000000",2026-09-16 04:03:10.020000000
2026-09-16,15139629000194,Neoenergia Coelba,COMPANHIA DE ELETRICIDADE DO ESTADO DA BAHIA,Concessão,2025-11-01,2906907,9807,9697,9487,178,78,0,0,2,59,39,129,43,21,10,11,0,22,0,123,53,9309,0,0,0,0,0,0,0,,,,,2,1,",000000000",",000000000",23,1,23,0,226,,",004300000",",000000000",,0,2,1,,,,,123,,",000000000",2026-09-16 04:03:10.053000000
2026-09-16,15139629000194,Neoenergia Coelba,COMPANHIA DE ELETRICIDADE DO ESTADO DA BAHIA,Concessão,2023-04-01,2903201,76120,74992,75165,913,261,0,0,5,435,212,299,244,71,69,2,0,70,103,764,144,74252,0,0,0,0,0,0,0,,,,,6,9,"260,000000000","10881,250000000",338,1,18,0,4764,,"4,510000000",",000000000",,0,142,54,42,52,23,5,410,,",000000000",2026-09-16 04:03:09.927000000
2026-09-16,15139629000194,Neoenergia Coelba,COMPANHIA DE ELETRICIDADE DO ESTADO DA BAHIA,Concessão,2024-10-01,2926103,6310,6225,6225,26,0,0,0,2,13,11,125,41,41,41,0,0,0,0,18,6,6199,0,0,0,0,0,0,0,,,,,0,2,",000000000",",000000000",23,1,23,0,205,,",004700000",",000000000",,0,8,1,12,12,6,,33,,",000000000",2026-09-16 04:03:09.960000000
2026-09-16,15139629000194,Neoenergia Coelba,COMPANHIA DE ELETRICIDADE DO ESTADO DA BAHIA,Concessão,2025-03-01,2900603,1989,1951,1953,23,16,0,0,1,0,6,7,8,3,0,3,0,5,0,11,11,1930,0,0,0,0,0,0,0,,,,,0,0,",000000000",",000000000",5,1,20,0,22,,",003700000",",000000000",,0,,,,,,,38,,",000000000",2026-09-16 04:03:10.020000000
2026-09-16,15139629000194,Neoenergia Coelba,COMPANHIA DE ELETRICIDADE DO ESTADO DA BAHIA,Concessão,2025-11-01,2906899,5222,5075,5047,93,18,0,0,1,51,23,57,15,14,14,0,0,1,0,60,32,4954,0,0,0,0,0,0,0,,,,,2,0,",000000000",",000000000",30,1,23,0,95,,",002100000",",000000000",,0,5,4,,,,,24,,",000000000",2026-09-16 04:03:10.053000000
2026-09-16,15139629000194,Neoenergia Coelba,COMPANHIA DE ELETRICIDADE DO ESTADO DA BAHIA,Concessão,2023-04-01,2903102,2253,2203,2133,22,0,17,0,1,0,4,2,18,0,0,0,0,3,15,16,5,2111,0,0,0,0,0,0,0,,,,,0,0,",000000000",",000000000",8,1,18,0,135,,"6,450000000",",000000000",,0,12,3,1,1,,,38,,",000000000",2026-09-16 04:03:09.927000000
2026-09-16,15139629000194,Neoenergia Coelba,COMPANHIA DE ELETRICIDADE DO ESTADO DA BAHIA,Concessão,2024-10-01,2926004,16242,15369,15369,248,55,0,0,114,33,46,131,37,35,34,1,0,2,0,110,24,15121,0,0,0,0,0,0,0,,,,,4,3,",000000000",",000000000",47,1,23,0,407,,",000300000",",000000000",,0,33,5,12,13,11,1,135,,",000000000",2026-09-16 04:03:09.960000000
2026-09-16,15139629000194,Neoenergia Coelba,COMPANHIA DE ELETRICIDADE DO ESTADO DA BAHIA,Concessão,2025-03-01,2918456,3553,3511,3523,299,246,0,0,1,31,21,28,22,3,3,0,0,19,0,219,79,3224,0,0,0,0,0,0,0,,,,,2,1,",000000000",",000000000",23,1,20,0,21,,",001200000",",000000000",,0,,,1,1,,,45,,",000000000",2026-09-16 04:03:10.020000000
2026-09-16,15139629000194,Neoenergia Coelba,COMPANHIA DE ELETRICIDADE DO ESTADO DA BAHIA,Concessão,2025-11-01,2906873,18418,18076,18094,106,2,0,0,4,31,69,108,4,3,3,0,0,1,0,78,24,17988,0,0,0,0,0,0,0,,,,,8,4,"5401,990000000",",000000000",56,1,23,0,823,,",000700000",",000000000",1,0,7,5,,,,,168,,",000000000",2026-09-16 04:03:10.053000000
2026-09-16,15139629000194,Neoenergia Coelba,COMPANHIA DE ELETRICIDADE DO ESTADO DA BAHIA,Concessão,2023-04-01,2903003,7121,7042,7062,105,34,16,0,1,33,21,4,21,2,1,1,0,10,9,76,28,6957,0,0,0,0,0,0,0,,,,,0,0,",000000000",",000000000",8,1,18,0,50,,"5,570000000",",000000000",,0,13,2,,,,,31,,",000000000",2026-09-16 04:03:09.927000000
2026-09-16,15139629000194,Neoenergia Coelba,COMPANHIA DE ELETRICIDADE DO ESTADO DA BAHIA,Concessão,2024-10-01,2925956,8557,8434,8434,99,25,0,0,4,31,39,168,67,54,52,2,0,13,0,75,20,8335,0,0,0,0,0,0,0,,,,,0,0,",000000000",",000000000",24,1,23,0,176,,",003100000",",000000000",,0,9,6,5,5,,,66,,",000000000",2026-09-16 04:03:09.960000000
2026-09-16,15139629000194,Neoenergia Coelba,COMPANHIA DE ELETRICIDADE DO ESTADO DA BAHIA,Concessão,2025-03-01,2918407,104342,101566,101786,1295,430,0,0,11,465,389,2729,395,129,71,58,0,266,0,1032,252,100491,0,0,0,0,0,0,0,,,,,13,25,"15060,300000000","2985,000000000",752,1,20,0,2829,,",006000000",",000000000",,0,144,69,227,257,22,,1346,,",000000000",2026-09-16 04:03:10.020000000
2026-09-16,15139629000194,Neoenergia Coelba,COMPANHIA DE ELETRICIDADE DO ESTADO DA BAHIA,Concessão,2025-11-01,2905404,8775,8568,8581,216,9,0,0,3,94,110,111,18,17,15,2,0,1,0,177,36,8365,0,0,0,0,0,0,0,,,,,3,1,",000000000","2064,000000000",21,2,23,0,89,,",002900000",",000000000",,0,23,,3,3,,,75,,",000000000",2026-09-16 04:03:10.053000000
2026-09-16,15139629000194,Neoenergia Coelba,COMPANHIA DE ELETRICIDADE DO ESTADO DA BAHIA,Concessão,2023-04-01,2902401,4382,4313,4275,49,1,30,0,1,0,17,6,147,1,1,0,0,0,146,40,8,4225,1,0,1,0,0,0,0,,,,,18,5,",000000000",",000000000",13,1,18,0,125,,"2,030000000",",000000000",,0,5,1,,,,,10,,",000000000",2026-09-16 04:03:09.927000000
2026-09-16,15139629000194,Neoenergia Coelba,COMPANHIA DE ELETRICIDADE DO ESTADO DA BAHIA,Concessão,2024-10-01,2926905,5058,4955,4955,47,11,0,0,2,6,28,19,14,5,5,0,0,9,0,34,11,4908,0,0,0,0,0,0,0,,,,,0,1,",000000000",",000000000",14,1,23,0,241,,",003600000",",000000000",,0,3,1,,,,,5,,",000000000",2026-09-16 04:03:09.960000000
2026-09-16,15139629000194,Neoenergia Coelba,COMPANHIA DE ELETRICIDADE DO ESTADO DA BAHIA,Concessão,2025-03-01,2918357,12071,11783,11824,216,73,0,0,1,87,55,56,33,4,2,2,0,29,0,169,46,11608,0,0,0,0,0,0,0,,,,,0,1,",000000000",",000000000",54,1,20,0,160,,",003800000",",000000000",,0,10,3,16,17,9,,82,,",000000000",2026-09-16 04:03:10.020000000
2026-09-16,15139629000194,Neoenergia Coelba,COMPANHIA DE ELETRICIDADE DO ESTADO DA BAHIA,Concessão,2025-11-01,2905503,5464,5366,5371,42,0,0,0,1,8,33,52,6,6,6,0,0,0,0,30,11,5329,0,0,0,0,0,0,0,,,,,1,0,",000000000",",000000000",15,1,23,0,172,,",001800000",",000000000",1,0,1,,,,,,36,,",000000000",2026-09-16 04:03:10.053000000
2026-09-16,15139629000194,Neoenergia Coelba,COMPANHIA DE ELETRICIDADE DO ESTADO DA BAHIA,Concessão,2023-04-01,2902302,3082,3039,3044,14,0,0,0,1,4,9,9,1,1,1,0,0,0,0,12,1,3030,0,0,0,0,0,0,0,,,,,0,0,",000000000",",000000000",6,1,18,0,0,,",000000000",",000000000",,0,4,1,,,,,15,,",000000000",2026-09-16 04:03:09.927000000
2026-09-16,15139629000194,Neoenergia Coelba,COMPANHIA DE ELETRICIDADE DO ESTADO DA BAHIA,Concessão,2024-10-01,2926806,6803,6691,6691,44,11,0,0,2,14,17,30,15,11,10,1,0,4,0,36,6,6647,0,0,0,0,0,0,0,,,,,1,0,",000000000",",000000000",38,1,23,0,70,,",004800000",",000000000",,0,1,1,,,,,44,,",000000000",2026-09-16 04:03:09.960000000
2026-09-16,15139629000194,Neoenergia Coelba,COMPANHIA DE ELETRICIDADE DO ESTADO DA BAHIA,Concessão,2025-03-01,2918308,6308,6156,6163,86,56,0,0,2,9,19,33,206,7,6,1,0,199,0,62,22,6077,0,0,0,0,0,0,0,,,,,0,2,",000000000","1290,000000000",20,1,20,0,124,,",001100000",",000000000",1,0,3,1,,,,,79,,",000000000",2026-09-16 04:03:10.020000000
2026-09-16,15139629000194,Neoenergia Coelba,COMPANHIA DE ELETRICIDADE DO ESTADO DA BAHIA,Concessão,2025-11-01,2905602,10817,10579,10530,634,546,0,0,1,47,40,77,181,13,8,5,0,168,0,445,188,9895,1,0,1,0,0,0,0,,,,,5,1,",000000000",",000000000",22,1,23,0,224,,",000400000",",000000000",,0,8,,1,1,,,113,,",000000000",2026-09-16 04:03:10.053000000
2026-09-16,15139629000194,Neoenergia Coelba,COMPANHIA DE ELETRICIDADE DO ESTADO DA BAHIA,Concessão,2023-04-01,2902252,3341,3299,3013,24,3,11,0,1,0,9,12,138,3,3,0,0,0,135,17,6,2989,0,0,0,0,0,0,0,,,,,0,0,",000000000",",000000000",7,1,18,0,67,,",230000000",",000000000",,0,4,1,,,,,,,",000000000",2026-09-16 04:03:09.927000000
2026-09-16,15139629000194,Neoenergia Coelba,COMPANHIA DE ELETRICIDADE DO ESTADO DA BAHIA,Concessão,2024-10-01,2926707,6952,6835,6835,37,4,0,0,5,9,19,41,14,10,10,0,0,4,0,22,10,6798,0,0,0,0,0,0,0,,,,,0,0,",000000000",",000000000",31,1,23,0,131,,",019100000",",000000000",,0,3,1,,,,,23,,",000000000",2026-09-16 04:03:09.960000000
2026-09-16,15139629000194,Neoenergia Coelba,COMPANHIA DE ELETRICIDADE DO ESTADO DA BAHIA,Concessão,2025-03-01,2918100,17953,17673,17640,282,28,0,0,1,129,124,73,40,13,13,0,0,27,0,235,46,17358,0,0,0,0,0,0,0,,,,,1,1,",000000000",",000000000",60,1,20,0,130,,",003300000",",000000000",,0,9,4,23,24,3,,171,,",000000000",2026-09-16 04:03:10.020000000
2026-09-16,15139629000194,Neoenergia Coelba,COMPANHIA DE ELETRICIDADE DO ESTADO DA BAHIA,Concessão,2025-11-01,2905701,178145,175106,175025,4450,132,0,0,16,674,3628,3804,417,387,366,21,0,30,0,2460,1974,170573,2,0,2,0,0,0,0,,,,,118,83,"18245,090000000","26800,000000000",1095,1,23,0,1644,,",005900000",",000000000",,0,334,43,22,22,14,,2454,,",000000000",2026-09-16 04:03:10.053000000
2026-09-16,15139629000194,Neoenergia Coelba,COMPANHIA DE ELETRICIDADE DO ESTADO DA BAHIA,Concessão,2023-04-01,2901205,10340,10165,10182,107,20,14,0,1,31,41,12,22,3,2,1,0,11,8,83,23,10075,0,0,0,0,0,0,0,,,,,0,0,",000000000",",000000000",61,1,18,0,320,,"2,070000000",",000000000",,0,18,12,6,8,2,1,27,,",000000000",2026-09-16 04:03:09.927000000
2026-09-16,15139629000194,Neoenergia Coelba,COMPANHIA DE ELETRICIDADE DO ESTADO DA BAHIA,Concessão,2024-10-01,2926400,14234,13962,13962,128,38,0,0,2,28,60,126,30,10,10,0,0,20,0,101,25,13834,0,0,0,0,0,0,0,,,,,1,0,",000000000",",000000000",52,2,23,0,247,,",003500000",",000000000",,0,,,8,8,5,,81,1,",000000000",2026-09-16 04:03:09.960000000
2026-09-16,15139629000194,Neoenergia Coelba,COMPANHIA DE ELETRICIDADE DO ESTADO DA BAHIA,Concessão,2025-03-01,2915205,7059,6914,6907,150,119,0,0,2,10,19,26,52,8,8,0,0,44,0,110,38,6757,0,0,0,0,0,0,0,,,,,1,1,"774,850000000","920,000000000",25,1,20,0,79,,",001100000",",000000000",,0,4,1,,,,,89,,",000000000",2026-09-16 04:03:10.020000000
2026-09-16,15139629000194,Neoenergia Coelba,COMPANHIA DE ELETRICIDADE DO ESTADO DA BAHIA,Concessão,2025-11-01,2905800,12819,12503,12527,336,102,0,0,1,156,77,147,114,15,10,5,0,99,0,262,73,12191,0,0,0,0,0,0,0,,,,,6,6,",000000000","9050,000000000",29,1,23,0,339,,",000300000",",000000000",,0,13,2,4,4,2,,62,,",000000000",2026-09-16 04:03:10.053000000
2026-09-16,15139629000194,Neoenergia Coelba,COMPANHIA DE ELETRICIDADE DO ESTADO DA BAHIA,Concessão,2023-04-01,2905107,5292,5231,5231,30,1,0,0,4,7,18,9,0,0,0,0,0,0,0,21,5,5201,0,0,0,0,0,0,0,,,,,1,0,",000000000",",000000000",54,1,18,0,41,,",430000000",",000000000",,0,31,30,1,7,1,,64,,",000000000",2026-09-16 04:03:09.927000000
2026-09-16,15139629000194,Neoenergia Coelba,COMPANHIA DE ELETRICIDADE DO ESTADO DA BAHIA,Concessão,2024-10-01,2924207,4600,4538,4538,67,7,0,0,1,31,28,27,15,9,8,1,0,6,0,44,22,4471,0,0,0,0,0,0,0,,,,,0,0,",000000000",",000000000",10,1,23,0,52,,",002300000",",000000000",,0,5,4,5,5,,,5,,",000000000",2026-09-16 04:03:09.960000000
2026-09-16,15139629000194,Neoenergia Coelba,COMPANHIA DE ELETRICIDADE DO ESTADO DA BAHIA,Concessão,2025-03-01,2917300,10163,9871,9899,227,37,0,0,1,130,59,53,209,9,4,5,0,200,0,165,61,9672,0,0,0,0,0,0,0,,,,,2,4,",000000000",",000000000",48,1,20,0,231,,",000600000",",000000000",,0,25,5,2,2,,,117,,",000000000",2026-09-16 04:03:10.020000000
2026-09-16,15139629000194,Neoenergia Coelba,COMPANHIA DE ELETRICIDADE DO ESTADO DA BAHIA,Concessão,2025-11-01,2905909,10070,9880,9895,373,193,0,0,1,79,100,29,180,7,7,0,0,173,0,325,47,9522,0,0,0,0,0,0,0,,,,,5,4,",000000000",",000000000",39,1,23,0,38,,",008900000",",000000000",,0,1,,2,2,,,148,,",000000000",2026-09-16 04:03:10.053000000
2026-09-16,15139629000194,Neoenergia Coelba,COMPANHIA DE ELETRICIDADE DO ESTADO DA BAHIA,Concessão,2023-04-01,2900900,2610,2581,2515,10,0,3,0,2,0,5,12,0,0,0,0,0,0,0,7,1,2505,0,0,0,0,0,0,0,,,,,0,0,",000000000",",000000000",11,1,18,0,103,,"5,570000000",",000000000",,0,8,,,1,,,15,,",000000000",2026-09-16 04:03:09.927000000
2026-09-16,15139629000194,Neoenergia Coelba,COMPANHIA DE ELETRICIDADE DO ESTADO DA BAHIA,Concessão,2024-10-01,2924108,3076,3033,3033,39,0,0,0,1,21,17,40,17,17,17,0,0,0,0,30,8,2994,0,0,0,0,0,0,0,,,,,0,1,",000000000",",000000000",2,1,23,0,120,,",004100000",",000000000",,0,,,6,6,2,,31,,",000000000",2026-09-16 04:03:09.960000000
2026-09-16,15139629000194,Neoenergia Coelba,COMPANHIA DE ELETRICIDADE DO ESTADO DA BAHIA,Concessão,2025-03-01,2917201,10045,9839,9856,120,24,0,0,1,41,54,38,21,7,6,1,0,14,0,89,30,9736,0,0,0,0,0,0,0,,,,,0,0,",000000000",",000000000",43,1,20,0,237,,",003400000",",000000000",,0,12,4,,1,,,32,,",000000000",2026-09-16 04:03:10.020000000
2026-09-16,15139629000194,Neoenergia Coelba,COMPANHIA DE ELETRICIDADE DO ESTADO DA BAHIA,Concessão,2025-11-01,2906006,34983,34263,34203,208,9,0,0,2,96,101,308,10,7,7,0,0,3,0,159,47,33995,0,0,0,0,0,0,0,,,,,3,0,",000000000",",000000000",76,1,23,0,574,,",007100000",",000000000",,0,15,10,3,3,3,,272,,",000000000",2026-09-16 04:03:10.053000000
2026-09-16,15139629000194,Neoenergia Coelba,COMPANHIA DE ELETRICIDADE DO ESTADO DA BAHIA,Concessão,2023-04-01,2900801,11095,10867,10053,150,5,112,0,1,0,32,27,12,5,5,0,0,3,4,121,28,9903,0,0,0,0,0,0,0,,,,,3,4,",000000000","320,000000000",27,1,18,0,282,,"2,390000000",",000000000",,0,17,11,15,24,2,,168,1,",000000000",2026-09-16 04:03:09.927000000
2026-09-16,15139629000194,Neoenergia Coelba,COMPANHIA DE ELETRICIDADE DO ESTADO DA BAHIA,Concessão,2024-10-01,2931103,3293,3254,3254,23,0,0,0,1,12,10,36,9,9,9,0,0,0,0,18,4,3231,0,0,0,0,0,0,0,,,,,2,0,",000000000",",000000000",9,1,23,0,220,,",003800000",",000000000",,0,3,1,,,,,42,1,",000000000",2026-09-16 04:03:09.960000000
2026-09-16,15139629000194,Neoenergia Coelba,COMPANHIA DE ELETRICIDADE DO ESTADO DA BAHIA,Concessão,2025-03-01,2917102,8832,8717,8726,96,4,0,0,1,51,40,46,11,8,8,0,0,3,0,80,15,8630,0,0,0,0,0,0,0,,,,,0,0,",000000000",",000000000",17,1,20,0,156,,",003400000",",000000000",,0,8,2,3,4,,,62,,",000000000",2026-09-16 04:03:10.020000000
2026-09-16,15139629000194,Neoenergia Coelba,COMPANHIA DE ELETRICIDADE DO ESTADO DA BAHIA,Concessão,2025-11-01,2906105,4661,4569,4580,76,26,0,0,1,15,34,49,10,4,4,0,0,6,0,46,29,4504,0,0,0,0,0,0,0,,,,,0,0,",000000000",",000000000",2,1,23,0,190,,",003900000",",000000000",,0,2,1,,,,,15,,",000000000",2026-09-16 04:03:10.053000000
2026-09-16,15139629000194,Neoenergia Coelba,COMPANHIA DE ELETRICIDADE DO ESTADO DA BAHIA,Concessão,2023-12-01,2922607,4653,4575,4694,594,211,0,0,1,357,25,40,14,10,7,3,0,4,0,478,115,4100,0,0,0,0,0,0,0,,,,,1,0,",000000000",",000000000",11,1,19,0,73,,"1,940000000",",000000000",,0,7,2,2,2,2,,86,,",000000000",2026-09-16 04:03:09.927000000
2026-09-16,15139629000194,Neoenergia Coelba,COMPANHIA DE ELETRICIDADE DO ESTADO DA BAHIA,Concessão,2024-10-01,2931202,6432,6345,6345,238,166,0,0,1,44,27,165,126,34,18,16,0,92,0,187,50,6107,0,0,0,0,0,0,0,,,,,1,0,",000000000",",000000000",22,1,23,0,57,,",002700000",",000000000",,0,8,1,,,,1,76,,",000000000",2026-09-16 04:03:09.960000000
2026-09-16,15139629000194,Neoenergia Coelba,COMPANHIA DE ELETRICIDADE DO ESTADO DA BAHIA,Concessão,2025-03-01,2902203,5179,5095,5107,62,0,0,0,1,41,20,61,2,2,2,0,0,0,0,56,5,5045,0,0,0,0,0,0,0,,,,,1,1,",000000000",",000000000",8,1,20,0,60,,",004200000",",000000000",,0,1,1,1,1,1,,34,,",000000000",2026-09-16 04:03:10.020000000
2026-09-16,15139629000194,Neoenergia Coelba,COMPANHIA DE ELETRICIDADE DO ESTADO DA BAHIA,Concessão,2025-11-01,2906808,16863,16437,16445,149,2,0,0,1,29,117,60,6,5,4,1,0,1,0,126,22,16296,0,0,0,0,0,0,0,,,,,3,3,",000000000",",000000000",38,1,23,0,283,,",000400000",",000000000",,0,17,2,3,3,3,,101,,",000000000",2026-09-16 04:03:10.053000000
2026-09-16,15139629000194,Neoenergia Coelba,COMPANHIA DE ELETRICIDADE DO ESTADO DA BAHIA,Concessão,2023-12-01,2922508,10656,10528,10568,96,0,0,0,2,65,29,48,12,12,12,0,0,0,0,73,21,10472,0,0,0,0,0,0,0,,,,,12,7,"5030,000000000","2184,050000000",17,1,19,0,667,,"9,060000000",",000000000",,0,6,,8,9,6,,195,,",000000000",2026-09-16 04:03:09.927000000
2026-09-16,15139629000194,Neoenergia Coelba,COMPANHIA DE ELETRICIDADE DO ESTADO DA BAHIA,Concessão,2024-10-01,2930766,6380,6303,6303,33,4,0,0,1,13,15,63,39,34,34,0,0,5,0,26,6,6270,0,0,0,0,0,0,0,,,,,1,1,",000000000",",000000000",1,1,23,0,184,,",007800000",",000000000",,0,,,,,,,2,,",000000000",2026-09-16 04:03:09.960000000
2026-09-16,15139629000194,Neoenergia Coelba,COMPANHIA DE ELETRICIDADE DO ESTADO DA BAHIA,Concessão,2025-03-01,2908101,9378,9138,8814,111,11,0,0,1,33,66,7,12,0,0,0,0,12,0,82,28,8703,0,0,0,0,0,0,0,,,,,0,0,",000000000",",000000000",32,1,20,0,399,,",003700000",",000000000",,0,2,1,2,2,2,,52,,",000000000",2026-09-16 04:03:10.020000000
2026-09-16,15139629000194,Neoenergia Coelba,COMPANHIA DE ELETRICIDADE DO ESTADO DA BAHIA,Concessão,2025-11-01,2906824,7230,7103,7078,79,9,0,0,2,22,46,22,10,4,4,0,0,6,0,58,19,6999,0,0,0,0,0,0,0,,,,,0,0,",000000000",",000000000",20,1,23,0,72,,",006600000",",000000000",,0,1,1,2,2,,,49,,",000000000",2026-09-16 04:03:10.053000000
2026-09-16,15139629000194,Neoenergia Coelba,COMPANHIA DE ELETRICIDADE DO ESTADO DA BAHIA,Concessão,2023-12-01,2922409,9974,9673,9750,160,0,0,0,1,119,40,33,5,5,5,0,0,0,0,129,30,9590,0,0,0,0,0,0,0,,,,,8,7,"2521,200000000","12401,490000000",22,1,19,0,472,,"10,410000000",",000000000",,0,12,2,,1,,,121,,",000000000",2026-09-16 04:03:09.927000000
2026-09-16,15139629000194,Neoenergia Coelba,COMPANHIA DE ELETRICIDADE DO ESTADO DA BAHIA,Concessão,2024-10-01,2930758,5286,5203,5203,130,86,0,0,1,27,16,33,16,2,2,0,0,14,0,109,20,5073,0,0,0,0,0,0,0,,,,,0,0,",000000000",",000000000",25,1,23,0,98,,",000200000",",000000000",,0,2,,2,4,2,,43,,",000000000",2026-09-16 04:03:09.960000000
2026-09-16,15139629000194,Neoenergia Coelba,COMPANHIA DE ELETRICIDADE DO ESTADO DA BAHIA,Concessão,2025-03-01,2908200,9007,8825,8840,99,15,0,0,2,30,52,41,10,4,4,0,0,6,0,76,21,8741,0,0,0,1,1,1,1,"16572,000000000","16572,000000000",",000000000",",000000000",1,0,",000000000",",000000000",40,1,20,0,140,,",000300000",",000000000",,0,10,2,,,,,115,,",000000000",2026-09-16 04:03:10.020000000
2026-09-16,15139629000194,Neoenergia Coelba,COMPANHIA DE ELETRICIDADE DO ESTADO DA BAHIA,Concessão,2025-11-01,2906857,6027,5916,5920,46,0,0,0,1,8,37,51,3,3,3,0,0,0,0,36,9,5874,0,0,0,0,0,0,0,,,,,2,2,",000000000",",000000000",9,1,23,0,184,,",003300000",",000000000",,0,,,,,,,16,,",000000000",2026-09-16 04:03:10.053000000
2026-09-16,15139629000194,Neoenergia Coelba,COMPANHIA DE ELETRICIDADE DO ESTADO DA BAHIA,Concessão,2023-12-01,2922300,12149,11960,11993,146,1,0,0,2,111,32,23,2,2,2,0,0,0,0,128,16,11847,0,0,0,0,0,0,0,,,,,3,3,",000000000",",000000000",34,1,19,0,428,,"10,340000000",",000000000",,0,12,7,8,12,6,,110,,",000000000",2026-09-16 04:03:09.927000000
2026-09-16,15139629000194,Neoenergia Coelba,COMPANHIA DE ELETRICIDADE DO ESTADO DA BAHIA,Concessão,2024-10-01,2930709,49158,48473,48473,880,1,0,0,5,255,619,1147,158,158,155,3,0,0,0,479,396,47593,0,0,0,0,0,0,0,,,,,15,11,",000000000","3500,000000000",205,1,23,0,1861,,",007400000",",000000000",,0,29,3,40,54,13,,970,2,",000000000",2026-09-16 04:03:09.960000000
2026-09-16,15139629000194,Neoenergia Coelba,COMPANHIA DE ELETRICIDADE DO ESTADO DA BAHIA,Concessão,2025-03-01,2908309,7712,7602,7609,58,1,0,0,1,29,27,63,3,3,0,3,0,0,0,51,6,7551,0,0,0,0,0,0,0,,,,,3,4,"1280,000000000",",000000000",32,1,20,0,72,,",007300000",",000000000",,0,6,3,,,,,47,,",000000000",2026-09-16 04:03:10.020000000
2026-09-16,15139629000194,Neoenergia Coelba,COMPANHIA DE ELETRICIDADE DO ESTADO DA BAHIA,Concessão,2025-11-01,2907509,24052,23760,23744,141,4,0,0,3,54,80,268,19,19,19,0,0,0,0,122,16,23602,1,0,1,0,0,0,0,,,,,4,5,",000000000","529,000000000",82,1,23,0,109,,",003500000",",000000000",1,0,2,1,,,,,388,,",000000000",2026-09-16 04:03:10.053000000
2026-09-16,15139629000194,Neoenergia Coelba,COMPANHIA DE ELETRICIDADE DO ESTADO DA BAHIA,Concessão,2023-12-01,2922250,4704,4613,4619,56,0,0,0,1,10,45,2,1,0,0,0,0,1,0,48,7,4563,0,0,0,0,0,0,0,,,,,0,0,",000000000",",000000000",15,1,19,0,92,,"7,240000000",",000000000",,0,17,2,2,5,,,70,,",000000000",2026-09-16 04:03:09.927000000
2026-09-16,15139629000194,Neoenergia Coelba,COMPANHIA DE ELETRICIDADE DO ESTADO DA BAHIA,Concessão,2024-10-01,2930600,7359,7244,7244,41,4,0,0,1,22,14,55,19,17,12,5,0,2,0,27,13,7203,0,0,0,0,0,0,0,,,,,1,1,",000000000",",000000000",20,1,23,0,105,,",000800000",",000000000",,0,1,1,6,7,2,,50,,",000000000",2026-09-16 04:03:09.960000000
2026-09-16,15139629000194,Neoenergia Coelba,COMPANHIA DE ELETRICIDADE DO ESTADO DA BAHIA,Concessão,2025-03-01,2908408,33589,32778,32873,282,0,0,0,1,108,173,305,58,58,58,0,0,0,0,230,51,32591,0,0,0,0,0,0,0,,,,,5,3,"4249,510000000","1137,000000000",123,1,20,0,1838,,",004400000",",000000000",,0,62,12,15,15,6,,225,,",000000000",2026-09-16 04:03:10.020000000
2026-09-16,15139629000194,Neoenergia Coelba,COMPANHIA DE ELETRICIDADE DO ESTADO DA BAHIA,Concessão,2025-11-01,2907558,4029,3924,3925,106,10,0,0,1,19,76,12,5,2,2,0,0,3,0,81,24,3819,0,0,0,0,0,0,0,,,,,1,1,"1350,000000000",",000000000",2,1,23,0,95,,",004300000",",000000000",,0,1,,,,,,8,,",000000000",2026-09-16 04:03:10.053000000
2026-09-16,15139629000194,Neoenergia Coelba,COMPANHIA DE ELETRICIDADE DO ESTADO DA BAHIA,Concessão,2023-12-01,2922201,3650,3589,3603,42,0,0,0,1,30,11,10,5,5,5,0,0,0,0,30,11,3561,0,0,0,0,0,0,0,,,,,1,2,",000000000",",000000000",5,1,19,0,114,,"4,630000000",",000000000",,0,3,,,2,,,122,,",000000000",2026-09-16 04:03:09.927000000
2026-09-16,15139629000194,Neoenergia Coelba,COMPANHIA DE ELETRICIDADE DO ESTADO DA BAHIA,Concessão,2024-10-01,2930501,42470,41736,41736,337,2,0,0,3,126,206,697,179,178,178,0,0,1,0,256,78,41399,0,0,0,0,0,0,0,,,,,5,4,",000000000","1180,000000000",166,1,23,0,1484,,",005600000",",000000000",,0,101,27,12,22,5,,460,5,"71,770000000",2026-09-16 04:03:09.960000000
2026-09-16,15139629000194,Neoenergia Coelba,COMPANHIA DE ELETRICIDADE DO ESTADO DA BAHIA,Concessão,2025-03-01,2908507,17279,16886,16928,196,23,0,0,3,97,73,76,17,6,6,0,0,11,0,138,55,16732,0,0,0,0,0,0,0,,,,,3,4,",000000000",",000000000",51,1,20,0,271,,",003000000",",000000000",,0,26,8,11,11,3,1,212,,",000000000",2026-09-16 04:03:10.020000000
2026-09-16,15139629000194,Neoenergia Coelba,COMPANHIA DE ELETRICIDADE DO ESTADO DA BAHIA,Concessão,2025-11-01,2907608,8516,8313,8335,159,64,0,0,1,33,61,57,41,12,11,1,0,29,0,108,50,8176,0,0,0,0,0,0,0,,,,,0,0,",000000000",",000000000",18,1,23,0,114,,",001400000",",000000000",,0,,,3,3,3,,48,,",000000000",2026-09-16 04:03:10.053000000
2026-09-16,15139629000194,Neoenergia Coelba,COMPANHIA DE ELETRICIDADE DO ESTADO DA BAHIA,Concessão,2023-12-01,2922102,9413,9253,9265,77,0,0,0,3,32,42,8,5,3,3,0,0,2,0,59,15,9188,0,0,0,0,0,0,0,,,,,0,3,",000000000",",000000000",23,1,19,0,635,,"2,430000000",",000000000",,0,2,1,2,2,2,,27,,",000000000",2026-09-16 04:03:09.927000000
2026-09-16,15139629000194,Neoenergia Coelba,COMPANHIA DE ELETRICIDADE DO ESTADO DA BAHIA,Concessão,2024-10-01,2921807,5742,5596,5596,46,13,0,0,2,8,23,18,13,3,3,0,0,10,0,24,20,5550,0,0,0,0,0,0,0,,,,,0,0,",000000000",",000000000",18,1,23,0,37,,",015500000",",000000000",,0,2,,3,3,3,,15,,",000000000",2026-09-16 04:03:09.960000000
2026-09-16,15139629000194,Neoenergia Coelba,COMPANHIA DE ELETRICIDADE DO ESTADO DA BAHIA,Concessão,2025-03-01,2908606,12425,12225,12231,142,0,0,0,1,64,77,183,10,10,10,0,0,0,0,102,39,12089,0,0,0,0,0,0,0,,,,,15,6,",000000000","2173,000000000",20,1,20,0,392,,",001700000",",000000000",,0,4,1,,1,,,128,,",000000000",2026-09-16 04:03:10.020000000
2026-09-16,15139629000194,Neoenergia Coelba,COMPANHIA DE ELETRICIDADE DO ESTADO DA BAHIA,Concessão,2025-11-01,2907707,4768,4663,4495,53,1,0,0,1,14,37,31,1,0,0,0,0,1,0,46,6,4442,0,0,0,0,0,0,0,,,,,0,0,",000000000",",000000000",7,1,23,0,61,,",003600000",",000000000",,0,,,,,,,59,,",000000000",2026-09-16 04:03:10.053000000
2026-09-16,15139629000194,Neoenergia Coelba,COMPANHIA DE ELETRICIDADE DO ESTADO DA BAHIA,Concessão,2023-12-01,2922052,6063,5915,5949,95,0,0,0,4,67,24,23,4,3,2,1,0,1,0,67,24,5854,0,0,0,0,0,0,0,,,,,1,1,",000000000",",000000000",14,1,19,0,16,,"2,710000000",",000000000",,0,16,2,4,7,2,,61,,",000000000",2026-09-16 04:03:09.927000000
2026-09-16,15139629000194,Neoenergia Coelba,COMPANHIA DE ELETRICIDADE DO ESTADO DA BAHIA,Concessão,2024-10-01,2921708,17856,17473,17473,168,29,0,0,4,78,57,311,159,141,139,2,0,18,0,115,49,17305,0,0,0,0,0,0,0,,,,,0,0,",000000000",",000000000",27,1,23,0,553,,",001800000",",000000000",,0,44,2,,2,,,161,,",000000000",2026-09-16 04:03:09.960000000
2026-09-16,15139629000194,Neoenergia Coelba,COMPANHIA DE ELETRICIDADE DO ESTADO DA BAHIA,Concessão,2025-03-01,2908705,9196,8987,9006,74,0,0,0,2,34,38,16,7,1,1,0,0,6,0,60,12,8932,0,0,0,0,0,0,0,,,,,1,0,",000000000",",000000000",39,1,20,0,158,,",011600000",",000000000",,0,2,1,,,,,40,,",000000000",2026-09-16 04:03:10.020000000
2026-09-16,15139629000194,Neoenergia Coelba,COMPANHIA DE ELETRICIDADE DO ESTADO DA BAHIA,Concessão,2025-11-01,2910206,2164,2129,2127,9,0,0,0,1,3,5,20,3,3,2,1,0,0,0,7,1,2118,0,0,0,0,0,0,0,,,,,2,1,",000000000",",000000000",4,1,23,0,39,,",001300000",",000000000",,0,,,,,,,24,,",000000000",2026-09-16 04:03:10.053000000
2026-09-16,15139629000194,Neoenergia Coelba,COMPANHIA DE ELETRICIDADE DO ESTADO DA BAHIA,Concessão,2023-12-01,2922656,5808,5685,5712,53,0,0,0,1,16,36,2,1,1,1,0,0,0,0,40,12,5659,0,0,0,0,0,0,0,,,,,0,0,",000000000",",000000000",1,1,19,0,148,,"6,260000000",",000000000",,0,10,3,,1,,,3,,",000000000",2026-09-16 04:03:09.927000000
2026-09-16,15139629000194,Neoenergia Coelba,COMPANHIA DE ELETRICIDADE DO ESTADO DA BAHIA,Concessão,2024-10-01,2931301,6468,6345,6345,92,7,0,0,1,49,35,41,14,9,9,0,0,5,0,65,26,6253,0,0,0,0,0,0,0,,,,,0,0,",000000000",",000000000",11,1,23,0,61,,",002900000",",000000000",,0,2,,6,6,6,,48,,",000000000",2026-09-16 04:03:09.960000000
2026-09-16,15139629000194,Neoenergia Coelba,COMPANHIA DE ELETRICIDADE DO ESTADO DA BAHIA,Concessão,2025-03-01,2902104,21826,21418,21457,283,3,0,0,1,114,165,93,7,4,4,0,0,3,0,233,49,21174,0,0,0,0,0,0,0,,,,,3,5,",000000000",",000000000",39,1,20,0,381,,",001900000",",000000000",,0,50,13,16,19,12,,118,,",000000000",2026-09-16 04:03:10.020000000
2026-09-16,15139629000194,Neoenergia Coelba,COMPANHIA DE ELETRICIDADE DO ESTADO DA BAHIA,Concessão,2025-11-01,2910305,4391,4275,4295,31,0,0,0,2,16,13,27,2,0,0,0,0,2,0,24,5,4264,0,0,0,0,0,0,0,,,,,0,0,",000000000",",000000000",10,1,23,0,78,,",001500000",",000000000",,0,7,1,,,,,23,,",000000000",2026-09-16 04:03:10.053000000
2026-09-16,15139629000194,Neoenergia Coelba,COMPANHIA DE ELETRICIDADE DO ESTADO DA BAHIA,Concessão,2023-12-01,2922003,16554,16246,16300,196,14,0,0,4,104,74,38,18,12,11,1,0,6,0,146,46,16104,0,0,0,1,1,0,0,"18000,000000000","18000,000000000",",000000000",",000000000",6,2,",000000000",",000000000",54,2,19,0,622,,"4,310000000",",000000000",,0,39,18,15,18,4,,459,1,",000000000",2026-09-16 04:03:09.927000000
2026-09-16,15139629000194,Neoenergia Coelba,COMPANHIA DE ELETRICIDADE DO ESTADO DA BAHIA,Concessão,2024-10-01,2921609,4148,4072,4072,30,0,0,0,1,7,22,59,4,4,4,0,0,0,0,20,9,4042,0,0,0,0,0,0,0,,,,,1,0,",000000000",",000000000",6,1,23,0,509,,",001500000",",000000000",,0,14,1,,,,,4,,",000000000",2026-09-16 04:03:09.960000000
2026-09-16,15139629000194,Neoenergia Coelba,COMPANHIA DE ELETRICIDADE DO ESTADO DA BAHIA,Concessão,2025-03-01,2908804,2236,2172,2174,39,12,0,0,1,12,14,5,7,1,1,0,0,6,0,29,9,2135,0,0,0,0,0,0,0,,,,,0,0,",000000000",",000000000",5,1,20,0,37,,",005200000",",000000000",,0,5,,,,,,8,,",000000000",2026-09-16 04:03:10.020000000
2026-09-16,15139629000194,Neoenergia Coelba,COMPANHIA DE ELETRICIDADE DO ESTADO DA BAHIA,Concessão,2025-11-01,2910404,9823,9645,9629,117,1,0,0,2,60,54,44,7,7,7,0,0,0,0,96,19,9512,0,0,0,0,0,0,0,,,,,1,1,",000000000",",000000000",14,1,23,0,62,,",001300000",",000000000",,0,1,,1,2,,,50,,",000000000",2026-09-16 04:03:10.053000000
2026-09-16,15139629000194,Neoenergia Coelba,COMPANHIA DE ELETRICIDADE DO ESTADO DA BAHIA,Concessão,2023-12-01,2921807,5626,5497,5528,100,44,0,0,2,18,36,8,6,1,1,0,0,5,0,78,20,5428,0,0,0,0,0,0,0,,,,,0,0,",000000000",",000000000",18,1,19,0,108,,"15,630000000",",000000000",,0,5,2,,1,,,38,,",000000000",2026-09-16 04:03:09.927000000
2026-09-16,15139629000194,Neoenergia Coelba,COMPANHIA DE ELETRICIDADE DO ESTADO DA BAHIA,Concessão,2024-10-01,2921450,4299,4206,4206,19,1,0,0,2,3,13,13,2,2,2,0,0,0,0,17,0,4187,0,0,0,0,0,0,0,,,,,0,0,",000000000",",000000000",31,1,23,0,33,,",019900000",",000000000",,0,6,3,,,,,26,,",000000000",2026-09-16 04:03:09.960000000
2026-09-16,15139629000194,Neoenergia Coelba,COMPANHIA DE ELETRICIDADE DO ESTADO DA BAHIA,Concessão,2025-03-01,2909000,3960,3901,3898,22,2,0,0,1,8,11,5,0,0,0,0,0,0,0,15,6,3876,0,0,0,0,0,0,0,,,,,1,0,",000000000",",000000000",16,1,20,0,37,,",001300000",",000000000",,0,,,,,,,12,,",000000000",2026-09-16 04:03:10.020000000
2026-09-16,15139629000194,Neoenergia Coelba,COMPANHIA DE ELETRICIDADE DO ESTADO DA BAHIA,Concessão,2025-11-01,2910503,20843,20496,20490,213,0,0,0,2,111,100,270,28,28,28,0,0,0,0,177,34,20277,0,0,0,0,0,0,0,,,,,5,3,",000000000",",000000000",82,1,23,0,691,,",000300000",",000000000",,0,2,1,,1,,,289,,",000000000",2026-09-16 04:03:10.053000000
2026-09-16,15139629000194,Neoenergia Coelba,COMPANHIA DE ELETRICIDADE DO ESTADO DA BAHIA,Concessão,2023-12-01,2921708,17287,16897,16979,235,29,0,0,8,130,68,27,26,15,15,0,0,11,0,170,57,16744,0,0,0,0,0,0,0,,,,,2,1,",000000000",",000000000",27,1,19,0,261,,"3,690000000",",000000000",,0,41,7,5,6,4,,199,,",000000000",2026-09-16 04:03:09.927000000
2026-09-16,15139629000194,Neoenergia Coelba,COMPANHIA DE ELETRICIDADE DO ESTADO DA BAHIA,Concessão,2024-10-01,2921401,8196,8054,8054,49,8,0,0,1,13,27,152,74,72,72,0,0,2,0,35,13,8005,0,0,0,0,0,0,0,,,,,0,0,",000000000",",000000000",32,1,23,0,87,,",001300000",",000000000",,0,11,,11,11,,,57,,",000000000",2026-09-16 04:03:09.960000000
2026-09-16,15139629000194,Neoenergia Coelba,COMPANHIA DE ELETRICIDADE DO ESTADO DA BAHIA,Concessão,2025-03-01,2909109,7886,7693,7696,111,11,0,0,1,32,67,32,11,2,2,0,0,9,0,75,35,7585,0,0,0,0,0,0,0,,,,,0,0,",000000000",",000000000",37,1,20,0,109,,",002400000",",000000000",,0,7,3,,,,,34,,",000000000",2026-09-16 04:03:10.020000000
2026-09-16,15139629000194,Neoenergia Coelba,COMPANHIA DE ELETRICIDADE DO ESTADO DA BAHIA,Concessão,2025-11-01,2904704,7919,7812,7824,130,20,0,0,2,81,27,165,47,31,31,0,0,16,0,108,20,7694,0,0,0,0,0,0,0,,,,,1,1,",000000000",",000000000",30,1,23,0,110,,",004400000",",000000000",,0,5,,,,,,71,,",000000000",2026-09-16 04:03:10.053000000
2026-09-16,15139629000194,Neoenergia Coelba,COMPANHIA DE ELETRICIDADE DO ESTADO DA BAHIA,Concessão,2023-12-01,2921609,4075,4005,4003,13,0,0,0,1,3,9,0,0,0,0,0,0,0,0,9,3,3990,0,0,0,0,0,0,0,,,,,0,1,",000000000",",000000000",20,1,19,0,292,,"1,610000000",",000000000",,0,6,,1,1,1,,39,,",000000000",2026-09-16 04:03:09.927000000
2026-09-16,15139629000194,Neoenergia Coelba,COMPANHIA DE ELETRICIDADE DO ESTADO DA BAHIA,Concessão,2024-10-01,2921302,5091,5015,5015,42,2,0,0,3,7,30,26,0,0,0,0,0,0,0,32,7,4973,0,0,0,0,0,0,0,,,,,2,2,",000000000",",000000000",25,1,23,0,28,,",002900000",",000000000",,0,11,4,4,5,,,49,,",000000000",2026-09-16 04:03:09.960000000
2026-09-16,15139629000194,Neoenergia Coelba,COMPANHIA DE ELETRICIDADE DO ESTADO DA BAHIA,Concessão,2025-03-01,2909208,7568,7460,7471,88,5,0,0,1,32,50,8,2,0,0,0,0,2,0,75,12,7382,1,0,1,0,0,0,0,,,,,0,0,",000000000",",000000000",23,1,20,0,74,,",001600000",",000000000",,0,3,,,,,,90,,",000000000",2026-09-16 04:03:10.020000000
2026-09-16,15139629000194,Neoenergia Coelba,COMPANHIA DE ELETRICIDADE DO ESTADO DA BAHIA,Concessão,2025-11-01,2904050,7986,7757,7781,50,9,0,0,1,23,17,88,11,1,0,1,0,10,0,32,17,7731,0,0,0,0,0,0,0,,,,,3,1,",000000000",",000000000",7,1,23,0,70,,",002600000",",000000000",,0,,,,,,,33,,",000000000",2026-09-16 04:03:10.053000000
2026-09-16,15139629000194,Neoenergia Coelba,COMPANHIA DE ELETRICIDADE DO ESTADO DA BAHIA,Concessão,2023-12-01,2921500,23559,23095,23189,183,0,0,0,6,50,127,36,27,26,26,0,0,1,0,140,37,23006,0,0,0,0,0,0,0,,,,,0,0,",000000000",",000000000",44,1,19,0,847,,",860000000",",000000000",,0,12,3,23,33,7,,91,,",000000000",2026-09-16 04:03:09.927000000
2026-09-16,15139629000194,Neoenergia Coelba,COMPANHIA DE ELETRICIDADE DO ESTADO DA BAHIA,Concessão,2024-10-01,2921203,13951,13738,13738,45,9,0,0,3,10,23,88,48,37,35,2,0,11,0,29,13,13693,0,0,0,1,1,0,0,"29135,000000000","29135,000000000",",000000000",",000000000",1,0,",000000000",",000000000",37,1,23,0,59,,",002800000",",000000000",,0,7,1,1,1,,,56,,",000000000",2026-09-16 04:03:09.960000000
2026-09-16,15139629000194,Neoenergia Coelba,COMPANHIA DE ELETRICIDADE DO ESTADO DA BAHIA,Concessão,2025-03-01,2910206,2137,2106,2107,14,0,0,0,1,7,6,26,5,5,1,4,0,0,0,13,0,2093,0,0,0,0,0,0,0,,,,,0,0,",000000000",",000000000",1,1,20,0,15,,",004700000",",000000000",,0,,,,,,,19,,",000000000",2026-09-16 04:03:10.020000000
2026-09-16,15139629000194,Neoenergia Coelba,COMPANHIA DE ELETRICIDADE DO ESTADO DA BAHIA,Concessão,2025-11-01,2904001,6415,6308,6256,111,34,0,0,2,10,65,47,16,3,2,1,0,13,0,90,19,6145,0,0,0,0,0,0,0,,,,,0,0,",000000000",",000000000",18,1,23,0,38,,",004400000",",000000000",,0,6,1,1,1,,,21,,",000000000",2026-09-16 04:03:10.053000000
2026-09-16,15139629000194,Neoenergia Coelba,COMPANHIA DE ELETRICIDADE DO ESTADO DA BAHIA,Concessão,2023-12-01,2921450,4202,4109,4113,46,2,0,0,2,26,16,7,2,1,1,0,0,1,0,34,10,4067,0,0,0,0,0,0,0,,,,,2,1,",000000000",",000000000",31,1,19,0,119,,"2,320000000",",000000000",,0,3,,12,16,10,,54,,",000000000",2026-09-16 04:03:09.927000000
2026-09-16,15139629000194,Neoenergia Coelba,COMPANHIA DE ELETRICIDADE DO ESTADO DA BAHIA,Concessão,2024-10-01,2921104,10951,10829,10829,164,37,0,0,1,106,20,192,78,59,55,4,0,19,0,121,42,10665,0,0,0,0,0,0,0,,,,,1,5,",000000000",",000000000",42,1,23,0,208,,",002000000",",000000000",,0,15,2,1,1,1,,153,,",000000000",2026-09-16 04:03:09.960000000
2026-09-16,15139629000194,Neoenergia Coelba,COMPANHIA DE ELETRICIDADE DO ESTADO DA BAHIA,Concessão,2025-03-01,2910305,4297,4185,4203,25,1,0,0,2,10,12,24,2,2,2,0,0,0,0,17,6,4178,0,0,0,0,0,0,0,,,,,3,4,",000000000",",000000000",22,1,20,0,65,,",003200000",",000000000",,0,2,,,,,,13,,",000000000",2026-09-16 04:03:10.020000000
2026-09-16,15139629000194,Neoenergia Coelba,COMPANHIA DE ELETRICIDADE DO ESTADO DA BAHIA,Concessão,2025-11-01,2903953,4472,4401,4404,36,7,0,0,1,14,14,31,6,0,0,0,0,6,0,28,7,4368,0,0,0,0,0,0,0,,,,,0,0,",000000000",",000000000",6,1,23,0,98,,",000800000",",000000000",,0,,,,,,,13,,",000000000",2026-09-16 04:03:10.053000000
2026-09-16,15139629000194,Neoenergia Coelba,COMPANHIA DE ELETRICIDADE DO ESTADO DA BAHIA,Concessão,2023-12-01,2921401,7772,7627,7663,61,3,0,0,2,32,24,13,2,2,2,0,0,0,0,46,13,7602,0,0,0,0,0,0,0,,,,,2,0,",000000000",",000000000",11,1,19,0,97,,"2,560000000",",000000000",,0,5,,5,10,,,32,,",000000000",2026-09-16 04:03:09.927000000
2026-09-16,15139629000194,Neoenergia Coelba,COMPANHIA DE ELETRICIDADE DO ESTADO DA BAHIA,Concessão,2024-10-01,2921054,4915,4789,4789,67,8,0,0,1,8,50,31,18,13,13,0,0,5,0,53,13,4722,0,0,0,0,0,0,0,,,,,1,2,",000000000",",000000000",27,1,23,0,171,,",000400000",",000000000",,0,,,3,3,,,26,,",000000000",2026-09-16 04:03:09.960000000
2026-09-16,15139629000194,Neoenergia Coelba,COMPANHIA DE ELETRICIDADE DO ESTADO DA BAHIA,Concessão,2025-03-01,2910404,9553,9403,9376,115,28,0,0,2,29,56,16,13,3,3,0,0,10,0,85,28,9261,0,0,0,0,0,0,0,,,,,0,0,",000000000",",000000000",15,1,20,0,41,,",000600000",",000000000",,0,5,,1,1,1,,40,,",000000000",2026-09-16 04:03:10.020000000
2026-09-16,15139629000194,Neoenergia Coelba,COMPANHIA DE ELETRICIDADE DO ESTADO DA BAHIA,Concessão,2025-11-01,2903904,32007,31400,31300,554,234,0,0,2,143,175,693,180,88,86,2,0,92,0,388,164,30746,0,0,0,0,0,0,0,,,,,9,5,",000000000","2090,000000000",114,1,23,0,1979,,",004900000",",000000000",,0,23,7,2,3,2,,266,,",000000000",2026-09-16 04:03:10.053000000
2026-09-16,15139629000194,Neoenergia Coelba,COMPANHIA DE ELETRICIDADE DO ESTADO DA BAHIA,Concessão,2023-12-01,2921302,5012,4921,4940,33,0,0,0,3,17,13,11,2,2,2,0,0,0,0,24,6,4907,0,0,0,0,0,0,0,,,,,3,3,",000000000",",000000000",11,1,19,0,51,,"18,080000000",",000000000",,0,3,1,2,2,2,,56,,",000000000",2026-09-16 04:03:09.927000000
2026-09-16,15139629000194,Neoenergia Coelba,COMPANHIA DE ELETRICIDADE DO ESTADO DA BAHIA,Concessão,2024-10-01,2919959,3850,3686,3686,15,1,0,0,4,5,5,22,7,7,7,0,0,0,0,10,1,3671,0,0,0,0,0,0,0,,,,,0,0,",000000000",",000000000",6,1,23,0,48,,",037600000",",000000000",,0,4,,,,,,29,,",000000000",2026-09-16 04:03:09.960000000
2026-09-16,15139629000194,Neoenergia Coelba,COMPANHIA DE ELETRICIDADE DO ESTADO DA BAHIA,Concessão,2025-03-01,2910503,20447,20082,20102,303,0,0,0,2,145,156,154,17,16,16,0,0,1,0,268,33,19799,0,0,0,0,0,0,0,,,,,2,5,",000000000","883,000000000",53,1,20,0,749,,",001500000",",000000000",,0,1,,3,3,,,154,,",000000000",2026-09-16 04:03:10.020000000
2026-09-16,15139629000194,Neoenergia Coelba,COMPANHIA DE ELETRICIDADE DO ESTADO DA BAHIA,Concessão,2025-11-01,2903805,9294,9141,9116,213,94,0,0,1,89,29,78,60,8,7,1,0,52,0,148,64,8903,0,0,0,0,0,0,0,,,,,5,2,",000000000",",000000000",13,1,23,0,109,,",003900000",",000000000",,0,4,1,,,,,56,,",000000000",2026-09-16 04:03:10.053000000
2026-09-16,15139629000194,Neoenergia Coelba,COMPANHIA DE ELETRICIDADE DO ESTADO DA BAHIA,Concessão,2023-12-01,2933505,7982,7838,7872,259,102,0,0,1,121,35,81,115,32,29,3,0,83,0,201,57,7613,0,0,0,0,0,0,0,,,,,4,2,",000000000",",000000000",15,1,19,0,172,,"6,500000000",",000000000",,0,6,1,7,8,6,,183,,",000000000",2026-09-16 04:03:09.927000000
2026-09-16,15139629000194,Neoenergia Coelba,COMPANHIA DE ELETRICIDADE DO ESTADO DA BAHIA,Concessão,2024-10-01,2919926,10132,10018,10018,81,0,0,0,2,50,29,140,34,34,34,0,0,0,0,57,22,9937,0,0,0,0,0,0,0,,,,,7,5,",000000000",",000000000",109,1,23,0,216,,",003600000",",000000000",,0,35,13,3,6,,,141,,",000000000",2026-09-16 04:03:09.960000000
2026-09-16,15139629000194,Neoenergia Coelba,COMPANHIA DE ELETRICIDADE DO ESTADO DA BAHIA,Concessão,2025-03-01,2900504,4281,4183,4194,43,2,0,0,4,8,29,13,8,5,5,0,0,3,0,32,7,4151,0,0,0,0,0,0,0,,,,,0,0,",000000000",",000000000",15,1,20,0,172,,",002700000",",000000000",,0,2,,,,,,4,,",000000000",2026-09-16 04:03:10.020000000
2026-09-16,15139629000194,Neoenergia Coelba,COMPANHIA DE ELETRICIDADE DO ESTADO DA BAHIA,Concessão,2025-11-01,2903706,6837,6720,6708,49,9,0,0,1,15,24,26,17,2,0,2,0,15,0,35,13,6659,0,0,0,0,0,0,0,,,,,0,0,",000000000",",000000000",4,1,23,0,167,,",004800000",",000000000",,0,1,,,,,,4,,",000000000",2026-09-16 04:03:10.053000000
2026-09-16,15139629000194,Neoenergia Coelba,COMPANHIA DE ELETRICIDADE DO ESTADO DA BAHIA,Concessão,2023-12-01,2921906,6426,6259,6256,143,60,0,0,1,55,27,25,50,18,15,3,0,32,0,111,31,6113,0,0,0,1,1,0,0,"14500,000000000","14500,000000000",",000000000",",000000000",0,0,",000000000",",000000000",12,1,19,0,100,,",350000000",",000000000",,0,8,,2,7,,,42,,",000000000",2026-09-16 04:03:09.927000000
2026-09-16,15139629000194,Neoenergia Coelba,COMPANHIA DE ELETRICIDADE DO ESTADO DA BAHIA,Concessão,2024-10-01,2921500,23986,23583,23583,170,9,0,0,4,13,144,515,285,280,277,3,0,5,0,129,37,23413,0,0,0,0,0,0,0,,,,,2,2,",000000000",",000000000",59,1,23,0,476,,",003300000",",000000000",,0,30,5,5,5,3,,69,,",000000000",2026-09-16 04:03:09.960000000
2026-09-16,15139629000194,Neoenergia Coelba,COMPANHIA DE ELETRICIDADE DO ESTADO DA BAHIA,Concessão,2025-03-01,2908903,13219,12791,12845,192,32,0,0,1,107,52,78,30,8,8,0,0,22,0,150,41,12653,0,0,0,0,0,0,0,,,,,0,1,",000000000","1668,150000000",35,1,20,0,617,,",001100000",",000000000",,0,6,,10,10,6,,157,,",000000000",2026-09-16 04:03:10.020000000
2026-09-16,15139629000194,Neoenergia Coelba,COMPANHIA DE ELETRICIDADE DO ESTADO DA BAHIA,Concessão,2025-11-01,2910107,6345,6229,6228,84,13,0,0,1,12,58,16,10,5,5,0,0,5,0,60,23,6144,0,0,0,0,0,0,0,,,,,0,1,",000000000",",000000000",4,1,23,0,220,,",003300000",",000000000",,0,6,2,,1,,,21,,",000000000",2026-09-16 04:03:10.053000000
2026-09-16,15139629000194,Neoenergia Coelba,COMPANHIA DE ELETRICIDADE DO ESTADO DA BAHIA,Concessão,2023-04-01,2903706,6507,6400,6289,115,10,88,0,1,0,16,18,28,3,3,0,0,2,23,87,27,6174,0,0,0,0,0,0,0,,,,,2,2,",000000000",",000000000",20,1,18,0,95,,"6,850000000",",000000000",,0,1,1,,,,,27,,",000000000",2026-09-16 04:03:09.927000000
2026-09-16,15139629000194,Neoenergia Coelba,COMPANHIA DE ELETRICIDADE DO ESTADO DA BAHIA,Concessão,2024-10-01,2927903,4732,4648,4648,18,0,0,0,1,10,7,15,1,0,0,0,0,1,0,12,5,4630,0,0,0,0,0,0,0,,,,,0,0,",000000000",",000000000",32,1,23,0,47,,",003900000",",000000000",,0,3,,2,2,2,,45,,",000000000",2026-09-16 04:03:09.960000000
2026-09-16,15139629000194,Neoenergia Coelba,COMPANHIA DE ELETRICIDADE DO ESTADO DA BAHIA,Concessão,2025-03-01,2900900,2738,2710,2717,83,62,0,0,2,11,8,22,13,0,0,0,0,13,0,51,30,2634,0,0,0,0,0,0,0,,,,,2,0,",000000000",",000000000",11,1,20,0,78,,",000400000",",000000000",,0,,,,,,,52,,",000000000",2026-09-16 04:03:10.020000000
2026-09-16,15139629000194,Neoenergia Coelba,COMPANHIA DE ELETRICIDADE DO ESTADO DA BAHIA,Concessão,2025-11-01,2905305,9651,9432,9462,268,71,0,0,1,128,68,78,64,6,4,2,0,58,0,169,98,9194,0,0,0,0,0,0,0,,,,,1,2,",000000000",",000000000",9,1,23,0,124,,",001800000",",000000000",,0,,,,1,,,52,,",000000000",2026-09-16 04:03:10.053000000
2026-09-16,15139629000194,Neoenergia Coelba,COMPANHIA DE ELETRICIDADE DO ESTADO DA BAHIA,Concessão,2023-12-01,2922706,6401,6277,6288,202,83,0,0,1,99,19,18,23,11,10,1,0,12,0,160,41,6086,0,0,0,0,0,0,0,,,,,0,0,",000000000",",000000000",21,1,19,0,72,,"4,550000000",",000000000",,0,6,3,6,12,4,,66,,",000000000",2026-09-16 04:03:09.927000000
2026-09-16,15139629000194,Neoenergia Coelba,COMPANHIA DE ELETRICIDADE DO ESTADO DA BAHIA,Concessão,2024-10-01,2931350,69837,68828,68828,593,32,0,0,4,328,229,1900,65,54,51,3,0,11,0,492,97,68235,0,0,0,0,0,0,0,,,,,32,35,",000000000","7594,580000000",317,1,23,0,2488,,",010500000",",000000000",,0,159,35,17,19,6,,1068,4,",000000000",2026-09-16 04:03:09.960000000
2026-09-16,15139629000194,Neoenergia Coelba,COMPANHIA DE ELETRICIDADE DO ESTADO DA BAHIA,Concessão,2025-03-01,2902005,6626,6487,6494,97,35,0,0,2,23,37,34,31,6,6,0,0,25,0,72,23,6397,0,0,0,0,0,0,0,,,,,1,0,",000000000",",000000000",19,1,20,0,170,,",002300000",",000000000",,0,5,2,1,1,,,34,,",000000000",2026-09-16 04:03:10.020000000
2026-09-16,15139629000194,Neoenergia Coelba,COMPANHIA DE ELETRICIDADE DO ESTADO DA BAHIA,Concessão,2025-11-01,2910057,29219,28770,28776,846,4,0,0,4,139,699,919,71,70,70,0,0,1,0,412,430,27930,0,0,0,0,0,0,0,,,,,24,17,"2520,000000000","6045,000000000",144,1,23,0,793,,",004100000",",000000000",2,0,43,6,8,9,3,,345,,",000000000",2026-09-16 04:03:10.053000000
2026-09-16,15139629000194,Neoenergia Coelba,COMPANHIA DE ELETRICIDADE DO ESTADO DA BAHIA,Concessão,2023-12-01,2922755,2345,2292,2309,29,0,0,0,1,18,10,14,15,10,8,2,0,5,0,20,8,2280,0,0,0,0,0,0,0,,,,,1,1,",000000000",",000000000",4,1,19,0,37,,"4,280000000",",000000000",,0,,,,,,,23,,",000000000",2026-09-16 04:03:09.927000000
2026-09-16,15139629000194,Neoenergia Coelba,COMPANHIA DE ELETRICIDADE DO ESTADO DA BAHIA,Concessão,2024-10-01,2931509,10728,10464,10464,84,1,0,0,1,45,37,208,97,95,95,0,0,2,0,53,30,10380,0,0,0,0,0,0,0,,,,,0,3,",000000000",",000000000",45,1,23,0,314,,",004200000",",000000000",,0,8,4,4,5,1,,93,,",000000000",2026-09-16 04:03:09.960000000
2026-09-16,15139629000194,Neoenergia Coelba,COMPANHIA DE ELETRICIDADE DO ESTADO DA BAHIA,Concessão,2025-03-01,2901957,3375,3303,3306,239,237,0,0,1,0,1,11,8,5,4,1,0,3,0,181,57,3067,0,0,0,0,0,0,0,,,,,0,1,",000000000",",000000000",19,1,20,0,47,,",000200000",",000000000",,0,,,,,,,50,,",000000000",2026-09-16 04:03:10.020000000
2026-09-16,15139629000194,Neoenergia Coelba,COMPANHIA DE ELETRICIDADE DO ESTADO DA BAHIA,Concessão,2025-11-01,2702405,1714,1685,1695,6,1,0,0,1,1,3,6,1,0,0,0,0,1,0,3,2,1689,0,0,0,0,0,0,0,,,,,0,0,",000000000",",000000000",10,0,23,0,0,,",000000000",",000000000",,0,1,1,1,1,,,7,,",000000000",2026-09-16 04:03:10.053000000
2026-09-16,15139629000194,Neoenergia Coelba,COMPANHIA DE ELETRICIDADE DO ESTADO DA BAHIA,Concessão,2023-04-01,2900702,72591,71550,71780,428,0,0,0,7,149,272,235,34,34,34,0,0,0,0,355,66,71352,0,0,0,0,0,0,0,,,,,10,6,",000000000","4109,800000000",167,1,18,0,4254,,"6,420000000",",000000000",,0,39,11,33,39,29,1,276,1,",000000000",2026-09-16 04:03:09.927000000
2026-09-16,15139629000194,Neoenergia Coelba,COMPANHIA DE ELETRICIDADE DO ESTADO DA BAHIA,Concessão,2024-10-01,2931053,8457,8273,8273,99,31,0,0,1,16,51,63,69,31,25,6,0,38,0,88,10,8174,0,0,0,0,0,0,0,,,,,1,0,",000000000",",000000000",29,1,23,0,83,,",007000000",",000000000",,0,4,,,,,,16,,",000000000",2026-09-16 04:03:09.960000000
2026-09-16,15139629000194,Neoenergia Coelba,COMPANHIA DE ELETRICIDADE DO ESTADO DA BAHIA,Concessão,2025-03-01,2917003,16170,15862,15880,170,17,0,0,1,28,124,70,39,28,23,5,0,11,0,124,45,15710,0,0,0,0,0,0,0,,,,,0,0,",000000000",",000000000",37,1,20,0,456,,",001700000",",000000000",,0,3,1,6,6,6,,61,,",000000000",2026-09-16 04:03:10.020000000
2026-09-16,15139629000194,Neoenergia Coelba,COMPANHIA DE ELETRICIDADE DO ESTADO DA BAHIA,Concessão,2025-11-01,2907806,16723,16481,16456,158,1,0,0,1,112,44,91,17,14,14,0,0,3,0,117,40,16298,0,0,0,0,0,0,0,,,,,0,2,",000000000",",000000000",86,1,23,0,437,,",002300000",",000000000",,0,4,,,,,,213,,",000000000",2026-09-16 04:03:10.053000000
2026-09-16,15139629000194,Neoenergia Coelba,COMPANHIA DE ELETRICIDADE DO ESTADO DA BAHIA,Concessão,2023-04-01,2900603,1928,1904,1702,13,0,7,0,1,0,5,6,25,1,1,0,0,0,24,10,2,1689,0,0,0,0,0,0,0,,,,,0,0,",000000000",",000000000",1,1,18,0,20,,"4,640000000",",000000000",,0,1,1,2,2,,,5,,",000000000",2026-09-16 04:03:09.927000000
2026-09-16,15139629000194,Neoenergia Coelba,COMPANHIA DE ELETRICIDADE DO ESTADO DA BAHIA,Concessão,2024-10-01,2931004,11093,10865,10865,49,8,0,0,5,20,16,91,21,16,15,1,0,5,0,38,6,10816,0,0,0,1,1,0,0,"53160,000000000","53160,000000000",",000000000",",000000000",1,0,",000000000",",000000000",74,1,23,0,600,,",000700000",",000000000",,0,13,6,3,3,2,,75,,",000000000",2026-09-16 04:03:09.960000000
2026-09-16,15139629000194,Neoenergia Coelba,COMPANHIA DE ELETRICIDADE DO ESTADO DA BAHIA,Concessão,2025-03-01,2916906,5555,5467,5474,37,1,0,0,2,23,11,14,3,2,2,0,0,1,0,24,11,5437,0,0,0,0,0,0,0,,,,,0,0,",000000000",",000000000",25,1,20,0,94,,",003900000",",000000000",,0,2,,6,6,6,,32,,",000000000",2026-09-16 04:03:10.020000000
2026-09-16,15139629000194,Neoenergia Coelba,COMPANHIA DE ELETRICIDADE DO ESTADO DA BAHIA,Concessão,2025-11-01,2907905,8311,8110,8134,139,0,0,0,1,82,56,22,3,3,3,0,0,0,0,122,16,7995,0,0,0,0,0,0,0,,,,,4,3,",000000000",",000000000",41,1,23,0,129,,",004600000",",000000000",,0,12,8,,,,,109,,",000000000",2026-09-16 04:03:10.053000000
2026-09-16,15139629000194,Neoenergia Coelba,COMPANHIA DE ELETRICIDADE DO ESTADO DA BAHIA,Concessão,2023-04-01,2900405,6941,6815,6829,64,0,0,0,2,23,39,4,0,0,0,0,0,0,0,52,10,6765,0,0,0,1,1,0,0,"9534,000000000","9534,000000000",",000000000",",000000000",0,0,",000000000",",000000000",28,1,18,0,219,,"2,560000000",",000000000",,0,11,3,1,2,,,24,,",000000000",2026-09-16 04:03:09.927000000
2026-09-16,15139629000194,Neoenergia Coelba,COMPANHIA DE ELETRICIDADE DO ESTADO DA BAHIA,Concessão,2024-10-01,2930907,5440,5362,5362,33,4,0,0,2,0,27,10,5,0,0,0,0,5,0,23,8,5329,0,0,0,0,0,0,0,,,,,1,0,",000000000",",000000000",4,1,23,0,89,,",000400000",",000000000",,0,4,,,,,,41,,",000000000",2026-09-16 04:03:09.960000000
2026-09-16,15139629000194,Neoenergia Coelba,COMPANHIA DE ELETRICIDADE DO ESTADO DA BAHIA,Concessão,2025-03-01,2916856,7454,7278,7297,78,26,0,0,2,15,35,24,18,3,1,2,0,15,0,58,18,7219,0,0,0,0,0,0,0,,,,,0,0,",000000000",",000000000",16,1,20,0,136,,",001900000",",000000000",,0,7,,,,,,99,,",000000000",2026-09-16 04:03:10.020000000
2026-09-16,15139629000194,Neoenergia Coelba,COMPANHIA DE ELETRICIDADE DO ESTADO DA BAHIA,Concessão,2025-11-01,2908002,9464,9350,9345,108,30,0,0,1,47,30,60,10,1,1,0,0,9,0,75,32,9237,0,0,0,0,0,0,0,,,,,0,0,",000000000","550,000000000",22,1,23,0,163,,",003900000",",000000000",,0,7,,,,,,83,,",000000000",2026-09-16 04:03:10.053000000
2026-09-16,15139629000194,Neoenergia Coelba,COMPANHIA DE ELETRICIDADE DO ESTADO DA BAHIA,Concessão,2023-04-01,2900355,6042,5976,5990,52,0,0,0,2,37,13,11,5,4,4,0,0,1,0,40,10,5938,0,0,0,0,0,0,0,,,,,1,1,",000000000",",000000000",3,1,18,0,83,,"6,050000000",",000000000",,0,6,3,,,,,19,,",000000000",2026-09-16 04:03:09.927000000
2026-09-16,15139629000194,Neoenergia Coelba,COMPANHIA DE ELETRICIDADE DO ESTADO DA BAHIA,Concessão,2024-10-01,2930808,7716,7565,7565,68,24,0,0,1,20,23,57,16,2,2,0,0,14,0,56,11,7497,0,0,0,0,0,0,0,,,,,1,1,",000000000",",000000000",17,1,23,0,72,,",002800000",",000000000",,0,33,9,14,14,,,5,,",000000000",2026-09-16 04:03:09.960000000
2026-09-16,15139629000194,Neoenergia Coelba,COMPANHIA DE ELETRICIDADE DO ESTADO DA BAHIA,Concessão,2025-03-01,2916807,7791,7591,7578,59,17,0,0,1,16,25,80,6,2,2,0,0,4,0,55,3,7519,0,0,0,0,0,0,0,,,,,0,0,",000000000",",000000000",30,1,20,0,449,,",003100000",",000000000",,0,3,,,,,,64,,",000000000",2026-09-16 04:03:10.020000000
2026-09-16,15139629000194,Neoenergia Coelba,COMPANHIA DE ELETRICIDADE DO ESTADO DA BAHIA,Concessão,2025-11-01,2908101,9538,9282,8951,120,6,0,0,1,35,78,100,2,1,1,0,0,1,0,100,19,8831,0,0,0,0,0,0,0,,,,,4,1,",000000000",",000000000",25,1,23,0,390,,",002300000",",000000000",,0,1,,,1,,,24,,",000000000",2026-09-16 04:03:10.053000000
2026-09-16,15139629000194,Neoenergia Coelba,COMPANHIA DE ELETRICIDADE DO ESTADO DA BAHIA,Concessão,2023-04-01,2900306,6420,6359,6404,87,0,0,0,1,53,33,5,0,0,0,0,0,0,0,59,27,6317,0,0,0,0,0,0,0,,,,,1,0,",000000000",",000000000",12,1,18,0,205,,"4,780000000",",000000000",,0,6,1,1,2,,,30,,",000000000",2026-09-16 04:03:09.927000000
2026-09-16,15139629000194,Neoenergia Coelba,COMPANHIA DE ELETRICIDADE DO ESTADO DA BAHIA,Concessão,2024-10-01,2930774,11145,10961,10961,76,11,0,0,1,27,37,109,21,16,14,2,0,5,0,62,13,10885,0,0,0,0,0,0,0,,,,,0,0,",000000000",",000000000",60,1,23,0,25,,",005200000",",000000000",,0,24,1,12,13,10,,185,1,",000000000",2026-09-16 04:03:09.960000000
2026-09-16,15139629000194,Neoenergia Coelba,COMPANHIA DE ELETRICIDADE DO ESTADO DA BAHIA,Concessão,2025-03-01,2916708,3760,3698,3704,32,1,0,0,1,19,11,20,7,7,6,1,0,0,0,23,8,3672,0,0,0,0,0,0,0,,,,,0,1,",000000000",",000000000",5,1,20,0,140,,",001900000",",000000000",,0,2,,2,2,2,,11,,",000000000",2026-09-16 04:03:10.020000000
2026-09-16,15139629000194,Neoenergia Coelba,COMPANHIA DE ELETRICIDADE DO ESTADO DA BAHIA,Concessão,2025-11-01,2908200,9152,9010,8996,145,20,0,0,1,52,72,46,20,10,9,1,0,10,0,116,28,8851,0,0,0,0,0,0,0,,,,,1,3,",000000000",",000000000",36,1,23,0,92,,",000500000",",000000000",,0,1,1,,,,,122,,",000000000",2026-09-16 04:03:10.053000000
2026-09-16,15139629000194,Neoenergia Coelba,COMPANHIA DE ELETRICIDADE DO ESTADO DA BAHIA,Concessão,2023-04-01,2900207,5953,5900,5899,86,1,0,0,1,29,55,4,76,2,2,0,0,0,74,69,16,5812,1,0,1,0,0,0,0,,,,,0,0,",000000000",",000000000",7,1,18,0,62,,",460000000",",000000000",,0,7,4,1,1,1,,65,,",000000000",2026-09-16 04:03:09.927000000
2026-09-16,15139629000194,Neoenergia Coelba,COMPANHIA DE ELETRICIDADE DO ESTADO DA BAHIA,Concessão,2024-10-01,2932705,9362,9225,9225,371,283,0,0,1,66,21,142,154,36,33,3,0,118,0,272,98,8854,0,0,0,1,1,0,0,"10090,000000000","10090,000000000",",000000000",",000000000",1,0,",000000000",",000000000",26,1,23,0,164,,",002200000",",000000000",,0,3,1,,,,,119,,",000000000",2026-09-16 04:03:09.960000000
2026-09-16,15139629000194,Neoenergia Coelba,COMPANHIA DE ELETRICIDADE DO ESTADO DA BAHIA,Concessão,2025-03-01,2916609,3322,3272,3290,81,56,0,0,1,15,9,36,104,3,2,1,0,101,0,51,29,3209,0,0,0,0,0,0,0,,,,,0,0,",000000000",",000000000",11,1,20,0,78,,",005400000",",000000000",,0,8,1,,,,,24,,",000000000",2026-09-16 04:03:10.020000000
2026-09-16,15139629000194,Neoenergia Coelba,COMPANHIA DE ELETRICIDADE DO ESTADO DA BAHIA,Concessão,2025-11-01,2908309,7825,7718,7722,61,0,0,0,1,19,41,114,23,22,10,12,0,1,0,49,11,7661,0,0,0,0,0,0,0,,,,,2,0,",000000000",",000000000",36,1,23,0,122,,",006600000",",000000000",,0,2,1,,,,,72,,",000000000",2026-09-16 04:03:10.053000000
2026-09-16,15139629000194,Neoenergia Coelba,COMPANHIA DE ELETRICIDADE DO ESTADO DA BAHIA,Concessão,2023-04-01,2900108,4319,4261,4273,24,3,0,0,3,10,8,0,0,0,0,0,0,0,0,16,5,4249,0,0,0,0,0,0,0,,,,,0,0,",000000000",",000000000",6,1,18,0,69,,"3,690000000",",000000000",,0,4,,,1,,,13,,",000000000",2026-09-16 04:03:09.927000000
2026-09-16,15139629000194,Neoenergia Coelba,COMPANHIA DE ELETRICIDADE DO ESTADO DA BAHIA,Concessão,2024-10-01,2932606,7807,7648,7648,154,72,0,0,1,16,65,47,67,21,20,1,0,46,0,124,29,7494,0,0,0,0,0,0,0,,,,,1,1,",000000000",",000000000",40,1,23,0,132,,",001100000",",000000000",,0,5,,2,2,2,,28,,",000000000",2026-09-16 04:03:09.960000000
2026-09-16,15139629000194,Neoenergia Coelba,COMPANHIA DE ELETRICIDADE DO ESTADO DA BAHIA,Concessão,2025-03-01,2916500,16139,15762,15807,228,13,0,0,1,147,67,104,10,3,3,0,0,7,0,203,24,15579,0,0,0,0,0,0,0,,,,,0,0,",000000000",",000000000",12,1,20,0,349,,",005000000",",000000000",,0,7,2,3,3,,,86,,",000000000",2026-09-16 04:03:10.020000000
2026-09-16,15139629000194,Neoenergia Coelba,COMPANHIA DE ELETRICIDADE DO ESTADO DA BAHIA,Concessão,2025-11-01,2908408,34173,33403,33467,316,3,0,0,1,126,186,520,68,68,68,0,0,0,0,257,58,33151,0,0,0,0,0,0,0,,,,,16,4,"4090,000000000","300,000000000",110,1,23,0,1806,,",004200000",",000000000",,0,18,5,8,9,4,,249,,",000000000",2026-09-16 04:03:10.053000000
2026-09-16,15139629000194,Neoenergia Coelba,COMPANHIA DE ELETRICIDADE DO ESTADO DA BAHIA,Concessão,2023-04-01,2905909,9974,9856,10107,1615,3,0,0,1,1585,26,3,31,1,1,0,0,0,30,1369,245,8492,0,0,0,0,0,0,0,,,,,1,1,",000000000",",000000000",61,1,18,0,328,,"1,810000000",",000000000",,0,22,8,14,15,3,,121,,",000000000",2026-09-16 04:03:09.927000000
2026-09-16,15139629000194,Neoenergia Coelba,COMPANHIA DE ELETRICIDADE DO ESTADO DA BAHIA,Concessão,2024-10-01,2932507,7818,7619,7619,206,93,0,0,1,74,38,102,50,24,21,3,0,26,0,142,63,7413,0,0,0,0,0,0,0,,,,,3,2,",000000000",",000000000",26,1,23,0,16,,",000900000",",000000000",,0,4,,,1,,,47,,",000000000",2026-09-16 04:03:09.960000000
2026-09-16,15139629000194,Neoenergia Coelba,COMPANHIA DE ELETRICIDADE DO ESTADO DA BAHIA,Concessão,2025-03-01,2916401,31287,30841,30866,259,18,0,0,1,159,81,196,18,14,14,0,0,4,0,221,37,30607,0,0,0,0,0,0,0,,,,,3,3,",000000000",",000000000",107,1,20,0,611,,",000300000",",000000000",,0,40,6,7,7,,,153,,",000000000",2026-09-16 04:03:10.020000000
2026-09-16,15139629000194,Neoenergia Coelba,COMPANHIA DE ELETRICIDADE DO ESTADO DA BAHIA,Concessão,2025-11-01,2908507,17575,17208,17258,231,19,0,0,1,132,79,158,30,12,10,2,0,18,0,166,64,17027,0,0,0,0,0,0,0,,,,,8,3,",000000000","2201,000000000",46,1,23,0,554,,",002200000",",000000000",,0,7,5,5,6,3,,103,,",000000000",2026-09-16 04:03:10.053000000
2026-09-16,15139629000194,Neoenergia Coelba,COMPANHIA DE ELETRICIDADE DO ESTADO DA BAHIA,Concessão,2023-12-01,2922730,4137,4048,4059,27,0,0,0,1,15,11,2,0,0,0,0,0,0,0,19,7,4032,0,0,0,0,0,0,0,,,,,0,1,",000000000",",000000000",19,1,19,0,198,,"4,300000000",",000000000",,0,7,1,1,2,,,49,,",000000000",2026-09-16 04:03:09.927000000
2026-09-16,15139629000194,Neoenergia Coelba,COMPANHIA DE ELETRICIDADE DO ESTADO DA BAHIA,Concessão,2024-10-01,2931400,3609,3558,3558,43,14,0,0,1,19,9,58,19,11,9,2,0,8,0,21,21,3515,0,0,0,0,0,0,0,,,,,0,0,",000000000",",000000000",7,1,23,0,218,,",003300000",",000000000",,0,2,1,,,,,14,,",000000000",2026-09-16 04:03:09.960000000
2026-09-16,15139629000194,Neoenergia Coelba,COMPANHIA DE ELETRICIDADE DO ESTADO DA BAHIA,Concessão,2025-03-01,2902054,5073,4900,4912,50,1,0,0,1,37,11,38,2,2,2,0,0,0,0,46,3,4862,0,0,0,0,0,0,0,,,,,0,0,",000000000",",000000000",3,1,20,0,94,,",004900000",",000000000",,0,2,1,,,,,63,,",000000000",2026-09-16 04:03:10.020000000
2026-09-16,15139629000194,Neoenergia Coelba,COMPANHIA DE ELETRICIDADE DO ESTADO DA BAHIA,Concessão,2025-11-01,2908606,12806,12581,12594,157,0,0,0,1,114,42,217,39,39,38,1,0,0,0,133,23,12437,0,0,0,0,0,0,0,,,,,4,3,",000000000","886,000000000",30,1,23,0,340,,",002400000",",000000000",,0,5,2,,,,,210,,",000000000",2026-09-16 04:03:10.053000000
2026-09-16,15139629000194,Neoenergia Coelba,COMPANHIA DE ELETRICIDADE DO ESTADO DA BAHIA,Concessão,2023-04-01,2905800,12069,11884,12057,484,87,0,0,1,348,48,66,992,8,8,0,0,1,983,339,144,11573,0,0,0,0,0,0,0,,,,,4,1,",000000000",",000000000",25,1,18,0,360,,",430000000",",000000000",,0,16,,5,6,5,,71,,",000000000",2026-09-16 04:03:09.927000000
2026-09-16,15139629000194,Neoenergia Coelba,COMPANHIA DE ELETRICIDADE DO ESTADO DA BAHIA,Concessão,2024-10-01,2932457,6920,6804,6804,40,0,0,0,1,26,13,59,25,25,25,0,0,0,0,31,8,6764,0,0,0,0,0,0,0,,,,,0,0,",000000000",",000000000",15,1,23,0,42,,",014700000",",000000000",,0,6,,,1,,,75,,",000000000",2026-09-16 04:03:09.960000000
2026-09-16,15139629000194,Neoenergia Coelba,COMPANHIA DE ELETRICIDADE DO ESTADO DA BAHIA,Concessão,2025-03-01,2916302,4397,4346,4340,44,4,0,0,1,14,25,11,6,4,4,0,0,2,0,37,6,4296,0,0,0,0,0,0,0,,,,,0,0,",000000000",",000000000",3,1,20,0,247,,",000200000",",000000000",,0,,,,,,,75,,",000000000",2026-09-16 04:03:10.020000000
2026-09-16,15139629000194,Neoenergia Coelba,COMPANHIA DE ELETRICIDADE DO ESTADO DA BAHIA,Concessão,2025-11-01,2909901,13857,13469,13378,314,132,0,0,3,41,138,139,107,15,13,2,0,92,0,247,64,13064,0,0,0,0,0,0,0,,,,,0,1,",000000000",",000000000",67,1,23,0,180,,",002500000",",000000000",,0,3,1,1,1,1,,174,,",000000000",2026-09-16 04:03:10.053000000
2026-09-16,15139629000194,Neoenergia Coelba,COMPANHIA DE ELETRICIDADE DO ESTADO DA BAHIA,Concessão,2023-04-01,2905602,10598,10443,10404,180,79,73,0,2,0,26,19,112,2,2,0,0,2,108,132,46,10224,0,0,0,0,0,0,0,,,,,0,0,",000000000",",000000000",14,1,18,0,189,,"3,100000000",",000000000",,0,5,,8,8,7,,12,,",000000000",2026-09-16 04:03:09.927000000
2026-09-16,15139629000194,Neoenergia Coelba,COMPANHIA DE ELETRICIDADE DO ESTADO DA BAHIA,Concessão,2024-10-01,2932309,7313,7211,7211,58,27,0,0,2,19,10,30,20,9,8,1,0,11,0,40,16,7153,0,0,0,0,0,0,0,,,,,0,0,",000000000",",000000000",15,1,23,0,271,,",007000000",",000000000",,0,8,2,2,2,,,50,,",000000000",2026-09-16 04:03:09.960000000
2026-09-16,15139629000194,Neoenergia Coelba,COMPANHIA DE ELETRICIDADE DO ESTADO DA BAHIA,Concessão,2025-03-01,2916104,11911,11753,11757,785,3,0,0,2,20,760,69,12,9,9,0,0,3,0,195,588,10972,0,0,0,0,0,0,0,,,,,3,0,",000000000",",000000000",43,1,20,0,221,,",002600000",",000000000",,0,19,11,4,4,3,,79,,",000000000",2026-09-16 04:03:10.020000000
2026-09-16,15139629000194,Neoenergia Coelba,COMPANHIA DE ELETRICIDADE DO ESTADO DA BAHIA,Concessão,2025-11-01,2910008,5184,5103,5109,61,33,0,0,1,10,17,13,18,0,0,0,0,18,0,42,18,5048,0,0,0,0,0,0,0,,,,,0,0,",000000000",",000000000",9,1,23,0,35,,",008300000",",000000000",,0,,,,,,,55,,",000000000",2026-09-16 04:03:10.053000000
2026-09-16,15139629000194,Neoenergia Coelba,COMPANHIA DE ELETRICIDADE DO ESTADO DA BAHIA,Concessão,2023-04-01,2905503,5066,4988,4996,19,0,0,0,2,6,11,10,1,1,1,0,0,0,0,13,4,4977,0,0,0,0,0,0,0,,,,,0,0,",000000000",",000000000",59,1,18,0,53,,"26,700000000",",000000000",,0,24,21,,2,,,37,,",000000000",2026-09-16 04:03:09.927000000
2026-09-16,15139629000194,Neoenergia Coelba,COMPANHIA DE ELETRICIDADE DO ESTADO DA BAHIA,Concessão,2024-10-01,2932200,8327,8188,8188,113,49,0,0,1,37,26,47,20,9,9,0,0,11,0,90,22,8075,0,0,0,0,0,0,0,,,,,3,3,",000000000",",000000000",13,1,23,0,341,,",004100000",",000000000",,0,6,,5,6,4,,102,,",000000000",2026-09-16 04:03:09.960000000
2026-09-16,15139629000194,Neoenergia Coelba,COMPANHIA DE ELETRICIDADE DO ESTADO DA BAHIA,Concessão,2025-03-01,2916005,9128,9022,9030,361,248,0,0,1,84,28,66,47,5,1,4,0,42,0,265,95,8669,0,0,0,0,0,0,0,,,,,2,0,",000000000","3929,160000000",21,1,20,0,7,,",000000000",",000000000",,0,10,2,6,7,6,,80,,",000000000",2026-09-16 04:03:10.020000000
2026-09-16,15139629000194,Neoenergia Coelba,COMPANHIA DE ELETRICIDADE DO ESTADO DA BAHIA,Concessão,2025-11-01,1707009,1,1,1,0,0,0,0,0,0,0,0,0,0,0,0,0,0,0,0,0,1,0,0,0,0,0,0,0,,,,,0,0,",000000000",",000000000",0,0,23,0,0,,",000000000",",000000000",,0,,,,,,,,,",000000000",2026-09-16 04:03:10.053000000
2026-09-16,15139629000194,Neoenergia Coelba,COMPANHIA DE ELETRICIDADE DO ESTADO DA BAHIA,Concessão,2023-04-01,2905404,8379,8182,8226,177,2,0,0,5,61,109,16,7,6,6,0,0,1,0,146,26,8047,2,0,2,0,0,0,0,,,,,1,1,",000000000",",000000000",21,2,18,0,160,,"12,370000000",",000000000",,0,7,3,26,30,19,1,,,",000000000",2026-09-16 04:03:09.927000000
2026-09-16,15139629000194,Neoenergia Coelba,COMPANHIA DE ELETRICIDADE DO ESTADO DA BAHIA,Concessão,2024-10-01,2932101,9090,8885,8885,45,1,0,0,2,12,30,180,84,80,74,6,0,4,0,39,4,8840,0,0,0,0,0,0,0,,,,,0,1,",000000000",",000000000",33,1,23,0,290,,",003400000",",000000000",,0,8,2,,,,,59,,",000000000",2026-09-16 04:03:09.960000000
2026-09-16,15139629000194,Neoenergia Coelba,COMPANHIA DE ELETRICIDADE DO ESTADO DA BAHIA,Concessão,2025-03-01,2915908,2968,2891,2902,33,1,0,0,1,14,17,30,2,1,1,0,0,1,0,27,5,2869,0,0,0,0,0,0,0,,,,,0,0,",000000000",",000000000",4,1,20,0,48,,",006000000",",000000000",,0,,,,1,,,40,,",000000000",2026-09-16 04:03:10.020000000
2026-09-16,15139629000194,Neoenergia Coelba,COMPANHIA DE ELETRICIDADE DO ESTADO DA BAHIA,Concessão,2025-11-01,2904605,38088,37381,37403,333,126,0,0,3,99,105,533,210,150,146,4,0,60,0,236,94,37070,0,0,0,0,0,0,0,,,,,48,11,"6543,110000000","6428,000000000",182,1,23,0,1775,,",005300000",",000000000",,0,61,15,9,9,8,,143,,",000000000",2026-09-16 04:03:10.053000000
2026-09-16,15139629000194,Neoenergia Coelba,COMPANHIA DE ELETRICIDADE DO ESTADO DA BAHIA,Concessão,2023-04-01,2905305,9062,8905,8969,168,8,0,0,2,105,53,8,8,5,5,0,0,3,0,122,44,8801,0,0,0,0,0,0,0,,,,,2,0,",000000000","1395,000000000",9,1,18,0,5,,"11,020000000",",000000000",,0,35,13,5,8,1,,77,,",000000000",2026-09-16 04:03:09.927000000
2026-09-16,15139629000194,Neoenergia Coelba,COMPANHIA DE ELETRICIDADE DO ESTADO DA BAHIA,Concessão,2024-10-01,2932002,12755,12405,12405,183,79,0,0,1,5,98,279,202,141,140,1,0,61,0,147,35,12222,0,0,0,0,0,0,0,,,,,2,2,",000000000",",000000000",45,1,23,0,429,,",006100000",",000000000",,0,33,4,3,4,3,,83,,",000000000",2026-09-16 04:03:09.960000000
2026-09-16,15139629000194,Neoenergia Coelba,COMPANHIA DE ELETRICIDADE DO ESTADO DA BAHIA,Concessão,2025-03-01,2915809,9240,9117,9052,143,31,0,0,2,61,49,28,10,2,2,0,0,8,0,100,41,8909,0,0,0,0,0,0,0,,,,,0,0,",000000000",",000000000",21,1,20,0,30,,",007700000",",000000000",,0,16,2,,,,,93,,",000000000",2026-09-16 04:03:10.020000000
2026-09-16,15139629000194,Neoenergia Coelba,COMPANHIA DE ELETRICIDADE DO ESTADO DA BAHIA,Concessão,2025-11-01,2905206,28803,28070,28010,141,12,0,0,2,43,84,207,20,15,15,0,0,5,0,109,30,27869,0,0,0,1,0,0,0,"4755712,000000000","4755712,000000000",",000000000",",000000000",7,3,",000000000",",000000000",66,1,23,0,546,,",001900000",",000000000",,0,,,,,,,57,,",000000000",2026-09-16 04:03:10.053000000
2026-09-16,15139629000194,Neoenergia Coelba,COMPANHIA DE ELETRICIDADE DO ESTADO DA BAHIA,Concessão,2023-04-01,2905206,26521,26042,26023,59,5,0,0,7,20,27,38,254,13,13,0,0,5,236,44,8,25964,0,0,0,0,0,0,0,,,,,0,1,",000000000","200,000000000",92,1,18,0,440,,"1,170000000",",000000000",,0,17,2,17,21,17,,143,1,",000000000",2026-09-16 04:03:09.927000000
2026-09-16,15139629000194,Neoenergia Coelba,COMPANHIA DE ELETRICIDADE DO ESTADO DA BAHIA,Concessão,2024-10-01,2931905,26634,26104,26104,311,97,0,0,1,110,103,460,283,204,203,1,0,79,0,215,95,25793,0,0,0,0,0,0,0,,,,,1,4,",000000000","800,000000000",73,1,23,0,580,,",017300000",",000000000",,0,40,9,1,1,,,109,,",000000000",2026-09-16 04:03:09.960000000
2026-09-16,15139629000194,Neoenergia Coelba,COMPANHIA DE ELETRICIDADE DO ESTADO DA BAHIA,Concessão,2025-03-01,2915700,3465,3393,3399,272,244,0,0,1,22,5,18,49,4,4,0,0,45,0,173,98,3127,0,0,0,0,0,0,0,,,,,4,1,",000000000",",000000000",17,1,20,0,32,,",003200000",",000000000",,0,1,,,,,,51,,",000000000",2026-09-16 04:03:10.020000000
2026-09-16,15139629000194,Neoenergia Coelba,COMPANHIA DE ELETRICIDADE DO ESTADO DA BAHIA,Concessão,2025-11-01,2905107,5828,5713,5704,43,1,0,0,1,12,29,43,13,12,12,0,0,1,0,36,6,5661,0,0,0,0,0,0,0,,,,,0,0,",000000000",",000000000",10,1,23,0,70,,",003600000",",000000000",,0,2,,1,1,1,,39,,",000000000",2026-09-16 04:03:10.053000000
2026-09-16,15139629000194,Neoenergia Coelba,COMPANHIA DE ELETRICIDADE DO ESTADO DA BAHIA,Concessão,2023-04-01,2905156,4853,4784,4363,115,36,62,0,1,0,16,7,36,4,3,1,0,25,7,89,25,4248,0,0,0,0,0,0,0,,,,,0,0,",000000000",",000000000",23,1,18,0,89,,"1,270000000",",000000000",,0,1,1,7,7,3,,17,,",000000000",2026-09-16 04:03:09.927000000
2026-09-16,15139629000194,Neoenergia Coelba,COMPANHIA DE ELETRICIDADE DO ESTADO DA BAHIA,Concessão,2024-10-01,2931806,8833,8622,8622,73,3,0,0,8,27,35,17,8,4,4,0,0,4,0,50,15,8549,0,0,0,0,0,0,0,,,,,0,0,",000000000",",000000000",26,1,23,0,180,,",001500000",",000000000",,0,2,,,,,,56,,",000000000",2026-09-16 04:03:09.960000000
2026-09-16,15139629000194,Neoenergia Coelba,COMPANHIA DE ELETRICIDADE DO ESTADO DA BAHIA,Concessão,2025-03-01,2915601,26494,25969,26025,795,380,0,0,9,259,147,124,111,29,23,6,0,82,0,576,210,25230,0,0,0,0,0,0,0,,,,,3,6,"848,000000000","4195,000000000",110,2,20,0,213,,",000400000",",000000000",,0,5,1,11,14,6,,234,,",000000000",2026-09-16 04:03:10.020000000
2026-09-16,15139629000194,Neoenergia Coelba,COMPANHIA DE ELETRICIDADE DO ESTADO DA BAHIA,Concessão,2025-11-01,2930600,7526,7378,7402,56,2,0,0,1,21,32,31,4,3,3,0,0,1,0,46,9,7346,0,0,0,0,0,0,0,,,,,0,0,",000000000",",000000000",10,1,23,0,154,,",006100000",",000000000",,0,,,,,,,58,,",000000000",2026-09-16 04:03:10.053000000
2026-09-16,15139629000194,Neoenergia Coelba,COMPANHIA DE ELETRICIDADE DO ESTADO DA BAHIA,Concessão,2023-12-01,2933604,18768,18382,17805,124,11,0,0,1,46,66,102,66,62,62,0,0,4,0,98,25,17681,0,0,0,0,0,0,0,,,,,3,4,",000000000",",000000000",63,1,19,0,668,,",690000000",",000000000",,0,44,,12,15,12,,319,,",000000000",2026-09-16 04:03:09.927000000
2026-09-16,15139629000194,Neoenergia Coelba,COMPANHIA DE ELETRICIDADE DO ESTADO DA BAHIA,Concessão,2024-10-01,2931707,4872,4816,4816,38,13,0,0,1,15,9,78,13,10,9,1,0,3,0,18,19,4778,0,0,0,0,0,0,0,,,,,0,1,",000000000",",000000000",6,1,23,0,122,,",000900000",",000000000",,0,,,,2,,,36,,",000000000",2026-09-16 04:03:09.960000000
2026-09-16,15139629000194,Neoenergia Coelba,COMPANHIA DE ELETRICIDADE DO ESTADO DA BAHIA,Concessão,2025-03-01,2915502,9075,8904,8948,114,60,0,0,1,33,20,51,114,18,18,0,0,96,0,86,27,8833,1,0,1,0,0,0,0,,,,,0,0,",000000000",",000000000",33,1,20,0,121,,",001600000",",000000000",,0,5,,,,,,81,,",000000000",2026-09-16 04:03:10.020000000
2026-09-16,15139629000194,Neoenergia Coelba,COMPANHIA DE ELETRICIDADE DO ESTADO DA BAHIA,Concessão,2025-11-01,2930709,49644,49001,48846,1356,3,0,0,5,349,999,819,83,81,80,1,0,2,0,811,540,47490,0,0,0,0,0,0,0,,,,,24,6,"20171,510000000","12695,880000000",238,1,23,0,859,,",005000000",",000000000",,0,111,22,11,11,3,,866,,",000000000",2026-09-16 04:03:10.053000000
2026-09-16,15139629000194,Neoenergia Coelba,COMPANHIA DE ELETRICIDADE DO ESTADO DA BAHIA,Concessão,2023-12-01,2922805,3552,3486,3493,9,0,0,0,1,3,5,3,0,0,0,0,0,0,0,7,1,3484,0,0,0,0,0,0,0,,,,,0,0,",000000000",",000000000",5,1,19,0,57,,",640000000",",000000000",,0,9,,,,,,9,,",000000000",2026-09-16 04:03:09.927000000
2026-09-16,15139629000194,Neoenergia Coelba,COMPANHIA DE ELETRICIDADE DO ESTADO DA BAHIA,Concessão,2024-10-01,2931608,4421,4364,4364,53,28,0,0,1,4,20,52,195,12,7,5,0,183,0,31,21,4311,0,0,0,0,0,0,0,,,,,0,0,",000000000",",000000000",12,1,23,0,33,,",009100000",",000000000",,0,,,,,,,37,,",000000000",2026-09-16 04:03:09.960000000
2026-09-16,15139629000194,Neoenergia Coelba,COMPANHIA DE ELETRICIDADE DO ESTADO DA BAHIA,Concessão,2025-03-01,2915403,2541,2505,2486,65,32,0,0,1,24,8,28,66,0,0,0,0,66,0,45,19,2421,0,0,0,0,0,0,0,,,,,0,0,",000000000",",000000000",8,1,20,0,57,,",008300000",",000000000",,0,2,1,,,,,2,,",000000000",2026-09-16 04:03:10.020000000
2026-09-16,15139629000194,Neoenergia Coelba,COMPANHIA DE ELETRICIDADE DO ESTADO DA BAHIA,Concessão,2025-11-01,2930758,5486,5357,5369,196,129,0,0,1,36,30,42,55,7,7,0,0,48,0,165,30,5173,0,0,0,0,0,0,0,,,,,0,0,",000000000",",000000000",31,1,23,0,116,,",000100000",",000000000",,0,1,,,,,,43,,",000000000",2026-09-16 04:03:10.053000000
2026-09-16,15139629000194,Neoenergia Coelba,COMPANHIA DE ELETRICIDADE DO ESTADO DA BAHIA,Concessão,2023-04-01,2905701,167048,164666,166276,4198,17,0,0,15,1535,2631,821,191,183,183,0,0,7,1,3055,1128,162078,0,0,0,0,0,0,0,,,,,87,35,"14101,180000000","28036,230000000",792,1,18,0,3333,,"8,520000000",",000000000",,0,540,168,161,236,55,6,3112,2,",000000000",2026-09-16 04:03:09.927000000
2026-09-16,15139629000194,Neoenergia Coelba,COMPANHIA DE ELETRICIDADE DO ESTADO DA BAHIA,Concessão,2024-10-01,2932408,7544,7412,7412,97,45,0,0,1,39,12,54,33,17,15,2,0,16,0,64,32,7315,0,0,0,0,0,0,0,,,,,0,0,",000000000",",000000000",36,1,23,0,31,,",004700000",",000000000",,0,7,,,,,,59,,",000000000",2026-09-16 04:03:09.960000000
2026-09-16,15139629000194,Neoenergia Coelba,COMPANHIA DE ELETRICIDADE DO ESTADO DA BAHIA,Concessão,2025-03-01,2916203,4277,4208,4225,69,42,0,0,1,17,9,12,2,0,0,0,0,2,0,58,10,4156,0,0,0,0,0,0,0,,,,,0,3,",000000000",",000000000",10,1,20,0,78,,",005300000",",000000000",,0,3,,,,,,36,,",000000000",2026-09-16 04:03:10.020000000
2026-09-16,15139629000194,Neoenergia Coelba,COMPANHIA DE ELETRICIDADE DO ESTADO DA BAHIA,Concessão,2025-11-01,2930766,6624,6509,6526,50,2,0,0,1,31,16,31,4,3,3,0,0,1,0,37,12,6476,0,0,0,0,0,0,0,,,,,1,1,",000000000",",000000000",44,1,23,0,197,,",003600000",",000000000",,0,,,,,,,24,,",000000000",2026-09-16 04:03:10.053000000
2026-09-16,15139629000194,Neoenergia Coelba,COMPANHIA DE ELETRICIDADE DO ESTADO DA BAHIA,Concessão,2023-12-01,2918803,9436,9237,9318,325,1,0,0,1,262,61,62,22,22,22,0,0,0,0,269,55,8993,0,0,0,0,0,0,0,,,,,1,1,",000000000","7505,000000000",26,1,19,0,187,,"11,030000000",",000000000",,0,12,6,,1,,,127,,",000000000",2026-09-16 04:03:09.927000000
2026-09-16,15139629000194,Neoenergia Coelba,COMPANHIA DE ELETRICIDADE DO ESTADO DA BAHIA,Concessão,2024-10-01,2919900,3648,3452,3452,26,5,0,0,1,8,12,29,12,8,6,2,0,4,0,17,8,3426,0,0,0,0,0,0,0,,,,,0,0,",000000000",",000000000",9,1,23,0,0,,",000000000",",000000000",,0,2,,3,3,3,,6,,",000000000",2026-09-16 04:03:09.960000000
2026-09-16,15139629000194,Neoenergia Coelba,COMPANHIA DE ELETRICIDADE DO ESTADO DA BAHIA,Concessão,2025-03-01,2910602,15319,15114,15082,148,0,0,0,4,74,70,91,12,12,12,0,0,0,0,122,22,14934,0,0,0,0,0,0,0,,,,,2,2,",000000000","1850,000000000",32,1,20,0,197,,",002500000",",000000000",,0,1,1,4,4,4,,157,,",000000000",2026-09-16 04:03:10.020000000
2026-09-16,15139629000194,Neoenergia Coelba,COMPANHIA DE ELETRICIDADE DO ESTADO DA BAHIA,Concessão,2025-11-01,2930501,43897,43105,43121,412,9,0,0,3,145,255,1000,324,302,301,1,0,22,0,331,78,42709,0,0,0,0,0,0,0,,,,,25,15,",000000000",",000000000",87,1,23,0,926,,",004400000",",000000000",,0,10,3,,,,,165,,",000000000",2026-09-16 04:03:10.053000000
2026-09-16,15139629000194,Neoenergia Coelba,COMPANHIA DE ELETRICIDADE DO ESTADO DA BAHIA,Concessão,2023-04-01,2903805,8729,8595,8665,321,111,2,0,1,179,28,28,672,5,5,0,0,35,632,226,94,8344,0,0,0,0,0,0,0,,,,,2,2,",000000000",",000000000",22,1,18,0,214,,"2,680000000",",000000000",,0,5,4,1,2,1,,105,,",000000000",2026-09-16 04:03:09.927000000
2026-09-16,15139629000194,Neoenergia Coelba,COMPANHIA DE ELETRICIDADE DO ESTADO DA BAHIA,Concessão,2024-10-01,2928059,5094,5015,5015,224,144,0,0,1,61,18,34,75,9,9,0,0,66,0,143,80,4791,0,0,0,0,0,0,0,,,,,0,0,",000000000",",000000000",8,1,23,0,206,,",002600000",",000000000",,0,5,1,,,,,65,,",000000000",2026-09-16 04:03:09.960000000
2026-09-16,15139629000194,Neoenergia Coelba,COMPANHIA DE ELETRICIDADE DO ESTADO DA BAHIA,Concessão,2025-03-01,2901007,18799,18487,18513,98,6,0,0,2,34,56,50,4,2,2,0,0,2,0,84,12,18415,0,0,0,0,0,0,0,,,,,2,1,",000000000",",000000000",49,1,20,0,633,,",002500000",",000000000",,0,7,2,4,5,2,,101,,",000000000",2026-09-16 04:03:10.020000000
2026-09-16,15139629000194,Neoenergia Coelba,COMPANHIA DE ELETRICIDADE DO ESTADO DA BAHIA,Concessão,2025-11-01,2930774,11439,11187,11190,86,4,0,0,2,36,44,91,13,13,4,9,0,0,0,69,15,11104,0,0,0,0,0,0,0,,,,,7,4,",000000000",",000000000",83,1,23,0,170,,",001400000",",000000000",,0,5,3,3,3,3,,153,,",000000000",2026-09-16 04:03:10.053000000
2026-09-16,15139629000194,Neoenergia Coelba,COMPANHIA DE ELETRICIDADE DO ESTADO DA BAHIA,Concessão,2023-04-01,2903953,4157,4109,4112,21,1,8,0,1,0,11,2,10,1,1,0,0,4,5,15,5,4091,0,0,0,0,0,0,0,,,,,0,0,",000000000",",000000000",14,1,18,0,56,,"1,730000000",",000000000",,0,,,1,1,,,23,,",000000000",2026-09-16 04:03:09.927000000
2026-09-16,15139629000194,Neoenergia Coelba,COMPANHIA DE ELETRICIDADE DO ESTADO DA BAHIA,Concessão,2024-10-01,2928406,13524,12947,12947,123,11,0,0,1,36,75,60,22,13,12,1,0,9,0,101,21,12824,0,0,0,0,0,0,0,,,,,10,8,",000000000",",000000000",25,1,23,0,391,,",003900000",",000000000",,0,16,2,,,,,131,,"450,090000000",2026-09-16 04:03:09.960000000
2026-09-16,15139629000194,Neoenergia Coelba,COMPANHIA DE ELETRICIDADE DO ESTADO DA BAHIA,Concessão,2025-03-01,2901155,8162,7971,7978,165,45,0,0,1,61,58,39,34,7,7,0,0,27,0,117,47,7813,0,0,0,0,0,0,0,,,,,0,2,",000000000",",000000000",21,1,20,0,51,,",002100000",",000000000",,0,4,3,2,2,2,,47,,",000000000",2026-09-16 04:03:10.020000000
2026-09-16,15139629000194,Neoenergia Coelba,COMPANHIA DE ELETRICIDADE DO ESTADO DA BAHIA,Concessão,2025-11-01,2930907,5572,5464,5469,89,26,0,0,2,41,20,35,13,3,3,0,0,10,0,61,26,5380,0,0,0,0,0,0,0,,,,,0,0,",000000000",",000000000",16,1,23,0,85,,",001100000",",000000000",,0,1,,,,,,36,,",000000000",2026-09-16 04:03:10.053000000
2026-09-16,15139629000194,Neoenergia Coelba,COMPANHIA DE ELETRICIDADE DO ESTADO DA BAHIA,Concessão,2023-04-01,2928000,16497,16298,16309,77,0,0,0,6,27,44,9,1,1,1,0,0,0,0,61,10,16232,0,0,0,0,0,0,0,,,,,2,5,"2925,000000000",",000000000",57,1,18,0,228,,"5,040000000",",000000000",,0,44,11,6,7,2,,29,,",000000000",2026-09-16 04:03:09.927000000
2026-09-16,15139629000194,Neoenergia Coelba,COMPANHIA DE ELETRICIDADE DO ESTADO DA BAHIA,Concessão,2024-10-01,2907301,10919,10802,10802,45,2,0,0,1,15,27,38,5,1,1,0,0,4,0,36,8,10757,0,0,0,0,0,0,0,,,,,3,2,",000000000",",000000000",40,1,23,0,617,,",003700000",",000000000",,0,21,2,1,1,,1,90,,",000000000",2026-09-16 04:03:09.960000000
2026-09-16,15139629000194,Neoenergia Coelba,COMPANHIA DE ELETRICIDADE DO ESTADO DA BAHIA,Concessão,2025-04-01,2910404,9577,9403,9373,85,10,0,0,2,32,41,43,20,2,1,1,0,18,0,63,20,9288,0,0,0,0,0,0,0,,,,,1,0,",000000000",",000000000",21,1,20,0,61,,",001800000",",000000000",,0,10,3,,,,,92,,",000000000",2026-09-16 04:03:10.020000000
2026-09-16,15139629000194,Neoenergia Coelba,COMPANHIA DE ELETRICIDADE DO ESTADO DA BAHIA,Concessão,2025-11-01,2931004,11447,11214,11212,104,19,0,0,1,43,41,81,41,16,15,1,0,25,0,88,15,11108,0,0,0,0,0,0,0,,,,,0,0,",000000000",",000000000",41,1,23,0,158,,",006500000",",000000000",,0,2,,,,,,19,,",000000000",2026-09-16 04:03:10.053000000
2026-09-16,15139629000194,Neoenergia Coelba,COMPANHIA DE ELETRICIDADE DO ESTADO DA BAHIA,Concessão,2023-04-01,2928208,12352,12141,12159,67,8,0,0,3,20,36,27,13,5,4,1,0,8,0,50,14,12092,0,0,0,0,0,0,0,,,,,0,1,",000000000",",000000000",22,1,18,0,118,,",790000000",",000000000",,0,9,4,8,8,6,,68,,",000000000",2026-09-16 04:03:09.927000000
2026-09-16,15139629000194,Neoenergia Coelba,COMPANHIA DE ELETRICIDADE DO ESTADO DA BAHIA,Concessão,2024-10-01,2907202,27555,24839,24839,501,208,0,0,4,138,151,597,150,48,44,4,0,102,0,365,132,24338,0,0,0,0,0,0,0,,,,,4,4,",000000000",",000000000",127,1,23,0,1497,,",004600000",",000000000",,0,60,24,16,26,3,2,187,,",000000000",2026-09-16 04:03:09.960000000
2026-09-16,15139629000194,Neoenergia Coelba,COMPANHIA DE ELETRICIDADE DO ESTADO DA BAHIA,Concessão,2025-04-01,2910503,20486,20120,20129,235,0,0,0,2,94,139,268,25,25,25,0,0,0,0,189,44,19894,0,0,0,0,0,0,0,,,,,4,17,",000000000",",000000000",54,1,20,0,546,,",000900000",",000000000",,0,14,5,,,,,199,,",000000000",2026-09-16 04:03:10.020000000
2026-09-16,15139629000194,Neoenergia Coelba,COMPANHIA DE ELETRICIDADE DO ESTADO DA BAHIA,Concessão,2025-11-01,2931053,8799,8573,8590,106,7,0,0,1,43,55,42,20,7,7,0,0,13,0,80,25,8483,1,0,1,0,0,0,0,,,,,2,0,",000000000",",000000000",24,1,23,0,181,,",001800000",",000000000",,0,,,,,,,2,,",000000000",2026-09-16 04:03:10.053000000
2026-09-16,15139629000194,Neoenergia Coelba,COMPANHIA DE ELETRICIDADE DO ESTADO DA BAHIA,Concessão,2023-04-01,2929107,8476,8321,8354,51,0,0,0,4,23,24,7,32,4,4,0,0,28,0,37,10,8303,0,0,0,0,0,0,0,,,,,1,1,",000000000",",000000000",21,1,18,0,253,,"11,720000000",",000000000",,0,20,13,6,7,,,28,,",000000000",2026-09-16 04:03:09.927000000
2026-09-16,15139629000194,Neoenergia Coelba,COMPANHIA DE ELETRICIDADE DO ESTADO DA BAHIA,Concessão,2024-10-01,2907103,13085,12735,12735,250,82,0,0,1,63,104,70,54,26,26,0,0,28,0,200,49,12485,0,0,0,0,0,0,0,,,,,1,0,",000000000",",000000000",38,1,23,0,133,,",001600000",",000000000",,0,16,5,,,,,139,,",000000000",2026-09-16 04:03:09.960000000
2026-09-16,15139629000194,Neoenergia Coelba,COMPANHIA DE ELETRICIDADE DO ESTADO DA BAHIA,Concessão,2025-04-01,2900504,4282,4168,4190,52,4,0,0,4,10,34,4,2,0,0,0,0,2,0,36,12,4138,0,0,0,0,0,0,0,,,,,0,0,",000000000",",000000000",7,1,20,0,102,,",002800000",",000000000",,0,,,,,,,3,,",000000000",2026-09-16 04:03:10.020000000
2026-09-16,15139629000194,Neoenergia Coelba,COMPANHIA DE ELETRICIDADE DO ESTADO DA BAHIA,Concessão,2025-11-01,2931103,3390,3344,3347,56,0,0,0,1,19,36,16,6,0,0,0,0,6,0,42,13,3291,0,0,0,0,0,0,0,,,,,3,2,",000000000",",000000000",11,1,23,0,163,,",002600000",",000000000",,0,,,,,,,21,,",000000000",2026-09-16 04:03:10.053000000
2026-09-16,15139629000194,Neoenergia Coelba,COMPANHIA DE ELETRICIDADE DO ESTADO DA BAHIA,Concessão,2023-04-01,2929008,4321,4257,4269,36,0,0,0,3,19,14,4,4,0,0,0,0,4,0,27,6,4233,0,0,0,0,0,0,0,,,,,0,0,",000000000",",000000000",25,1,18,0,168,,"8,320000000",",000000000",,0,6,1,5,6,3,,21,,",000000000",2026-09-16 04:03:09.927000000
2026-09-16,15139629000194,Neoenergia Coelba,COMPANHIA DE ELETRICIDADE DO ESTADO DA BAHIA,Concessão,2024-10-01,2907004,3714,3637,3637,27,0,0,0,1,12,14,31,5,5,5,0,0,0,0,23,3,3610,0,0,0,0,0,0,0,,,,,1,1,",000000000",",000000000",3,1,23,0,136,,",004500000",",000000000",,0,5,1,,,,,33,,",000000000",2026-09-16 04:03:09.960000000
2026-09-16,15139629000194,Neoenergia Coelba,COMPANHIA DE ELETRICIDADE DO ESTADO DA BAHIA,Concessão,2025-04-01,2910602,15388,15136,15131,139,0,0,0,4,65,70,72,3,3,3,0,0,0,0,120,15,14992,0,0,0,0,0,0,0,,,,,2,5,",000000000",",000000000",20,1,20,0,212,,",007400000",",000000000",,0,1,1,1,1,,,170,,",000000000",2026-09-16 04:03:10.020000000
2026-09-16,15139629000194,Neoenergia Coelba,COMPANHIA DE ELETRICIDADE DO ESTADO DA BAHIA,Concessão,2025-11-01,2930808,7966,7772,7792,64,17,0,0,2,19,26,13,11,1,1,0,0,10,0,46,16,7728,0,0,0,0,0,0,0,,,,,0,0,",000000000",",000000000",17,1,23,0,63,,",006100000",",000000000",,0,13,1,,,,,21,,",000000000",2026-09-16 04:03:10.053000000
2026-09-16,15139629000194,Neoenergia Coelba,COMPANHIA DE ELETRICIDADE DO ESTADO DA BAHIA,Concessão,2023-04-01,2929057,6974,6901,6870,31,0,0,0,2,5,24,9,4,3,3,0,0,0,1,26,3,6839,0,0,0,0,0,0,0,,,,,0,0,",000000000",",000000000",30,1,18,0,1,,"6,490000000",",000000000",,0,10,5,1,3,,,62,,",000000000",2026-09-16 04:03:09.927000000
2026-09-16,15139629000194,Neoenergia Coelba,COMPANHIA DE ELETRICIDADE DO ESTADO DA BAHIA,Concessão,2024-10-01,2906907,9627,9320,9320,125,28,0,0,3,70,24,162,31,21,18,3,0,10,0,89,33,9195,0,0,0,0,0,0,0,,,,,2,2,",000000000",",000000000",24,1,23,0,275,,",005300000",",000000000",,0,57,10,,,,,46,,",000000000",2026-09-16 04:03:09.960000000
2026-09-16,15139629000194,Neoenergia Coelba,COMPANHIA DE ELETRICIDADE DO ESTADO DA BAHIA,Concessão,2025-04-01,2909901,13635,13260,13184,429,195,0,0,2,103,129,154,61,17,16,1,0,44,0,319,108,12755,0,0,0,2,2,0,0,"71504,000000000","71504,000000000",",000000000",",000000000",2,2,",000000000",",000000000",48,1,20,0,212,,",002500000",",000000000",,0,14,6,13,13,5,,108,,",000000000",2026-09-16 04:03:10.020000000
2026-09-16,15139629000194,Neoenergia Coelba,COMPANHIA DE ELETRICIDADE DO ESTADO DA BAHIA,Concessão,2025-11-01,2930402,7773,7661,7652,74,10,0,0,2,29,33,42,4,0,0,0,0,4,0,54,18,7578,0,0,0,0,0,0,0,,,,,0,0,",000000000",",000000000",14,1,23,0,146,,",000500000",",000000000",,0,,,1,1,,,92,,",000000000",2026-09-16 04:03:10.053000000
2026-09-16,15139629000194,Neoenergia Coelba,COMPANHIA DE ELETRICIDADE DO ESTADO DA BAHIA,Concessão,2023-04-01,2929206,15082,14918,14946,133,0,0,0,1,70,62,24,5,5,5,0,0,0,0,97,35,14813,0,0,0,0,0,0,0,,,,,3,1,",000000000","1360,000000000",48,1,18,0,94,,"10,960000000",",000000000",,0,43,13,8,12,4,,215,,",000000000",2026-09-16 04:03:09.927000000
2026-09-16,15139629000194,Neoenergia Coelba,COMPANHIA DE ELETRICIDADE DO ESTADO DA BAHIA,Concessão,2024-10-01,2906600,7318,7160,7160,363,245,0,0,2,33,83,47,112,11,6,5,0,101,0,235,126,6797,0,0,0,1,1,0,0,"10090,000000000","10090,000000000",",000000000",",000000000",0,0,",000000000",",000000000",50,1,23,0,226,,",009500000",",000000000",,0,8,2,,1,,1,23,,",000000000",2026-09-16 04:03:09.960000000
2026-09-16,15139629000194,Neoenergia Coelba,COMPANHIA DE ELETRICIDADE DO ESTADO DA BAHIA,Concessão,2025-04-01,2910008,5029,4940,4944,126,104,0,0,1,3,18,4,21,1,1,0,0,20,0,98,27,4818,0,0,0,0,0,0,0,,,,,0,0,",000000000",",000000000",9,1,20,0,122,,",004200000",",000000000",,0,6,,,,,,61,,",000000000",2026-09-16 04:03:10.020000000
2026-09-16,15139629000194,Neoenergia Coelba,COMPANHIA DE ELETRICIDADE DO ESTADO DA BAHIA,Concessão,2025-11-01,2930303,8198,8054,8069,176,58,0,0,2,37,79,25,23,2,2,0,0,21,0,115,59,7893,0,0,0,0,0,0,0,,,,,1,0,",000000000",",000000000",41,1,23,0,0,,",000000000",",000000000",,0,5,1,,,,,36,,",000000000",2026-09-16 04:03:10.053000000
2026-09-16,15139629000194,Neoenergia Coelba,COMPANHIA DE ELETRICIDADE DO ESTADO DA BAHIA,Concessão,2023-04-01,2929255,9575,9413,9464,135,47,1,0,4,61,22,5,74,1,0,1,0,26,47,96,35,9329,0,0,0,0,0,0,0,,,,,0,0,",000000000",",000000000",5,1,18,0,77,,"5,530000000",",000000000",,0,5,2,,,,,85,,",000000000",2026-09-16 04:03:09.927000000
2026-09-16,15139629000194,Neoenergia Coelba,COMPANHIA DE ELETRICIDADE DO ESTADO DA BAHIA,Concessão,2024-10-01,2906501,34560,34111,34111,375,9,0,0,6,106,254,743,213,208,206,2,0,5,0,290,79,33736,0,0,0,1,1,0,0,"53160,000000000","53160,000000000",",000000000",",000000000",19,5,",000000000","13347,930000000",112,1,23,0,1538,,",009200000",",000000000",,0,65,17,27,37,3,,272,,",000000000",2026-09-16 04:03:09.960000000
2026-09-16,15139629000194,Neoenergia Coelba,COMPANHIA DE ELETRICIDADE DO ESTADO DA BAHIA,Concessão,2025-04-01,2702405,1640,1508,1542,16,3,0,0,1,4,8,27,9,2,1,1,0,7,0,12,3,1526,0,0,0,0,0,0,0,,,,,0,0,",000000000",",000000000",14,0,20,0,0,,",000000000",",000000000",,0,,,1,1,,,16,,",000000000",2026-09-16 04:03:10.020000000
2026-09-16,15139629000194,Neoenergia Coelba,COMPANHIA DE ELETRICIDADE DO ESTADO DA BAHIA,Concessão,2025-11-01,2930154,16582,16211,16184,379,198,0,0,2,79,100,157,150,32,30,2,0,118,0,260,117,15805,0,0,0,0,0,0,0,,,,,1,0,",000000000",",000000000",58,1,23,0,690,,",000100000",",000000000",,0,19,4,6,6,6,,132,,",000000000",2026-09-16 04:03:10.053000000
2026-09-16,15139629000194,Neoenergia Coelba,COMPANHIA DE ELETRICIDADE DO ESTADO DA BAHIA,Concessão,2023-04-01,2929305,16547,16260,16271,115,19,0,0,2,50,44,35,12,4,4,0,0,8,0,93,20,16156,0,0,0,0,0,0,0,,,,,3,1,",000000000",",000000000",60,1,18,0,277,,"4,980000000",",000000000",,0,34,7,10,15,6,,197,,",000000000",2026-09-16 04:03:09.927000000
2026-09-16,15139629000194,Neoenergia Coelba,COMPANHIA DE ELETRICIDADE DO ESTADO DA BAHIA,Concessão,2024-10-01,2906402,3936,3880,3880,65,23,0,0,1,9,32,69,20,20,20,0,0,0,0,57,7,3815,0,0,0,3,3,0,0,"921323,000000000","921323,000000000",",000000000",",000000000",0,1,",000000000",",000000000",5,1,23,0,93,,",005400000",",000000000",,0,2,,6,6,6,,22,,",000000000",2026-09-16 04:03:09.960000000
2026-09-16,15139629000194,Neoenergia Coelba,COMPANHIA DE ELETRICIDADE DO ESTADO DA BAHIA,Concessão,2025-04-01,1707009,1,1,1,0,0,0,0,0,0,0,0,0,0,0,0,0,0,0,0,0,1,0,0,0,0,0,0,0,,,,,0,0,",000000000",",000000000",0,0,20,0,0,,",000000000",",000000000",,0,,,,,,,,,",000000000",2026-09-16 04:03:10.020000000
2026-09-16,15139629000194,Neoenergia Coelba,COMPANHIA DE ELETRICIDADE DO ESTADO DA BAHIA,Concessão,2025-11-01,2902005,6728,6573,6569,93,27,0,0,2,27,37,54,33,12,10,2,0,21,0,69,22,6476,0,0,0,0,0,0,0,,,,,2,2,",000000000",",000000000",28,1,23,0,217,,",001900000",",000000000",,0,4,1,,,,,19,,",000000000",2026-09-16 04:03:10.053000000
2026-09-16,15139629000194,Neoenergia Coelba,COMPANHIA DE ELETRICIDADE DO ESTADO DA BAHIA,Concessão,2023-04-01,2924900,4080,4011,4014,14,0,0,0,3,7,4,2,0,0,0,0,0,0,0,9,2,4000,0,0,0,0,0,0,0,,,,,2,2,",000000000",",000000000",9,1,18,0,41,,"4,440000000",",000000000",,0,2,,,,,,13,,",000000000",2026-09-16 04:03:09.927000000
2026-09-16,15139629000194,Neoenergia Coelba,COMPANHIA DE ELETRICIDADE DO ESTADO DA BAHIA,Concessão,2024-10-01,2906303,15678,15501,15501,536,253,0,0,1,222,60,178,103,42,38,4,0,61,0,351,184,14965,0,0,0,2,2,0,0,"1537865,000000000","1537865,000000000",",000000000",",000000000",12,9,"3846,070000000","19097,510000000",37,1,23,0,17,,",021900000",",000000000",,0,15,2,7,7,3,,115,1,",000000000",2026-09-16 04:03:09.960000000
2026-09-16,15139629000194,Neoenergia Coelba,COMPANHIA DE ELETRICIDADE DO ESTADO DA BAHIA,Concessão,2025-04-01,2912608,2004,1918,1910,24,10,0,0,1,6,7,20,14,4,0,4,0,10,0,18,5,1886,0,0,0,0,0,0,0,,,,,0,0,",000000000",",000000000",0,1,20,0,21,,",004900000",",000000000",,0,1,,,,,,18,,",000000000",2026-09-16 04:03:10.020000000
2026-09-16,15139629000194,Neoenergia Coelba,COMPANHIA DE ELETRICIDADE DO ESTADO DA BAHIA,Concessão,2025-11-01,2902104,22861,22410,22456,206,1,0,0,1,71,133,114,10,9,9,0,0,1,0,170,35,22250,0,0,0,0,0,0,0,,,,,2,1,",000000000",",000000000",32,1,23,0,395,,",001200000",",000000000",,0,10,3,3,4,,,75,,",000000000",2026-09-16 04:03:10.053000000
2026-09-16,15139629000194,Neoenergia Coelba,COMPANHIA DE ELETRICIDADE DO ESTADO DA BAHIA,Concessão,2023-04-01,2924801,9740,9601,9602,41,0,0,0,2,17,22,7,2,2,2,0,0,0,0,33,6,9561,0,0,0,0,0,0,0,,,,,0,3,",000000000",",000000000",61,1,18,0,443,,"2,390000000",",000000000",,0,2,2,,6,,,120,1,",000000000",2026-09-16 04:03:09.927000000
2026-09-16,15139629000194,Neoenergia Coelba,COMPANHIA DE ELETRICIDADE DO ESTADO DA BAHIA,Concessão,2024-10-01,2906204,12128,11919,11919,140,46,0,0,4,14,76,151,116,75,61,14,0,41,0,99,37,11779,0,0,0,1,1,0,0,"29135,000000000","29135,000000000",",000000000",",000000000",0,0,",000000000",",000000000",15,1,23,0,355,,",000700000",",000000000",,0,27,5,8,10,3,,71,,",000000000",2026-09-16 04:03:09.960000000
2026-09-16,15139629000194,Neoenergia Coelba,COMPANHIA DE ELETRICIDADE DO ESTADO DA BAHIA,Concessão,2025-04-01,2912509,7106,6911,6941,88,0,0,0,1,16,71,6,6,6,6,0,0,0,0,66,21,6853,0,0,0,0,0,0,0,,,,,0,1,",000000000",",000000000",19,1,20,0,82,,",002100000",",000000000",,0,10,5,,,,,41,,",000000000",2026-09-16 04:03:10.020000000
2026-09-16,15139629000194,Neoenergia Coelba,COMPANHIA DE ELETRICIDADE DO ESTADO DA BAHIA,Concessão,2025-11-01,2902203,5310,5216,5228,19,0,0,0,1,8,10,88,10,10,10,0,0,0,0,14,4,5209,0,0,0,0,0,0,0,,,,,3,2,"1025,000000000",",000000000",14,1,23,0,36,,",002300000",",000000000",,0,2,1,,,,,48,,",000000000",2026-09-16 04:03:10.053000000
2026-09-16,15139629000194,Neoenergia Coelba,COMPANHIA DE ELETRICIDADE DO ESTADO DA BAHIA,Concessão,2023-04-01,2924702,4899,4803,4821,20,3,0,0,2,9,6,3,5,2,2,0,0,3,0,12,6,4801,0,0,0,0,0,0,0,,,,,0,0,",000000000",",000000000",16,1,18,0,285,,"6,910000000",",000000000",,0,,,7,7,7,,19,,",000000000",2026-09-16 04:03:09.927000000
2026-09-16,15139629000194,Neoenergia Coelba,COMPANHIA DE ELETRICIDADE DO ESTADO DA BAHIA,Concessão,2024-10-01,2906105,4534,4465,4465,23,2,0,0,2,4,15,56,0,0,0,0,0,0,0,18,3,4442,0,0,0,1,1,0,0,"582345,000000000","582345,000000000",",000000000",",000000000",0,0,",000000000",",000000000",5,1,23,0,198,,",005500000",",000000000",,0,,,,,,,19,,",000000000",2026-09-16 04:03:09.960000000
2026-09-16,15139629000194,Neoenergia Coelba,COMPANHIA DE ELETRICIDADE DO ESTADO DA BAHIA,Concessão,2025-04-01,2912400,8568,8341,8355,189,86,0,0,1,57,45,39,42,6,5,1,0,36,0,124,64,8166,0,0,0,0,0,0,0,,,,,1,2,",000000000",",000000000",16,1,20,0,199,,",002100000",",000000000",,0,11,,8,8,8,,71,,",000000000",2026-09-16 04:03:10.020000000
2026-09-16,15139629000194,Neoenergia Coelba,COMPANHIA DE ELETRICIDADE DO ESTADO DA BAHIA,Concessão,2025-11-01,2902252,3649,3584,3566,348,216,0,0,2,118,12,35,78,7,7,0,0,71,0,226,120,3218,0,0,0,0,0,0,0,,,,,2,0,",000000000",",000000000",7,1,23,0,68,,",000600000",",000000000",,0,1,,,,,,22,,",000000000",2026-09-16 04:03:10.053000000
2026-09-16,15139629000194,Neoenergia Coelba,COMPANHIA DE ELETRICIDADE DO ESTADO DA BAHIA,Concessão,2023-04-01,2924678,2894,2859,3136,1126,44,0,0,1,1068,13,7,166,0,0,0,0,0,166,863,262,2010,0,0,0,0,0,0,0,,,,,1,0,",000000000",",000000000",5,1,18,0,7,,"4,460000000",",000000000",,0,3,3,1,2,,,,,",000000000",2026-09-16 04:03:09.927000000
2026-09-16,15139629000194,Neoenergia Coelba,COMPANHIA DE ELETRICIDADE DO ESTADO DA BAHIA,Concessão,2024-10-01,2906006,33722,33009,33009,398,42,0,0,1,254,101,359,168,163,157,6,0,5,0,299,98,32610,1,0,1,1,1,0,0,"64259,000000000","64259,000000000",",000000000",",000000000",0,0,",000000000",",000000000",62,1,23,0,530,,",005400000",",000000000",,0,49,8,18,19,6,,144,1,",000000000",2026-09-16 04:03:09.960000000
2026-09-16,15139629000194,Neoenergia Coelba,COMPANHIA DE ELETRICIDADE DO ESTADO DA BAHIA,Concessão,2025-04-01,2910057,29130,28337,28362,1091,9,0,0,4,136,942,542,48,44,44,0,0,4,0,385,702,27271,0,0,0,0,0,0,0,,,,,18,18,"950,000000000","1910,000000000",121,1,20,0,625,,",002100000",",000000000",,0,60,15,7,12,,,404,,",000000000",2026-09-16 04:03:10.020000000
2026-09-16,15139629000194,Neoenergia Coelba,COMPANHIA DE ELETRICIDADE DO ESTADO DA BAHIA,Concessão,2025-11-01,2902302,3560,3491,3504,160,0,0,0,2,112,46,18,1,1,0,1,0,0,0,153,5,3344,0,0,0,0,0,0,0,,,,,1,1,"8836,480000000",",000000000",3,1,23,0,25,,",004200000",",000000000",,0,8,3,3,3,3,,1,,",000000000",2026-09-16 04:03:10.053000000
2026-09-16,15139629000194,Neoenergia Coelba,COMPANHIA DE ELETRICIDADE DO ESTADO DA BAHIA,Concessão,2023-04-01,2924652,4913,4852,4859,40,6,0,0,2,16,16,4,9,0,0,0,0,9,0,32,6,4819,0,0,0,0,0,0,0,,,,,0,0,",000000000",",000000000",20,1,18,0,115,,"6,510000000",",000000000",,0,8,2,1,2,,,28,,",000000000",2026-09-16 04:03:09.927000000
2026-09-16,15139629000194,Neoenergia Coelba,COMPANHIA DE ELETRICIDADE DO ESTADO DA BAHIA,Concessão,2024-10-01,2905909,9998,9893,9893,121,10,0,0,1,42,68,66,19,13,13,0,0,6,0,103,17,9772,0,0,0,4,4,0,0,"2536174,000000000","2536174,000000000",",000000000",",000000000",1,1,",000000000",",000000000",36,1,23,0,68,,",005700000",",000000000",,0,17,4,18,19,12,,111,,",000000000",2026-09-16 04:03:09.960000000
2026-09-16,15139629000194,Neoenergia Coelba,COMPANHIA DE ELETRICIDADE DO ESTADO DA BAHIA,Concessão,2025-04-01,2910107,6287,6081,6078,42,6,0,0,1,11,24,20,1,1,1,0,0,0,0,28,13,6036,0,0,0,0,0,0,0,,,,,1,2,",000000000",",000000000",35,1,20,0,64,,",003800000",",000000000",,0,10,3,6,6,6,,26,,",000000000",2026-09-16 04:03:10.020000000
2026-09-16,15139629000194,Neoenergia Coelba,COMPANHIA DE ELETRICIDADE DO ESTADO DA BAHIA,Concessão,2025-11-01,2902401,4635,4552,4550,85,19,0,0,1,43,22,43,9,0,0,0,0,9,0,61,23,4465,0,0,0,0,0,0,0,,,,,0,0,",000000000",",000000000",11,1,23,0,46,,",001400000",",000000000",,0,2,,,,,,50,,",000000000",2026-09-16 04:03:10.053000000
2026-09-16,15139629000194,Neoenergia Coelba,COMPANHIA DE ELETRICIDADE DO ESTADO DA BAHIA,Concessão,2023-04-01,2924603,8743,8567,8606,46,10,0,0,1,19,16,11,131,4,4,0,0,30,97,39,6,8560,0,0,0,0,0,0,0,,,,,2,1,",000000000",",000000000",63,1,18,0,108,,"5,660000000",",000000000",,0,21,2,5,5,,,89,,",000000000",2026-09-16 04:03:09.927000000
2026-09-16,15139629000194,Neoenergia Coelba,COMPANHIA DE ELETRICIDADE DO ESTADO DA BAHIA,Concessão,2024-10-01,2905800,12106,11898,11898,242,101,0,0,1,95,45,85,51,22,17,5,0,29,0,173,68,11656,0,0,0,15,15,0,0,"907601,000000000","907601,000000000",",000000000",",000000000",4,4,",000000000",",000000000",22,1,23,0,472,,",000800000",",000000000",,0,16,2,11,11,6,,149,1,",000000000",2026-09-16 04:03:09.960000000
2026-09-16,15139629000194,Neoenergia Coelba,COMPANHIA DE ELETRICIDADE DO ESTADO DA BAHIA,Concessão,2025-04-01,2910701,30612,29808,29866,339,6,0,0,4,145,184,73,15,9,9,0,0,6,0,263,72,29527,0,0,0,0,0,0,0,,,,,9,1,",000000000","1250,000000000",112,1,20,0,710,,",002700000",",000000000",,0,31,5,5,5,,,173,,",000000000",2026-09-16 04:03:10.020000000
2026-09-16,15139629000194,Neoenergia Coelba,COMPANHIA DE ELETRICIDADE DO ESTADO DA BAHIA,Concessão,2025-11-01,2902500,6758,6629,6644,57,5,0,0,2,17,33,51,5,3,3,0,0,2,0,41,14,6587,0,0,0,0,0,0,0,,,,,2,1,",000000000",",000000000",23,1,23,0,190,,",002700000",",000000000",,0,,,,,,,44,,",000000000",2026-09-16 04:03:10.053000000
2026-09-16,15139629000194,Neoenergia Coelba,COMPANHIA DE ELETRICIDADE DO ESTADO DA BAHIA,Concessão,2023-04-01,2924504,7320,7165,7199,60,20,0,0,4,13,23,11,14,4,4,0,0,10,0,46,10,7139,0,0,0,0,0,0,0,,,,,0,0,",000000000",",000000000",35,1,18,0,88,,"1,280000000",",000000000",,0,2,,8,8,6,,57,1,",000000000",2026-09-16 04:03:09.927000000
2026-09-16,15139629000194,Neoenergia Coelba,COMPANHIA DE ELETRICIDADE DO ESTADO DA BAHIA,Concessão,2024-10-01,2905701,173383,170540,170540,4528,76,0,0,16,626,3810,4216,554,507,492,15,0,47,0,2810,1702,166012,0,0,0,1,1,0,0,"602425,000000000","73646,000000000",",000000000",",000000000",75,74,"1419,930000000","4405,000000000",1621,1,23,0,2776,,",008700000",",000000000",,0,327,61,91,108,34,1,1893,3,",000000000",2026-09-16 04:03:09.960000000
2026-09-16,15139629000194,Neoenergia Coelba,COMPANHIA DE ELETRICIDADE DO ESTADO DA BAHIA,Concessão,2025-04-01,2910727,54363,53279,53451,731,202,0,0,14,370,145,720,212,161,158,3,0,51,0,577,140,52720,0,0,0,0,0,0,0,,,,,20,13,",000000000","9881,100000000",403,1,20,0,1747,,",004800000",",000000000",,0,29,2,1,1,1,,1140,,",000000000",2026-09-16 04:03:10.020000000
2026-09-16,15139629000194,Neoenergia Coelba,COMPANHIA DE ELETRICIDADE DO ESTADO DA BAHIA,Concessão,2025-11-01,2902609,9566,9402,9406,79,19,0,0,1,12,47,42,14,8,7,1,0,6,0,66,12,9327,0,0,0,0,0,0,0,,,,,11,2,",000000000",",000000000",6,1,23,0,241,,",002600000",",000000000",,0,1,,,,,,48,,",000000000",2026-09-16 04:03:10.053000000
2026-09-16,15139629000194,Neoenergia Coelba,COMPANHIA DE ELETRICIDADE DO ESTADO DA BAHIA,Concessão,2023-04-01,2924405,11946,10838,9660,1695,7,26,0,1,1618,43,3,108,0,0,0,0,2,106,1412,282,7965,0,0,0,0,0,0,0,,,,,1,0,",000000000",",000000000",56,1,18,0,10,,"1,080000000",",000000000",,0,40,13,9,13,,6,2,,",000000000",2026-09-16 04:03:09.927000000
2026-09-16,15139629000194,Neoenergia Coelba,COMPANHIA DE ELETRICIDADE DO ESTADO DA BAHIA,Concessão,2024-10-01,2905602,10743,10518,10518,249,156,0,0,1,60,32,79,90,26,19,7,0,64,0,171,77,10269,0,0,0,2,2,0,0,"28047,000000000","28047,000000000",",000000000",",000000000",2,2,",000000000","2150,000000000",46,1,23,0,41,,",035100000",",000000000",,0,14,2,1,1,,,203,,",000000000",2026-09-16 04:03:09.960000000
2026-09-16,15139629000194,Neoenergia Coelba,COMPANHIA DE ELETRICIDADE DO ESTADO DA BAHIA,Concessão,2025-04-01,2910750,9442,9260,9307,106,25,0,0,2,48,31,36,10,5,5,0,0,5,0,81,23,9201,0,0,0,0,0,0,0,,,,,0,0,",000000000",",000000000",22,1,20,0,164,,",004100000",",000000000",,0,8,2,,,,,49,,",000000000",2026-09-16 04:03:10.020000000
2026-09-16,15139629000194,Neoenergia Coelba,COMPANHIA DE ELETRICIDADE DO ESTADO DA BAHIA,Concessão,2025-11-01,2902658,5890,5808,5792,37,0,0,0,1,15,21,35,9,6,6,0,0,3,0,28,8,5755,0,0,0,0,0,0,0,,,,,0,0,",000000000",",000000000",7,1,23,0,52,,",000400000",",000000000",,0,,,2,2,,,,,",000000000",2026-09-16 04:03:10.053000000
2026-09-16,15139629000194,Neoenergia Coelba,COMPANHIA DE ELETRICIDADE DO ESTADO DA BAHIA,Concessão,2023-04-01,2924306,9447,9238,9284,42,5,0,0,1,20,16,3,4,3,3,0,0,1,0,28,13,9242,0,0,0,0,0,0,0,,,,,0,0,",000000000",",000000000",7,1,18,0,186,,"3,990000000",",000000000",,0,9,1,,1,,,43,,",000000000",2026-09-16 04:03:09.927000000
2026-09-16,15139629000194,Neoenergia Coelba,COMPANHIA DE ELETRICIDADE DO ESTADO DA BAHIA,Concessão,2024-10-01,2905503,5263,5189,5189,26,0,0,0,2,2,22,49,21,21,20,1,0,0,0,17,7,5163,0,0,0,1,1,0,0,"17172,000000000","17172,000000000",",000000000",",000000000",1,1,",000000000",",000000000",8,1,23,0,70,,",003200000",",000000000",,0,3,3,2,3,2,,31,,",000000000",2026-09-16 04:03:09.960000000
2026-09-16,15139629000194,Neoenergia Coelba,COMPANHIA DE ELETRICIDADE DO ESTADO DA BAHIA,Concessão,2025-04-01,2910776,3118,3015,3014,238,193,0,0,1,14,30,11,9,3,3,0,0,6,0,177,60,2776,0,0,0,0,0,0,0,,,,,0,0,",000000000",",000000000",7,1,20,0,24,,",004100000",",000000000",,0,,,,,,,20,,",000000000",2026-09-16 04:03:10.020000000
2026-09-16,15139629000194,Neoenergia Coelba,COMPANHIA DE ELETRICIDADE DO ESTADO DA BAHIA,Concessão,2025-11-01,2928901,16629,16242,16078,397,100,0,0,1,118,178,190,81,50,48,2,0,31,0,322,74,15681,0,0,0,1,1,0,0,"2914,000000000","2914,000000000",",000000000",",000000000",1,1,",000000000",",000000000",55,1,23,0,132,,",002500000",",000000000",,0,6,2,,,,,130,,",000000000",2026-09-16 04:03:10.053000000
2026-09-16,15139629000194,Neoenergia Coelba,COMPANHIA DE ELETRICIDADE DO ESTADO DA BAHIA,Concessão,2023-04-01,2928505,5160,5073,5067,28,5,0,0,2,13,8,11,120,3,2,1,0,117,0,19,7,5039,0,0,0,0,0,0,0,,,,,1,1,",000000000",",000000000",8,1,18,0,77,,"7,530000000",",000000000",,0,5,1,,2,,,38,,",000000000",2026-09-16 04:03:09.927000000
2026-09-16,15139629000194,Neoenergia Coelba,COMPANHIA DE ELETRICIDADE DO ESTADO DA BAHIA,Concessão,2024-10-01,2907400,1738,1708,1708,20,3,0,0,1,1,15,15,5,4,4,0,0,1,0,14,5,1688,0,0,0,0,0,0,0,,,,,1,0,",000000000",",000000000",7,1,23,0,37,,",000500000",",000000000",,0,,,,,,,9,,",000000000",2026-09-16 04:03:09.960000000
2026-09-16,15139629000194,Neoenergia Coelba,COMPANHIA DE ELETRICIDADE DO ESTADO DA BAHIA,Concessão,2025-04-01,2910305,4315,4209,4219,35,1,0,0,2,18,14,13,1,1,1,0,0,0,0,27,6,4184,0,0,0,0,0,0,0,,,,,0,0,"1684,000000000",",000000000",14,1,20,0,66,,",003700000",",000000000",,0,2,1,2,2,,,33,,",000000000",2026-09-16 04:03:10.020000000
2026-09-16,15139629000194,Neoenergia Coelba,COMPANHIA DE ELETRICIDADE DO ESTADO DA BAHIA,Concessão,2025-11-01,2928950,4348,4281,4258,35,1,0,0,1,13,20,156,104,104,104,0,0,0,0,22,12,4223,0,0,0,0,0,0,0,,,,,0,0,",000000000",",000000000",17,1,23,0,114,,",001700000",",000000000",,0,1,,1,1,,,41,,",000000000",2026-09-16 04:03:10.053000000
2026-09-16,15139629000194,Neoenergia Coelba,COMPANHIA DE ELETRICIDADE DO ESTADO DA BAHIA,Concessão,2023-04-01,2928406,12871,12612,12317,103,23,0,0,1,41,38,4,2,0,0,0,0,2,0,85,17,12214,0,0,0,0,0,0,0,,,,,3,0,",000000000",",000000000",14,1,18,0,198,,"6,220000000",",000000000",,0,9,6,4,18,4,,39,,",000000000",2026-09-16 04:03:09.927000000
2026-09-16,15139629000194,Neoenergia Coelba,COMPANHIA DE ELETRICIDADE DO ESTADO DA BAHIA,Concessão,2024-10-01,2906709,12336,12189,12189,122,32,0,0,4,43,43,78,59,21,21,0,0,38,0,94,24,12067,0,0,0,0,0,0,0,,,,,2,0,",000000000",",000000000",43,1,23,0,616,,",001500000",",000000000",,0,6,,,,,,87,1,",000000000",2026-09-16 04:03:09.960000000
2026-09-16,15139629000194,Neoenergia Coelba,COMPANHIA DE ELETRICIDADE DO ESTADO DA BAHIA,Concessão,2025-04-01,2910206,2144,2094,2094,16,0,0,0,1,9,6,1,1,1,1,0,0,0,0,14,1,2078,0,0,0,0,0,0,0,,,,,0,0,",000000000",",000000000",11,1,20,0,17,,",002800000",",000000000",,0,2,,,,,,17,,",000000000",2026-09-16 04:03:10.020000000
2026-09-16,15139629000194,Neoenergia Coelba,COMPANHIA DE ELETRICIDADE DO ESTADO DA BAHIA,Concessão,2025-11-01,2931202,7502,7352,7363,341,162,0,0,1,142,36,92,105,12,1,11,0,93,0,262,78,7022,0,0,0,0,0,0,0,,,,,2,2,",000000000",",000000000",18,1,23,0,34,,",001800000",",000000000",,0,11,3,,,,,94,,",000000000",2026-09-16 04:03:10.053000000
2026-09-16,15139629000194,Neoenergia Coelba,COMPANHIA DE ELETRICIDADE DO ESTADO DA BAHIA,Concessão,2023-04-01,2928109,17634,17342,17351,93,4,0,0,2,30,57,30,79,8,8,0,0,0,71,71,20,17258,0,0,0,0,0,0,0,,,,,0,2,",000000000",",000000000",55,1,18,0,0,,",000000000",",000000000",,0,21,4,4,7,2,,131,,",000000000",2026-09-16 04:03:09.927000000
2026-09-16,15139629000194,Neoenergia Coelba,COMPANHIA DE ELETRICIDADE DO ESTADO DA BAHIA,Concessão,2024-10-01,2906808,16129,15826,15826,106,4,0,0,1,17,84,278,116,115,114,1,0,1,0,86,19,15720,0,0,0,0,0,0,0,,,,,2,2,",000000000",",000000000",19,1,23,0,301,,",003500000",",000000000",,0,16,8,11,11,8,,67,,",000000000",2026-09-16 04:03:09.960000000
2026-09-16,15139629000194,Neoenergia Coelba,COMPANHIA DE ELETRICIDADE DO ESTADO DA BAHIA,Concessão,2025-04-01,2909802,28650,28169,28223,153,36,0,0,3,58,56,155,9,6,6,0,0,3,0,129,21,28070,0,0,0,0,0,0,0,,,,,6,4,"2696,000000000","547,000000000",80,1,20,0,358,,",006200000",",000000000",,0,10,1,2,3,,,265,,",000000000",2026-09-16 04:03:10.020000000
2026-09-16,15139629000194,Neoenergia Coelba,COMPANHIA DE ELETRICIDADE DO ESTADO DA BAHIA,Concessão,2025-11-01,2931301,6660,6558,6527,83,1,0,0,1,52,29,34,14,13,13,0,0,1,0,66,16,6444,0,0,0,0,0,0,0,,,,,2,1,",000000000",",000000000",7,1,23,0,164,,",001600000",",000000000",,0,,,,,,,32,,",000000000",2026-09-16 04:03:10.053000000
2026-09-16,15139629000194,Neoenergia Coelba,COMPANHIA DE ELETRICIDADE DO ESTADO DA BAHIA,Concessão,2023-04-01,2928059,4931,4885,4314,29,1,18,0,1,0,9,12,69,4,4,0,0,1,64,23,5,4285,0,0,0,0,0,0,0,,,,,0,1,",000000000",",000000000",10,1,18,0,62,,"9,090000000",",000000000",,0,,,,1,,,24,,",000000000",2026-09-16 04:03:09.927000000
2026-09-16,15139629000194,Neoenergia Coelba,COMPANHIA DE ELETRICIDADE DO ESTADO DA BAHIA,Concessão,2024-10-01,2906824,6881,6753,6753,123,68,0,0,1,28,26,126,77,55,54,1,0,22,0,95,27,6630,0,0,0,0,0,0,0,,,,,0,0,",000000000",",000000000",17,1,23,0,146,,",001100000",",000000000",,0,11,1,,,,,28,,",000000000",2026-09-16 04:03:09.960000000
2026-09-16,15139629000194,Neoenergia Coelba,COMPANHIA DE ELETRICIDADE DO ESTADO DA BAHIA,Concessão,2025-04-01,2909703,6465,6310,6335,29,2,0,0,1,11,15,30,10,9,9,0,0,1,0,23,5,6306,0,0,0,0,0,0,0,,,,,0,0,",000000000",",000000000",15,1,20,0,415,,",004000000",",000000000",,0,17,,,,,,50,,",000000000",2026-09-16 04:03:10.020000000
2026-09-16,15139629000194,Neoenergia Coelba,COMPANHIA DE ELETRICIDADE DO ESTADO DA BAHIA,Concessão,2025-11-01,2931350,71463,70260,70353,495,23,0,0,9,305,158,1723,154,131,57,74,0,23,0,395,91,69857,1,0,1,0,0,0,0,,,,,34,18,"20718,200000000","10965,000000000",320,1,23,0,2089,,",006000000",",000000000",,0,95,35,19,19,13,,1254,,",000000000",2026-09-16 04:03:10.053000000
2026-09-16,15139629000194,Neoenergia Coelba,COMPANHIA DE ELETRICIDADE DO ESTADO DA BAHIA,Concessão,2023-04-01,2926806,6583,6476,6477,26,7,0,0,2,8,9,5,4,1,1,0,0,3,0,19,5,6451,0,0,0,0,0,0,0,,,,,0,0,",000000000",",000000000",6,1,18,0,118,,"3,830000000",",000000000",,0,10,2,1,1,,,24,,",000000000",2026-09-16 04:03:09.927000000
2026-09-16,15139629000194,Neoenergia Coelba,COMPANHIA DE ELETRICIDADE DO ESTADO DA BAHIA,Concessão,2024-10-01,2900603,1982,1958,1958,45,35,0,0,1,3,6,16,7,3,3,0,0,4,0,27,17,1913,0,0,0,0,0,0,0,,,,,1,1,",000000000",",000000000",5,1,23,0,55,,",004000000",",000000000",,0,1,,,,,,28,,",000000000",2026-09-16 04:03:09.960000000
2026-09-16,15139629000194,Neoenergia Coelba,COMPANHIA DE ELETRICIDADE DO ESTADO DA BAHIA,Concessão,2025-04-01,2906600,7432,7094,7122,232,170,0,0,1,38,23,76,295,18,16,2,0,277,0,142,89,6890,0,0,0,0,0,0,0,,,,,0,0,",000000000",",000000000",40,1,20,0,118,,",009500000",",000000000",,0,5,,,1,,,50,,",000000000",2026-09-16 04:03:10.020000000
2026-09-16,15139629000194,Neoenergia Coelba,COMPANHIA DE ELETRICIDADE DO ESTADO DA BAHIA,Concessão,2025-11-01,2931400,3750,3672,3666,82,29,0,0,1,26,26,19,22,1,1,0,0,21,0,58,23,3584,0,0,0,0,0,0,0,,,,,4,1,"1988,000000000","4769,000000000",8,1,23,0,133,,",002400000",",000000000",,0,2,,1,1,,,10,,",000000000",2026-09-16 04:03:10.053000000
2026-09-16,15139629000194,Neoenergia Coelba,COMPANHIA DE ELETRICIDADE DO ESTADO DA BAHIA,Concessão,2023-04-01,2926905,4939,4859,4864,40,7,7,0,2,0,24,4,20,4,4,0,0,2,14,30,8,4824,0,0,0,0,0,0,0,,,,,0,0,",000000000",",000000000",12,1,18,0,357,,"3,560000000",",000000000",,0,3,2,3,3,3,,14,,",000000000",2026-09-16 04:03:09.927000000
2026-09-16,15139629000194,Neoenergia Coelba,COMPANHIA DE ELETRICIDADE DO ESTADO DA BAHIA,Concessão,2024-10-01,2908705,9108,8949,8949,49,2,0,0,3,15,29,65,28,27,27,0,0,1,0,39,7,8900,0,0,0,0,0,0,0,,,,,0,0,",000000000",",000000000",23,1,23,0,85,,",014700000",",000000000",,0,3,,,,,,55,,",000000000",2026-09-16 04:03:09.960000000
2026-09-16,15139629000194,Neoenergia Coelba,COMPANHIA DE ELETRICIDADE DO ESTADO DA BAHIA,Concessão,2025-04-01,2906709,12434,12200,12220,213,84,0,0,3,61,65,168,91,2,1,1,0,89,0,157,53,12007,0,0,0,0,0,0,0,,,,,1,1,",000000000",",000000000",27,1,20,0,323,,",002300000",",000000000",,0,13,,,,,,115,,",000000000",2026-09-16 04:03:10.020000000
2026-09-16,15139629000194,Neoenergia Coelba,COMPANHIA DE ELETRICIDADE DO ESTADO DA BAHIA,Concessão,2025-11-01,2932903,41413,40782,40832,722,189,0,0,9,346,178,1015,196,122,43,79,0,74,0,570,143,40110,0,0,0,0,0,0,0,,,,,9,9,"3730,000000000","3607,000000000",103,1,23,0,1263,,",004500000",",000000000",,0,72,7,6,6,4,,284,,",000000000",2026-09-16 04:03:10.053000000
2026-09-16,15139629000194,Neoenergia Coelba,COMPANHIA DE ELETRICIDADE DO ESTADO DA BAHIA,Concessão,2023-04-01,2927002,25,24,24,1,0,0,0,0,1,0,0,0,0,0,0,0,0,0,1,0,23,0,0,0,0,0,0,0,,,,,0,0,",000000000",",000000000",0,0,0,0,0,,",000000000",",000000000",,0,,,,,,,1,,",000000000",2026-09-16 04:03:09.927000000
2026-09-16,15139629000194,Neoenergia Coelba,COMPANHIA DE ELETRICIDADE DO ESTADO DA BAHIA,Concessão,2024-10-01,2908606,12279,12110,12110,130,0,0,0,2,85,43,141,47,47,47,0,0,0,0,103,25,11980,0,0,0,0,0,0,0,,,,,0,1,",000000000",",000000000",33,1,23,0,424,,",003300000",",000000000",,0,25,2,1,2,,,93,,",000000000",2026-09-16 04:03:09.960000000
2026-09-16,15139629000194,Neoenergia Coelba,COMPANHIA DE ELETRICIDADE DO ESTADO DA BAHIA,Concessão,2025-04-01,2908101,9379,9113,8797,119,18,0,0,1,29,71,31,12,2,2,0,0,10,0,95,23,8678,0,0,0,0,0,0,0,,,,,0,0,",000000000",",000000000",22,1,20,0,464,,",003400000",",000000000",,0,3,1,,,,,85,,",000000000",2026-09-16 04:03:10.020000000
2026-09-16,15139629000194,Neoenergia Coelba,COMPANHIA DE ELETRICIDADE DO ESTADO DA BAHIA,Concessão,2025-11-01,2933000,10986,10845,10854,66,0,0,0,1,13,52,92,5,3,3,0,0,2,0,48,17,10788,0,0,0,0,0,0,0,,,,,0,0,",000000000",",000000000",25,1,23,0,408,,",003000000",",000000000",,0,7,4,2,2,,,55,,",000000000",2026-09-16 04:03:10.053000000
2026-09-16,15139629000194,Neoenergia Coelba,COMPANHIA DE ELETRICIDADE DO ESTADO DA BAHIA,Concessão,2023-04-01,2927101,3941,3897,3895,42,2,0,0,1,16,23,13,2,0,0,0,0,2,0,34,7,3853,0,0,0,0,0,0,0,,,,,0,0,",000000000",",000000000",3,1,18,0,8,,"8,780000000",",000000000",,0,18,9,,,,,10,,",000000000",2026-09-16 04:03:09.927000000
2026-09-16,15139629000194,Neoenergia Coelba,COMPANHIA DE ELETRICIDADE DO ESTADO DA BAHIA,Concessão,2024-10-01,2908507,17000,16717,16717,151,11,0,0,3,87,50,153,43,23,22,1,0,20,0,105,43,16566,0,0,0,1,1,0,0,"17843,000000000","17843,000000000",",000000000",",000000000",5,5,",000000000",",000000000",52,1,23,0,237,,",004600000",",000000000",,0,28,7,3,4,,,189,,",000000000",2026-09-16 04:03:09.960000000
2026-09-16,15139629000194,Neoenergia Coelba,COMPANHIA DE ELETRICIDADE DO ESTADO DA BAHIA,Concessão,2025-04-01,2908200,9029,8861,8857,109,17,0,0,2,45,45,45,13,4,4,0,0,9,0,96,11,8748,0,0,0,0,0,0,0,,,,,0,0,",000000000",",000000000",49,1,20,0,153,,",000200000",",000000000",,0,6,2,,1,,,65,,",000000000",2026-09-16 04:03:10.020000000
2026-09-16,15139629000194,Neoenergia Coelba,COMPANHIA DE ELETRICIDADE DO ESTADO DA BAHIA,Concessão,2025-11-01,2933059,7234,7124,7124,41,0,0,0,1,13,27,28,4,4,4,0,0,0,0,32,8,7083,0,0,0,0,0,0,0,,,,,2,1,",000000000",",000000000",7,1,23,0,105,,",004300000",",000000000",,0,4,,,,,,45,,",000000000",2026-09-16 04:03:10.053000000
2026-09-16,15139629000194,Neoenergia Coelba,COMPANHIA DE ELETRICIDADE DO ESTADO DA BAHIA,Concessão,2023-04-01,2927200,13998,13705,13661,184,71,9,0,3,73,28,33,582,13,12,1,0,29,540,134,47,13477,0,0,0,0,0,0,0,,,,,2,1,",000000000",",000000000",50,1,18,0,372,,"3,640000000",",000000000",,0,20,,,1,,,111,,",000000000",2026-09-16 04:03:09.927000000
2026-09-16,15139629000194,Neoenergia Coelba,COMPANHIA DE ELETRICIDADE DO ESTADO DA BAHIA,Concessão,2024-10-01,2908408,33209,32587,32587,172,0,0,0,2,59,111,385,143,139,139,0,0,4,0,143,27,32415,0,0,0,0,0,0,0,,,,,12,9,",000000000","4342,910000000",126,1,23,0,1527,,",005800000",",000000000",,0,82,15,13,13,6,,251,,",000000000",2026-09-16 04:03:09.960000000
2026-09-16,15139629000194,Neoenergia Coelba,COMPANHIA DE ELETRICIDADE DO ESTADO DA BAHIA,Concessão,2025-04-01,2908309,7720,7611,7625,44,3,0,0,1,26,14,41,2,2,1,1,0,0,0,34,9,7581,0,0,0,0,0,0,0,,,,,1,2,",000000000","1280,000000000",14,1,20,0,73,,",009800000",",000000000",,0,12,1,2,2,2,,52,,",000000000",2026-09-16 04:03:10.020000000
2026-09-16,15139629000194,Neoenergia Coelba,COMPANHIA DE ELETRICIDADE DO ESTADO DA BAHIA,Concessão,2025-11-01,2933109,4963,4881,4881,35,0,0,0,1,16,18,33,1,0,0,0,0,1,0,23,11,4846,0,0,0,0,0,0,0,,,,,2,0,",000000000",",000000000",11,1,23,0,89,,",002400000",",000000000",,0,2,2,,,,,40,,",000000000",2026-09-16 04:03:10.053000000
2026-09-16,15139629000194,Neoenergia Coelba,COMPANHIA DE ELETRICIDADE DO ESTADO DA BAHIA,Concessão,2023-04-01,2927309,7814,7687,7724,108,0,0,0,2,39,67,5,2,2,2,0,0,0,0,83,23,7616,0,0,0,0,0,0,0,,,,,7,5,",000000000","5287,460000000",18,1,18,0,53,,"2,250000000",",000000000",,0,12,4,4,4,3,,32,,",000000000",2026-09-16 04:03:09.927000000
2026-09-16,15139629000194,Neoenergia Coelba,COMPANHIA DE ELETRICIDADE DO ESTADO DA BAHIA,Concessão,2024-10-01,2908309,7660,7556,7556,37,0,0,0,1,16,20,193,41,41,34,7,0,0,0,30,6,7519,0,0,0,0,0,0,0,,,,,2,2,",000000000",",000000000",19,1,23,0,70,,",008100000",",000000000",,0,8,3,,,,,40,,",000000000",2026-09-16 04:03:09.960000000
2026-09-16,15139629000194,Neoenergia Coelba,COMPANHIA DE ELETRICIDADE DO ESTADO DA BAHIA,Concessão,2025-04-01,2908408,33693,32817,32873,264,2,0,0,1,103,158,392,118,118,118,0,0,0,0,213,50,32609,0,0,0,0,0,0,0,,,,,11,10,"959,000000000","6749,510000000",111,1,20,0,1521,,",005000000",",000000000",,0,41,15,2,4,,,251,,",000000000",2026-09-16 04:03:10.020000000
2026-09-16,15139629000194,Neoenergia Coelba,COMPANHIA DE ELETRICIDADE DO ESTADO DA BAHIA,Concessão,2025-11-01,2933158,7160,6987,6997,37,2,0,0,1,6,28,43,5,3,3,0,0,2,0,31,5,6960,0,0,0,0,0,0,0,,,,,1,1,",000000000",",000000000",13,1,23,0,96,,",002300000",",000000000",,0,6,2,4,4,,,74,,",000000000",2026-09-16 04:03:10.053000000
2026-09-16,15139629000194,Neoenergia Coelba,COMPANHIA DE ELETRICIDADE DO ESTADO DA BAHIA,Concessão,2023-04-01,2927408,1130366,1113659,1119764,19353,1229,0,0,500,6563,11061,4356,1399,1108,1099,9,0,290,1,13750,5103,1100406,5,0,5,0,0,0,0,,,,,510,254,"95814,450000000","199471,930000000",5161,7,18,0,24888,,"9,960000000",",000000000",,0,1539,596,592,829,228,19,12354,21,",000000000",2026-09-16 04:03:09.927000000
2026-09-16,15139629000194,Neoenergia Coelba,COMPANHIA DE ELETRICIDADE DO ESTADO DA BAHIA,Concessão,2024-10-01,2908200,8933,8769,8769,91,11,0,0,2,47,31,79,16,6,6,0,0,10,0,75,14,8678,0,0,0,0,0,0,0,,,,,1,2,",000000000",",000000000",45,1,23,0,178,,",004500000",",000000000",,0,4,,6,6,6,1,169,,",000000000",2026-09-16 04:03:09.960000000
2026-09-16,15139629000194,Neoenergia Coelba,COMPANHIA DE ELETRICIDADE DO ESTADO DA BAHIA,Concessão,2025-04-01,2908507,17292,16936,16972,310,25,0,0,3,188,94,118,28,15,15,0,0,13,0,226,81,16662,0,0,0,0,0,0,0,,,,,2,4,",000000000",",000000000",67,1,20,0,209,,",003600000",",000000000",,0,24,3,6,7,4,,156,,",000000000",2026-09-16 04:03:10.020000000
2026-09-16,15139629000194,Neoenergia Coelba,COMPANHIA DE ELETRICIDADE DO ESTADO DA BAHIA,Concessão,2025-11-01,2933174,4714,4599,4609,21,2,0,0,1,5,13,42,14,14,3,11,0,0,0,19,1,4588,0,0,0,0,0,0,0,,,,,0,0,",000000000",",000000000",9,1,23,0,47,,",001200000",",000000000",,0,1,1,,,,,23,,",000000000",2026-09-16 04:03:10.053000000
2026-09-16,15139629000194,Neoenergia Coelba,COMPANHIA DE ELETRICIDADE DO ESTADO DA BAHIA,Concessão,2023-04-01,2927507,8534,8384,8421,89,0,0,0,5,45,39,10,0,0,0,0,0,0,0,66,18,8332,0,0,0,0,0,0,0,,,,,2,0,",000000000",",000000000",19,1,18,0,341,,"4,180000000",",000000000",,0,4,,2,3,1,,75,,",000000000",2026-09-16 04:03:09.927000000
2026-09-16,15139629000194,Neoenergia Coelba,COMPANHIA DE ELETRICIDADE DO ESTADO DA BAHIA,Concessão,2024-10-01,2908101,9270,8727,8727,75,1,0,0,1,20,53,55,16,15,13,2,0,1,0,63,11,8652,0,0,0,0,0,0,0,,,,,3,1,",000000000",",000000000",34,1,23,0,446,,",002700000",",000000000",,0,11,4,,,,,63,,",000000000",2026-09-16 04:03:09.960000000
2026-09-16,15139629000194,Neoenergia Coelba,COMPANHIA DE ELETRICIDADE DO ESTADO DA BAHIA,Concessão,2025-04-01,2908606,12451,12246,12262,158,0,0,0,1,87,70,105,10,10,10,0,0,0,0,125,32,12104,0,0,0,0,0,0,0,,,,,1,4,",000000000",",000000000",30,1,20,0,332,,",001400000",",000000000",,0,5,2,1,1,,,141,,",000000000",2026-09-16 04:03:10.020000000
2026-09-16,15139629000194,Neoenergia Coelba,COMPANHIA DE ELETRICIDADE DO ESTADO DA BAHIA,Concessão,2025-11-01,2904753,8465,8304,8303,124,0,0,0,1,12,111,23,0,0,0,0,0,0,0,111,12,8179,0,0,0,0,0,0,0,,,,,0,0,",000000000",",000000000",15,1,23,0,280,,",001500000",",000000000",,0,,,,,,,30,,",000000000",2026-09-16 04:03:10.053000000
2026-09-16,15139629000194,Neoenergia Coelba,COMPANHIA DE ELETRICIDADE DO ESTADO DA BAHIA,Concessão,2023-04-01,2924207,4510,4455,4472,61,3,0,0,3,31,24,4,6,3,3,0,0,3,0,42,16,4411,0,0,0,0,0,0,0,,,,,0,0,",000000000",",000000000",5,1,18,0,57,,"7,440000000",",000000000",,0,1,1,,,,,32,,",000000000",2026-09-16 04:03:09.927000000
2026-09-16,15139629000194,Neoenergia Coelba,COMPANHIA DE ELETRICIDADE DO ESTADO DA BAHIA,Concessão,2024-10-01,2905404,8563,8411,8411,135,27,0,0,3,50,55,167,39,35,25,10,0,4,0,112,20,8275,1,0,1,3,3,0,0,"392812,000000000","392812,000000000",",000000000",",000000000",1,1,",000000000",",000000000",35,2,23,0,108,,",018900000",",000000000",,0,24,3,4,4,,2,95,,",000000000",2026-09-16 04:03:09.960000000
2026-09-16,15139629000194,Neoenergia Coelba,COMPANHIA DE ELETRICIDADE DO ESTADO DA BAHIA,Concessão,2025-04-01,2903201,80576,78307,78348,1533,472,0,0,6,594,461,1033,245,45,43,2,0,200,0,1253,274,76815,0,0,0,0,0,0,0,,,,,21,17,"280,000000000","5091,540000000",469,1,20,0,2951,,",004900000",",000000000",,0,198,27,28,33,16,,809,,",000000000",2026-09-16 04:03:10.020000000
2026-09-16,15139629000194,Neoenergia Coelba,COMPANHIA DE ELETRICIDADE DO ESTADO DA BAHIA,Concessão,2025-11-01,2904803,3201,3101,3088,38,12,0,0,1,19,6,50,7,7,7,0,0,0,0,23,14,3050,0,0,0,0,0,0,0,,,,,0,0,",000000000",",000000000",7,1,23,0,53,,",005600000",",000000000",,0,,,,,,,30,,",000000000",2026-09-16 04:03:10.053000000
2026-09-16,15139629000194,Neoenergia Coelba,COMPANHIA DE ELETRICIDADE DO ESTADO DA BAHIA,Concessão,2023-04-01,2927606,6402,6331,6358,110,15,0,0,1,41,53,5,19,2,2,0,0,17,0,84,25,6248,0,0,0,0,0,0,0,,,,,0,0,",000000000","2440,000000000",11,1,18,0,131,,"9,840000000",",000000000",,0,6,3,,,,,14,,",000000000",2026-09-16 04:03:09.927000000
2026-09-16,15139629000194,Neoenergia Coelba,COMPANHIA DE ELETRICIDADE DO ESTADO DA BAHIA,Concessão,2024-10-01,2908002,9336,9247,9247,59,9,0,0,1,31,18,45,26,12,10,2,0,14,0,42,16,9188,0,0,0,0,0,0,0,,,,,2,2,",000000000",",000000000",40,1,23,0,164,,",004000000",",000000000",,0,8,,,1,,,95,,",000000000",2026-09-16 04:03:09.960000000
2026-09-16,15139629000194,Neoenergia Coelba,COMPANHIA DE ELETRICIDADE DO ESTADO DA BAHIA,Concessão,2025-04-01,2908705,9229,8971,9010,65,5,0,0,2,21,37,57,2,2,2,0,0,0,0,55,8,8945,0,0,0,0,0,0,0,,,,,0,1,",000000000",",000000000",34,1,20,0,154,,",010800000",",000000000",,0,5,2,4,4,2,,3,,",000000000",2026-09-16 04:03:10.020000000
2026-09-16,15139629000194,Neoenergia Coelba,COMPANHIA DE ELETRICIDADE DO ESTADO DA BAHIA,Concessão,2025-11-01,2904852,5055,4895,4892,48,0,0,0,1,16,31,77,5,4,4,0,0,1,0,37,10,4844,0,0,0,0,0,0,0,,,,,0,0,",000000000",",000000000",18,1,23,0,111,,",005300000",",000000000",,0,5,2,2,2,,1,75,,",000000000",2026-09-16 04:03:10.053000000
2026-09-16,15139629000194,Neoenergia Coelba,COMPANHIA DE ELETRICIDADE DO ESTADO DA BAHIA,Concessão,2023-04-01,2927804,2225,2195,2191,5,0,1,0,1,0,3,7,4,4,4,0,0,0,0,4,0,2186,0,0,0,0,0,0,0,,,,,1,1,",000000000",",000000000",5,1,18,0,74,,"1,180000000",",000000000",,0,2,1,2,2,,,12,,",000000000",2026-09-16 04:03:09.927000000
2026-09-16,15139629000194,Neoenergia Coelba,COMPANHIA DE ELETRICIDADE DO ESTADO DA BAHIA,Concessão,2024-10-01,2907806,16262,16071,16071,125,14,0,0,4,71,36,629,347,330,328,2,0,17,0,96,25,15946,0,0,0,0,0,0,0,,,,,1,1,",000000000","965,000000000",20,1,23,0,407,,",005000000",",000000000",,0,2,1,2,2,,,73,,",000000000",2026-09-16 04:03:09.960000000
2026-09-16,15139629000194,Neoenergia Coelba,COMPANHIA DE ELETRICIDADE DO ESTADO DA BAHIA,Concessão,2025-04-01,2908903,13234,12868,12916,235,48,0,0,1,123,63,65,22,7,6,1,0,15,0,167,67,12681,0,0,0,0,0,0,0,,,,,2,7,",000000000","1170,000000000",42,1,20,0,370,,",001300000",",000000000",,0,11,3,2,3,,,183,,",000000000",2026-09-16 04:03:10.020000000
2026-09-16,15139629000194,Neoenergia Coelba,COMPANHIA DE ELETRICIDADE DO ESTADO DA BAHIA,Concessão,2025-11-01,2904902,13583,13351,13360,246,92,0,0,2,67,85,79,84,13,11,2,0,71,0,184,60,13114,0,0,0,0,0,0,0,,,,,2,1,",000000000",",000000000",17,1,23,0,163,,",000100000",",000000000",,0,8,1,1,1,,,103,,",000000000",2026-09-16 04:03:10.053000000
2026-09-16,15139629000194,Neoenergia Coelba,COMPANHIA DE ELETRICIDADE DO ESTADO DA BAHIA,Concessão,2023-04-01,2927903,4533,4463,4471,24,0,0,0,1,19,4,1,1,0,0,0,0,0,1,20,3,4447,0,0,0,0,0,0,0,,,,,0,0,",000000000",",000000000",13,1,18,0,41,,"13,590000000",",000000000",,0,3,1,1,1,,,17,,",000000000",2026-09-16 04:03:09.927000000
2026-09-16,15139629000194,Neoenergia Coelba,COMPANHIA DE ELETRICIDADE DO ESTADO DA BAHIA,Concessão,2024-10-01,2907707,4647,4345,4345,46,1,0,0,1,20,24,115,37,30,30,0,0,7,0,30,15,4299,0,0,0,0,0,0,0,,,,,0,0,",000000000",",000000000",7,1,23,0,71,,",004900000",",000000000",,0,3,,,,,,23,,",000000000",2026-09-16 04:03:09.960000000
2026-09-16,15139629000194,Neoenergia Coelba,COMPANHIA DE ELETRICIDADE DO ESTADO DA BAHIA,Concessão,2025-04-01,2909000,3974,3853,3865,18,1,0,0,1,4,12,13,4,3,3,0,0,1,0,17,0,3847,0,0,0,0,0,0,0,,,,,0,0,",000000000",",000000000",27,1,20,0,107,,",000600000",",000000000",,0,2,,3,3,3,,,,",000000000",2026-09-16 04:03:10.020000000
2026-09-16,15139629000194,Neoenergia Coelba,COMPANHIA DE ELETRICIDADE DO ESTADO DA BAHIA,Concessão,2025-11-01,2905008,12358,12041,12023,155,65,0,0,3,49,38,121,35,10,9,1,0,25,0,113,39,11868,0,0,0,0,0,0,0,,,,,0,0,",000000000",",000000000",47,1,23,0,110,,",005800000",",000000000",,0,,,1,1,1,,74,,",000000000",2026-09-16 04:03:10.053000000
2026-09-16,15139629000194,Neoenergia Coelba,COMPANHIA DE ELETRICIDADE DO ESTADO DA BAHIA,Concessão,2023-04-01,2928307,3984,3920,3939,49,0,0,0,1,12,36,9,3,3,3,0,0,0,0,42,6,3890,0,0,0,0,0,0,0,,,,,0,0,",000000000",",000000000",12,1,18,0,67,,"5,080000000",",000000000",,0,6,3,1,6,,,21,,",000000000",2026-09-16 04:03:09.927000000
2026-09-16,15139629000194,Neoenergia Coelba,COMPANHIA DE ELETRICIDADE DO ESTADO DA BAHIA,Concessão,2024-10-01,2907608,8252,8112,8112,92,48,0,0,4,19,21,19,19,1,1,0,0,18,0,63,25,8020,0,0,0,0,0,0,0,,,,,0,0,",000000000",",000000000",18,1,23,0,68,,",006200000",",000000000",,0,6,1,,,,,57,,",000000000",2026-09-16 04:03:09.960000000
2026-09-16,15139629000194,Neoenergia Coelba,COMPANHIA DE ELETRICIDADE DO ESTADO DA BAHIA,Concessão,2025-04-01,2909109,7891,7703,7692,111,10,0,0,1,32,68,13,8,0,0,0,0,8,0,73,37,7581,0,0,0,0,0,0,0,,,,,0,0,",000000000",",000000000",32,1,20,0,99,,",002500000",",000000000",,0,6,3,,,,,85,,",000000000",2026-09-16 04:03:10.020000000
2026-09-16,15139629000194,Neoenergia Coelba,COMPANHIA DE ELETRICIDADE DO ESTADO DA BAHIA,Concessão,2025-11-01,2932804,8967,8788,8793,77,38,0,0,1,18,20,66,21,2,2,0,0,19,0,28,48,8716,0,0,0,0,0,0,0,,,,,2,1,",000000000","830,000000000",15,1,23,0,245,,",003400000",",000000000",,0,4,2,7,8,6,,63,,",000000000",2026-09-16 04:03:10.053000000
2026-09-16,15139629000194,Neoenergia Coelba,COMPANHIA DE ELETRICIDADE DO ESTADO DA BAHIA,Concessão,2023-04-01,2928604,24854,24574,24638,157,35,0,0,2,44,76,39,20,6,5,1,0,14,0,134,21,24481,0,0,0,0,0,0,0,,,,,8,3,"3180,000000000",",000000000",124,1,18,0,989,,"7,030000000",",000000000",,0,36,12,10,13,,1,135,,",000000000",2026-09-16 04:03:09.927000000
2026-09-16,15139629000194,Neoenergia Coelba,COMPANHIA DE ELETRICIDADE DO ESTADO DA BAHIA,Concessão,2024-10-01,2907558,3982,3881,3881,59,10,0,0,3,8,38,24,25,10,9,1,0,15,0,47,9,3822,0,0,0,0,0,0,0,,,,,0,0,",000000000",",000000000",19,1,23,0,122,,",002900000",",000000000",,0,,,,,,,1,,",000000000",2026-09-16 04:03:09.960000000
2026-09-16,15139629000194,Neoenergia Coelba,COMPANHIA DE ELETRICIDADE DO ESTADO DA BAHIA,Concessão,2025-04-01,2909208,7608,7475,7470,112,15,0,0,1,36,60,23,4,2,2,0,0,2,0,91,20,7358,0,0,0,0,0,0,0,,,,,0,1,",000000000",",000000000",24,1,20,0,49,,",000200000",",000000000",,0,3,,,,,,78,,",000000000",2026-09-16 04:03:10.020000000
2026-09-16,15139629000194,Neoenergia Coelba,COMPANHIA DE ELETRICIDADE DO ESTADO DA BAHIA,Concessão,2025-11-01,2905156,5323,5207,5217,87,18,0,0,1,7,61,21,9,3,3,0,0,6,0,69,17,5130,0,0,0,0,0,0,0,,,,,0,0,",000000000",",000000000",4,1,23,0,84,,",004500000",",000000000",,0,1,1,,,,,12,,",000000000",2026-09-16 04:03:10.053000000
2026-09-16,15139629000194,Neoenergia Coelba,COMPANHIA DE ELETRICIDADE DO ESTADO DA BAHIA,Concessão,2023-04-01,2928703,51226,50561,50676,229,3,0,0,9,109,108,167,19,19,19,0,0,0,0,171,49,50446,1,0,1,0,0,0,0,,,,,2,3,"1200,000000000","4138,000000000",115,1,18,0,2904,,"7,420000000",",000000000",,0,68,12,38,43,14,,106,,",000000000",2026-09-16 04:03:09.927000000
2026-09-16,15139629000194,Neoenergia Coelba,COMPANHIA DE ELETRICIDADE DO ESTADO DA BAHIA,Concessão,2024-10-01,2907509,23700,23434,23434,186,1,0,0,3,125,57,149,21,19,19,0,0,2,0,164,19,23248,0,0,0,0,0,0,0,,,,,3,3,",000000000",",000000000",75,1,23,0,424,,",006000000",",000000000",,0,32,9,,,,1,259,,",000000000",2026-09-16 04:03:09.960000000
2026-09-16,15139629000194,Neoenergia Coelba,COMPANHIA DE ELETRICIDADE DO ESTADO DA BAHIA,Concessão,2025-04-01,2909307,16196,15765,15689,204,9,0,0,1,46,148,166,26,19,18,1,0,7,0,156,47,15485,0,0,0,0,0,0,0,,,,,2,2,",000000000",",000000000",43,2,20,0,370,,",003600000",",000000000",,0,10,4,3,4,3,,111,,",000000000",2026-09-16 04:03:10.020000000
2026-09-16,15139629000194,Neoenergia Coelba,COMPANHIA DE ELETRICIDADE DO ESTADO DA BAHIA,Concessão,2025-11-01,2932705,9455,9341,9351,322,214,0,0,1,84,23,148,162,33,30,3,0,129,0,234,87,9029,0,0,0,0,0,0,0,,,,,8,4,",000000000","2250,000000000",68,1,23,0,142,,",000800000",",000000000",,0,2,1,,,,,170,,",000000000",2026-09-16 04:03:10.053000000
2026-09-16,15139629000194,Neoenergia Coelba,COMPANHIA DE ELETRICIDADE DO ESTADO DA BAHIA,Concessão,2023-04-01,2928802,22458,22128,22203,235,21,0,0,7,129,78,27,8,3,3,0,0,5,0,182,46,21968,0,0,0,0,0,0,0,,,,,1,4,",000000000","2332,000000000",157,1,18,0,314,,"4,020000000",",000000000",,0,74,24,22,26,15,,235,,",000000000",2026-09-16 04:03:09.927000000
2026-09-16,15139629000194,Neoenergia Coelba,COMPANHIA DE ELETRICIDADE DO ESTADO DA BAHIA,Concessão,2024-10-01,2906899,5045,4911,4911,64,1,0,0,2,46,15,29,13,1,1,0,0,12,0,43,19,4847,0,0,0,0,0,0,0,,,,,0,0,",000000000",",000000000",23,1,23,0,244,,",003400000",",000000000",,0,11,3,4,4,2,,42,,",000000000",2026-09-16 04:03:09.960000000
2026-09-16,15139629000194,Neoenergia Coelba,COMPANHIA DE ELETRICIDADE DO ESTADO DA BAHIA,Concessão,2025-04-01,2909406,6543,6403,6291,115,37,0,0,1,24,53,47,5,0,0,0,0,5,0,94,20,6176,0,0,0,1,1,0,0,"398124,000000000","398124,000000000",",000000000",",000000000",0,0,",000000000",",000000000",24,1,20,0,132,,",000300000",",000000000",,0,6,2,,,,,50,,",000000000",2026-09-16 04:03:10.020000000
2026-09-16,15139629000194,Neoenergia Coelba,COMPANHIA DE ELETRICIDADE DO ESTADO DA BAHIA,Concessão,2025-11-01,2932507,8071,7945,7832,232,115,0,0,1,72,44,97,111,16,13,3,0,95,0,186,45,7600,0,0,0,0,0,0,0,,,,,1,3,",000000000",",000000000",15,1,23,0,49,,",001500000",",000000000",,0,1,,,,,,84,,",000000000",2026-09-16 04:03:10.053000000
2026-09-16,15139629000194,Neoenergia Coelba,COMPANHIA DE ELETRICIDADE DO ESTADO DA BAHIA,Concessão,2023-04-01,2928901,14964,14652,14581,212,24,2,0,1,95,90,36,55,7,7,0,0,9,39,169,42,14369,0,0,0,0,0,0,0,,,,,2,2,",000000000",",000000000",31,2,18,0,138,,"1,920000000",",000000000",,0,29,11,14,25,11,,114,,",000000000",2026-09-16 04:03:09.927000000
2026-09-16,15139629000194,Neoenergia Coelba,COMPANHIA DE ELETRICIDADE DO ESTADO DA BAHIA,Concessão,2024-10-01,2906873,17825,17566,17566,52,1,0,0,3,15,33,78,18,16,16,0,0,2,0,40,9,17514,0,0,0,0,0,0,0,,,,,18,7,"4185,000000000",",000000000",64,1,23,0,162,,",012400000",",000000000",,0,48,6,6,8,,,90,,",000000000",2026-09-16 04:03:09.960000000
2026-09-16,15139629000194,Neoenergia Coelba,COMPANHIA DE ELETRICIDADE DO ESTADO DA BAHIA,Concessão,2025-04-01,2909505,2225,2167,2172,13,0,0,0,1,10,2,3,1,1,1,0,0,0,0,9,3,2159,0,0,0,0,0,0,0,,,,,0,0,",000000000",",000000000",18,1,20,0,61,,",003500000",",000000000",,0,5,2,8,8,4,,32,,",000000000",2026-09-16 04:03:10.020000000
2026-09-16,15139629000194,Neoenergia Coelba,COMPANHIA DE ELETRICIDADE DO ESTADO DA BAHIA,Concessão,2025-11-01,2931509,11274,11001,11007,82,8,0,0,1,25,48,96,21,17,14,3,0,4,0,63,18,10925,0,0,0,0,0,0,0,,,,,1,1,",000000000",",000000000",33,1,23,0,143,,",002900000",",000000000",,0,3,1,2,3,,,19,,",000000000",2026-09-16 04:03:10.053000000
2026-09-16,15139629000194,Neoenergia Coelba,COMPANHIA DE ELETRICIDADE DO ESTADO DA BAHIA,Concessão,2023-04-01,2928950,4232,4179,4174,35,0,0,0,1,11,23,0,0,0,0,0,0,0,0,29,5,4139,0,0,0,0,0,0,0,,,,,0,0,",000000000",",000000000",20,1,18,0,85,,"2,320000000",",000000000",,0,10,1,,1,,,61,,",000000000",2026-09-16 04:03:09.927000000
2026-09-16,15139629000194,Neoenergia Coelba,COMPANHIA DE ELETRICIDADE DO ESTADO DA BAHIA,Concessão,2024-10-01,2906857,5857,5761,5761,39,1,0,0,2,17,19,72,28,28,28,0,0,0,0,27,10,5722,0,0,0,0,0,0,0,,,,,1,1,",000000000",",000000000",5,1,23,0,181,,",006400000",",000000000",,0,4,,2,2,,,38,,",000000000",2026-09-16 04:03:09.960000000
2026-09-16,15139629000194,Neoenergia Coelba,COMPANHIA DE ELETRICIDADE DO ESTADO DA BAHIA,Concessão,2025-04-01,2909604,10417,10178,10190,82,1,0,0,1,31,49,43,3,3,3,0,0,0,0,62,19,10108,0,0,0,0,0,0,0,,,,,0,1,",000000000",",000000000",19,1,20,0,145,,",002400000",",000000000",,0,1,,,,,,87,,",000000000",2026-09-16 04:03:10.020000000
2026-09-16,15139629000194,Neoenergia Coelba,COMPANHIA DE ELETRICIDADE DO ESTADO DA BAHIA,Concessão,2025-11-01,2931608,4852,4753,4662,185,156,0,0,1,9,19,23,253,3,3,0,0,250,0,134,50,4477,0,0,0,0,0,0,0,,,,,1,1,",000000000",",000000000",23,1,23,0,31,,",005700000",",000000000",,0,3,,,,,,48,,",000000000",2026-09-16 04:03:10.053000000
2026-09-16,15139629000194,Neoenergia Coelba,COMPANHIA DE ELETRICIDADE DO ESTADO DA BAHIA,Concessão,2023-04-01,2927705,11835,11567,11465,723,54,242,0,1,368,58,24,107,3,3,0,0,7,97,624,98,10742,0,0,0,0,0,0,0,,,,,10,6,",000000000","2200,000000000",21,1,18,0,344,,"1,960000000",",000000000",,0,41,24,19,21,6,,47,,",000000000",2026-09-16 04:03:09.927000000
2026-09-16,15139629000194,Neoenergia Coelba,COMPANHIA DE ELETRICIDADE DO ESTADO DA BAHIA,Concessão,2024-10-01,2907905,7933,7818,7818,88,25,0,0,1,42,20,83,51,33,32,1,0,18,0,75,12,7730,0,0,0,0,0,0,0,,,,,1,2,",000000000",",000000000",24,1,23,0,137,,",003100000",",000000000",,0,27,5,1,11,1,,58,,",000000000",2026-09-16 04:03:09.960000000
2026-09-16,15139629000194,Neoenergia Coelba,COMPANHIA DE ELETRICIDADE DO ESTADO DA BAHIA,Concessão,2025-04-01,2908804,2243,2161,2154,28,8,0,0,1,10,9,7,12,4,4,0,0,8,0,23,4,2126,0,0,0,1,1,0,0,"73623,000000000","73623,000000000",",000000000",",000000000",0,0,",000000000",",000000000",10,1,20,0,110,,",004100000",",000000000",,0,2,2,,,,,14,,",000000000",2026-09-16 04:03:10.020000000
2026-09-16,15139629000194,Neoenergia Coelba,COMPANHIA DE ELETRICIDADE DO ESTADO DA BAHIA,Concessão,2025-11-01,2931707,5017,4926,4928,55,11,0,0,1,27,16,52,25,1,1,0,0,24,0,38,16,4873,0,0,0,0,0,0,0,,,,,2,3,",000000000",",000000000",9,1,23,0,112,,",000500000",",000000000",,0,,,4,4,,,5,,",000000000",2026-09-16 04:03:10.053000000
2026-09-16,15139629000194,Neoenergia Coelba,COMPANHIA DE ELETRICIDADE DO ESTADO DA BAHIA,Concessão,2023-04-01,2924108,2817,2791,2800,42,0,0,0,2,18,22,0,0,0,0,0,0,0,0,30,10,2758,0,0,0,0,0,0,0,,,,,0,0,",000000000",",000000000",3,1,18,0,89,,"5,820000000",",000000000",,0,1,,,1,,,8,,",000000000",2026-09-16 04:03:09.927000000
2026-09-16,15139629000194,Neoenergia Coelba,COMPANHIA DE ELETRICIDADE DO ESTADO DA BAHIA,Concessão,2024-10-01,2905305,9380,9206,9206,152,25,0,0,1,69,57,74,36,31,31,0,0,5,0,99,52,9054,0,0,0,1,1,0,0,"17843,000000000","17843,000000000",",000000000",",000000000",0,0,",000000000",",000000000",27,1,23,0,120,,",001400000",",000000000",,0,30,9,4,4,,,73,1,",000000000",2026-09-16 04:03:09.960000000
2026-09-16,15139629000194,Neoenergia Coelba,COMPANHIA DE ELETRICIDADE DO ESTADO DA BAHIA,Concessão,2025-04-01,2912707,7398,7255,7261,181,80,0,0,3,73,25,18,21,1,1,0,0,20,0,128,50,7080,0,0,0,0,0,0,0,,,,,1,0,",000000000","1150,000000000",28,1,20,0,61,,",001200000",",000000000",,0,2,,,,,,70,,",000000000",2026-09-16 04:03:10.020000000
2026-09-16,15139629000194,Neoenergia Coelba,COMPANHIA DE ELETRICIDADE DO ESTADO DA BAHIA,Concessão,2025-11-01,2931806,9073,8869,8826,74,3,0,0,1,18,52,24,13,7,7,0,0,6,0,58,15,8752,0,0,0,0,0,0,0,,,,,1,0,",000000000",",000000000",18,1,23,0,296,,",001300000",",000000000",,0,3,1,1,2,,,12,,",000000000",2026-09-16 04:03:10.053000000
2026-09-16,15139629000194,Neoenergia Coelba,COMPANHIA DE ELETRICIDADE DO ESTADO DA BAHIA,Concessão,2023-04-01,2924058,5796,5723,5733,35,0,0,0,1,17,17,11,3,3,3,0,0,0,0,27,7,5698,0,0,0,0,0,0,0,,,,,1,0,",000000000",",000000000",26,1,18,0,296,,"6,480000000",",000000000",,0,4,2,4,4,3,,40,,",000000000",2026-09-16 04:03:09.927000000
2026-09-16,15139629000194,Neoenergia Coelba,COMPANHIA DE ELETRICIDADE DO ESTADO DA BAHIA,Concessão,2024-10-01,2905206,27818,27169,27169,108,5,0,0,8,21,74,420,193,188,188,0,0,5,0,78,22,27061,0,0,0,2,2,0,0,"21879,000000000","21879,000000000",",000000000",",000000000",7,3,",000000000",",000000000",124,1,23,0,719,,",000400000",",000000000",,0,33,1,,1,,,177,1,"249,350000000",2026-09-16 04:03:09.960000000
2026-09-16,15139629000194,Neoenergia Coelba,COMPANHIA DE ELETRICIDADE DO ESTADO DA BAHIA,Concessão,2025-04-01,2903102,2395,2319,2329,57,42,0,0,1,8,6,12,23,0,0,0,0,23,0,41,15,2272,0,0,0,0,0,0,0,,,,,1,1,",000000000",",000000000",3,1,20,0,65,,",006200000",",000000000",,0,4,1,,,,,22,,",000000000",2026-09-16 04:03:10.020000000
2026-09-16,15139629000194,Neoenergia Coelba,COMPANHIA DE ELETRICIDADE DO ESTADO DA BAHIA,Concessão,2025-11-01,2931905,27796,27132,27197,220,14,0,0,1,74,131,762,116,99,99,0,0,17,0,180,39,26976,1,0,1,1,1,0,0,"19150,000000000","19150,000000000",",000000000",",000000000",11,10,"1478,000000000",",000000000",175,1,23,0,419,,",004300000",",000000000",,0,5,1,,,,,336,2,"166,080000000",2026-09-16 04:03:10.053000000
2026-09-16,15139629000194,Neoenergia Coelba,COMPANHIA DE ELETRICIDADE DO ESTADO DA BAHIA,Concessão,2023-04-01,2924009,48282,47629,47804,678,217,0,0,3,227,231,210,104,23,23,0,0,81,0,559,116,47126,0,0,0,0,0,0,0,,,,,15,4,"1808,000000000","2077,000000000",170,1,18,0,2789,,"3,660000000",",000000000",,0,47,7,21,23,11,,218,,",000000000",2026-09-16 04:03:09.927000000
2026-09-16,15139629000194,Neoenergia Coelba,COMPANHIA DE ELETRICIDADE DO ESTADO DA BAHIA,Concessão,2024-10-01,2905156,5117,5061,5061,82,6,0,0,1,18,57,28,13,4,4,0,0,9,0,63,18,4979,0,0,0,0,0,0,0,,,,,0,0,",000000000",",000000000",36,1,23,0,59,,",000300000",",000000000",,0,3,2,7,7,5,,51,,",000000000",2026-09-16 04:03:09.960000000
2026-09-16,15139629000194,Neoenergia Coelba,COMPANHIA DE ELETRICIDADE DO ESTADO DA BAHIA,Concessão,2025-04-01,2912806,4162,4047,3916,1,0,0,0,1,0,0,45,12,7,6,1,0,5,0,0,0,3915,0,0,0,0,0,0,0,,,,,1,1,",000000000",",000000000",28,1,20,0,55,,",000200000",",000000000",,0,16,1,,,,,66,,",000000000",2026-09-16 04:03:10.020000000
2026-09-16,15139629000194,Neoenergia Coelba,COMPANHIA DE ELETRICIDADE DO ESTADO DA BAHIA,Concessão,2025-11-01,2932002,13061,12639,12664,248,125,0,0,1,12,110,89,136,8,3,5,0,128,0,180,67,12416,0,0,0,0,0,0,0,,,,,8,3,",000000000",",000000000",65,1,23,0,186,,",002900000",",000000000",,0,,,,,,,72,,",000000000",2026-09-16 04:03:10.053000000
2026-09-16,15139629000194,Neoenergia Coelba,COMPANHIA DE ELETRICIDADE DO ESTADO DA BAHIA,Concessão,2023-04-01,2914604,35386,34829,34931,308,54,10,0,7,168,69,100,61,13,13,0,0,29,19,236,65,34623,0,0,0,0,0,0,0,,,,,2,2,"5895,880000000",",000000000",95,1,18,0,4583,,"4,780000000",",000000000",,0,10,2,9,14,9,,209,,",000000000",2026-09-16 04:03:09.927000000
2026-09-16,15139629000194,Neoenergia Coelba,COMPANHIA DE ELETRICIDADE DO ESTADO DA BAHIA,Concessão,2024-10-01,2929404,4934,4868,4868,26,2,0,0,2,15,7,24,11,11,5,6,0,0,0,22,2,4842,0,0,0,0,0,0,0,,,,,0,0,",000000000",",000000000",12,1,23,0,86,,",005900000",",000000000",,0,11,3,2,2,2,,27,,",000000000",2026-09-16 04:03:09.960000000
2026-09-16,15139629000194,Neoenergia Coelba,COMPANHIA DE ELETRICIDADE DO ESTADO DA BAHIA,Concessão,2025-04-01,2911857,6742,6619,6651,84,3,0,0,1,50,30,23,15,15,14,1,0,0,0,66,17,6567,0,0,0,0,0,0,0,,,,,0,1,",000000000",",000000000",24,1,20,0,80,,",002300000",",000000000",,0,,,,,,,20,,",000000000",2026-09-16 04:03:10.020000000
2026-09-16,15139629000194,Neoenergia Coelba,COMPANHIA DE ELETRICIDADE DO ESTADO DA BAHIA,Concessão,2025-11-01,2932101,9443,9236,9224,71,10,0,0,2,26,33,118,54,1,0,1,0,53,0,57,12,9153,0,0,0,0,0,0,0,,,,,1,1,",000000000",",000000000",18,1,23,0,183,,",002000000",",000000000",,0,4,,,,,,16,,",000000000",2026-09-16 04:03:10.053000000
2026-09-16,15139629000194,Neoenergia Coelba,COMPANHIA DE ELETRICIDADE DO ESTADO DA BAHIA,Concessão,2023-04-01,2925006,11191,11048,10828,74,21,30,0,4,0,19,11,14,5,4,1,0,8,1,54,16,10754,0,0,0,0,0,0,0,,,,,4,0,",000000000",",000000000",47,1,18,0,184,,"5,260000000",",000000000",,0,2,,2,2,1,,46,,",000000000",2026-09-16 04:03:09.927000000
2026-09-16,15139629000194,Neoenergia Coelba,COMPANHIA DE ELETRICIDADE DO ESTADO DA BAHIA,Concessão,2024-10-01,2929008,4265,4212,4212,28,8,0,0,1,8,11,23,3,3,3,0,0,0,0,22,5,4184,0,0,0,0,0,0,0,,,,,1,2,",000000000",",000000000",7,1,23,0,135,,",005400000",",000000000",,0,4,1,,,,,29,,",000000000",2026-09-16 04:03:09.960000000
2026-09-16,15139629000194,Neoenergia Coelba,COMPANHIA DE ELETRICIDADE DO ESTADO DA BAHIA,Concessão,2025-04-01,2911204,12718,12355,12373,188,129,0,0,2,26,31,35,23,4,3,1,0,19,0,143,43,12185,0,0,0,0,0,0,0,,,,,2,1,",000000000","4669,600000000",57,1,20,0,645,,",004400000",",000000000",,0,8,2,,,,,198,,",000000000",2026-09-16 04:03:10.020000000
2026-09-16,15139629000194,Neoenergia Coelba,COMPANHIA DE ELETRICIDADE DO ESTADO DA BAHIA,Concessão,2025-11-01,2932200,8530,8380,8398,148,39,0,0,2,59,48,52,22,15,15,0,0,7,0,117,29,8250,0,0,0,0,0,0,0,,,,,2,1,",000000000","545,000000000",13,1,23,0,338,,",003500000",",000000000",1,0,1,1,,,,,92,,",000000000",2026-09-16 04:03:10.053000000
2026-09-16,15139629000194,Neoenergia Coelba,COMPANHIA DE ELETRICIDADE DO ESTADO DA BAHIA,Concessão,2023-04-01,2925105,22210,21959,21938,168,39,59,0,3,6,61,17,29,2,2,0,0,9,18,130,35,21770,0,0,0,0,0,0,0,,,,,1,2,",000000000","2690,000000000",47,1,18,0,88,,"1,870000000",",000000000",,0,4,2,8,18,8,,77,,",000000000",2026-09-16 04:03:09.927000000
2026-09-16,15139629000194,Neoenergia Coelba,COMPANHIA DE ELETRICIDADE DO ESTADO DA BAHIA,Concessão,2024-10-01,2929107,8774,8662,8662,41,1,0,0,4,18,18,87,20,20,20,0,0,0,0,28,9,8621,0,0,0,0,0,0,0,,,,,1,1,",000000000",",000000000",24,1,23,0,302,,",007400000",",000000000",,0,5,,1,1,,,82,,",000000000",2026-09-16 04:03:09.960000000
2026-09-16,15139629000194,Neoenergia Coelba,COMPANHIA DE ELETRICIDADE DO ESTADO DA BAHIA,Concessão,2025-04-01,2911105,11733,11310,11027,173,29,0,0,2,55,87,39,49,8,8,0,0,41,0,155,16,10854,0,0,0,2,2,0,0,"110514,000000000","110514,000000000",",000000000",",000000000",6,10,",000000000","3519,000000000",27,1,20,0,354,,",002600000",",000000000",,0,9,3,2,4,,,151,,",000000000",2026-09-16 04:03:10.020000000
2026-09-16,15139629000194,Neoenergia Coelba,COMPANHIA DE ELETRICIDADE DO ESTADO DA BAHIA,Concessão,2025-11-01,2932309,7454,7342,7330,171,80,0,0,2,63,26,63,79,19,12,7,0,60,0,118,51,7159,0,0,0,0,0,0,0,,,,,1,1,",000000000",",000000000",23,1,23,0,246,,",002600000",",000000000",,0,13,9,1,1,,,73,,",000000000",2026-09-16 04:03:10.053000000
2026-09-16,15139629000194,Neoenergia Coelba,COMPANHIA DE ELETRICIDADE DO ESTADO DA BAHIA,Concessão,2023-04-01,2925204,15239,15078,15097,129,0,0,0,1,54,74,15,5,4,4,0,0,1,0,110,18,14968,0,0,0,0,0,0,0,,,,,14,2,",000000000","3250,000000000",45,1,18,0,442,,"4,080000000",",000000000",,0,17,5,10,11,3,,94,1,",000000000",2026-09-16 04:03:09.927000000
2026-09-16,15139629000194,Neoenergia Coelba,COMPANHIA DE ELETRICIDADE DO ESTADO DA BAHIA,Concessão,2024-10-01,2928950,4315,4238,4238,36,0,0,0,1,7,28,109,45,45,45,0,0,0,0,26,9,4202,0,0,0,0,0,0,0,,,,,0,1,",000000000",",000000000",6,1,23,0,80,,",004400000",",000000000",,0,2,1,2,2,,,27,1,",000000000",2026-09-16 04:03:09.960000000
2026-09-16,15139629000194,Neoenergia Coelba,COMPANHIA DE ELETRICIDADE DO ESTADO DA BAHIA,Concessão,2025-04-01,2911907,13828,13554,13557,184,53,0,0,1,72,58,351,29,5,5,0,0,24,0,137,46,13373,0,0,0,0,0,0,0,,,,,0,0,",000000000",",000000000",40,1,20,0,156,,",001800000",",000000000",,0,12,8,,,,,73,,",000000000",2026-09-16 04:03:10.020000000
2026-09-16,15139629000194,Neoenergia Coelba,COMPANHIA DE ELETRICIDADE DO ESTADO DA BAHIA,Concessão,2025-11-01,2932408,7770,7600,7629,204,60,0,0,1,97,46,62,36,2,2,0,0,34,0,137,66,7425,0,0,0,0,0,0,0,,,,,0,0,",000000000",",000000000",24,1,23,0,86,,",005900000",",000000000",,0,,,,,,,22,,",000000000",2026-09-16 04:03:10.053000000
2026-09-16,15139629000194,Neoenergia Coelba,COMPANHIA DE ELETRICIDADE DO ESTADO DA BAHIA,Concessão,2023-04-01,2925253,7703,7538,7576,88,13,0,0,1,36,38,2,8,1,0,1,0,7,0,73,14,7488,0,0,0,0,0,0,0,,,,,0,0,",000000000",",000000000",74,1,18,0,103,,"22,160000000",",000000000",,0,73,50,,,,,69,,",000000000",2026-09-16 04:03:09.927000000
2026-09-16,15139629000194,Neoenergia Coelba,COMPANHIA DE ELETRICIDADE DO ESTADO DA BAHIA,Concessão,2024-10-01,2928901,16031,15545,15545,253,53,0,0,1,99,100,180,50,25,24,1,0,25,0,200,52,15292,0,0,0,3,3,0,0,"921323,000000000","921323,000000000",",000000000",",000000000",4,2,",000000000",",000000000",51,1,23,0,167,,",002000000",",000000000",,0,40,20,11,12,9,1,155,1,"1161,180000000",2026-09-16 04:03:09.960000000
2026-09-16,15139629000194,Neoenergia Coelba,COMPANHIA DE ELETRICIDADE DO ESTADO DA BAHIA,Concessão,2025-04-01,2912004,5434,5297,5307,74,22,0,0,1,28,23,48,9,5,5,0,0,4,0,51,22,5233,0,0,0,0,0,0,0,,,,,1,2,",000000000",",000000000",29,1,20,0,94,,",000500000",",000000000",,0,2,,,2,,,37,,",000000000",2026-09-16 04:03:10.020000000
2026-09-16,15139629000194,Neoenergia Coelba,COMPANHIA DE ELETRICIDADE DO ESTADO DA BAHIA,Concessão,2025-11-01,2932457,7128,6970,6971,40,1,0,0,1,21,17,26,3,3,3,0,0,0,0,28,11,6931,0,0,0,0,0,0,0,,,,,0,0,",000000000",",000000000",11,1,23,0,114,,",001300000",",000000000",,0,4,2,1,1,,,49,,",000000000",2026-09-16 04:03:10.053000000
2026-09-16,15139629000194,Neoenergia Coelba,COMPANHIA DE ELETRICIDADE DO ESTADO DA BAHIA,Concessão,2023-04-01,2925303,75760,74505,74256,1394,141,626,0,4,377,246,217,121,63,62,1,0,36,22,1205,185,72861,1,0,1,0,0,0,0,,,,,27,19,"2404,950000000","7207,000000000",207,1,18,0,3677,,"4,940000000",",000000000",,0,142,44,60,78,17,2,508,,",000000000",2026-09-16 04:03:09.927000000
2026-09-16,15139629000194,Neoenergia Coelba,COMPANHIA DE ELETRICIDADE DO ESTADO DA BAHIA,Concessão,2024-10-01,2928802,23445,23075,23075,284,37,0,0,5,141,101,246,58,32,30,2,0,26,0,236,43,22791,0,0,0,0,0,0,0,,,,,2,1,",000000000",",000000000",95,1,23,0,764,,",006200000",",000000000",,0,30,14,10,12,2,,338,,",000000000",2026-09-16 04:03:09.960000000
2026-09-16,15139629000194,Neoenergia Coelba,COMPANHIA DE ELETRICIDADE DO ESTADO DA BAHIA,Concessão,2025-04-01,2912103,11038,10845,10855,70,42,0,0,2,14,12,18,25,3,3,0,0,22,0,49,19,10785,0,0,0,0,0,0,0,,,,,4,2,",000000000",",000000000",37,1,20,0,117,,",002200000",",000000000",,0,9,1,,,,,57,,",000000000",2026-09-16 04:03:10.020000000
2026-09-16,15139629000194,Neoenergia Coelba,COMPANHIA DE ELETRICIDADE DO ESTADO DA BAHIA,Concessão,2025-11-01,2932606,8076,7894,7872,205,71,0,0,1,77,56,81,50,12,11,1,0,38,0,145,59,7667,0,0,0,0,0,0,0,,,,,1,0,",000000000",",000000000",14,1,23,0,128,,",000400000",",000000000",,0,3,,,,,,22,,",000000000",2026-09-16 04:03:10.053000000
2026-09-16,15139629000194,Neoenergia Coelba,COMPANHIA DE ELETRICIDADE DO ESTADO DA BAHIA,Concessão,2023-04-01,2925402,4075,4013,3915,43,1,26,0,1,0,15,2,10,1,1,0,0,1,8,31,11,3872,0,0,0,0,0,0,0,,,,,2,1,",000000000",",000000000",10,1,18,0,48,,"5,140000000",",000000000",,0,12,9,3,3,,,25,,",000000000",2026-09-16 04:03:09.927000000
2026-09-16,15139629000194,Neoenergia Coelba,COMPANHIA DE ELETRICIDADE DO ESTADO DA BAHIA,Concessão,2024-10-01,2928703,53021,52323,52323,184,3,0,0,6,79,96,647,140,140,6,134,0,0,0,153,25,52139,0,0,0,0,0,0,0,,,,,16,10,"3658,000000000","4674,000000000",226,1,23,0,1770,,",007900000",",000000000",,0,78,14,5,5,,,603,1,",000000000",2026-09-16 04:03:09.960000000
2026-09-16,15139629000194,Neoenergia Coelba,COMPANHIA DE ELETRICIDADE DO ESTADO DA BAHIA,Concessão,2025-04-01,2912202,10227,9942,9926,105,39,0,0,1,30,35,21,25,3,3,0,0,22,0,80,24,9820,1,0,1,0,0,0,0,,,,,0,0,",000000000",",000000000",26,1,20,0,132,,",002300000",",000000000",,0,9,2,,4,,,31,,",000000000",2026-09-16 04:03:10.020000000
2026-09-16,15139629000194,Neoenergia Coelba,COMPANHIA DE ELETRICIDADE DO ESTADO DA BAHIA,Concessão,2025-11-01,2902054,5428,5321,5325,39,0,0,0,1,19,19,48,2,2,2,0,0,0,0,28,10,5286,0,0,0,0,0,0,0,,,,,0,9,",000000000","930,000000000",10,1,23,0,88,,",003200000",",000000000",,0,2,1,,,,,62,,",000000000",2026-09-16 04:03:10.053000000
2026-09-16,15139629000194,Neoenergia Coelba,COMPANHIA DE ELETRICIDADE DO ESTADO DA BAHIA,Concessão,2023-04-01,2925501,14763,14481,14332,508,18,246,0,3,188,53,49,104,17,17,0,0,11,76,410,95,13824,0,0,0,0,0,0,0,,,,,2,0,",000000000",",000000000",38,2,18,0,863,,"1,660000000",",000000000",,0,23,9,14,22,1,,75,,",000000000",2026-09-16 04:03:09.927000000
2026-09-16,15139629000194,Neoenergia Coelba,COMPANHIA DE ELETRICIDADE DO ESTADO DA BAHIA,Concessão,2024-10-01,2929370,5562,5483,5483,16,1,0,0,1,8,6,32,16,16,16,0,0,0,0,11,4,5467,0,0,0,0,0,0,0,,,,,0,0,",000000000",",000000000",13,1,23,0,22,,",002200000",",000000000",,0,10,4,,,,,32,,",000000000",2026-09-16 04:03:09.960000000
2026-09-16,15139629000194,Neoenergia Coelba,COMPANHIA DE ELETRICIDADE DO ESTADO DA BAHIA,Concessão,2025-04-01,2912301,7169,7020,7053,49,19,0,0,1,7,22,9,14,1,1,0,0,13,0,42,6,7004,0,0,0,0,0,0,0,,,,,0,0,",000000000",",000000000",18,1,20,0,91,,",006100000",",000000000",,0,17,,8,9,6,,27,,",000000000",2026-09-16 04:03:10.020000000
2026-09-16,15139629000194,Neoenergia Coelba,COMPANHIA DE ELETRICIDADE DO ESTADO DA BAHIA,Concessão,2025-11-01,2904506,6804,6664,6680,41,1,0,0,1,2,37,41,2,2,1,1,0,0,0,27,13,6639,0,0,0,0,0,0,0,,,,,0,0,",000000000",",000000000",15,1,23,0,93,,",001400000",",000000000",,0,,,,,,,26,,",000000000",2026-09-16 04:03:10.053000000
2026-09-16,15139629000194,Neoenergia Coelba,COMPANHIA DE ELETRICIDADE DO ESTADO DA BAHIA,Concessão,2023-04-01,2914653,12339,12154,12157,373,205,55,0,2,78,33,33,57,11,11,0,0,14,32,297,74,11784,0,0,0,0,0,0,0,,,,,0,0,",000000000",",000000000",18,1,18,0,139,,"6,350000000",",000000000",,0,48,20,10,15,4,,150,1,",000000000",2026-09-16 04:03:09.927000000
2026-09-16,15139629000194,Neoenergia Coelba,COMPANHIA DE ELETRICIDADE DO ESTADO DA BAHIA,Concessão,2024-10-01,2929503,18419,18254,18254,128,0,0,0,2,39,87,122,15,15,15,0,0,0,0,101,25,18126,0,0,0,0,0,0,0,,,,,2,2,",000000000","3620,000000000",81,1,23,0,106,,",005800000",",000000000",,0,33,7,10,12,,,136,1,",000000000",2026-09-16 04:03:09.960000000
2026-09-16,15139629000194,Neoenergia Coelba,COMPANHIA DE ELETRICIDADE DO ESTADO DA BAHIA,Concessão,2025-04-01,2911253,2444,2391,2401,18,1,0,0,1,6,10,8,4,4,4,0,0,0,0,12,5,2383,0,0,0,0,0,0,0,,,,,0,0,",000000000",",000000000",2,1,20,0,102,,",004400000",",000000000",,0,5,2,,,,,9,,",000000000",2026-09-16 04:03:10.020000000
2026-09-16,15139629000194,Neoenergia Coelba,COMPANHIA DE ELETRICIDADE DO ESTADO DA BAHIA,Concessão,2025-11-01,2904308,7047,6862,6872,38,1,0,0,3,14,20,25,3,2,1,1,0,1,0,31,4,6834,0,0,0,0,0,0,0,,,,,0,0,",000000000",",000000000",24,1,23,0,96,,",005100000",",000000000",,0,,,6,6,6,,50,,",000000000",2026-09-16 04:03:10.053000000
2026-09-16,15139629000194,Neoenergia Coelba,COMPANHIA DE ELETRICIDADE DO ESTADO DA BAHIA,Concessão,2023-04-01,2925600,6901,6793,6791,43,5,13,0,3,4,18,7,3,1,1,0,0,2,0,31,9,6748,0,0,0,0,0,0,0,,,,,2,2,",000000000","1160,000000000",18,1,18,0,59,,"5,540000000",",000000000",,0,7,2,,,,,16,,",000000000",2026-09-16 04:03:09.927000000
2026-09-16,15139629000194,Neoenergia Coelba,COMPANHIA DE ELETRICIDADE DO ESTADO DA BAHIA,Concessão,2024-10-01,2929354,2602,2563,2563,36,26,0,0,1,7,2,14,9,2,2,0,0,7,0,21,14,2527,0,0,0,0,0,0,0,,,,,0,0,",000000000",",000000000",4,1,23,0,97,,",003100000",",000000000",,0,1,1,,,,,29,,",000000000",2026-09-16 04:03:09.960000000
2026-09-16,15139629000194,Neoenergia Coelba,COMPANHIA DE ELETRICIDADE DO ESTADO DA BAHIA,Concessão,2025-04-01,2911006,4458,4396,4395,73,55,0,0,1,9,8,9,28,3,3,0,0,25,0,53,19,4322,0,0,0,0,0,0,0,,,,,1,1,",000000000",",000000000",8,1,20,0,18,,",001600000",",000000000",,0,9,,,,,,47,,",000000000",2026-09-16 04:03:10.020000000
2026-09-16,15139629000194,Neoenergia Coelba,COMPANHIA DE ELETRICIDADE DO ESTADO DA BAHIA,Concessão,2025-12-01,2927705,12637,12428,12445,235,37,0,0,2,120,76,96,30,24,17,7,0,6,0,164,69,12210,0,0,0,0,0,0,0,,,,,17,7,"1200,000000000","600,000000000",56,1,23,0,131,,",001134259",",000000000",,0,1,,,3,,,214,,",000000000",2026-09-16 04:03:10.053000000
2026-09-16,15139629000194,Neoenergia Coelba,COMPANHIA DE ELETRICIDADE DO ESTADO DA BAHIA,Concessão,2023-04-01,2904605,35529,34903,35052,284,59,1,0,10,141,73,70,46,21,20,1,0,24,1,214,60,34768,0,0,0,0,0,0,0,,,,,3,4,"890,000000000","9179,800000000",134,1,18,0,3426,,"4,750000000",",000000000",,0,63,10,3,7,2,,211,,",000000000",2026-09-16 04:03:09.927000000
2026-09-16,15139629000194,Neoenergia Coelba,COMPANHIA DE ELETRICIDADE DO ESTADO DA BAHIA,Concessão,2024-10-01,2929255,10115,9925,9925,134,71,0,0,1,32,30,214,110,69,65,4,0,41,0,87,46,9791,0,0,0,0,0,0,0,,,,,0,0,",000000000",",000000000",41,1,23,0,64,,",011300000",",000000000",,0,12,,4,5,,,57,,",000000000",2026-09-16 04:03:09.960000000
2026-09-16,15139629000194,Neoenergia Coelba,COMPANHIA DE ELETRICIDADE DO ESTADO DA BAHIA,Concessão,2025-04-01,2910859,8594,8393,8400,81,12,0,0,1,27,41,58,20,10,10,0,0,10,0,57,23,8318,1,0,1,0,0,0,0,,,,,0,0,",000000000",",000000000",18,1,20,0,124,,",003300000",",000000000",,0,2,,,,,,43,,",000000000",2026-09-16 04:03:10.020000000
2026-09-16,15139629000194,Neoenergia Coelba,COMPANHIA DE ELETRICIDADE DO ESTADO DA BAHIA,Concessão,2025-12-01,2927804,2334,2301,2305,25,13,0,0,1,4,7,21,6,6,6,0,0,0,0,11,13,2280,0,0,0,0,0,0,0,,,,,6,0,",000000000",",000000000",23,1,23,0,98,,",001643519",",000000000",,0,1,,,,,,34,,",000000000",2026-09-16 04:03:10.053000000
2026-09-16,15139629000194,Neoenergia Coelba,COMPANHIA DE ELETRICIDADE DO ESTADO DA BAHIA,Concessão,2023-04-01,2904506,6286,6197,6506,1535,0,0,0,1,1516,18,1,0,0,0,0,0,0,0,1227,307,4971,0,0,0,0,0,0,0,,,,,0,0,",000000000",",000000000",4,1,18,0,51,,"5,830000000",",000000000",,0,,,,2,,,6,,",000000000",2026-09-16 04:03:09.927000000
2026-09-16,15139629000194,Neoenergia Coelba,COMPANHIA DE ELETRICIDADE DO ESTADO DA BAHIA,Concessão,2024-10-01,2929206,15537,15393,15393,117,2,0,0,2,66,47,214,50,50,50,0,0,0,0,98,17,15276,0,0,0,0,0,0,0,,,,,5,7,"1100,000000000",",000000000",57,1,23,0,61,,",007400000",",000000000",,0,17,4,12,14,,,193,,",000000000",2026-09-16 04:03:09.960000000
2026-09-16,15139629000194,Neoenergia Coelba,COMPANHIA DE ELETRICIDADE DO ESTADO DA BAHIA,Concessão,2025-04-01,2910800,321008,313629,314348,6621,412,0,0,104,1625,4480,4387,309,96,88,8,0,213,0,2644,3873,307726,1,0,1,0,0,0,0,,,,,79,86,"8294,000000000","46563,870000000",1363,2,20,0,8019,,",006700000",",000000000",,0,280,82,51,65,28,,3933,,",000000000",2026-09-16 04:03:10.020000000
2026-09-16,15139629000194,Neoenergia Coelba,COMPANHIA DE ELETRICIDADE DO ESTADO DA BAHIA,Concessão,2025-12-01,2927606,6833,6757,6752,55,8,0,0,1,15,31,42,22,9,4,5,0,13,0,39,15,6697,0,0,0,0,0,0,0,,,,,1,0,",000000000",",000000000",39,1,23,0,213,,",002222222",",000000000",,0,,,3,3,3,,64,,",000000000",2026-09-16 04:03:10.053000000
2026-09-16,15139629000194,Neoenergia Coelba,COMPANHIA DE ELETRICIDADE DO ESTADO DA BAHIA,Concessão,2023-04-01,2904407,4450,4398,4404,20,1,0,0,1,6,12,10,4,3,3,0,0,1,0,17,2,4384,0,0,0,0,0,0,0,,,,,0,0,",000000000",",000000000",18,1,18,0,43,,",520000000",",000000000",,0,15,7,1,2,1,,31,,",000000000",2026-09-16 04:03:09.927000000
2026-09-16,15139629000194,Neoenergia Coelba,COMPANHIA DE ELETRICIDADE DO ESTADO DA BAHIA,Concessão,2024-10-01,2929057,7400,7238,7238,54,3,0,0,2,5,44,41,10,10,10,0,0,0,0,44,8,7184,0,0,0,0,0,0,0,,,,,1,0,",000000000",",000000000",35,1,23,0,85,,",004400000",",000000000",,0,5,1,,,,,14,,",000000000",2026-09-16 04:03:09.960000000
2026-09-16,15139629000194,Neoenergia Coelba,COMPANHIA DE ELETRICIDADE DO ESTADO DA BAHIA,Concessão,2025-03-01,2902906,16614,16242,16292,293,58,0,0,2,201,32,135,49,14,14,0,0,35,0,201,90,15999,0,0,0,0,0,0,0,,,,,1,0,",000000000",",000000000",78,1,20,0,565,,",000300000",",000000000",,0,12,1,,,,,39,,",000000000",2026-09-16 04:03:10.020000000
2026-09-16,15139629000194,Neoenergia Coelba,COMPANHIA DE ELETRICIDADE DO ESTADO DA BAHIA,Concessão,2025-12-01,2927507,9195,8991,9009,91,2,0,0,1,24,64,116,6,5,5,0,0,1,0,81,9,8918,0,0,0,0,0,0,0,,,,,2,3,",000000000",",000000000",28,1,23,0,465,,",003518519",",000000000",,0,10,5,3,4,,,47,,",000000000",2026-09-16 04:03:10.053000000
2026-09-16,15139629000194,Neoenergia Coelba,COMPANHIA DE ELETRICIDADE DO ESTADO DA BAHIA,Concessão,2023-04-01,2904308,6529,6408,6422,23,0,0,0,4,15,4,7,0,0,0,0,0,0,0,15,4,6399,0,0,0,0,0,0,0,,,,,0,0,",000000000",",000000000",8,1,18,0,73,,"60,770000000",",000000000",,0,17,2,,1,,,31,,",000000000",2026-09-16 04:03:09.927000000
2026-09-16,15139629000194,Neoenergia Coelba,COMPANHIA DE ELETRICIDADE DO ESTADO DA BAHIA,Concessão,2024-10-01,2928604,25633,25346,25346,179,38,0,0,3,61,77,520,81,65,65,0,0,16,0,144,32,25167,0,0,0,0,0,0,0,,,,,0,3,",000000000",",000000000",61,1,23,0,1063,,",005700000",",000000000",,0,26,5,17,18,2,,342,1,",000000000",2026-09-16 04:03:09.960000000
2026-09-16,15139629000194,Neoenergia Coelba,COMPANHIA DE ELETRICIDADE DO ESTADO DA BAHIA,Concessão,2025-03-01,2902807,13094,12715,12751,206,114,0,0,6,46,40,32,33,7,7,0,0,26,0,143,57,12545,0,0,0,0,0,0,0,,,,,3,1,",000000000",",000000000",42,1,20,0,406,,",006300000",",000000000",,0,14,3,,2,,,19,,",000000000",2026-09-16 04:03:10.020000000
2026-09-16,15139629000194,Neoenergia Coelba,COMPANHIA DE ELETRICIDADE DO ESTADO DA BAHIA,Concessão,2025-12-01,2927903,4975,4856,4873,19,3,0,0,1,10,5,48,3,2,2,0,0,1,0,15,3,4854,0,0,0,0,0,0,0,,,,,3,2,",000000000",",000000000",21,1,23,0,141,,",004768519",",000000000",,0,,,2,2,1,,22,,",000000000",2026-09-16 04:03:10.053000000
2026-09-16,15139629000194,Neoenergia Coelba,COMPANHIA DE ELETRICIDADE DO ESTADO DA BAHIA,Concessão,2023-04-01,2904209,4954,4857,4850,44,9,0,0,1,12,22,2,6,1,1,0,0,4,1,36,7,4806,0,0,0,0,0,0,0,,,,,0,0,",000000000",",000000000",6,1,18,0,242,,"2,100000000",",000000000",,0,5,1,,,,,16,,",000000000",2026-09-16 04:03:09.927000000
2026-09-16,15139629000194,Neoenergia Coelba,COMPANHIA DE ELETRICIDADE DO ESTADO DA BAHIA,Concessão,2024-10-01,2928307,4172,4055,4055,36,0,0,0,1,14,21,25,4,4,4,0,0,0,0,22,13,4019,0,0,0,0,0,0,0,,,,,2,2,",000000000",",000000000",2,1,23,0,98,,",009300000",",000000000",,0,9,1,1,2,,,23,,",000000000",2026-09-16 04:03:09.960000000
2026-09-16,15139629000194,Neoenergia Coelba,COMPANHIA DE ELETRICIDADE DO ESTADO DA BAHIA,Concessão,2025-03-01,2902708,21180,20713,20608,352,11,0,0,3,72,266,70,19,5,5,0,0,14,0,285,64,20256,0,0,0,0,0,0,0,,,,,0,0,",000000000",",000000000",50,1,20,0,317,,",000500000",",000000000",1,0,16,7,26,28,20,,72,,",000000000",2026-09-16 04:03:10.020000000
2026-09-16,15139629000194,Neoenergia Coelba,COMPANHIA DE ELETRICIDADE DO ESTADO DA BAHIA,Concessão,2025-12-01,2927408,1141387,1118696,1119852,31951,5878,0,0,666,3353,22054,15718,4927,2489,2231,258,0,2438,0,20342,10943,1087890,11,0,11,0,0,0,0,,,,,579,377,"367831,570000000","450270,000000000",5551,8,23,0,21202,,",004829282",",000000000",,0,1396,565,1406,1664,347,1,11205,1,",000000000",2026-09-16 04:03:10.053000000
2026-09-16,15139629000194,Neoenergia Coelba,COMPANHIA DE ELETRICIDADE DO ESTADO DA BAHIA,Concessão,2023-04-01,2904100,9850,9715,9675,73,0,0,0,1,59,13,3,1,0,0,0,0,0,1,57,15,9602,0,0,0,0,0,0,0,,,,,2,2,",000000000",",000000000",22,1,18,0,111,,"3,280000000",",000000000",,0,6,,2,5,2,,43,,",000000000",2026-09-16 04:03:09.927000000
2026-09-16,15139629000194,Neoenergia Coelba,COMPANHIA DE ELETRICIDADE DO ESTADO DA BAHIA,Concessão,2024-10-01,2928208,12772,12568,12568,80,14,0,0,4,10,52,51,20,11,11,0,0,9,0,58,18,12488,0,0,0,0,0,0,0,,,,,7,3,",000000000",",000000000",31,1,23,0,167,,",002100000",",000000000",,0,6,,3,3,2,,93,,",000000000",2026-09-16 04:03:09.960000000
2026-09-16,15139629000194,Neoenergia Coelba,COMPANHIA DE ELETRICIDADE DO ESTADO DA BAHIA,Concessão,2025-03-01,2901304,6422,6252,6238,107,47,0,0,2,34,24,47,34,4,2,2,0,30,0,72,33,6131,0,0,0,0,0,0,0,,,,,0,0,",000000000",",000000000",10,1,20,0,82,,",003100000",",000000000",,0,2,1,18,20,9,,34,,",000000000",2026-09-16 04:03:10.020000000
2026-09-16,15139629000194,Neoenergia Coelba,COMPANHIA DE ELETRICIDADE DO ESTADO DA BAHIA,Concessão,2025-12-01,2927200,15203,14927,14896,160,83,0,0,2,22,53,210,30,2,1,1,0,28,0,129,29,14736,0,0,0,0,0,0,0,,,,,1,2,",000000000","1960,000000000",21,1,23,0,600,,",002835648",",000000000",,0,3,1,2,3,,,26,,",000000000",2026-09-16 04:03:10.053000000
2026-09-16,15139629000194,Neoenergia Coelba,COMPANHIA DE ELETRICIDADE DO ESTADO DA BAHIA,Concessão,2023-04-01,2904050,7275,7144,7166,73,30,0,0,3,26,14,28,453,9,9,0,0,8,436,52,18,7093,0,0,0,0,0,0,0,,,,,0,1,",000000000",",000000000",3,1,18,0,70,,",680000000",",000000000",,0,10,3,1,4,,,37,,",000000000",2026-09-16 04:03:09.927000000
2026-09-16,15139629000194,Neoenergia Coelba,COMPANHIA DE ELETRICIDADE DO ESTADO DA BAHIA,Concessão,2024-10-01,2928000,17105,16930,16930,123,0,0,0,5,39,79,168,78,78,78,0,0,0,0,98,20,16807,0,0,0,0,0,0,0,,,,,2,2,",000000000",",000000000",24,1,23,0,302,,",004000000",",000000000",,0,41,6,20,20,4,,92,,",000000000",2026-09-16 04:03:09.960000000
2026-09-16,15139629000194,Neoenergia Coelba,COMPANHIA DE ELETRICIDADE DO ESTADO DA BAHIA,Concessão,2025-03-01,2901205,11005,10793,10802,141,28,0,0,1,59,53,74,42,11,11,0,0,31,0,104,36,10661,0,0,0,0,0,0,0,,,,,0,0,",000000000",",000000000",37,1,20,0,206,,",004700000",",000000000",,0,3,1,6,6,6,,77,,",000000000",2026-09-16 04:03:10.020000000
2026-09-16,15139629000194,Neoenergia Coelba,COMPANHIA DE ELETRICIDADE DO ESTADO DA BAHIA,Concessão,2025-12-01,2927101,4105,4036,4041,82,7,0,0,1,21,53,40,9,5,5,0,0,4,0,68,13,3959,0,0,0,0,0,0,0,,,,,0,0,",000000000","590,000000000",26,1,23,0,152,,",000208333",",000000000",,0,,,37,39,28,,45,,",000000000",2026-09-16 04:03:10.053000000
2026-09-16,15139629000194,Neoenergia Coelba,COMPANHIA DE ELETRICIDADE DO ESTADO DA BAHIA,Concessão,2023-04-01,2904001,5908,5841,5874,103,34,0,0,10,28,31,19,629,7,6,1,0,16,606,71,22,5771,0,0,0,0,0,0,0,,,,,0,0,",000000000",",000000000",6,1,18,0,52,,"5,080000000",",000000000",,0,3,,2,2,,,,,",000000000",2026-09-16 04:03:09.927000000
2026-09-16,15139629000194,Neoenergia Coelba,COMPANHIA DE ELETRICIDADE DO ESTADO DA BAHIA,Concessão,2024-10-01,2928505,5493,5397,5397,32,5,0,0,1,13,13,83,26,22,21,1,0,4,0,25,6,5365,0,0,0,0,0,0,0,,,,,5,4,",000000000",",000000000",12,1,23,0,217,,",004000000",",000000000",,0,6,2,2,2,,,18,,",000000000",2026-09-16 04:03:09.960000000
2026-09-16,15139629000194,Neoenergia Coelba,COMPANHIA DE ELETRICIDADE DO ESTADO DA BAHIA,Concessão,2025-03-01,2900108,4466,4385,4391,16,2,0,0,1,6,7,1,0,0,0,0,0,0,0,11,4,4375,0,0,0,0,0,0,0,,,,,0,2,",000000000",",000000000",7,1,20,0,69,,",007700000",",000000000",,0,1,1,1,1,,,3,,",000000000",2026-09-16 04:03:10.020000000
2026-09-16,15139629000194,Neoenergia Coelba,COMPANHIA DE ELETRICIDADE DO ESTADO DA BAHIA,Concessão,2025-12-01,2927002,24,24,25,8,0,0,0,0,6,2,0,0,0,0,0,0,0,0,7,1,17,0,0,0,0,0,0,0,,,,,0,0,",000000000",",000000000",0,0,23,0,0,,",000000000",",000000000",,0,,,,,,,,,",000000000",2026-09-16 04:03:10.053000000
2026-09-16,15139629000194,Neoenergia Coelba,COMPANHIA DE ELETRICIDADE DO ESTADO DA BAHIA,Concessão,2023-04-01,2904704,7541,7469,7407,86,13,52,0,1,0,20,16,84,1,1,0,0,8,75,71,14,7321,0,0,0,0,0,0,0,,,,,1,1,",000000000",",000000000",21,1,18,0,103,,"6,670000000",",000000000",,0,6,2,,1,,,23,,",000000000",2026-09-16 04:03:09.927000000
2026-09-16,15139629000194,Neoenergia Coelba,COMPANHIA DE ELETRICIDADE DO ESTADO DA BAHIA,Concessão,2024-10-01,2929305,17415,17088,17088,159,27,0,0,1,52,79,253,71,53,53,0,0,18,0,122,36,16929,0,0,0,0,0,0,0,,,,,7,5,",000000000",",000000000",78,1,23,0,671,,",006000000",",000000000",,0,10,,1,2,,,208,,",000000000",2026-09-16 04:03:09.960000000
2026-09-16,15139629000194,Neoenergia Coelba,COMPANHIA DE ELETRICIDADE DO ESTADO DA BAHIA,Concessão,2025-04-01,2910909,2497,2465,2464,29,2,0,0,1,19,7,6,2,1,1,0,0,1,0,21,7,2435,0,0,0,0,0,0,0,,,,,0,0,",000000000",",000000000",8,1,20,0,128,,",002600000",",000000000",,0,2,,,,,,11,,",000000000",2026-09-16 04:03:10.020000000
2026-09-16,15139629000194,Neoenergia Coelba,COMPANHIA DE ELETRICIDADE DO ESTADO DA BAHIA,Concessão,2025-12-01,2926905,5117,4964,4974,99,28,0,0,1,12,58,17,12,4,4,0,0,8,0,78,20,4875,0,0,0,0,0,0,0,,,,,0,0,",000000000",",000000000",11,1,23,0,396,,",003680556",",000000000",,0,,,,,,,9,,",000000000",2026-09-16 04:03:10.053000000
2026-09-16,15139629000194,Neoenergia Coelba,COMPANHIA DE ELETRICIDADE DO ESTADO DA BAHIA,Concessão,2023-04-01,2903904,29530,29002,29014,232,19,0,0,2,99,112,94,114,25,25,0,0,1,88,194,36,28782,0,0,0,0,0,0,0,,,,,2,0,",000000000",",000000000",123,1,18,0,2622,,"6,600000000",",000000000",,0,62,27,25,34,19,2,169,4,",000000000",2026-09-16 04:03:09.927000000
2026-09-16,15139629000194,Neoenergia Coelba,COMPANHIA DE ELETRICIDADE DO ESTADO DA BAHIA,Concessão,2024-10-01,2928109,18632,18284,18284,123,1,0,0,3,14,105,90,24,24,24,0,0,0,0,94,26,18160,1,0,1,0,0,0,0,,,,,1,0,"990,000000000",",000000000",52,1,23,0,413,,",002400000",",000000000",,0,17,9,,,,,62,,",000000000",2026-09-16 04:03:09.960000000
2026-09-16,15139629000194,Neoenergia Coelba,COMPANHIA DE ELETRICIDADE DO ESTADO DA BAHIA,Concessão,2025-03-01,2901106,11210,10986,11001,161,23,0,0,8,107,23,121,22,10,10,0,0,12,0,128,25,10840,0,0,0,0,0,0,0,,,,,2,2,",000000000",",000000000",28,1,20,0,238,,",000200000",",000000000",,0,5,1,1,1,,,111,,",000000000",2026-09-16 04:03:10.020000000
2026-09-16,15139629000194,Neoenergia Coelba,COMPANHIA DE ELETRICIDADE DO ESTADO DA BAHIA,Concessão,2025-12-01,2927309,8334,8194,8200,76,5,0,0,2,23,46,64,15,13,13,0,0,2,0,45,29,8124,0,0,0,0,0,0,0,,,,,15,3,"8320,000000000","7996,000000000",30,1,23,0,175,,",000486111",",000000000",,0,2,1,4,4,3,,68,,",000000000",2026-09-16 04:03:10.053000000
2026-09-16,15139629000194,Neoenergia Coelba,COMPANHIA DE ELETRICIDADE DO ESTADO DA BAHIA,Concessão,2023-04-01,2914703,31640,31149,31268,480,145,2,0,3,223,107,65,288,18,16,2,0,53,217,374,103,30788,0,0,0,0,0,0,0,,,,,6,7,",000000000","16960,800000000",104,1,18,0,313,,"1,860000000",",000000000",,0,25,17,21,24,13,2,166,1,",000000000",2026-09-16 04:03:09.927000000
2026-09-16,15139629000194,Neoenergia Coelba,COMPANHIA DE ELETRICIDADE DO ESTADO DA BAHIA,Concessão,2024-10-01,2929602,7428,7329,7329,40,0,0,0,1,16,23,39,1,0,0,0,0,1,0,37,2,7289,0,0,0,0,0,0,0,,,,,0,0,",000000000",",000000000",23,1,23,0,181,,",004900000",",000000000",,0,5,1,2,3,,,50,,",000000000",2026-09-16 04:03:09.960000000
2026-09-16,15139629000194,Neoenergia Coelba,COMPANHIA DE ELETRICIDADE DO ESTADO DA BAHIA,Concessão,2025-04-01,2911303,5591,5478,5463,54,4,0,0,1,12,37,20,8,3,3,0,0,5,0,41,12,5409,0,0,0,0,0,0,0,,,,,0,1,",000000000",",000000000",11,1,20,0,76,,",002100000",",000000000",,0,5,3,,,,,4,,",000000000",2026-09-16 04:03:10.020000000
2026-09-16,15139629000194,Neoenergia Coelba,COMPANHIA DE ELETRICIDADE DO ESTADO DA BAHIA,Concessão,2025-12-01,2922300,12465,12256,12274,53,1,0,0,1,15,36,125,3,2,0,2,0,1,0,45,7,12221,0,0,0,0,0,0,0,,,,,2,0,",000000000",",000000000",26,1,23,0,1025,,",000173611",",000000000",,0,3,3,12,12,4,,167,,",000000000",2026-09-16 04:03:10.053000000
2026-09-16,15139629000194,Neoenergia Coelba,COMPANHIA DE ELETRICIDADE DO ESTADO DA BAHIA,Concessão,2023-04-01,2914901,8971,8828,8756,228,0,137,0,1,62,28,41,161,7,6,1,0,1,153,174,53,8528,0,0,0,0,0,0,0,,,,,6,2,",000000000",",000000000",31,1,18,0,102,,",400000000",",000000000",,0,36,6,8,9,3,,47,1,",000000000",2026-09-16 04:03:09.927000000
2026-09-16,15139629000194,Neoenergia Coelba,COMPANHIA DE ELETRICIDADE DO ESTADO DA BAHIA,Concessão,2024-10-01,2929750,10278,10107,10107,74,16,0,0,2,10,46,274,18,16,15,1,0,2,0,53,19,10033,0,0,0,0,0,0,0,,,,,0,1,",000000000","920,000000000",29,1,23,0,256,,",003700000",",000000000",,0,11,3,6,6,,,89,,",000000000",2026-09-16 04:03:09.960000000
2026-09-16,15139629000194,Neoenergia Coelba,COMPANHIA DE ELETRICIDADE DO ESTADO DA BAHIA,Concessão,2025-04-01,2911501,2809,2768,2773,52,13,0,0,1,23,15,2,9,0,0,0,0,9,0,41,10,2721,0,0,0,0,0,0,0,,,,,1,0,",000000000",",000000000",5,1,20,0,272,,",003500000",",000000000",,0,,,2,2,,,24,,",000000000",2026-09-16 04:03:10.020000000
2026-09-16,15139629000194,Neoenergia Coelba,COMPANHIA DE ELETRICIDADE DO ESTADO DA BAHIA,Concessão,2025-12-01,2922409,10476,10241,10261,57,9,0,0,1,21,26,71,11,2,2,0,0,9,0,48,8,10204,0,0,0,0,0,0,0,,,,,3,1,",000000000",",000000000",14,1,23,0,70,,",001921296",",000000000",,0,3,1,8,8,6,,29,,",000000000",2026-09-16 04:03:10.053000000
2026-09-16,15139629000194,Neoenergia Coelba,COMPANHIA DE ELETRICIDADE DO ESTADO DA BAHIA,Concessão,2023-04-01,2923902,4007,3956,3778,66,4,43,0,1,0,18,6,119,3,3,0,0,0,116,49,16,3712,0,0,0,0,0,0,0,,,,,0,0,",000000000",",000000000",2,1,18,0,67,,"5,200000000",",000000000",,0,6,1,2,2,,,1,,",000000000",2026-09-16 04:03:09.927000000
2026-09-16,15139629000194,Neoenergia Coelba,COMPANHIA DE ELETRICIDADE DO ESTADO DA BAHIA,Concessão,2024-10-01,2905107,5589,5446,5446,28,0,0,0,3,6,19,47,10,10,9,1,0,0,0,16,9,5418,0,0,0,0,0,0,0,,,,,1,1,",000000000",",000000000",34,1,23,0,15,,",004600000",",000000000",,0,2,1,,,,,38,,",000000000",2026-09-16 04:03:09.960000000
2026-09-16,15139629000194,Neoenergia Coelba,COMPANHIA DE ELETRICIDADE DO ESTADO DA BAHIA,Concessão,2025-04-01,2912905,9080,8860,8870,301,254,0,0,1,25,21,54,133,8,5,3,0,125,0,195,105,8569,0,0,0,0,0,0,0,,,,,1,2,",000000000",",000000000",33,1,20,0,76,,",000200000",",000000000",,0,1,,,,,,112,,",000000000",2026-09-16 04:03:10.020000000
2026-09-16,15139629000194,Neoenergia Coelba,COMPANHIA DE ELETRICIDADE DO ESTADO DA BAHIA,Concessão,2025-12-01,2922508,10803,10654,10667,94,9,0,0,2,34,49,139,28,27,4,23,0,1,0,77,15,10573,0,0,0,0,0,0,0,,,,,0,2,",000000000","5069,900000000",35,1,23,0,101,,",002476852",",000000000",,0,9,,5,6,,,55,,",000000000",2026-09-16 04:03:10.053000000
2026-09-16,15139629000194,Neoenergia Coelba,COMPANHIA DE ELETRICIDADE DO ESTADO DA BAHIA,Concessão,2023-04-01,2923803,12544,12400,12444,78,0,0,0,1,40,37,8,6,5,5,0,0,1,0,62,15,12366,0,0,0,0,0,0,0,,,,,7,0,"3280,000000000",",000000000",15,1,18,0,188,,"11,160000000",",000000000",,0,9,1,,,,,44,,",000000000",2026-09-16 04:03:09.927000000
2026-09-16,15139629000194,Neoenergia Coelba,COMPANHIA DE ELETRICIDADE DO ESTADO DA BAHIA,Concessão,2024-10-01,2905008,11867,11674,11674,72,6,0,0,4,38,24,55,28,15,15,0,0,13,0,57,11,11602,0,0,0,0,0,0,0,,,,,0,0,",000000000",",000000000",60,1,23,0,163,,",005900000",",000000000",,0,2,,5,5,3,,121,,",000000000",2026-09-16 04:03:09.960000000
2026-09-16,15139629000194,Neoenergia Coelba,COMPANHIA DE ELETRICIDADE DO ESTADO DA BAHIA,Concessão,2025-04-01,2913002,7356,7217,7219,75,2,0,0,1,9,63,41,4,2,2,0,0,2,0,63,11,7144,0,0,0,0,0,0,0,,,,,1,1,",000000000",",000000000",16,1,20,0,187,,",003700000",",000000000",,0,5,3,,1,,,13,,",000000000",2026-09-16 04:03:10.020000000
2026-09-16,15139629000194,Neoenergia Coelba,COMPANHIA DE ELETRICIDADE DO ESTADO DA BAHIA,Concessão,2025-12-01,2930105,39059,38225,38284,335,53,0,0,3,131,148,187,48,26,26,0,0,22,0,257,75,37949,0,0,0,0,0,0,0,,,,,7,1,",000000000",",000000000",189,1,23,0,1334,,",006145833",",000000000",,0,19,4,2,3,1,,457,,",000000000",2026-09-16 04:03:10.053000000
2026-09-16,15139629000194,Neoenergia Coelba,COMPANHIA DE ELETRICIDADE DO ESTADO DA BAHIA,Concessão,2023-04-01,2923704,11844,11629,11660,55,0,0,0,1,20,34,8,3,2,2,0,0,0,1,43,11,11605,0,0,0,0,0,0,0,,,,,0,0,",000000000",",000000000",33,1,18,0,168,,"4,540000000",",000000000",,0,22,9,15,28,13,,105,1,",000000000",2026-09-16 04:03:09.927000000
2026-09-16,15139629000194,Neoenergia Coelba,COMPANHIA DE ELETRICIDADE DO ESTADO DA BAHIA,Concessão,2024-10-01,2904902,13519,13331,13331,189,68,0,0,2,70,49,121,66,18,15,3,0,48,0,135,52,13142,0,0,0,0,0,0,0,,,,,1,2,",000000000",",000000000",52,1,23,0,374,,",003500000",",000000000",,0,35,19,18,20,15,,77,,",000000000",2026-09-16 04:03:09.960000000
2026-09-16,15139629000194,Neoenergia Coelba,COMPANHIA DE ELETRICIDADE DO ESTADO DA BAHIA,Concessão,2025-04-01,2913101,9157,8865,8908,260,139,0,0,1,88,32,31,57,4,4,0,0,53,0,165,94,8647,1,0,1,0,0,0,0,,,,,0,0,",000000000",",000000000",28,1,20,0,135,,",000200000",",000000000",,0,10,2,2,2,2,,80,,",000000000",2026-09-16 04:03:10.020000000
2026-09-16,15139629000194,Neoenergia Coelba,COMPANHIA DE ELETRICIDADE DO ESTADO DA BAHIA,Concessão,2025-12-01,2930204,12408,12141,12004,183,9,0,0,1,100,73,73,30,9,8,1,0,21,0,137,45,11821,0,0,0,0,0,0,0,,,,,0,0,",000000000",",000000000",78,1,23,0,461,,",002233796",",000000000",,0,10,5,4,4,4,,282,,",000000000",2026-09-16 04:03:10.053000000
2026-09-16,15139629000194,Neoenergia Coelba,COMPANHIA DE ELETRICIDADE DO ESTADO DA BAHIA,Concessão,2023-04-01,2923605,9555,9393,9403,56,7,0,0,2,20,27,7,9,4,3,1,0,5,0,43,11,9347,0,0,0,0,0,0,0,,,,,1,0,",000000000",",000000000",31,1,18,0,272,,"4,030000000",",000000000",,0,5,,,2,,,24,1,",000000000",2026-09-16 04:03:09.927000000
2026-09-16,15139629000194,Neoenergia Coelba,COMPANHIA DE ELETRICIDADE DO ESTADO DA BAHIA,Concessão,2024-10-01,2904852,4911,4806,4806,36,0,0,0,1,13,22,59,10,10,10,0,0,0,0,32,3,4770,0,0,0,0,0,0,0,,,,,0,0,",000000000",",000000000",10,1,23,0,73,,",012100000",",000000000",,0,4,,,,,,34,,",000000000",2026-09-16 04:03:09.960000000
2026-09-16,15139629000194,Neoenergia Coelba,COMPANHIA DE ELETRICIDADE DO ESTADO DA BAHIA,Concessão,2025-04-01,2913200,13712,13406,13285,122,8,0,0,2,41,71,93,18,16,16,0,0,2,0,100,20,13163,0,0,0,0,0,0,0,,,,,0,0,",000000000",",000000000",68,1,20,0,1064,,",000300000",",000000000",,0,36,8,16,16,6,,105,,",000000000",2026-09-16 04:03:10.020000000
2026-09-16,15139629000194,Neoenergia Coelba,COMPANHIA DE ELETRICIDADE DO ESTADO DA BAHIA,Concessão,2025-12-01,2930154,16598,16222,16206,636,335,0,0,1,185,115,260,169,63,62,1,0,106,0,434,201,15570,0,0,0,0,0,0,0,,,,,0,1,",000000000",",000000000",84,1,23,0,656,,",003645833",",000000000",1,0,5,4,16,17,10,,95,,",000000000",2026-09-16 04:03:10.053000000
2026-09-16,15139629000194,Neoenergia Coelba,COMPANHIA DE ELETRICIDADE DO ESTADO DA BAHIA,Concessão,2023-04-01,2923506,5394,5264,5275,98,24,1,0,2,44,27,62,667,22,20,2,0,6,639,72,24,5177,0,0,0,0,0,0,0,,,,,0,0,",000000000",",000000000",10,1,18,0,14,,"3,900000000",",000000000",,0,,,3,3,3,,31,,",000000000",2026-09-16 04:03:09.927000000
2026-09-16,15139629000194,Neoenergia Coelba,COMPANHIA DE ELETRICIDADE DO ESTADO DA BAHIA,Concessão,2024-10-01,2904803,3108,3056,3056,21,3,0,0,2,12,4,18,10,6,4,2,0,4,0,14,5,3035,0,0,0,0,0,0,0,,,,,1,1,",000000000",",000000000",7,1,23,0,4,,",018900000",",000000000",,0,5,,6,6,6,,23,,",000000000",2026-09-16 04:03:09.960000000
2026-09-16,15139629000194,Neoenergia Coelba,COMPANHIA DE ELETRICIDADE DO ESTADO DA BAHIA,Concessão,2025-04-01,2903003,7591,7449,7457,109,48,0,0,1,43,17,48,27,3,3,0,0,24,0,86,22,7348,0,0,0,0,0,0,0,,,,,0,0,",000000000",",000000000",18,1,20,0,149,,",002700000",",000000000",,0,,,,,,,41,,",000000000",2026-09-16 04:03:10.020000000
2026-09-16,15139629000194,Neoenergia Coelba,COMPANHIA DE ELETRICIDADE DO ESTADO DA BAHIA,Concessão,2025-12-01,2930303,8212,8061,8066,202,72,0,0,2,52,76,57,51,11,11,0,0,40,0,154,46,7864,0,0,0,0,0,0,0,,,,,0,0,",000000000",",000000000",22,1,23,0,167,,",005046296",",000000000",,0,1,1,,,,,28,,",000000000",2026-09-16 04:03:10.053000000
2026-09-16,15139629000194,Neoenergia Coelba,COMPANHIA DE ELETRICIDADE DO ESTADO DA BAHIA,Concessão,2023-04-01,2923407,10247,9941,9902,189,98,16,0,4,35,36,20,216,8,8,0,0,34,174,137,48,9713,0,0,0,0,0,0,0,,,,,0,0,",000000000",",000000000",27,1,18,0,572,,"4,000000000",",000000000",,0,2,,,1,,,63,,",000000000",2026-09-16 04:03:09.927000000
2026-09-16,15139629000194,Neoenergia Coelba,COMPANHIA DE ELETRICIDADE DO ESTADO DA BAHIA,Concessão,2024-10-01,2904753,8192,8079,8079,83,1,0,0,1,21,60,30,8,6,6,0,0,2,0,65,17,7996,0,0,0,0,0,0,0,,,,,0,1,",000000000",",000000000",11,1,23,0,216,,",004000000",",000000000",,0,3,2,24,24,24,,58,,",000000000",2026-09-16 04:03:09.960000000
2026-09-16,15139629000194,Neoenergia Coelba,COMPANHIA DE ELETRICIDADE DO ESTADO DA BAHIA,Concessão,2025-04-01,2902906,16686,16305,16354,283,119,0,0,2,128,34,128,43,9,9,0,0,34,0,194,87,16071,0,0,0,1,1,0,0,"153483,000000000","153483,000000000",",000000000",",000000000",0,0,",000000000",",000000000",15,1,20,0,511,,",000400000",",000000000",,0,12,3,,,,,59,,",000000000",2026-09-16 04:03:10.020000000
2026-09-16,15139629000194,Neoenergia Coelba,COMPANHIA DE ELETRICIDADE DO ESTADO DA BAHIA,Concessão,2025-12-01,2930402,7791,7661,7667,76,12,0,0,1,23,40,62,9,2,2,0,0,7,0,59,16,7591,0,0,0,0,0,0,0,,,,,0,1,",000000000",",000000000",19,1,23,0,119,,",000844907",",000000000",,0,2,1,4,4,,,58,,",000000000",2026-09-16 04:03:10.053000000
2026-09-16,15139629000194,Neoenergia Coelba,COMPANHIA DE ELETRICIDADE DO ESTADO DA BAHIA,Concessão,2023-04-01,2923357,9701,9490,9482,53,0,0,0,4,22,27,34,15,15,15,0,0,0,0,37,12,9429,0,0,0,0,0,0,0,,,,,0,0,",000000000",",000000000",19,1,18,0,76,,",390000000",",000000000",,0,14,3,5,9,3,,108,,",000000000",2026-09-16 04:03:09.927000000
2026-09-16,15139629000194,Neoenergia Coelba,COMPANHIA DE ELETRICIDADE DO ESTADO DA BAHIA,Concessão,2024-10-01,2904704,7810,7701,7701,60,27,0,0,1,17,15,44,41,14,13,1,0,27,0,45,14,7641,0,0,0,0,0,0,0,,,,,1,1,",000000000",",000000000",34,1,23,0,74,,",003700000",",000000000",,0,10,,2,3,,,92,,",000000000",2026-09-16 04:03:09.960000000
2026-09-16,15139629000194,Neoenergia Coelba,COMPANHIA DE ELETRICIDADE DO ESTADO DA BAHIA,Concessão,2025-04-01,2902807,13150,12703,12741,176,94,0,0,6,29,47,65,62,5,5,0,0,57,0,131,39,12565,0,0,0,0,0,0,0,,,,,1,0,"4330,000000000",",000000000",54,1,20,0,529,,",005300000",",000000000",,0,4,1,,4,,,47,,",000000000",2026-09-16 04:03:10.020000000
2026-09-16,15139629000194,Neoenergia Coelba,COMPANHIA DE ELETRICIDADE DO ESTADO DA BAHIA,Concessão,2025-12-01,2930501,44002,43092,43153,354,3,0,0,3,124,224,1330,302,296,293,3,0,6,0,267,84,42799,0,0,0,0,0,0,0,,,,,16,18,"600,000000000","2178,000000000",98,1,23,0,912,,",004293981",",000000000",,0,14,7,16,19,7,,199,,",000000000",2026-09-16 04:03:10.053000000
2026-09-16,15139629000194,Neoenergia Coelba,COMPANHIA DE ELETRICIDADE DO ESTADO DA BAHIA,Concessão,2023-04-01,2923308,3623,3557,3569,25,0,0,0,2,9,14,5,2,2,2,0,0,0,0,20,3,3544,0,0,0,0,0,0,0,,,,,3,2,",000000000",",000000000",7,1,18,0,115,,"5,370000000",",000000000",,0,2,1,,,,,23,,",000000000",2026-09-16 04:03:09.927000000
2026-09-16,15139629000194,Neoenergia Coelba,COMPANHIA DE ELETRICIDADE DO ESTADO DA BAHIA,Concessão,2024-10-01,2904605,36877,36288,36288,288,78,0,0,7,94,109,454,196,138,135,3,0,58,0,216,65,36000,0,0,0,0,0,0,0,,,,,17,6,"3600,000000000","350,000000000",231,1,23,0,3042,,",005000000",",000000000",,0,51,6,9,11,9,,207,,",000000000",2026-09-16 04:03:09.960000000
2026-09-16,15139629000194,Neoenergia Coelba,COMPANHIA DE ELETRICIDADE DO ESTADO DA BAHIA,Concessão,2025-04-01,2902708,21218,20688,20598,387,48,0,0,3,78,258,71,15,8,8,0,0,7,0,328,56,20211,0,0,0,0,0,0,0,,,,,2,1,",000000000",",000000000",60,1,20,0,297,,",000400000",",000000000",1,0,36,17,9,10,6,,169,,",000000000",2026-09-16 04:03:10.020000000
2026-09-16,15139629000194,Neoenergia Coelba,COMPANHIA DE ELETRICIDADE DO ESTADO DA BAHIA,Concessão,2025-12-01,2930600,7518,7369,7403,38,3,0,0,1,11,23,53,3,2,2,0,0,1,0,27,10,7365,0,0,0,0,0,0,0,,,,,1,0,",000000000",",000000000",22,1,23,0,158,,",006145833",",000000000",,0,2,,1,1,,,52,,",000000000",2026-09-16 04:03:10.053000000
2026-09-16,15139629000194,Neoenergia Coelba,COMPANHIA DE ELETRICIDADE DO ESTADO DA BAHIA,Concessão,2023-04-01,2914802,98070,96718,97031,1100,325,120,0,3,375,277,453,208,61,60,1,0,114,33,922,175,95927,4,0,4,0,0,0,0,,,,,44,23,"3737,000000000","7088,990000000",300,1,18,0,5532,,"5,440000000",",000000000",,0,137,32,27,36,16,,261,,",000000000",2026-09-16 04:03:09.927000000
2026-09-16,15139629000194,Neoenergia Coelba,COMPANHIA DE ELETRICIDADE DO ESTADO DA BAHIA,Concessão,2024-10-01,2929701,7201,7047,7047,77,0,0,0,1,21,55,41,8,8,8,0,0,0,0,57,19,6970,0,0,0,0,0,0,0,,,,,2,0,",000000000",",000000000",18,1,23,0,113,,",008400000",",000000000",,0,8,1,8,9,,,44,,",000000000",2026-09-16 04:03:09.960000000
2026-09-16,15139629000194,Neoenergia Coelba,COMPANHIA DE ELETRICIDADE DO ESTADO DA BAHIA,Concessão,2025-04-01,2911402,7046,6884,6874,170,36,0,0,1,69,64,124,37,24,23,1,0,13,0,124,45,6704,0,0,0,0,0,0,0,,,,,0,0,",000000000",",000000000",7,1,20,0,58,,",001500000",",000000000",,0,14,9,2,3,2,,34,,",000000000",2026-09-16 04:03:10.020000000
2026-09-16,15139629000194,Neoenergia Coelba,COMPANHIA DE ELETRICIDADE DO ESTADO DA BAHIA,Concessão,2025-12-01,2930709,49644,49004,48925,1433,7,0,0,5,332,1089,851,145,144,143,1,0,1,0,839,589,47492,0,0,0,0,0,0,0,,,,,18,15,"8351,780000000","26596,400000000",224,1,23,0,829,,",004780093",",000000000",,0,75,14,79,93,23,1,890,,",000000000",2026-09-16 04:03:10.053000000
2026-09-16,15139629000194,Neoenergia Coelba,COMPANHIA DE ELETRICIDADE DO ESTADO DA BAHIA,Concessão,2023-04-01,2923209,10786,10646,10683,619,2,0,0,2,580,35,13,8,8,8,0,0,0,0,513,104,10064,0,0,0,0,0,0,0,,,,,2,1,",000000000",",000000000",32,1,18,0,280,,"3,360000000",",000000000",,0,13,4,10,15,10,,28,,",000000000",2026-09-16 04:03:09.927000000
2026-09-16,15139629000194,Neoenergia Coelba,COMPANHIA DE ELETRICIDADE DO ESTADO DA BAHIA,Concessão,2024-10-01,2904506,6596,6496,6496,47,0,0,0,1,8,38,115,7,7,7,0,0,0,0,35,11,6449,0,0,0,0,0,0,0,,,,,0,0,",000000000",",000000000",14,1,23,0,38,,",002700000",",000000000",,0,1,1,6,6,6,,29,,",000000000",2026-09-16 04:03:09.960000000
2026-09-16,15139629000194,Neoenergia Coelba,COMPANHIA DE ELETRICIDADE DO ESTADO DA BAHIA,Concessão,2025-04-01,2911808,8289,8193,8086,476,335,0,0,1,91,49,44,73,5,5,0,0,68,0,355,120,7610,0,0,0,0,0,0,0,,,,,4,1,",000000000","12839,060000000",9,1,20,0,161,,",002600000",",000000000",,0,7,,1,1,,,68,,",000000000",2026-09-16 04:03:10.020000000
2026-09-16,15139629000194,Neoenergia Coelba,COMPANHIA DE ELETRICIDADE DO ESTADO DA BAHIA,Concessão,2025-12-01,2929107,8999,8852,8872,50,0,0,0,0,19,31,76,5,5,4,1,0,0,0,38,12,8822,0,0,0,0,0,0,0,,,,,0,0,",000000000",",000000000",38,1,23,0,332,,",004768519",",000000000",,0,5,,9,10,7,,70,,",000000000",2026-09-16 04:03:10.053000000
2026-09-16,15139629000194,Neoenergia Coelba,COMPANHIA DE ELETRICIDADE DO ESTADO DA BAHIA,Concessão,2023-04-01,2923050,3960,3908,3932,51,0,0,0,1,33,17,6,4,4,4,0,0,0,0,37,13,3881,0,0,0,0,0,0,0,,,,,0,0,",000000000",",000000000",13,1,18,0,137,,",560000000",",000000000",,0,9,6,,,,,26,,",000000000",2026-09-16 04:03:09.927000000
2026-09-16,15139629000194,Neoenergia Coelba,COMPANHIA DE ELETRICIDADE DO ESTADO DA BAHIA,Concessão,2024-10-01,2930402,7610,7526,7526,75,13,0,0,1,34,27,68,17,6,6,0,0,11,0,63,11,7451,0,0,0,0,0,0,0,,,,,0,0,",000000000",",000000000",28,1,23,0,133,,",003800000",",000000000",,0,5,4,,,,,53,,",000000000",2026-09-16 04:03:09.960000000
2026-09-16,15139629000194,Neoenergia Coelba,COMPANHIA DE ELETRICIDADE DO ESTADO DA BAHIA,Concessão,2025-04-01,2911659,3761,3667,3659,64,12,0,0,1,30,21,24,7,2,2,0,0,5,0,46,17,3595,0,0,0,0,0,0,0,,,,,0,0,",000000000",",000000000",12,1,20,0,123,,",005200000",",000000000",,0,,,,,,,23,,",000000000",2026-09-16 04:03:10.020000000
2026-09-16,15139629000194,Neoenergia Coelba,COMPANHIA DE ELETRICIDADE DO ESTADO DA BAHIA,Concessão,2025-12-01,2922656,6350,6132,6140,54,3,0,0,1,5,45,22,8,8,8,0,0,0,0,45,8,6086,0,0,0,0,0,0,0,,,,,0,0,",000000000",",000000000",16,1,23,0,85,,",000613426",",000000000",,0,3,1,6,6,6,,28,,",000000000",2026-09-16 04:03:10.053000000
2026-09-16,15139629000194,Neoenergia Coelba,COMPANHIA DE ELETRICIDADE DO ESTADO DA BAHIA,Concessão,2023-04-01,2923035,5494,5392,5423,152,0,0,0,1,119,32,0,0,0,0,0,0,0,0,130,21,5271,0,0,0,0,0,0,0,,,,,0,0,",000000000",",000000000",16,1,18,0,75,,"5,470000000",",000000000",,0,20,5,6,7,6,,21,,",000000000",2026-09-16 04:03:09.927000000
2026-09-16,15139629000194,Neoenergia Coelba,COMPANHIA DE ELETRICIDADE DO ESTADO DA BAHIA,Concessão,2024-10-01,2930303,8051,7929,7929,69,7,0,0,2,12,48,48,3,2,2,0,0,1,0,50,17,7860,0,0,0,0,0,0,0,,,,,0,0,",000000000",",000000000",17,1,23,0,138,,",005300000",",000000000",,0,,,5,8,5,,49,,",000000000",2026-09-16 04:03:09.960000000
2026-09-16,15139629000194,Neoenergia Coelba,COMPANHIA DE ELETRICIDADE DO ESTADO DA BAHIA,Concessão,2025-04-01,2913309,2913,2809,2827,52,0,0,0,1,24,27,33,8,8,8,0,0,0,0,44,7,2775,0,0,0,0,0,0,0,,,,,1,1,"740,000000000",",000000000",5,1,20,0,72,,",001200000",",000000000",,0,3,,,,,,45,,",000000000",2026-09-16 04:03:10.020000000
2026-09-16,15139629000194,Neoenergia Coelba,COMPANHIA DE ELETRICIDADE DO ESTADO DA BAHIA,Concessão,2025-12-01,2922607,5118,5013,5012,192,128,0,0,1,37,26,52,220,11,6,5,0,209,0,146,45,4820,0,0,0,0,0,0,0,,,,,0,0,",000000000","900,000000000",4,1,23,0,23,,",002094907",",000000000",,0,2,,3,4,2,,48,,",000000000",2026-09-16 04:03:10.053000000
2026-09-16,15139629000194,Neoenergia Coelba,COMPANHIA DE ELETRICIDADE DO ESTADO DA BAHIA,Concessão,2023-04-01,2923001,18303,18077,17893,236,9,103,0,5,39,80,27,9,6,6,0,0,3,0,182,49,17657,0,0,0,0,0,0,0,,,,,1,5,",000000000",",000000000",51,2,18,0,363,,"7,240000000",",000000000",,0,38,15,10,16,1,,98,,",000000000",2026-09-16 04:03:09.927000000
2026-09-16,15139629000194,Neoenergia Coelba,COMPANHIA DE ELETRICIDADE DO ESTADO DA BAHIA,Concessão,2024-10-01,2930154,16017,15704,15704,184,50,0,0,3,72,59,122,56,34,32,2,0,22,0,142,39,15520,0,0,0,0,0,0,0,,,,,0,0,",000000000",",000000000",69,1,23,0,117,,",003700000",",000000000",,0,8,2,5,5,4,,149,,",000000000",2026-09-16 04:03:09.960000000
2026-09-16,15139629000194,Neoenergia Coelba,COMPANHIA DE ELETRICIDADE DO ESTADO DA BAHIA,Concessão,2025-04-01,2913408,7188,7045,7061,35,15,0,0,1,6,13,22,23,2,2,0,0,21,0,24,10,7026,0,0,0,0,0,0,0,,,,,4,1,",000000000",",000000000",40,1,20,0,0,,",000000000",",000000000",,0,3,1,,,,,69,,",000000000",2026-09-16 04:03:10.020000000
2026-09-16,15139629000194,Neoenergia Coelba,COMPANHIA DE ELETRICIDADE DO ESTADO DA BAHIA,Concessão,2025-12-01,2926806,6995,6852,6848,109,52,0,0,2,26,29,46,24,8,8,0,0,16,0,77,30,6739,0,0,0,0,0,0,0,,,,,0,0,",000000000",",000000000",46,1,23,0,123,,",002962963",",000000000",,0,2,,,1,,,2,,",000000000",2026-09-16 04:03:10.053000000
2026-09-16,15139629000194,Neoenergia Coelba,COMPANHIA DE ELETRICIDADE DO ESTADO DA BAHIA,Concessão,2023-04-01,2922904,11958,11838,11892,143,13,0,0,2,88,40,16,15,9,8,1,0,6,0,114,27,11749,0,0,0,0,0,0,0,,,,,0,0,",000000000","1550,000000000",9,1,18,0,278,,"6,850000000",",000000000",,0,9,1,,1,,,103,,",000000000",2026-09-16 04:03:09.927000000
2026-09-16,15139629000194,Neoenergia Coelba,COMPANHIA DE ELETRICIDADE DO ESTADO DA BAHIA,Concessão,2024-10-01,2930204,11964,11534,11534,236,128,0,0,1,35,72,97,59,17,15,2,0,42,0,180,55,11298,0,0,0,0,0,0,0,,,,,1,0,",000000000",",000000000",70,1,23,0,462,,",001700000",",000000000",,0,33,6,2,2,,,141,,",000000000",2026-09-16 04:03:09.960000000
2026-09-16,15139629000194,Neoenergia Coelba,COMPANHIA DE ELETRICIDADE DO ESTADO DA BAHIA,Concessão,2025-04-01,2913457,4302,4236,4243,225,78,0,0,1,109,37,29,28,3,3,0,0,25,0,154,70,4018,0,0,0,0,0,0,0,,,,,6,5,",000000000",",000000000",1,1,20,0,26,,",005900000",",000000000",,0,11,8,3,3,2,,25,,",000000000",2026-09-16 04:03:10.020000000
2026-09-16,15139629000194,Neoenergia Coelba,COMPANHIA DE ELETRICIDADE DO ESTADO DA BAHIA,Concessão,2025-12-01,2926707,7089,6875,6893,86,24,0,0,2,28,32,32,15,4,3,1,0,11,0,57,27,6807,0,0,0,0,0,0,0,,,,,0,0,",000000000",",000000000",12,1,23,0,71,,",002754630",",000000000",,0,1,,5,5,5,,10,,",000000000",2026-09-16 04:03:10.053000000
2026-09-16,15139629000194,Neoenergia Coelba,COMPANHIA DE ELETRICIDADE DO ESTADO DA BAHIA,Concessão,2023-04-01,2922854,3758,3706,3719,46,15,0,0,1,23,7,2,115,0,0,0,0,6,109,33,12,3673,0,0,0,0,0,0,0,,,,,0,0,",000000000",",000000000",9,1,18,0,45,,"4,420000000",",000000000",,0,,,2,2,,,13,,",000000000",2026-09-16 04:03:09.927000000
2026-09-16,15139629000194,Neoenergia Coelba,COMPANHIA DE ELETRICIDADE DO ESTADO DA BAHIA,Concessão,2024-10-01,2930105,38012,37368,37368,371,92,0,0,2,140,137,401,215,153,148,5,0,62,0,283,86,36997,0,0,0,0,0,0,0,,,,,4,3,",000000000",",000000000",95,1,23,0,965,,",006300000",",000000000",,0,62,11,3,4,,,212,,",000000000",2026-09-16 04:03:09.960000000
2026-09-16,15139629000194,Neoenergia Coelba,COMPANHIA DE ELETRICIDADE DO ESTADO DA BAHIA,Concessão,2025-04-01,2913507,10834,10612,10639,113,28,0,0,2,44,39,33,43,2,2,0,0,41,0,90,21,10525,1,0,1,0,0,0,0,,,,,0,0,",000000000",",000000000",26,1,20,0,431,,",009100000",",000000000",,0,38,3,,,,,45,,",000000000",2026-09-16 04:03:10.020000000
2026-09-16,15139629000194,Neoenergia Coelba,COMPANHIA DE ELETRICIDADE DO ESTADO DA BAHIA,Concessão,2025-12-01,2926657,4194,4117,4039,55,12,0,0,1,15,27,13,6,0,0,0,0,6,0,47,7,3984,0,0,0,0,0,0,0,,,,,0,0,",000000000",",000000000",4,1,23,0,36,,",000185185",",000000000",,0,,,,,,,32,,",000000000",2026-09-16 04:03:10.053000000
2026-09-16,15139629000194,Neoenergia Coelba,COMPANHIA DE ELETRICIDADE DO ESTADO DA BAHIA,Concessão,2023-04-01,2922805,3499,3408,3423,7,0,0,0,1,2,4,0,0,0,0,0,0,0,0,6,0,3416,0,0,0,0,0,0,0,,,,,0,0,",000000000",",000000000",6,1,18,0,58,,"1,150000000",",000000000",,0,4,,,,,,22,,",000000000",2026-09-16 04:03:09.927000000
2026-09-16,15139629000194,Neoenergia Coelba,COMPANHIA DE ELETRICIDADE DO ESTADO DA BAHIA,Concessão,2024-10-01,2930006,4855,4748,4748,303,141,0,0,3,61,98,81,70,22,22,0,0,48,0,219,81,4445,0,0,0,0,0,0,0,,,,,0,0,",000000000",",000000000",17,1,23,0,116,,",008600000",",000000000",,0,9,2,8,8,6,,,,",000000000",2026-09-16 04:03:09.960000000
2026-09-16,15139629000194,Neoenergia Coelba,COMPANHIA DE ELETRICIDADE DO ESTADO DA BAHIA,Concessão,2025-04-01,2913606,89477,87335,87542,3468,1781,0,0,5,1380,302,1744,840,194,176,18,0,646,0,2578,885,84072,2,0,2,0,0,0,0,,,,,93,84,"33880,550000000","72566,430000000",418,1,20,0,2764,,",003500000",",000000000",,0,58,8,10,14,7,,1030,,",000000000",2026-09-16 04:03:10.020000000
2026-09-16,15139629000194,Neoenergia Coelba,COMPANHIA DE ELETRICIDADE DO ESTADO DA BAHIA,Concessão,2025-12-01,2926608,30112,29335,29430,137,4,0,0,12,57,64,1147,250,237,237,0,0,13,0,104,21,29293,0,0,0,0,0,0,0,,,,,8,5,"950,000000000",",000000000",161,1,23,0,1266,,",001689815",",000000000",,0,19,5,10,11,6,,232,,",000000000",2026-09-16 04:03:10.053000000
2026-09-16,15139629000194,Neoenergia Coelba,COMPANHIA DE ELETRICIDADE DO ESTADO DA BAHIA,Concessão,2023-04-01,2922755,2303,2271,2350,398,314,3,0,1,75,5,15,279,5,4,1,0,0,274,315,82,1952,0,0,0,0,0,0,0,,,,,1,1,",000000000",",000000000",0,1,18,0,6,,"80,470000000",",000000000",,0,,,,1,,,,,",000000000",2026-09-16 04:03:09.927000000
2026-09-16,15139629000194,Neoenergia Coelba,COMPANHIA DE ELETRICIDADE DO ESTADO DA BAHIA,Concessão,2024-10-01,2929909,24047,23665,23665,167,56,0,0,5,41,65,1390,104,75,72,3,0,29,0,116,46,23498,0,0,0,0,0,0,0,,,,,2,0,",000000000","1330,000000000",52,1,23,0,65,,",005000000",",000000000",,0,73,10,4,4,,,114,,",000000000",2026-09-16 04:03:09.960000000
2026-09-16,15139629000194,Neoenergia Coelba,COMPANHIA DE ELETRICIDADE DO ESTADO DA BAHIA,Concessão,2025-04-01,2913705,17680,17386,17409,236,0,0,0,1,92,143,70,14,14,13,1,0,0,0,192,43,17173,0,0,0,0,0,0,0,,,,,1,0,",000000000",",000000000",30,1,20,0,242,,",003300000",",000000000",,0,17,,,,,,217,,",000000000",2026-09-16 04:03:10.020000000
2026-09-16,15139629000194,Neoenergia Coelba,COMPANHIA DE ELETRICIDADE DO ESTADO DA BAHIA,Concessão,2025-12-01,2925501,16783,16326,16330,315,81,0,0,5,125,104,219,69,32,20,12,0,37,0,241,69,16015,0,0,0,0,0,0,0,,,,,6,2,",000000000",",000000000",92,2,23,0,295,,",005538194",",000000000",,0,4,,9,9,6,,192,,",000000000",2026-09-16 04:03:10.053000000
2026-09-16,15139629000194,Neoenergia Coelba,COMPANHIA DE ELETRICIDADE DO ESTADO DA BAHIA,Concessão,2023-04-01,2915007,6334,6241,6254,80,37,0,0,1,26,16,15,41,3,2,1,0,14,24,57,22,6174,0,0,0,0,0,0,0,,,,,1,0,",000000000",",000000000",10,1,18,0,115,,",400000000",",000000000",,0,7,3,3,4,3,,17,,",000000000",2026-09-16 04:03:09.927000000
2026-09-16,15139629000194,Neoenergia Coelba,COMPANHIA DE ELETRICIDADE DO ESTADO DA BAHIA,Concessão,2024-10-01,2929800,5985,5849,5849,33,14,0,0,5,2,12,114,54,54,52,2,0,0,0,26,2,5816,0,0,0,0,0,0,0,,,,,1,2,",000000000",",000000000",27,1,23,0,23,,",003400000",",000000000",,0,17,6,2,3,2,,21,,",000000000",2026-09-16 04:03:09.960000000
2026-09-16,15139629000194,Neoenergia Coelba,COMPANHIA DE ELETRICIDADE DO ESTADO DA BAHIA,Concessão,2025-04-01,2911600,9469,9247,9259,72,1,0,0,1,27,43,36,1,1,1,0,0,0,0,58,13,9187,0,0,0,0,0,0,0,,,,,2,0,",000000000",",000000000",36,1,20,0,139,,",000300000",",000000000",,0,16,5,,,,,81,,",000000000",2026-09-16 04:03:10.020000000
2026-09-16,15139629000194,Neoenergia Coelba,COMPANHIA DE ELETRICIDADE DO ESTADO DA BAHIA,Concessão,2025-12-01,2925402,4312,4237,4172,125,39,0,0,1,65,20,16,21,3,3,0,0,18,0,99,25,4047,0,0,0,0,0,0,0,,,,,0,0,",000000000",",000000000",9,1,23,0,91,,",000914352",",000000000",,0,1,,,,,,21,,",000000000",2026-09-16 04:03:10.053000000
2026-09-16,15139629000194,Neoenergia Coelba,COMPANHIA DE ELETRICIDADE DO ESTADO DA BAHIA,Concessão,2023-04-01,2923100,11224,11106,11165,156,22,0,0,3,100,31,5,11,0,0,0,0,11,0,108,45,11009,0,0,0,0,0,0,0,,,,,0,2,",000000000",",000000000",8,1,18,0,108,,"5,570000000",",000000000",,0,10,2,1,1,1,,24,,",000000000",2026-09-16 04:03:09.927000000
2026-09-16,15139629000194,Neoenergia Coelba,COMPANHIA DE ELETRICIDADE DO ESTADO DA BAHIA,Concessão,2024-10-01,2904407,4583,4512,4512,33,10,0,0,1,3,19,33,13,9,9,0,0,4,0,25,7,4479,0,0,0,0,0,0,0,,,,,0,0,",000000000",",000000000",20,1,23,0,67,,",000300000",",000000000",,0,,,,,,,25,,",000000000",2026-09-16 04:03:09.960000000
2026-09-16,15139629000194,Neoenergia Coelba,COMPANHIA DE ELETRICIDADE DO ESTADO DA BAHIA,Concessão,2025-04-01,2911709,49527,47569,47691,1579,1006,0,0,2,366,205,617,553,43,32,11,0,510,0,1133,444,46112,0,0,0,0,0,0,0,,,,,34,22,"390,000000000","2117,000000000",375,1,20,0,2917,,",005900000",",000000000",,0,27,6,1,10,,,775,,",000000000",2026-09-16 04:03:10.020000000
2026-09-16,15139629000194,Neoenergia Coelba,COMPANHIA DE ELETRICIDADE DO ESTADO DA BAHIA,Concessão,2025-12-01,2925303,81673,80182,80303,928,156,0,0,5,349,418,1004,411,282,254,28,0,129,0,735,188,79374,1,0,1,0,0,0,0,,,,,37,24,"8876,470000000","10068,070000000",442,1,23,0,1439,,",004918981",",000000000",,0,58,1,25,38,18,,1574,,",000000000",2026-09-16 04:03:10.053000000
2026-09-16,15139629000194,Neoenergia Coelba,COMPANHIA DE ELETRICIDADE DO ESTADO DA BAHIA,Concessão,2023-04-01,2926707,6729,6607,6638,45,9,0,0,4,17,15,0,0,0,0,0,0,0,0,31,10,6593,0,0,0,0,0,0,0,,,,,0,1,",000000000",",000000000",11,1,18,0,128,,"18,330000000",",000000000",,0,5,,,1,,,31,,",000000000",2026-09-16 04:03:09.927000000
2026-09-16,15139629000194,Neoenergia Coelba,COMPANHIA DE ELETRICIDADE DO ESTADO DA BAHIA,Concessão,2024-10-01,2900405,7301,7185,7185,73,0,0,0,2,31,40,107,24,24,24,0,0,0,0,56,15,7112,0,0,0,0,0,0,0,,,,,5,5,",000000000","7199,130000000",15,1,23,0,109,,",010600000",",000000000",,0,3,,12,13,8,,63,,",000000000",2026-09-16 04:03:09.960000000
2026-09-16,15139629000194,Neoenergia Coelba,COMPANHIA DE ELETRICIDADE DO ESTADO DA BAHIA,Concessão,2025-04-01,2906501,34673,34238,34255,534,9,0,0,6,190,329,374,89,79,79,0,0,10,0,317,211,33721,0,0,0,0,0,0,0,,,,,32,14,"3249,000000000","11667,000000000",103,1,20,0,458,,",004100000",",000000000",,0,76,13,9,12,2,,485,,",000000000",2026-09-16 04:03:10.020000000
2026-09-16,15139629000194,Neoenergia Coelba,COMPANHIA DE ELETRICIDADE DO ESTADO DA BAHIA,Concessão,2025-12-01,2925253,8323,8084,8110,83,1,0,0,2,28,52,17,1,0,0,0,0,1,0,67,14,8027,0,0,0,0,0,0,0,,,,,1,1,",000000000",",000000000",29,1,23,0,580,,",002835648",",000000000",,0,7,1,3,3,1,1,42,,",000000000",2026-09-16 04:03:10.053000000
2026-09-16,15139629000194,Neoenergia Coelba,COMPANHIA DE ELETRICIDADE DO ESTADO DA BAHIA,Concessão,2023-12-01,2918902,2041,2006,2031,107,25,0,0,1,74,7,9,8,2,2,0,0,6,0,88,18,1924,0,0,0,0,0,0,0,,,,,0,0,",000000000",",000000000",7,1,19,0,43,,"2,770000000",",000000000",,0,4,1,1,1,,,33,,",000000000",2026-09-16 04:03:09.927000000
2026-09-16,15139629000194,Neoenergia Coelba,COMPANHIA DE ELETRICIDADE DO ESTADO DA BAHIA,Concessão,2024-10-01,2919801,20755,20491,20491,113,2,0,0,1,25,85,238,93,93,93,0,0,0,0,87,25,20378,0,0,0,0,0,0,0,,,,,2,1,",000000000",",000000000",98,1,23,0,1218,,",006000000",",000000000",,0,38,4,6,7,6,,75,,",000000000",2026-09-16 04:03:09.960000000
2026-09-16,15139629000194,Neoenergia Coelba,COMPANHIA DE ELETRICIDADE DO ESTADO DA BAHIA,Concessão,2025-03-01,2909307,16152,15760,15692,221,8,0,0,1,46,166,336,27,19,9,10,0,8,0,172,48,15471,0,0,0,1,1,0,0,"57960,000000000","57960,000000000",",000000000",",000000000",1,3,",000000000",",000000000",52,2,20,0,307,,",002900000",",000000000",,0,12,6,29,29,26,,104,,",000000000",2026-09-16 04:03:10.020000000
2026-09-16,15139629000194,Neoenergia Coelba,COMPANHIA DE ELETRICIDADE DO ESTADO DA BAHIA,Concessão,2025-12-01,2925204,16584,16267,16279,76,1,0,0,2,37,36,105,12,11,11,0,0,1,0,63,11,16203,0,0,0,0,0,0,0,,,,,5,4,",000000000",",000000000",53,1,23,0,313,,",002835648",",000000000",1,0,7,,7,7,6,,179,,",000000000",2026-09-16 04:03:10.053000000
2026-09-16,15139629000194,Neoenergia Coelba,COMPANHIA DE ELETRICIDADE DO ESTADO DA BAHIA,Concessão,2023-12-01,2919058,3851,3763,3780,22,0,0,0,1,19,2,5,3,3,3,0,0,0,0,17,4,3758,0,0,0,0,0,0,0,,,,,0,0,",000000000",",000000000",26,1,19,0,64,,",300000000",",000000000",,0,,,,,,,20,,",000000000",2026-09-16 04:03:09.927000000
2026-09-16,15139629000194,Neoenergia Coelba,COMPANHIA DE ELETRICIDADE DO ESTADO DA BAHIA,Concessão,2024-10-01,2919603,5550,5433,5433,46,6,0,0,2,24,14,24,7,1,1,0,0,6,0,36,8,5387,0,0,0,0,0,0,0,,,,,0,0,",000000000",",000000000",16,1,23,0,35,,",006100000",",000000000",,0,7,2,6,6,6,,25,,",000000000",2026-09-16 04:03:09.960000000
2026-09-16,15139629000194,Neoenergia Coelba,COMPANHIA DE ELETRICIDADE DO ESTADO DA BAHIA,Concessão,2025-03-01,2909505,2221,2169,2168,17,1,0,0,1,11,4,10,2,2,2,0,0,0,0,15,1,2151,0,0,0,0,0,0,0,,,,,0,0,",000000000",",000000000",5,1,20,0,92,,",004000000",",000000000",,0,1,,,,,,14,,",000000000",2026-09-16 04:03:10.020000000
2026-09-16,15139629000194,Neoenergia Coelba,COMPANHIA DE ELETRICIDADE DO ESTADO DA BAHIA,Concessão,2025-12-01,2925105,24121,23632,23675,128,34,0,0,4,41,49,301,35,17,17,0,0,18,0,96,28,23547,0,0,0,0,0,0,0,,,,,0,3,",000000000","4320,000000000",42,1,23,0,937,,",004166667",",000000000",,0,4,,4,7,4,,167,,",000000000",2026-09-16 04:03:10.053000000
2026-09-16,15139629000194,Neoenergia Coelba,COMPANHIA DE ELETRICIDADE DO ESTADO DA BAHIA,Concessão,2023-12-01,2923035,5599,5520,5535,78,0,0,0,1,25,52,14,16,16,16,0,0,0,0,63,14,5457,0,0,0,0,0,0,0,,,,,0,0,",000000000",",000000000",21,1,19,0,140,,"10,640000000",",000000000",,0,9,2,9,15,9,,66,,",000000000",2026-09-16 04:03:09.927000000
2026-09-16,15139629000194,Neoenergia Coelba,COMPANHIA DE ELETRICIDADE DO ESTADO DA BAHIA,Concessão,2024-11-01,2912806,4143,4090,4087,209,20,0,0,1,175,13,48,21,6,6,0,0,15,0,176,32,3878,0,0,0,0,0,0,0,,,,,1,0,",000000000",",000000000",13,1,19,0,130,,",000000000",",000000000",,0,3,,,,,,74,,",000000000",2026-09-16 04:03:09.960000000
2026-09-16,15139629000194,Neoenergia Coelba,COMPANHIA DE ELETRICIDADE DO ESTADO DA BAHIA,Concessão,2025-03-01,2907400,1759,1734,1733,17,4,0,0,1,3,9,3,1,0,0,0,0,1,0,8,8,1716,0,0,0,0,0,0,0,,,,,0,0,",000000000",",000000000",1,1,20,0,36,,",001300000",",000000000",,0,,,,,,,,,",000000000",2026-09-16 04:03:10.020000000
2026-09-16,15139629000194,Neoenergia Coelba,COMPANHIA DE ELETRICIDADE DO ESTADO DA BAHIA,Concessão,2025-12-01,2928059,5154,5044,5002,285,218,0,0,1,50,16,65,275,9,8,1,0,266,0,170,114,4717,0,0,0,0,0,0,0,,,,,0,0,",000000000",",000000000",20,1,23,0,126,,",003032407",",000000000",,0,3,,,,,,68,,",000000000",2026-09-16 04:03:10.053000000
2026-09-16,15139629000194,Neoenergia Coelba,COMPANHIA DE ELETRICIDADE DO ESTADO DA BAHIA,Concessão,2023-12-01,2923050,4028,3978,3984,52,2,0,0,1,40,9,11,6,6,5,1,0,0,0,41,10,3932,0,0,0,0,0,0,0,,,,,0,0,",000000000",",000000000",4,1,19,0,208,,",200000000",",000000000",,0,1,,3,5,,,29,,",000000000",2026-09-16 04:03:09.927000000
2026-09-16,15139629000194,Neoenergia Coelba,COMPANHIA DE ELETRICIDADE DO ESTADO DA BAHIA,Concessão,2024-11-01,2912905,8975,8796,8820,171,109,0,0,1,33,28,54,20,12,7,5,0,8,0,112,58,8649,0,0,0,0,0,0,0,,,,,1,0,",000000000","2547,900000000",22,1,19,0,139,,",000300000",",000000000",,0,1,,,,,,131,1,",000000000",2026-09-16 04:03:09.960000000
2026-09-16,15139629000194,Neoenergia Coelba,COMPANHIA DE ELETRICIDADE DO ESTADO DA BAHIA,Concessão,2025-03-01,2907509,23795,23483,23496,221,4,0,0,3,112,102,151,40,33,32,1,0,7,0,192,26,23275,0,0,0,0,0,0,0,,,,,6,4,"16154,000000000",",000000000",64,1,20,0,693,,",000700000",",000000000",,0,5,,3,3,2,,186,,",000000000",2026-09-16 04:03:10.020000000
2026-09-16,15139629000194,Neoenergia Coelba,COMPANHIA DE ELETRICIDADE DO ESTADO DA BAHIA,Concessão,2025-12-01,2928109,19114,18562,18614,232,35,0,0,2,63,132,167,16,13,13,0,0,3,0,196,34,18382,0,0,0,0,0,0,0,,,,,2,1,",000000000",",000000000",69,1,23,0,483,,",002303241",",000000000",,0,3,2,44,50,36,,61,,",000000000",2026-09-16 04:03:10.053000000
2026-09-16,15139629000194,Neoenergia Coelba,COMPANHIA DE ELETRICIDADE DO ESTADO DA BAHIA,Concessão,2023-12-01,2923100,11389,11213,11253,131,44,0,0,3,49,35,37,36,6,6,0,0,30,0,101,27,11122,0,0,0,0,0,0,0,,,,,0,0,",000000000",",000000000",10,1,19,0,232,,"4,270000000",",000000000",,0,3,1,1,2,,,75,,",000000000",2026-09-16 04:03:09.927000000
2026-09-16,15139629000194,Neoenergia Coelba,COMPANHIA DE ELETRICIDADE DO ESTADO DA BAHIA,Concessão,2024-11-01,2913002,7324,7215,7201,46,0,0,0,2,7,37,39,10,10,10,0,0,0,0,38,6,7155,0,0,0,0,0,0,0,,,,,0,0,",000000000",",000000000",25,1,19,0,174,,",003100000",",000000000",,0,1,1,,3,,,9,,",000000000",2026-09-16 04:03:09.960000000
2026-09-16,15139629000194,Neoenergia Coelba,COMPANHIA DE ELETRICIDADE DO ESTADO DA BAHIA,Concessão,2025-03-01,2907558,3997,3883,3893,86,12,0,0,1,16,57,9,15,4,3,1,0,11,0,70,15,3807,0,0,0,0,0,0,0,,,,,0,0,",000000000",",000000000",37,1,20,0,107,,",004300000",",000000000",,0,1,,,,,,11,,",000000000",2026-09-16 04:03:10.020000000
2026-09-16,15139629000194,Neoenergia Coelba,COMPANHIA DE ELETRICIDADE DO ESTADO DA BAHIA,Concessão,2025-12-01,2928406,14005,13652,13378,188,24,0,0,1,29,134,155,17,8,8,0,0,9,0,156,31,13190,0,0,0,0,0,0,0,,,,,4,3,",000000000",",000000000",25,1,23,0,647,,",003460648",",000000000",,0,,,18,18,18,,7,,",000000000",2026-09-16 04:03:10.053000000
2026-09-16,15139629000194,Neoenergia Coelba,COMPANHIA DE ELETRICIDADE DO ESTADO DA BAHIA,Concessão,2023-12-01,2923209,11119,10908,10867,115,1,0,0,2,27,85,21,7,5,5,0,0,2,0,96,17,10752,0,0,0,0,0,0,0,,,,,0,0,",000000000",",000000000",56,1,19,0,377,,"3,750000000",",000000000",,0,17,4,9,10,9,,83,,",000000000",2026-09-16 04:03:09.927000000
2026-09-16,15139629000194,Neoenergia Coelba,COMPANHIA DE ELETRICIDADE DO ESTADO DA BAHIA,Concessão,2024-11-01,2911105,11441,11216,10931,124,37,0,0,2,26,59,40,19,17,17,0,0,2,0,103,19,10807,0,0,0,0,0,0,0,,,,,13,81,"870,000000000","19121,430000000",44,1,19,0,327,,",003000000",",000000000",,0,12,3,9,11,7,,148,,",000000000",2026-09-16 04:03:09.960000000
2026-09-16,15139629000194,Neoenergia Coelba,COMPANHIA DE ELETRICIDADE DO ESTADO DA BAHIA,Concessão,2025-03-01,2907608,8327,8155,8169,141,73,0,0,1,29,38,67,41,5,5,0,0,36,0,100,40,8028,0,0,0,0,0,0,0,,,,,4,4,",000000000",",000000000",41,1,20,0,102,,",002600000",",000000000",,0,6,2,,,,,48,,",000000000",2026-09-16 04:03:10.020000000
2026-09-16,15139629000194,Neoenergia Coelba,COMPANHIA DE ELETRICIDADE DO ESTADO DA BAHIA,Concessão,2025-12-01,2928505,5724,5577,5577,81,11,0,0,1,38,31,46,6,2,2,0,0,4,0,47,33,5496,0,0,0,0,0,0,0,,,,,0,0,",000000000",",000000000",13,1,23,0,149,,",003622685",",000000000",,0,4,,1,1,1,,36,,",000000000",2026-09-16 04:03:10.053000000
2026-09-16,15139629000194,Neoenergia Coelba,COMPANHIA DE ELETRICIDADE DO ESTADO DA BAHIA,Concessão,2023-12-01,2923308,3695,3609,3619,20,0,0,0,2,4,14,1,0,0,0,0,0,0,0,17,1,3599,0,0,0,0,0,0,0,,,,,3,2,",000000000",",000000000",6,1,19,0,265,,"2,900000000",",000000000",,0,2,1,3,4,,,34,,",000000000",2026-09-16 04:03:09.927000000
2026-09-16,15139629000194,Neoenergia Coelba,COMPANHIA DE ELETRICIDADE DO ESTADO DA BAHIA,Concessão,2024-11-01,2911006,4423,4369,4371,45,18,0,0,1,21,5,26,15,8,7,1,0,7,0,34,10,4326,0,0,0,0,0,0,0,,,,,1,1,",000000000",",000000000",13,1,19,0,18,,",001400000",",000000000",,0,1,,,,,,4,,",000000000",2026-09-16 04:03:09.960000000
2026-09-16,15139629000194,Neoenergia Coelba,COMPANHIA DE ELETRICIDADE DO ESTADO DA BAHIA,Concessão,2025-03-01,2907707,4688,4598,4418,75,0,0,0,1,39,35,74,23,3,2,1,0,20,0,59,15,4343,0,0,0,0,0,0,0,,,,,0,0,",000000000",",000000000",9,1,20,0,63,,",003900000",",000000000",,0,2,1,,,,,64,,",000000000",2026-09-16 04:03:10.020000000
2026-09-16,15139629000194,Neoenergia Coelba,COMPANHIA DE ELETRICIDADE DO ESTADO DA BAHIA,Concessão,2025-12-01,2925006,12136,11905,11915,115,41,0,0,1,34,39,94,91,5,4,1,0,86,0,81,33,11800,0,0,0,0,0,0,0,,,,,0,1,",000000000",",000000000",45,1,23,0,263,,",003969907",",000000000",,0,,,10,10,8,,74,,",000000000",2026-09-16 04:03:10.053000000
2026-09-16,15139629000194,Neoenergia Coelba,COMPANHIA DE ELETRICIDADE DO ESTADO DA BAHIA,Concessão,2023-12-01,2923357,10008,9737,9747,81,0,0,0,4,38,39,8,2,2,0,2,0,0,0,62,15,9666,0,0,0,0,0,0,0,,,,,2,0,",000000000",",000000000",15,1,19,0,117,,",890000000",",000000000",,0,14,2,5,8,,,84,,",000000000",2026-09-16 04:03:09.927000000
2026-09-16,15139629000194,Neoenergia Coelba,COMPANHIA DE ELETRICIDADE DO ESTADO DA BAHIA,Concessão,2024-11-01,2910909,2485,2456,2455,29,0,0,0,1,20,8,1,0,0,0,0,0,0,0,23,5,2426,0,0,0,0,0,0,0,,,,,0,0,",000000000",",000000000",7,1,19,0,111,,",005600000",",000000000",,0,1,,,,,,8,,",000000000",2026-09-16 04:03:09.960000000
2026-09-16,15139629000194,Neoenergia Coelba,COMPANHIA DE ELETRICIDADE DO ESTADO DA BAHIA,Concessão,2025-03-01,2907806,16471,16230,16220,149,16,0,0,1,92,40,52,47,17,17,0,0,30,0,120,28,16071,0,0,0,0,0,0,0,,,,,1,0,",000000000",",000000000",56,1,20,0,520,,",002300000",",000000000",,0,4,2,,,,,113,,",000000000",2026-09-16 04:03:10.020000000
2026-09-16,15139629000194,Neoenergia Coelba,COMPANHIA DE ELETRICIDADE DO ESTADO DA BAHIA,Concessão,2025-12-01,2928000,17616,17331,17368,166,3,0,0,3,36,124,121,17,9,9,0,0,8,0,138,25,17202,0,0,0,0,0,0,0,,,,,2,2,",000000000",",000000000",37,1,23,0,420,,",002500000",",000000000",,0,7,3,11,11,9,,83,,",000000000",2026-09-16 04:03:10.053000000
2026-09-16,15139629000194,Neoenergia Coelba,COMPANHIA DE ELETRICIDADE DO ESTADO DA BAHIA,Concessão,2023-12-01,2923407,10521,10176,10234,308,164,0,0,4,80,60,25,79,8,7,1,0,71,0,230,74,9926,0,0,0,0,0,0,0,,,,,0,0,",000000000",",000000000",57,1,19,0,525,,"3,350000000",",000000000",,0,10,5,1,10,1,,97,,",000000000",2026-09-16 04:03:09.927000000
2026-09-16,15139629000194,Neoenergia Coelba,COMPANHIA DE ELETRICIDADE DO ESTADO DA BAHIA,Concessão,2024-11-01,2910859,8506,8360,8365,49,8,0,0,1,19,21,34,4,2,2,0,0,2,0,37,11,8315,1,0,1,0,0,0,0,,,,,0,0,",000000000",",000000000",14,1,19,0,61,,",000000000",",000000000",,0,2,2,16,17,14,,47,,",000000000",2026-09-16 04:03:09.960000000
2026-09-16,15139629000194,Neoenergia Coelba,COMPANHIA DE ELETRICIDADE DO ESTADO DA BAHIA,Concessão,2025-03-01,2907905,8018,7843,7873,87,3,0,0,1,52,31,21,15,5,4,1,0,10,0,77,9,7786,0,0,0,0,0,0,0,,,,,1,3,"500,000000000",",000000000",37,1,20,0,116,,",003400000",",000000000",,0,4,3,,,,,51,,",000000000",2026-09-16 04:03:10.020000000
2026-09-16,15139629000194,Neoenergia Coelba,COMPANHIA DE ELETRICIDADE DO ESTADO DA BAHIA,Concessão,2025-12-01,2930006,4986,4830,4847,272,165,0,0,1,52,54,70,98,17,14,3,0,81,0,186,85,4575,0,0,0,0,0,0,0,,,,,0,1,",000000000",",000000000",9,1,23,0,89,,",000451389",",000000000",,0,,,5,5,5,,14,,",000000000",2026-09-16 04:03:10.053000000
2026-09-16,15139629000194,Neoenergia Coelba,COMPANHIA DE ELETRICIDADE DO ESTADO DA BAHIA,Concessão,2023-12-01,2923506,5542,5385,5396,59,21,0,0,2,19,17,16,30,6,6,0,0,24,0,49,8,5337,0,0,0,0,0,0,0,,,,,2,3,",000000000","1070,000000000",6,1,19,0,46,,"3,210000000",",000000000",,0,8,2,4,6,,,79,,",000000000",2026-09-16 04:03:09.927000000
2026-09-16,15139629000194,Neoenergia Coelba,COMPANHIA DE ELETRICIDADE DO ESTADO DA BAHIA,Concessão,2024-11-01,2910800,317448,311748,312424,5219,286,0,0,112,887,3934,3887,310,145,132,13,0,165,0,2873,2234,307204,1,0,1,0,0,0,0,,,,,82,81,"6749,000000000","30547,520000000",1364,2,19,0,6561,,",000000000",",000000000",7,0,184,48,146,177,69,3,4232,8,",000000000",2026-09-16 04:03:09.960000000
2026-09-16,15139629000194,Neoenergia Coelba,COMPANHIA DE ELETRICIDADE DO ESTADO DA BAHIA,Concessão,2025-03-01,2908002,9385,9254,9277,198,94,0,0,1,67,36,30,61,14,12,2,0,47,0,136,61,9079,0,0,0,0,0,0,0,,,,,2,0,",000000000",",000000000",25,1,20,0,145,,",006700000",",000000000",,0,9,,1,1,,,51,,",000000000",2026-09-16 04:03:10.020000000
2026-09-16,15139629000194,Neoenergia Coelba,COMPANHIA DE ELETRICIDADE DO ESTADO DA BAHIA,Concessão,2025-12-01,2925600,7639,7491,7504,194,56,0,0,1,82,55,73,21,6,5,1,0,15,0,129,64,7309,1,0,1,0,0,0,0,,,,,2,6,",000000000",",000000000",35,2,23,0,55,,",001574074",",000000000",,0,1,,2,2,2,,21,,",000000000",2026-09-16 04:03:10.053000000
2026-09-16,15139629000194,Neoenergia Coelba,COMPANHIA DE ELETRICIDADE DO ESTADO DA BAHIA,Concessão,2023-12-01,2923605,9696,9462,9483,97,12,0,0,2,27,56,31,14,9,9,0,0,5,0,78,17,9386,0,0,0,0,0,0,0,,,,,0,2,",000000000",",000000000",55,1,19,0,236,,"4,470000000",",000000000",,0,15,1,,,,,54,,",000000000",2026-09-16 04:03:09.927000000
2026-09-16,15139629000194,Neoenergia Coelba,COMPANHIA DE ELETRICIDADE DO ESTADO DA BAHIA,Concessão,2024-11-01,2910503,20229,19928,19969,157,3,0,0,2,75,77,168,12,12,12,0,0,0,0,126,29,19812,0,0,0,0,0,0,0,,,,,6,5,",000000000","2913,070000000",28,1,19,0,230,,",004700000",",000000000",,0,17,,14,16,3,,140,,",000000000",2026-09-16 04:03:09.960000000
2026-09-16,15139629000194,Neoenergia Coelba,COMPANHIA DE ELETRICIDADE DO ESTADO DA BAHIA,Concessão,2025-03-01,2901908,7157,7071,7074,61,0,0,0,1,25,35,18,3,3,3,0,0,0,0,46,14,7013,0,0,0,0,0,0,0,,,,,0,0,",000000000",",000000000",15,1,20,0,53,,",002100000",",000000000",,0,,,,,,,67,,",000000000",2026-09-16 04:03:10.020000000
2026-09-16,15139629000194,Neoenergia Coelba,COMPANHIA DE ELETRICIDADE DO ESTADO DA BAHIA,Concessão,2025-12-01,2922706,6649,6492,6469,157,90,0,0,1,26,40,43,80,3,3,0,0,77,0,108,48,6312,0,0,0,0,0,0,0,,,,,0,0,",000000000",",000000000",8,1,23,0,46,,",000474537",",000000000",,0,,,5,5,5,,9,,",000000000",2026-09-16 04:03:10.053000000
2026-09-16,15139629000194,Neoenergia Coelba,COMPANHIA DE ELETRICIDADE DO ESTADO DA BAHIA,Concessão,2023-12-01,2933455,5940,5831,5748,168,79,26,0,1,29,33,12,8,6,6,0,0,2,0,126,41,5580,0,0,0,1,1,0,0,"141000,000000000","141000,000000000",",000000000",",000000000",0,0,",000000000",",000000000",9,1,19,0,127,,"1,100000000",",000000000",,0,19,3,8,11,6,,45,,",000000000",2026-09-16 04:03:09.927000000
2026-09-16,15139629000194,Neoenergia Coelba,COMPANHIA DE ELETRICIDADE DO ESTADO DA BAHIA,Concessão,2024-11-01,2910305,4245,4175,4189,26,0,0,0,2,11,13,11,0,0,0,0,0,0,0,21,3,4163,0,0,0,0,0,0,0,,,,,1,0,",000000000",",000000000",9,1,19,0,50,,",000000000",",000000000",,0,,,1,1,,,10,,",000000000",2026-09-16 04:03:09.960000000
2026-09-16,15139629000194,Neoenergia Coelba,COMPANHIA DE ELETRICIDADE DO ESTADO DA BAHIA,Concessão,2025-03-01,2930303,8096,7960,7977,156,25,0,0,2,54,75,20,50,11,11,0,0,39,0,121,33,7821,0,0,0,0,0,0,0,,,,,0,0,",000000000",",000000000",25,1,20,0,163,,",004900000",",000000000",,0,19,5,,,,,41,,",000000000",2026-09-16 04:03:10.020000000
2026-09-16,15139629000194,Neoenergia Coelba,COMPANHIA DE ELETRICIDADE DO ESTADO DA BAHIA,Concessão,2025-12-01,2926509,6476,6300,6312,55,0,0,0,2,19,34,133,24,22,22,0,0,2,0,43,10,6257,0,0,0,1,1,0,0,"18894,000000000","18894,000000000",",000000000",",000000000",2,1,",000000000",",000000000",10,1,23,0,64,,",004328704",",000000000",,0,3,2,,1,,,26,,",000000000",2026-09-16 04:03:10.053000000
2026-09-16,15139629000194,Neoenergia Coelba,COMPANHIA DE ELETRICIDADE DO ESTADO DA BAHIA,Concessão,2023-12-01,2933406,4435,4326,4339,40,5,0,0,1,20,14,6,3,2,2,0,0,1,0,32,7,4299,0,0,0,0,0,0,0,,,,,0,0,",000000000",",000000000",8,1,19,0,71,,",130000000",",000000000",,0,14,,4,6,,,39,,",000000000",2026-09-16 04:03:09.927000000
2026-09-16,15139629000194,Neoenergia Coelba,COMPANHIA DE ELETRICIDADE DO ESTADO DA BAHIA,Concessão,2024-11-01,2910206,2121,2099,2102,9,0,0,0,1,5,3,40,29,29,29,0,0,0,0,4,4,2093,0,0,0,0,0,0,0,,,,,0,0,",000000000",",000000000",6,1,19,0,22,,",004200000",",000000000",,0,1,1,,1,,,22,,",000000000",2026-09-16 04:03:09.960000000
2026-09-16,15139629000194,Neoenergia Coelba,COMPANHIA DE ELETRICIDADE DO ESTADO DA BAHIA,Concessão,2025-03-01,2930154,16208,15821,15816,334,138,0,0,1,85,110,118,100,21,20,1,0,79,0,254,79,15482,0,0,0,0,0,0,0,,,,,1,1,",000000000",",000000000",83,1,20,0,406,,",005100000",",000000000",,0,33,8,4,5,2,,144,,",000000000",2026-09-16 04:03:10.020000000
2026-09-16,15139629000194,Neoenergia Coelba,COMPANHIA DE ELETRICIDADE DO ESTADO DA BAHIA,Concessão,2025-12-01,2926400,14575,14224,14190,294,134,0,0,3,46,111,173,93,35,34,1,0,58,0,212,79,13896,0,0,0,0,0,0,0,,,,,1,1,",000000000",",000000000",43,2,23,0,86,,",005057870",",000000000",,0,,,8,8,8,,26,,",000000000",2026-09-16 04:03:10.053000000
2026-09-16,15139629000194,Neoenergia Coelba,COMPANHIA DE ELETRICIDADE DO ESTADO DA BAHIA,Concessão,2023-12-01,2925402,4121,4061,4020,42,5,0,0,1,18,18,8,4,1,1,0,0,3,0,32,9,3978,0,0,0,0,0,0,0,,,,,1,0,",000000000",",000000000",5,1,19,0,107,,"3,860000000",",000000000",,0,8,1,10,10,9,,36,,",000000000",2026-09-16 04:03:09.927000000
2026-09-16,15139629000194,Neoenergia Coelba,COMPANHIA DE ELETRICIDADE DO ESTADO DA BAHIA,Concessão,2024-11-01,2910107,6235,6099,6109,44,3,0,0,3,17,21,62,83,80,79,1,0,3,0,27,14,6065,0,0,0,0,0,0,0,,,,,0,0,",000000000",",000000000",67,1,19,0,105,,",000000000",",000000000",,0,4,1,,4,,,14,,",000000000",2026-09-16 04:03:09.960000000
2026-09-16,15139629000194,Neoenergia Coelba,COMPANHIA DE ELETRICIDADE DO ESTADO DA BAHIA,Concessão,2025-03-01,2930204,12164,11897,11773,246,125,0,0,1,52,68,107,64,17,13,4,0,47,0,208,37,11527,0,0,0,0,0,0,0,,,,,0,0,",000000000",",000000000",47,1,20,0,390,,",002100000",",000000000",,0,5,3,13,14,9,,123,,",000000000",2026-09-16 04:03:10.020000000
2026-09-16,15139629000194,Neoenergia Coelba,COMPANHIA DE ELETRICIDADE DO ESTADO DA BAHIA,Concessão,2025-12-01,2926301,16666,16337,16361,145,3,0,0,2,46,94,61,11,11,11,0,0,0,0,107,36,16216,0,0,0,0,0,0,0,,,,,3,3,"520,000000000","3690,000000000",63,1,23,0,601,,",004664352",",000000000",,0,3,1,6,6,1,,144,,",000000000",2026-09-16 04:03:10.053000000
2026-09-16,15139629000194,Neoenergia Coelba,COMPANHIA DE ELETRICIDADE DO ESTADO DA BAHIA,Concessão,2023-12-01,2925501,15171,14723,14824,286,45,0,0,3,150,88,84,53,32,31,1,0,21,0,228,55,14538,0,0,0,1,1,0,0,"10300,000000000","10300,000000000",",000000000",",000000000",5,7,",000000000","950,000000000",47,2,19,0,552,,"2,430000000",",000000000",,0,28,16,7,17,,1,213,,",000000000",2026-09-16 04:03:09.927000000
2026-09-16,15139629000194,Neoenergia Coelba,COMPANHIA DE ELETRICIDADE DO ESTADO DA BAHIA,Concessão,2024-11-01,2910057,28817,28368,28164,740,1,0,0,4,1,734,740,10,1,1,0,0,9,0,459,277,27424,0,0,0,0,0,0,0,,,,,22,9,"2430,000000000","4763,220000000",473,1,19,0,917,,",000000000",",000000000",,0,29,11,36,64,7,1,332,,",000000000",2026-09-16 04:03:09.960000000
2026-09-16,15139629000194,Neoenergia Coelba,COMPANHIA DE ELETRICIDADE DO ESTADO DA BAHIA,Concessão,2025-03-01,2930105,38362,37462,37596,454,101,0,0,2,154,197,171,77,40,34,6,0,37,0,363,89,37142,0,0,0,0,0,0,0,,,,,1,2,",000000000",",000000000",175,1,20,0,342,,",005800000",",000000000",2,0,64,7,28,28,12,,258,,",000000000",2026-09-16 04:03:10.020000000
2026-09-16,15139629000194,Neoenergia Coelba,COMPANHIA DE ELETRICIDADE DO ESTADO DA BAHIA,Concessão,2025-12-01,2926202,10465,10288,10228,138,27,0,0,1,36,74,93,48,8,8,0,0,40,0,104,33,10090,0,0,0,0,0,0,0,,,,,3,1,",000000000","3135,010000000",33,1,23,0,238,,",001076389",",000000000",,0,,,4,4,4,,38,,",000000000",2026-09-16 04:03:10.053000000
2026-09-16,15139629000194,Neoenergia Coelba,COMPANHIA DE ELETRICIDADE DO ESTADO DA BAHIA,Concessão,2023-12-01,2925600,7067,6940,6976,111,32,0,0,3,44,32,35,27,22,22,0,0,5,0,79,29,6865,0,0,0,0,0,0,0,,,,,0,4,",000000000",",000000000",13,1,19,0,60,,"3,710000000",",000000000",,0,17,2,4,5,2,,56,,",000000000",2026-09-16 04:03:09.927000000
2026-09-16,15139629000194,Neoenergia Coelba,COMPANHIA DE ELETRICIDADE DO ESTADO DA BAHIA,Concessão,2024-11-01,2910008,4928,4806,4810,141,103,0,0,1,27,10,30,40,16,16,0,0,24,0,112,28,4669,0,0,0,0,0,0,0,,,,,0,0,",000000000",",000000000",9,1,19,0,379,,",000000000",",000000000",,0,1,,,,,,45,,",000000000",2026-09-16 04:03:09.960000000
2026-09-16,15139629000194,Neoenergia Coelba,COMPANHIA DE ELETRICIDADE DO ESTADO DA BAHIA,Concessão,2025-03-01,2930006,4899,4755,4754,358,253,0,0,1,2,102,24,80,5,4,1,0,75,0,236,121,4396,0,0,0,0,0,0,0,,,,,1,1,",000000000",",000000000",32,1,20,0,108,,",000400000",",000000000",,0,1,1,2,2,2,,19,,",000000000",2026-09-16 04:03:10.020000000
2026-09-16,15139629000194,Neoenergia Coelba,COMPANHIA DE ELETRICIDADE DO ESTADO DA BAHIA,Concessão,2025-12-01,2926103,6488,6360,6373,44,0,0,0,1,4,39,72,17,17,17,0,0,0,0,33,10,6329,0,0,0,0,0,0,0,,,,,2,2,",000000000",",000000000",22,1,23,0,225,,",003935185",",000000000",,0,10,2,4,5,,,35,,",000000000",2026-09-16 04:03:10.053000000
2026-09-16,15139629000194,Neoenergia Coelba,COMPANHIA DE ELETRICIDADE DO ESTADO DA BAHIA,Concessão,2023-12-01,2925709,6006,5925,5870,30,4,0,0,2,12,12,6,1,1,1,0,0,0,0,23,5,5840,0,0,0,0,0,0,0,,,,,0,0,",000000000",",000000000",24,1,19,0,55,,"5,920000000",",000000000",,0,9,,,3,,,25,,",000000000",2026-09-16 04:03:09.927000000
2026-09-16,15139629000194,Neoenergia Coelba,COMPANHIA DE ELETRICIDADE DO ESTADO DA BAHIA,Concessão,2024-11-01,2910776,3085,2997,2999,117,95,0,0,1,2,19,40,36,26,22,4,0,10,0,86,30,2882,0,0,0,0,0,0,0,,,,,1,1,",000000000",",000000000",9,1,19,0,151,,",001300000",",000000000",,0,1,1,,,,,4,,",000000000",2026-09-16 04:03:09.960000000
2026-09-16,15139629000194,Neoenergia Coelba,COMPANHIA DE ELETRICIDADE DO ESTADO DA BAHIA,Concessão,2025-03-01,2929909,24335,23845,23906,214,53,0,0,4,80,77,661,56,16,15,1,0,40,0,165,45,23692,0,0,0,0,0,0,0,,,,,3,5,"1980,000000000","1080,000000000",71,1,20,0,198,,",005100000",",000000000",,0,44,10,14,14,,,103,,",000000000",2026-09-16 04:03:10.020000000
2026-09-16,15139629000194,Neoenergia Coelba,COMPANHIA DE ELETRICIDADE DO ESTADO DA BAHIA,Concessão,2025-12-01,2926004,16855,16406,15849,211,3,0,0,114,22,72,77,16,4,4,0,0,12,0,81,16,15638,0,0,0,0,0,0,0,,,,,4,3,",000000000",",000000000",92,1,23,0,430,,",001087963",",000000000",,0,5,2,10,11,9,,191,,",000000000",2026-09-16 04:03:10.053000000
2026-09-16,15139629000194,Neoenergia Coelba,COMPANHIA DE ELETRICIDADE DO ESTADO DA BAHIA,Concessão,2023-12-01,2925758,9890,9695,9823,536,24,0,0,1,489,22,25,15,6,4,2,0,9,0,448,87,9287,0,0,0,0,0,0,0,,,,,1,2,",000000000",",000000000",25,1,19,0,305,,",190000000",",000000000",,0,8,2,17,19,9,1,115,,",000000000",2026-09-16 04:03:09.927000000
2026-09-16,15139629000194,Neoenergia Coelba,COMPANHIA DE ELETRICIDADE DO ESTADO DA BAHIA,Concessão,2024-11-01,2910750,9391,9245,9284,58,8,0,0,1,31,18,36,7,2,2,0,0,5,0,44,13,9226,0,0,0,0,0,0,0,,,,,1,1,",000000000",",000000000",9,1,19,0,55,,",000000000",",000000000",,0,2,1,,3,,,31,,",000000000",2026-09-16 04:03:09.960000000
2026-09-16,15139629000194,Neoenergia Coelba,COMPANHIA DE ELETRICIDADE DO ESTADO DA BAHIA,Concessão,2025-03-01,2929800,6068,5942,5918,34,1,0,0,1,10,22,80,7,4,4,0,0,3,0,22,11,5884,0,0,0,0,0,0,0,,,,,0,1,",000000000",",000000000",27,1,20,0,150,,",001100000",",000000000",,0,,,,,,,52,,",000000000",2026-09-16 04:03:10.020000000
2026-09-16,15139629000194,Neoenergia Coelba,COMPANHIA DE ELETRICIDADE DO ESTADO DA BAHIA,Concessão,2025-12-01,2925956,8705,8526,8532,112,12,0,0,2,37,61,42,17,4,4,0,0,13,0,75,35,8420,0,0,0,0,0,0,0,,,,,1,2,",000000000",",000000000",10,1,23,0,89,,",000173611",",000000000",,0,5,1,15,15,7,,122,,",000000000",2026-09-16 04:03:10.053000000
2026-09-16,15139629000194,Neoenergia Coelba,COMPANHIA DE ELETRICIDADE DO ESTADO DA BAHIA,Concessão,2023-12-01,2925808,11757,11532,11529,96,1,0,0,3,28,64,21,13,11,11,0,0,2,0,75,18,11433,0,0,0,0,0,0,0,,,,,0,0,",000000000",",000000000",17,1,19,0,461,,"4,860000000",",000000000",,0,14,6,25,26,6,,73,,",000000000",2026-09-16 04:03:09.927000000
2026-09-16,15139629000194,Neoenergia Coelba,COMPANHIA DE ELETRICIDADE DO ESTADO DA BAHIA,Concessão,2024-11-01,2910727,54117,53214,53396,420,81,0,0,4,212,123,630,165,114,112,2,0,51,0,338,78,52976,0,0,0,0,0,0,0,,,,,18,8,"6667,500000000","2889,000000000",337,1,19,0,1645,,",000000000",",000000000",,0,40,2,24,26,13,1,839,,",000000000",2026-09-16 04:03:09.960000000
2026-09-16,15139629000194,Neoenergia Coelba,COMPANHIA DE ELETRICIDADE DO ESTADO DA BAHIA,Concessão,2025-03-01,2929750,10437,10269,10304,99,10,0,0,2,28,59,211,9,7,5,2,0,2,0,65,32,10205,0,0,0,0,0,0,0,,,,,4,1,"1125,000000000",",000000000",33,1,20,0,255,,",003600000",",000000000",,0,4,3,15,15,,,140,,",000000000",2026-09-16 04:03:10.020000000
2026-09-16,15139629000194,Neoenergia Coelba,COMPANHIA DE ELETRICIDADE DO ESTADO DA BAHIA,Concessão,2025-12-01,2925931,4824,4739,4753,31,0,0,0,1,14,16,23,0,0,0,0,0,0,0,22,8,4722,0,0,0,0,0,0,0,,,,,0,0,",000000000",",000000000",15,1,23,0,78,,",001875000",",000000000",,0,1,,7,7,3,,29,,",000000000",2026-09-16 04:03:10.053000000
2026-09-16,15139629000194,Neoenergia Coelba,COMPANHIA DE ELETRICIDADE DO ESTADO DA BAHIA,Concessão,2023-12-01,2923001,18542,18215,18226,316,12,0,0,1,212,91,72,27,20,20,0,0,7,0,237,78,17910,0,0,0,0,0,0,0,,,,,8,6,"6551,880000000",",000000000",35,1,19,0,631,,"6,170000000",",000000000",,0,40,18,3,11,,,542,,",000000000",2026-09-16 04:03:09.927000000
2026-09-16,15139629000194,Neoenergia Coelba,COMPANHIA DE ELETRICIDADE DO ESTADO DA BAHIA,Concessão,2024-11-01,2912707,7178,7065,7071,130,65,0,0,1,41,23,50,130,11,9,2,0,119,0,88,41,6941,0,0,0,0,0,0,0,,,,,0,0,",000000000",",000000000",25,1,19,0,0,,",000000000",",000000000",,0,,,,,,,71,,",000000000",2026-09-16 04:03:09.960000000
2026-09-16,15139629000194,Neoenergia Coelba,COMPANHIA DE ELETRICIDADE DO ESTADO DA BAHIA,Concessão,2025-03-01,2907301,10985,10821,10830,78,15,0,0,1,25,37,43,20,2,1,1,0,18,0,64,13,10752,0,0,0,0,0,0,0,,,,,4,2,",000000000",",000000000",33,1,20,0,609,,",004200000",",000000000",,0,4,,4,4,,,39,,",000000000",2026-09-16 04:03:10.020000000
2026-09-16,15139629000194,Neoenergia Coelba,COMPANHIA DE ELETRICIDADE DO ESTADO DA BAHIA,Concessão,2025-12-01,2925907,11679,11496,11503,35,0,0,0,1,6,28,72,8,7,7,0,0,1,0,23,11,11468,0,0,0,0,0,0,0,,,,,2,2,",000000000",",000000000",21,1,23,0,328,,",002754630",",000000000",,0,11,1,22,22,21,,85,,",000000000",2026-09-16 04:03:10.053000000
2026-09-16,15139629000194,Neoenergia Coelba,COMPANHIA DE ELETRICIDADE DO ESTADO DA BAHIA,Concessão,2023-12-01,2922904,12219,12047,12106,174,33,0,0,2,78,61,40,51,13,11,2,0,38,0,129,43,11932,0,0,0,0,0,0,0,,,,,1,1,",000000000",",000000000",17,1,19,0,303,,"6,100000000",",000000000",,0,3,1,,3,,,28,,",000000000",2026-09-16 04:03:09.927000000
2026-09-16,15139629000194,Neoenergia Coelba,COMPANHIA DE ELETRICIDADE DO ESTADO DA BAHIA,Concessão,2024-11-01,2912608,1996,1918,1910,29,10,0,0,1,18,0,67,22,18,18,0,0,4,0,24,4,1881,0,0,0,0,0,0,0,,,,,0,0,",000000000",",000000000",8,1,19,0,49,,",005400000",",000000000",,0,,,,,,,12,,",000000000",2026-09-16 04:03:09.960000000
2026-09-16,15139629000194,Neoenergia Coelba,COMPANHIA DE ELETRICIDADE DO ESTADO DA BAHIA,Concessão,2025-03-01,2907202,27623,24905,24905,612,310,0,0,4,93,205,311,364,15,12,3,0,349,0,469,139,24293,0,0,0,1,1,0,0,"21274,000000000","21274,000000000",",000000000",",000000000",11,4,",000000000","2200,000000000",130,1,20,0,959,,",002000000",",000000000",,0,23,8,31,40,3,,194,,",000000000",2026-09-16 04:03:10.020000000
2026-09-16,15139629000194,Neoenergia Coelba,COMPANHIA DE ELETRICIDADE DO ESTADO DA BAHIA,Concessão,2025-12-01,2925808,12344,12116,12109,104,10,0,0,1,26,67,91,15,10,10,0,0,5,0,83,20,12005,0,0,0,0,0,0,0,,,,,1,1,",000000000",",000000000",45,1,23,0,240,,",002037037",",000000000",,0,7,2,1,1,,,44,,",000000000",2026-09-16 04:03:10.053000000
2026-09-16,15139629000194,Neoenergia Coelba,COMPANHIA DE ELETRICIDADE DO ESTADO DA BAHIA,Concessão,2023-12-01,2922854,3805,3752,3764,51,24,0,0,1,17,9,3,7,2,2,0,0,5,0,36,14,3713,0,0,0,0,0,0,0,,,,,0,1,",000000000",",000000000",0,2,19,0,52,,"5,130000000",",000000000",,0,,,6,9,6,,29,,",000000000",2026-09-16 04:03:09.927000000
2026-09-16,15139629000194,Neoenergia Coelba,COMPANHIA DE ELETRICIDADE DO ESTADO DA BAHIA,Concessão,2024-11-01,2910404,9488,9318,9305,118,17,0,0,2,70,29,57,20,20,17,3,0,0,0,87,29,9187,0,0,0,0,0,0,0,,,,,0,0,",000000000",",000000000",18,1,19,0,73,,",001600000",",000000000",,0,1,,7,7,6,,19,,",000000000",2026-09-16 04:03:09.960000000
2026-09-16,15139629000194,Neoenergia Coelba,COMPANHIA DE ELETRICIDADE DO ESTADO DA BAHIA,Concessão,2025-03-01,2907103,13269,12922,12867,338,158,0,0,1,62,117,34,115,6,5,1,0,109,0,245,92,12529,0,0,0,0,0,0,0,,,,,0,0,",000000000",",000000000",95,1,20,0,134,,",000300000",",000000000",,0,7,3,3,4,,,133,,",000000000",2026-09-16 04:03:10.020000000
2026-09-16,15139629000194,Neoenergia Coelba,COMPANHIA DE ELETRICIDADE DO ESTADO DA BAHIA,Concessão,2025-12-01,2925758,11078,10812,10821,233,166,0,0,4,36,27,66,119,7,7,0,0,112,0,170,59,10588,0,0,0,0,0,0,0,,,,,5,3,",000000000","1300,000000000",18,1,23,0,285,,",002581019",",000000000",,0,3,1,9,10,,,84,,",000000000",2026-09-16 04:03:10.053000000
2026-09-16,15139629000194,Neoenergia Coelba,COMPANHIA DE ELETRICIDADE DO ESTADO DA BAHIA,Concessão,2023-12-01,2933158,6779,6651,6681,55,1,0,0,2,24,28,13,3,3,3,0,0,0,0,41,12,6626,0,0,0,0,0,0,0,,,,,0,0,",000000000",",000000000",11,1,19,0,84,,"4,440000000",",000000000",,0,8,,2,4,2,,64,,",000000000",2026-09-16 04:03:09.927000000
