DatGeracaoConjuntoDados,NomEmpreendimento,IdeNucleoCEG,CodCEG,SigUFPrincipal,SigTipoGeracao,DscFaseUsina,DscOrigemCombustivel,DscFonteCombustivel,DscTipoOutorga,NomFonteCombustivel,DatEntradaOperacao,MdaPotenciaOutorgadaKw,MdaPotenciaFiscalizadaKw,MdaGarantiaFisicaKw,IdcGeracaoQualificada,NumCoordNEmpreendimento,NumCoordEEmpreendimento,DatInicioVigencia,DatFimVigencia,DscPropriRegimePariticipacao,DscSubBacia,DscMuninicpios
2026-10-01,Bahia Pulp (Antiga Bacell),000182,UTE.FL.BA.000182-1.1,BA,UTE,Operação,Biomassa,Floresta,Autorização,Licor Negro,1995-11-29,"108600,00",108600,"300,00",Não,"-12,64308242","-38,33717137",2026-08-04,2061-08-04,100% para BRACELL BAHIA SPECIALTY CELLULOSE S.A. - 69.037.133/0001-39 (PIE),,Camaçari - BA
2026-10-01,Suzano Mucuri (Antiga Bahia Sul),000187,UTE.FL.BA.000187-2.1,BA,UTE,Operação,Biomassa,Floresta,Autorização,Licor Negro,1992-03-01,"214080,00",214080,",00",Não,"-18,04246214","-39,91966083",2011-04-14,2041-04-14,100% para SUZANO S.A. - 16.404.287/0001-55 (APE),,Mucuri - BA
2026-10-01,Camaçari,000602,UTE.GN.BA.000602-5.1,BA,UTE,Operação,Fóssil,Gás natural,Autorização,Gás Natural,1996-01-01,"130710,00",130710,",00",Sim,"-12,68722652","-38,35256934",1996-10-16,2026-10-16,100% para Braskem S/A - 42.150.391/0001-70 (PIE),,Camaçari - BA
2026-10-01,Fazenda Cachoeira,000939,UTE.PE.BA.000939-3.1,BA,UTE,Operação,Fóssil,Petróleo,Registro,Óleo Diesel,1998-09-11,"60,00",60,",00",Não,"-11,04799138","-45,19299114",,,100% para Alcides Trento -  (REG),,Formosa do Rio Preto - BA
2026-10-01,Norfil Agro,000945,CGH.PH.BA.000945-8.1,BA,CGH,Operação,Hídrica,Potencial hidráulico,Registro,Potencial hidráulico,1990-01-01,"450,00",450,",00",Não,"-12,87924663","-45,80047359",,,100% para NORFIL AGRO LTDA - 06.213.692/0001-32 (REG),46 - Grande e outros - Sao Francisco,São Desidério - BA
2026-10-01,Itapebi,001175,UHE.PH.BA.001175-4.1,BA,UHE,Operação,Hídrica,Potencial hidráulico,Concessão,Potencial hidráulico,2003-02-18,"462011,00",462011,"202100,00",Não,"-15,96564305","-39,59263939",1999-05-28,2039-05-18,100% para ITAPEBI GERACAO DE ENERGIA SA - 02.397.080/0001-96 (PIE),54 - Jequitinhonha,Itapebi - BA
2026-10-01,Itapetinga,001178,UTE.PE.BA.001178-9.1,BA,UTE,Operação,Fóssil,Petróleo,Registro,Óleo Diesel,2008-07-01,"324,00",324,",00",Não,"-15,24616694","-40,24738111",,,100% para REIZIGER PARTICIPACOES LTDA - 04.483.165/0001-12 (REG),,Itapetinga - BA
2026-10-01,Paulo Afonso I,002012,UHE.PH.BA.002012-5.1,BA,UHE,Operação,Hídrica,Potencial hidráulico,Concessão,Potencial hidráulico,1964-12-30,"180001,00",180001,"10,00",Não,"-9,39810378","-38,20287244",2022-06-17,2052-06-17,100% para AXIA ENERGIA NORDESTE S.A. - 33.541.368/0001-16 (PIE),"49 - Sao Francisco, a jusante do Pajeu","Delmiro Gouveia - AL, Paulo Afonso - BA"
2026-10-01,Presidente Goulart,002146,PCH.PH.BA.002146-6.1,BA,PCH,Operação,Hídrica,Potencial hidráulico,Concessão,Potencial hidráulico,1963-12-31,"8000,00",8000,"5210,00",Não,"-13,33890314","-44,63304689",1997-08-08,2029-03-21,100% para AFLUENTE GERACAO DE ENERGIA ELETRICA S.A. - 07.620.094/0001-40 (SP),45 - Corrente e outros - Sao Francisco,Correntina - BA
2026-10-01,Refinaria Landulpho Alves (RLAM),002197,UTE.PE.BA.002197-0.1,BA,UTE,Operação,Fóssil,Petróleo,Autorização,Gás de Refinaria,2001-08-01,"62500,00",62500,",00",Não,"-12,62400966","-38,67053455",1998-08-24,2028-08-24,100% para REFINARIA DE MATARIPE S.A. - 41.777.706/0001-41 (APE),,São Francisco do Conde - BA
2026-10-01,Rieger Agropecuária,002271,CGH.PH.BA.002271-3.2,BA,CGH,Operação,Hídrica,Potencial hidráulico,Registro,Potencial hidráulico,1987-08-01,"3000,00",3000,",00",Não,"-12,45221499","-45,19038176",,,100% para RIEGER AGROPECUARIA LTDA - 77.837.656/0001-98 (REG),46 - Grande e outros - Sao Francisco,São Desidério - BA
2026-10-01,Salvador,002683,UTE.RU.BA.002683-2.1,BA,UTE,Operação,Biomassa,Resíduos sólidos urbanos,Autorização,Biogás - RU,2010-12-22,"19730,00",19730,"8500,00",Não,"-12,86033744","-38,35207900",2009-02-10,2039-02-10,100% para TERMOVERDE SALVADOR S.A. - 10.267.349/0001-48 (PIE),,Salvador - BA
2026-10-01,Sítio Grande,002754,PCH.PH.BA.002754-5.1,BA,PCH,Operação,Hídrica,Potencial hidráulico,Autorização,Potencial hidráulico,2010-10-23,"25000,00",25000,"18640,00",Não,"-12,44082900","-45,16555849",2010-10-23,2047-10-27,100% para BAHIA PCH I S.A. - 08.747.075/0001-42 (PIE),46 - Grande e outros - Sao Francisco,São Desidério - BA
2026-10-01,Sobradinho,002755,UHE.PH.BA.002755-3.1,BA,UHE,Operação,Hídrica,Potencial hidráulico,Concessão,Potencial hidráulico,1982-03-03,"1050300,00",1050300,"504500,00",Não,"-9,43023841","-40,82719916",2022-06-17,2052-06-17,100% para AXIA ENERGIA NORDESTE S.A. - 33.541.368/0001-16 (PIE),47 - Salitre e outros - Sao Francisco,Sobradinho - BA
2026-10-01,Funil,027046,UHE.PH.BA.027046-6.1,BA,UHE,Operação,Hídrica,Potencial hidráulico,Concessão,Potencial hidráulico,1970-02-13,"30000,00",30000,"10910,00",Não,"-14,22905584","-39,46204685",2022-06-17,2052-06-17,100% para AXIA ENERGIA NORDESTE S.A. - 33.541.368/0001-16 (PIE),52 - Contas,Ubaitaba - BA
2026-10-01,Paulo Afonso II,027048,UHE.PH.BA.027048-2.1,BA,UHE,Operação,Hídrica,Potencial hidráulico,Concessão,Potencial hidráulico,1961-10-24,"443000,00",443000,"10,00",Não,"-9,39688312","-38,20266305",2022-06-17,2052-06-17,100% para AXIA ENERGIA NORDESTE S.A. - 33.541.368/0001-16 (PIE),"49 - Sao Francisco, a jusante do Pajeu","Delmiro Gouveia - AL, Paulo Afonso - BA"
2026-10-01,Paulo Afonso III,027049,UHE.PH.BA.027049-0.1,BA,UHE,Operação,Hídrica,Potencial hidráulico,Concessão,Potencial hidráulico,1971-10-21,"794200,00",794200,"10,00",Não,"-9,39605031","-38,20193731",2022-06-17,2052-06-17,100% para AXIA ENERGIA NORDESTE S.A. - 33.541.368/0001-16 (PIE),"49 - Sao Francisco, a jusante do Pajeu","Delmiro Gouveia - AL, Paulo Afonso - BA"
2026-10-01,Paulo Afonso IV,027050,UHE.PH.BA.027050-4.1,BA,UHE,Operação,Hídrica,Potencial hidráulico,Concessão,Potencial hidráulico,1979-12-01,"2462400,00",2462400,"2225000,00",Não,"-9,41564531","-38,20767127",2022-06-17,2052-06-17,100% para AXIA ENERGIA NORDESTE S.A. - 33.541.368/0001-16 (PIE),"49 - Sao Francisco, a jusante do Pajeu","Delmiro Gouveia - AL, Paulo Afonso - BA"
2026-10-01,Pedra,027052,UHE.PH.BA.027052-0.1,BA,UHE,Operação,Hídrica,Potencial hidráulico,Concessão,Potencial hidráulico,1978-11-13,"20007,00",20007,"3740,00",Não,"-13,86834951","-40,23575873",2022-06-17,2052-06-17,100% para AXIA ENERGIA NORDESTE S.A. - 33.541.368/0001-16 (PIE),52 - Contas,Jequié - BA
2026-10-01,Termobahia (Antiga Celso Furtado),027263,UTE.GN.BA.027263-9.1,BA,UTE,Operação,Fóssil,Gás natural,Autorização,Gás Natural,2004-02-09,"173000,00",185891,"100700,00",Sim,"-12,70378766","-38,56692355",1999-10-27,2029-10-27,100% para PETRÓLEO BRASILEIRO S.A. PETROBRAS - 33.000.167/0001-01 (PIE),,São Francisco do Conde - BA
2026-10-01,Alto Fêmeas I,027414,UHE.PH.BA.027414-3.1,BA,UHE,Operação,Hídrica,Potencial hidráulico,Concessão,Potencial hidráulico,1992-01-01,"10650,00",10650,"8550,00",Não,"-12,45237750","-45,19069222",2019-10-11,2028-12-20,100% para AFLUENTE GERACAO DE ENERGIA ELETRICA S.A. - 07.620.094/0001-40 (SP),46 - Grande e outros - Sao Francisco,São Desidério - BA
2026-10-01,Fazenda Magna Mater,027739,CGH.PH.BA.027739-8.1,BA,CGH,Operação,Hídrica,Potencial hidráulico,Registro,Potencial hidráulico,1900-01-03,"7,50",7,",00",Não,"-13,09702454","-41,85073380",,,100% para Roberto Solano de Freitas -  (REG),52 - Contas,Piatã - BA
2026-10-01,Iguatemi Bahia,028067,UTE.GN.BA.028067-4.1,BA,UTE,Operação,Fóssil,Gás natural,Autorização,Gás Natural,2004-12-30,"8316,00",8316,",00",Sim,"-12,89600966","-38,29053455",2001-03-09,2031-03-09,100% para CONDOMINIO SHOPPING DA BAHIA - 14.804.587/0001-04 (APE),,Salvador - BA
2026-10-01,Fazenda Cachoeira,028185,CGH.PH.BA.028185-9.1,BA,CGH,Operação,Hídrica,Potencial hidráulico,Registro,Potencial hidráulico,1900-01-03,"60,00",60,",00",Não,"-11,45588062","-45,64242909",,,100% para Alcides Trento -  (REG),46 - Grande e outros - Sao Francisco,Formosa do Rio Preto - BA
2026-10-01,Kaiser -  Feira de Santana,028278,UTE.PE.BA.028278-2.1,BA,UTE,Operação,Fóssil,Petróleo,Registro,Óleo Diesel,1900-01-03,"1600,00",1600,",00",Não,"-12,29792347","-38,96633375",,,100% para CERVEJARIA HNK BR LTDA - 21.900.899/0001-79 (REG),,Feira de Santana - BA
2026-10-01,Pedra do Cavalo,028565,UHE.PH.BA.028565-0.1,BA,UHE,Operação,Hídrica,Potencial hidráulico,Concessão,Potencial hidráulico,2004-12-16,"160000,00",160000,"60000,00",Não,"-12,58353873","-38,99802340",2002-04-23,2044-04-25,100% para VOTORANTIM CIMENTOS N/NE S/A - 10.656.452/0001-80 (PIE),"51 - Jequirica, Paraguacu e outros","Cachoeira - BA, Governador Mangabeira - BA"
2026-10-01,Millennium,028588,UTE.GN.BA.028588-9.1,BA,UTE,Operação,Fóssil,Gás natural,Registro,Gás Natural,1900-01-03,"4781,00",4781,",00",Sim,"-12,69881695","-38,32574000",,,100% para TRONOX PIGMENTOS DO BRASIL SA - 15.115.504/0009-81 (REG),,Camaçari - BA
2026-10-01,Condomínio Shopping Center Piedade,028599,UTE.PE.BA.028599-4.1,BA,UTE,Operação,Fóssil,Petróleo,Registro,Óleo Diesel,2002-05-06,"223,00",223,",00",Não,"-12,96700966","-38,50153455",,,100% para CONDOMINIO SHOPPING CENTER PIEDADE - 13.792.742/0001-49 (REG),,Salvador - BA
2026-10-01,Brumado,028663,UTE.PE.BA.028663-0.1,BA,UTE,Operação,Fóssil,Petróleo,Autorização,Óleo Diesel,1977-09-01,"12895,00",12895,",00",Não,"-14,23926827","-41,72330298",2002-07-16,2032-07-16,100% para MAGNESITA MINERACAO S.A. - 00.592.603/0001-20 (APE),,Brumado - BA
2026-10-01,Agrovale,028696,UTE.AI.BA.028696-6.1,BA,UTE,Operação,Biomassa,Agroindustriais,Autorização,Bagaço de Cana de Açúcar,1979-05-01,"16000,00",16000,"600,00",Não,"-9,49784523","-40,36593336",2004-05-06,2034-05-06,100% para AGRO INDUSTRIAS DO VALE DO SAO FRANCISCO SA AGROVALE - 13.642.699/0001-35 (PIE),,Juazeiro - BA
2026-10-01,Colino 2,028997,PCH.PH.BA.028997-3.1,BA,PCH,Operação,Hídrica,Potencial hidráulico,Autorização,Potencial hidráulico,2008-07-17,"16000,00",16000,"4690,00",Não,"-17,07239897","-40,10602245",2008-07-17,2048-04-29,100% para ENERGETICA SERRA DA PRATA S/A - 05.982.449/0001-16 (PIE),"55 - Sao mateus, Itanhem e outros","Jucuruçu - BA, Vereda - BA"
2026-10-01,Cachoeira da Lixa,028999,PCH.PH.BA.028999-0.1,BA,PCH,Operação,Hídrica,Potencial hidráulico,Autorização,Potencial hidráulico,2008-05-24,"14800,00",14800,"7440,00",Não,"-17,07479781","-40,06934674",2008-05-24,2048-02-27,100% para ENERGETICA SERRA DA PRATA S/A - 05.982.449/0001-16 (PIE),"55 - Sao mateus, Itanhem e outros","Itamaraju - BA, Jucuruçu - BA"
2026-10-01,Colino 1,029004,PCH.PH.BA.029004-1.1,BA,PCH,Operação,Hídrica,Potencial hidráulico,Autorização,Potencial hidráulico,2008-09-23,"11000,00",11000,"6620,00",Não,"-17,07542102","-40,08555722",2008-09-23,2048-06-29,100% para ENERGETICA SERRA DA PRATA S/A - 05.982.449/0001-16 (PIE),"55 - Sao mateus, Itanhem e outros","Jucuruçu - BA, Vereda - BA"
2026-10-01,Veracel,029014,UTE.FL.BA.029014-9.1,BA,UTE,Operação,Biomassa,Floresta,Autorização,Licor Negro,2006-01-02,"126600,00",126000,",00",Não,"-16,37400967","-39,57053455",2003-12-30,2033-12-30,100% para VERACEL CELULOSE S.A. - 40.551.996/0001-48 (APE),,Eunápolis - BA
2026-10-01,Asperbras,029182,UTE.PE.BA.029182-0.1,BA,UTE,Operação,Fóssil,Petróleo,Registro,Óleo Diesel,2002-10-30,"640,00",640,",00",Não,"-12,78710046","-38,40329097",,,100% para ASPERBRAS BAHIA LTDA - 03.685.549/0001-55 (REG),,Simões Filho - BA
2026-10-01,Torah,029191,UTE.PE.BA.029191-9.1,BA,UTE,Operação,Fóssil,Petróleo,Registro,Óleo Diesel,2002-05-31,"720,00",720,",00",Não,"-13,01477195","-38,48806111",,,100% para TORAH - TURISMO ORGANIZACAO E ADMINISTRACAO HOTELEIRA LTDA - 04.970.748/0001-78 (REG),,Salvador - BA
2026-10-01,Calçados Azaléia,029626,UTE.PE.BA.029626-0.1,BA,UTE,Operação,Fóssil,Petróleo,Autorização,Óleo Diesel,2002-01-01,"7500,00",7500,",00",Não,"-15,24500966","-40,23853455",2007-10-18,2037-10-18,100% para VULCABRAS BA CALCADOS E ARTIGOS ESPORTIVOS S.A. - 00.733.658/0001-02 (APE),,Itapetinga - BA
2026-10-01,Global II,029639,UTE.PE.BA.029639-2.1,BA,UTE,Operação,Fóssil,Petróleo,Autorização,Óleo Combustível,2010-05-20,"136400,00",136400,"109300,00",Não,"-12,72999389","-38,48212080",2007-12-07,2042-12-07,100% para COMPANHIA ENERGÉTICA CANDEIAS - 10.508.162/0001-99 (PIE),,Candeias - BA
2026-10-01,Global I,029653,UTE.PE.BA.029653-8.1,BA,UTE,Operação,Fóssil,Petróleo,Autorização,Óleo Combustível,2010-05-07,"136400,00",136400,"105300,00",Não,"-12,73021042","-38,48121661",2007-12-21,2042-12-21,100% para COMPANHIA ENERGÉTICA CANDEIAS - 10.508.162/0001-99 (PIE),,Candeias - BA
2026-10-01,Condomínio Shopping Center Lapa,029659,UTE.PE.BA.029659-7.1,BA,UTE,Operação,Fóssil,Petróleo,Registro,Óleo Diesel,2008-01-11,"1920,00",1920,",00",Não,"-12,96700966","-38,50153455",,,100% para Condomínio Shopping Center Lapa - 01.143.325/0001-96 (REG),,Salvador - BA
2026-10-01,Juliana II,029697,CGH.PH.BA.029697-0.1,BA,CGH,Operação,Hídrica,Potencial hidráulico,Registro,Potencial hidráulico,2008-05-09,"400,00",400,"150,00",Não,"-13,83694444","-39,27750000",,,100% para HOWDEN SOUTH AMERICA VENTILADORES E COMPRESSORES INDÚSTRIA E COMÉRCIO LTDA. - 01.094.363/0001-04 (REG),"51 - Jequirica, Paraguacu e outros",Igrapiúna - BA
2026-10-01,Juliana I,029698,CGH.PH.BA.029698-8.1,BA,CGH,Operação,Hídrica,Potencial hidráulico,Registro,Potencial hidráulico,2008-05-09,"144,00",144,"50,00",Não,"-13,83697419","-39,27756556",,,100% para HOWDEN SOUTH AMERICA VENTILADORES E COMPRESSORES INDÚSTRIA E COMÉRCIO LTDA. - 01.094.363/0001-04 (REG),"51 - Jequirica, Paraguacu e outros",Igrapiúna - BA
2026-10-01,Vargido,029699,CGH.PH.BA.029699-6.1,BA,CGH,Operação,Hídrica,Potencial hidráulico,Registro,Potencial hidráulico,2008-05-09,"300,00",300,"40,00",Não,"-13,85106886","-39,28023253",,,100% para HOWDEN SOUTH AMERICA VENTILADORES E COMPRESSORES INDÚSTRIA E COMÉRCIO LTDA. - 01.094.363/0001-04 (REG),"51 - Jequirica, Paraguacu e outros",Igrapiúna - BA
2026-10-01,Poly Embalagens,029741,UTE.PE.BA.029741-0.1,BA,UTE,Operação,Fóssil,Petróleo,Registro,Óleo Diesel,2007-10-01,"324,00",324,",00",Não,"-12,78045411","-38,39442344",,,100% para Poly Embalagens Ltda. - 01.029.001/0001-21 (REG),,Simões Filho - BA
2026-10-01,Poly II,029744,UTE.PE.BA.029744-5.1,BA,UTE,Operação,Fóssil,Petróleo,Registro,Óleo Diesel,2008-08-28,"168,00",168,",00",Não,"-12,78045411","-38,39442344",,,100% para Poly Embalagens Ltda. - 01.029.001/0001-21 (REG),,Simões Filho - BA
2026-10-01,Fortik Nordeste,029791,UTE.PE.BA.029791-7.1,BA,UTE,Operação,Fóssil,Petróleo,Registro,Óleo Diesel,1900-01-03,"972,00",972,",00",Não,"-12,33742746","-38,77677937",,,100% para FCC - INDUSTRIA E COMERCIO LTDA. - 03.281.950/0001-20 (REG),,Conceição do Jacuípe - BA
2026-10-01,Aeroporto Internacional de Salvador,029861,UTE.PE.BA.029861-1.1,BA,UTE,Operação,Fóssil,Petróleo,Registro,Óleo Diesel,1900-01-03,"2023,00",2023,",00",Não,"-12,91025182","-38,33034256",,,100% para EMPRESA BRASILEIRA DE INFRAESTRUTURA AEROPORTUARIA - INFRAERO - 00.352.294/0001-10 (REG),,Salvador - BA
2026-10-01,Sansuy,029907,UTE.PE.BA.029907-3.1,BA,UTE,Operação,Fóssil,Petróleo,Registro,Óleo Diesel,2008-10-07,"1920,00",1920,",00",Não,"-12,69881694","-38,32573999",,,100% para Sansuy S.A Indústria de Plásticos - 14.807.945/0001-24 (REG),,Camaçari - BA
2026-10-01,Cromex - BA,029924,UTE.PE.BA.029924-3.1,BA,UTE,Operação,Fóssil,Petróleo,Registro,Óleo Diesel,2008-10-07,"1296,00",1296,",00",Não,"-12,81845237","-38,43378965",,,100% para Cromex Bahia Ltda. - 03.860.076/0000-18 (REG),,Simões Filho - BA
2026-10-01,Eternit Simões Filho,030096,UTE.PE.BA.030096-9.1,BA,UTE,Operação,Fóssil,Petróleo,Registro,Óleo Diesel,2010-06-07,"1440,00",1440,",00",Não,"-12,74458371","-38,40470743",,,"100% para ETERNIT S.A - 61.092.037/0001-81 (REG), 100% para STEMAC ENERGIA S.A. - 03.841.196/0001-35 (REG)",,Simões Filho - BA
2026-10-01,Itambé,030133,UTE.PE.BA.030133-7.1,BA,UTE,Operação,Fóssil,Petróleo,Registro,Óleo Diesel,2008-07-01,"186,00",186,",00",Não,"-15,24801900","-40,62404200",,,Não Informado,,Itambé - BA
2026-10-01,Itapetinga  - Filial 04,030134,UTE.PE.BA.030134-5.1,BA,UTE,Operação,Fóssil,Petróleo,Registro,Óleo Diesel,2008-07-01,"324,00",324,",00",Não,"-15,24616694","-40,24738111",,,"100% para VULCABRAS AZALEIA-RS,CALCADOS E ARTIGOS ESPORTIVOS S/A - 98.408.073/0001-11 (REG)",,Itapetinga - BA
2026-10-01,Itambé - Filial 06,030135,UTE.PE.BA.030135-3.1,BA,UTE,Operação,Fóssil,Petróleo,Registro,Óleo Diesel,2008-07-01,"186,00",186,",00",Não,"-15,24801900","-40,62404200",,,Não Informado,,Itambé - BA
2026-10-01,Potiguará,030136,UTE.PE.BA.030136-1.1,BA,UTE,Operação,Fóssil,Petróleo,Registro,Óleo Diesel,2008-07-01,"186,00",186,",00",Não,"-15,59245611","-39,87565999",,,"100% para VULCABRAS AZALEIA-RS,CALCADOS E ARTIGOS ESPORTIVOS S/A - 98.408.073/0001-11 (REG)",,Potiraguá - BA
2026-10-01,Itarantim,030137,UTE.PE.BA.030137-0.1,BA,UTE,Operação,Fóssil,Petróleo,Registro,Óleo Diesel,2008-07-01,"186,00",186,",00",Não,"-15,65783000","-40,06154500",,,"100% para VULCABRAS AZALEIA-RS,CALCADOS E ARTIGOS ESPORTIVOS S/A - 98.408.073/0001-11 (REG)",,Itarantim - BA
2026-10-01,Macarani,030138,UTE.PE.BA.030138-8.1,BA,UTE,Operação,Fóssil,Petróleo,Registro,Óleo Diesel,2008-07-01,"186,00",186,",00",Não,"-15,56731611","-40,42204389",,,"100% para VULCABRAS AZALEIA-RS,CALCADOS E ARTIGOS ESPORTIVOS S/A - 98.408.073/0001-11 (REG)",,Macarani - BA
2026-10-01,Maiquinique,030139,UTE.PE.BA.030139-6.1,BA,UTE,Operação,Fóssil,Petróleo,Registro,Óleo Diesel,2008-07-01,"186,00",186,",00",Não,"-15,61977194","-40,26051500",,,"100% para VULCABRAS AZALEIA-RS,CALCADOS E ARTIGOS ESPORTIVOS S/A - 98.408.073/0001-11 (REG)",,Maiquinique - BA
2026-10-01,Macarani  - Filial 17,030140,UTE.PE.BA.030140-0.1,BA,UTE,Operação,Fóssil,Petróleo,Registro,Óleo Diesel,2008-07-01,"186,00",186,",00",Não,"-15,56731611","-40,42204389",,,"100% para VULCABRAS AZALEIA-RS,CALCADOS E ARTIGOS ESPORTIVOS S/A - 98.408.073/0001-11 (REG)",,Macarani - BA
2026-10-01,Itororó,030141,UTE.PE.BA.030141-8.1,BA,UTE,Operação,Fóssil,Petróleo,Registro,Óleo Diesel,2008-07-01,"186,00",186,",00",Não,"-15,11903694","-40,07170306",,,"100% para VULCABRAS AZALEIA-RS,CALCADOS E ARTIGOS ESPORTIVOS S/A - 98.408.073/0001-11 (REG)",,Itororó - BA
2026-10-01,Firmino Alves,030142,UTE.PE.BA.030142-6.1,BA,UTE,Operação,Fóssil,Petróleo,Registro,Óleo Diesel,2008-07-01,"186,00",186,",00",Não,"-14,98846044","-39,92249037",,,"100% para VULCABRAS AZALEIA-RS,CALCADOS E ARTIGOS ESPORTIVOS S/A - 98.408.073/0001-11 (REG)",,Firmino Alves - BA
2026-10-01,Itaiá,030143,UTE.PE.BA.030143-4.1,BA,UTE,Operação,Fóssil,Petróleo,Registro,Óleo Diesel,2008-07-01,"186,00",186,",00",Não,"-14,98493500","-39,92144194",,,"100% para VULCABRAS AZALEIA-RS,CALCADOS E ARTIGOS ESPORTIVOS S/A - 98.408.073/0001-11 (REG)",,Firmino Alves - BA
2026-10-01,Ibicuí,030144,UTE.PE.BA.030144-2.1,BA,UTE,Operação,Fóssil,Petróleo,Registro,Óleo Diesel,2008-07-01,"186,00",186,",00",Não,"-14,83767633","-39,97720122",,,"100% para VULCABRAS AZALEIA-RS,CALCADOS E ARTIGOS ESPORTIVOS S/A - 98.408.073/0001-11 (REG)",,Ibicuí - BA
2026-10-01,Iguaí,030145,UTE.PE.BA.030145-0.1,BA,UTE,Operação,Fóssil,Petróleo,Registro,Óleo Diesel,2008-07-01,"186,00",186,",00",Não,"-14,75239855","-40,07970122",,,"100% para VULCABRAS AZALEIA-RS,CALCADOS E ARTIGOS ESPORTIVOS S/A - 98.408.073/0001-11 (REG)",,Iguaí - BA
2026-10-01,Caatiba,030146,UTE.PE.BA.030146-9.1,BA,UTE,Operação,Fóssil,Petróleo,Registro,Óleo Diesel,2008-07-01,"186,00",186,",00",Não,"-14,97267633","-40,39803455",,,"100% para VULCABRAS AZALEIA-RS,CALCADOS E ARTIGOS ESPORTIVOS S/A - 98.408.073/0001-11 (REG)",,Caatiba - BA
2026-10-01,Itatí,030147,UTE.PE.BA.030147-7.1,BA,UTE,Operação,Fóssil,Petróleo,Registro,Óleo Diesel,2008-07-01,"186,00",186,",00",Não,"-15,11903694","-40,07170306",,,"100% para VULCABRAS AZALEIA-RS,CALCADOS E ARTIGOS ESPORTIVOS S/A - 98.408.073/0001-11 (REG)",,Itororó - BA
2026-10-01,Galvani,030174,UTE.OF.BA.030174-4.2,BA,UTE,Operação,Fóssil,Outros Fósseis,Registro,Calor de Processo - OF,2002-06-01,"5000,00",5000,",00",Não,"-12,09166667","-45,80583333",,,100% para FOSNOR - FOSFATADOS  DO NORTE-NORDESTE S/A - 32.112.142/0001-37 (REG),,Luís Eduardo Magalhães - BA
2026-10-01,IBC,030212,UTE.PE.BA.030212-0.1,BA,UTE,Operação,Fóssil,Petróleo,Registro,Óleo Diesel,2009-03-01,"440,00",440,",00",Não,"-12,66591000","-38,20632000",,,100% para SINTEX LAMINADOS SINTETICOS LTDA. - 04.774.215/0001-10 (REG),,Camaçari - BA
2026-10-01,Macaúbas,030283,EOL.CV.BA.030283-0.1,BA,EOL,Operação,Eólica,Cinética do vento,Autorização,Cinética do vento,2012-07-06,"35070,00",35070,"13400,00",Não,"-12,35119149","-42,33852459",2010-06-21,2045-06-21,100% para MACAUBAS ENERGETICA SA - 09.194.393/0001-96 (PIE),,Brotas de Macaúbas - BA
2026-10-01,Pedra do Reino,030288,EOL.CV.BA.030288-0.1,BA,EOL,Operação,Eólica,Cinética do vento,Autorização,Cinética do vento,2013-02-04,"30000,00",30000,"10840,00",Não,"-9,51754829","-40,88639419",2010-06-30,2045-06-30,100% para EOLICA PEDRA DO REINO S.A. - 11.608.271/0001-40 (PIE),,Sobradinho - BA
2026-10-01,Novo Horizonte,030305,EOL.CV.BA.030305-4.1,BA,EOL,Operação,Eólica,Cinética do vento,Autorização,Cinética do vento,2012-07-06,"30060,00",30060,"10970,00",Não,"-12,31269913","-42,35098757",2010-07-30,2045-07-30,100% para NOVO HORIZONTE ENERGETICA S/A - 09.214.349/0001-09 (PIE),,Brotas de Macaúbas - BA
2026-10-01,Seabra,030306,EOL.CV.BA.030306-2.1,BA,EOL,Operação,Eólica,Cinética do vento,Autorização,Cinética do vento,2012-07-06,"35390,00",35390,"11330,00",Não,"-12,27870333","-42,36260411",2010-07-30,2045-07-30,100% para SEABRA ENERGETICA S/A - 09.196.341/0001-59 (PIE),,Brotas de Macaúbas - BA
2026-10-01,Serra do Salto,030314,EOL.CV.BA.030314-3.1,BA,EOL,Operação,Eólica,Cinética do vento,Autorização,Cinética do vento,2014-07-04,"19200,00",19200,"7460,00",Não,"-14,15545583","-42,63821972",2010-08-06,2045-08-06,100% para CENTRAIS EOLICAS SERRA DO SALTO LTDA. - 11.349.836/0001-12 (PIE),,Guanambi - BA
2026-10-01,Ilhéus,030315,EOL.CV.BA.030315-1.1,BA,EOL,Operação,Eólica,Cinética do vento,Autorização,Cinética do vento,2014-07-04,"11200,00",11200,"5040,00",Não,"-13,88230000","-42,66305000",2010-08-06,2045-08-06,100% para CENTRAIS EOLICAS ILHEUS LTDA. - 11.366.468/0001-10 (PIE),,Guanambi - BA
2026-10-01,Candiba,030316,EOL.CV.BA.030316-0.1,BA,EOL,Operação,Eólica,Cinética do vento,Autorização,Cinética do vento,2014-07-04,"9600,00",9600,"4280,00",Não,"-14,18314712","-42,62274949",2010-08-06,2045-08-06,100% para CENTRAIS EOLICAS CANDIBA LTDA. - 11.349.756/0001-67 (PIE),,Guanambi - BA
2026-10-01,Licínio de Almeida,030317,EOL.CV.BA.030317-8.1,BA,EOL,Operação,Eólica,Cinética do vento,Autorização,Cinética do vento,2014-07-04,"24000,00",24000,"10940,00",Não,"-14,17694395","-42,65406270",2010-08-06,2045-08-06,100% para CENTRAIS EOLICAS LICINIO DE ALMEIDA LTDA. - 11.349.904/0001-43 (PIE),,Guanambi - BA
2026-10-01,Nossa Senhora da Conceição,030318,EOL.CV.BA.030318-6.1,BA,EOL,Operação,Eólica,Cinética do vento,Autorização,Cinética do vento,2014-07-04,"28800,00",28800,"12430,00",Não,"-13,89569444","-42,67688889",2010-08-06,2045-08-06,100% para CENTRAIS EOLICAS NOSSA SENHORA DA CONCEICAO LTDA. - 11.371.340/0001-45 (PIE),,Igaporã - BA
2026-10-01,Pajeú do Vento,030319,EOL.CV.BA.030319-4.1,BA,EOL,Operação,Eólica,Cinética do vento,Autorização,Cinética do vento,2014-07-04,"25600,00",25600,"11800,00",Não,"-14,01475000","-42,63386111",2010-08-06,2045-08-06,100% para CENTRAIS EOLICAS PAJEU DO VENTO LTDA. - 11.365.985/0001-75 (PIE),,Caetité - BA
2026-10-01,Alvorada,030320,EOL.CV.BA.030320-8.1,BA,EOL,Operação,Eólica,Cinética do vento,Autorização,Cinética do vento,2014-07-04,"8000,00",8000,"3970,00",Não,"-14,18515114","-42,59107260",2010-08-06,2045-08-26,100% para CENTRAIS EOLICAS ALVORADA LTDA. - 11.349.807/0001-50 (PIE),,Caetité - BA
2026-10-01,Igaporã,030321,EOL.CV.BA.030321-6.1,BA,EOL,Operação,Eólica,Cinética do vento,Autorização,Cinética do vento,2014-07-04,"30400,00",30400,"13950,00",Não,"-13,86057434","-42,65734170",2010-08-06,2045-08-06,100% para CENTRAIS EOLICAS IGAPORA LTDA. - 11.366.011/0001-06 (PIE),,Igaporã - BA
2026-10-01,Planaltina,030322,EOL.CV.BA.030322-4.1,BA,EOL,Operação,Eólica,Cinética do vento,Autorização,Cinética do vento,2014-07-04,"27200,00",27200,"12270,00",Não,"-13,98794444","-42,63894444",2010-08-06,2045-08-06,100% para CENTRAIS EOLICAS PLANALTINA LTDA. - 11.363.327/0001-44 (PIE),,Caetité - BA
2026-10-01,Porto Seguro,030323,EOL.CV.BA.030323-2.1,BA,EOL,Operação,Eólica,Cinética do vento,Autorização,Cinética do vento,2014-07-04,"6400,00",6400,"2730,00",Não,"-13,86294444","-42,67266667",2010-08-06,2045-08-06,100% para CENTRAIS EOLICAS PORTO SEGURO LTDA. - 11.366.056/0001-80 (PIE),,Igaporã - BA
2026-10-01,Pindaí,030324,EOL.CV.BA.030324-0.1,BA,EOL,Operação,Eólica,Cinética do vento,Autorização,Cinética do vento,2014-07-04,"24000,00",24000,"11050,00",Não,"-14,20213939","-42,65889865",2010-08-06,2045-08-06,100% para CENTRAIS EOLICAS PINDAI LTDA. - 11.350.542/0001-00 (PIE),,Guanambi - BA
2026-10-01,Guanambi,030328,EOL.CV.BA.030328-3.1,BA,EOL,Operação,Eólica,Cinética do vento,Autorização,Cinética do vento,2014-07-04,"20800,00",20800,"8480,00",Não,"-14,20170756","-42,61830984",2010-08-09,2045-08-09,100% para CENTRAIS EOLICAS GUANAMBI LTDA. - 11.350.499/0001-83 (PIE),,Guanambi - BA
2026-10-01,Rio Verde,030341,EOL.CV.BA.030341-0.1,BA,EOL,Operação,Eólica,Cinética do vento,Autorização,Cinética do vento,2014-07-04,"30400,00",30400,"16610,00",Não,"-14,16402778","-42,60055556",2010-08-20,2045-08-20,100% para CENTRAIS EOLICAS RIO VERDE LTDA. - 11.350.476/0001-79 (PIE),,Caetité - BA
2026-10-01,Guirapá,030342,EOL.CV.BA.030342-9.1,BA,EOL,Operação,Eólica,Cinética do vento,Autorização,Cinética do vento,2014-07-04,"28800,00",28800,"13600,00",Não,"-14,21891461","-42,64138850",2010-08-20,2045-08-20,100% para CENTRAIS EOLICAS GUIRAPA LTDA. - 11.345.796/0001-30 (PIE),,Guanambi - BA
2026-10-01,Girassol,030426,CGH.PH.BA.030426-3.1,BA,CGH,Operação,Hídrica,Potencial hidráulico,Registro,Potencial hidráulico,2010-02-10,"1000,00",1000,",00",Não,"-13,99694444","-45,40250000",,,100% para M2 ENERGIA LTDA - 10.212.345/0001-62 (REG),45 - Corrente e outros - Sao Francisco,Jaborandi - BA
2026-10-01,Ciemil,030434,UTE.PE.BA.030434-4.1,BA,UTE,Operação,Fóssil,Petróleo,Registro,Óleo Diesel,2011-02-02,"144,00",144,",00",Não,"-14,86611111","-40,83944444",,,100% para CIEMIL MINERACAO LTDA - 13.860.192/0001-58 (REG),,Vitória da Conquista - BA
2026-10-01,Caetité 2,030437,EOL.CV.BA.030437-9.1,BA,EOL,Operação,Eólica,Cinética do vento,Autorização,Cinética do vento,2014-10-08,"30000,00",30000,"14700,00",Não,"-14,18500000","-42,50300000",2011-02-07,2046-02-07,100% para CAETITE 2 ENERGIA RENOVAVEL S/A - 12.106.989/0001-00 (PIE),,Caetité - BA
2026-10-01,Pedra Branca,030443,EOL.CV.BA.030443-3.1,BA,EOL,Operação,Eólica,Cinética do vento,Autorização,Cinética do vento,2013-03-02,"30000,00",30000,"13800,00",Não,"-9,87459153","-41,09571479",2011-02-18,2046-02-18,100% para Pedra Branca S.A. - 12.709.996/0001-98 (PIE),,Sento Sé - BA
2026-10-01,Caetité 3,030448,EOL.CV.BA.030448-4.1,BA,EOL,Operação,Eólica,Cinética do vento,Autorização,Cinética do vento,2014-10-08,"30000,00",30000,"11200,00",Não,"-14,21944444","-42,50700000",2011-02-24,2046-02-24,100% para CAETITE 3 ENERGIA RENOVAVEL S/A. - 12.106.879/0001-30 (PIE),,Caetité - BA
2026-10-01,Sete Gameleiras,030455,EOL.CV.BA.030455-7.1,BA,EOL,Operação,Eólica,Cinética do vento,Autorização,Cinética do vento,2013-03-26,"30000,00",30000,"12600,00",Não,"-9,86384384","-41,10417464",2011-02-28,2046-02-28,100% para SETE GAMELEIRAS S/A - 12.710.327/0001-36 (PIE),,Sento Sé - BA
2026-10-01,São Pedro do Lago,030456,EOL.CV.BA.030456-5.1,BA,EOL,Operação,Eólica,Cinética do vento,Autorização,Cinética do vento,2013-03-02,"31465,00",31465,",00",Não,"-9,87469326","-41,09301108",2011-02-28,2046-02-28,100% para São Pedro do Lago S.A - 12.709.813/0001-34 (PIE),,Sento Sé - BA
2026-10-01,Ventos do Nordeste,030476,EOL.CV.BA.030476-0.1,BA,EOL,Operação,Eólica,Cinética do vento,Autorização,Cinética do vento,2014-10-11,"23520,00",23520,"10100,00",Não,"-14,11946418","-42,61408311",2011-03-21,2046-03-21,100% para CENTRAIS EOLICAS VENTOS DO NORDESTE S/A - 11.204.086/0001-90 (PIE),,Caetité - BA
2026-10-01,Da Prata,030490,EOL.CV.BA.030490-5.1,BA,EOL,Operação,Eólica,Cinética do vento,Autorização,Cinética do vento,2014-10-11,"21840,00",21840,"10100,00",Não,"-13,96426616","-42,63886294",2011-03-28,2046-03-28,100% para CENTRAIS EOLICAS DA PRATA S.A - 11.366.231/0001-30 (PIE),,Igaporã - BA
2026-10-01,Dos Araçás,030495,EOL.CV.BA.030495-6.1,BA,EOL,Operação,Eólica,Cinética do vento,Autorização,Cinética do vento,2014-10-11,"31860,00",31860,"15500,00",Não,"-14,12959332","-42,55965544",2011-04-08,2046-04-08,100% para Centrais Eólicas dos Araçás S.A - 11.201.833/0001-37 (PIE),,Caetité - BA
2026-10-01,Morrão,030506,EOL.CV.BA.030506-5.1,BA,EOL,Operação,Eólica,Cinética do vento,Autorização,Cinética do vento,2014-10-11,"30240,00",30240,"16100,00",Não,"-14,08850925","-42,68270797",2011-04-25,2046-04-25,100% para CENTRAIS EOLICAS MORRAO S/A - 12.049.829/0001-68 (PIE),,Caetité - BA
2026-10-01,Tanque,030544,EOL.CV.BA.030544-8.1,BA,EOL,Operação,Eólica,Cinética do vento,Autorização,Cinética do vento,2014-10-11,"30000,00",30000,"13900,00",Não,"-14,10259780","-42,61065719",2011-05-30,2046-05-30,100% para CENTRAIS EOLICAS TANQUE S.A - 12.048.059/0001-39 (PIE),,Caetité - BA
2026-10-01,Seraíma,030546,EOL.CV.BA.030546-4.1,BA,EOL,Operação,Eólica,Cinética do vento,Autorização,Cinética do vento,2014-10-11,"30240,00",30240,"17500,00",Não,"-14,14727297","-42,71185123",2011-05-31,2046-05-31,100% para CENTRAIS EOLICAS SERAIMA S.A - 12.047.526/0001-06 (PIE),,Guanambi - BA
2026-10-01,Dourado,030578,CGH.PH.BA.030578-2.1,BA,CGH,Operação,Hídrica,Potencial hidráulico,Registro,Potencial hidráulico,1900-01-03,"980,00",980,"720,00",Não,"-13,99721667","-45,40260556",,,100% para Central Geradora Hidráulica Dourado Ltda - 24.426.769/0001-34 (REG),45 - Corrente e outros - Sao Francisco,Jaborandi - BA
2026-10-01,Pratudão,030579,CGH.PH.BA.030579-0.1,BA,CGH,Operação,Hídrica,Potencial hidráulico,Registro,Potencial hidráulico,2000-12-20,"1760,00",1760,"720,00",Não,"-13,99724167","-45,40265000",,,100% para Diasa Dourado Irrigação e Agricultura S/A - 24.447.021/0001-18 (REG),45 - Corrente e outros - Sao Francisco,Jaborandi - BA
2026-10-01,Santa Luzia,030590,CGH.PH.BA.030590-1.1,BA,CGH,Operação,Hídrica,Potencial hidráulico,Registro,Potencial hidráulico,2011-08-23,"533,60",533,",00",Não,"-13,98493665","-39,47706696",,,100% para CJ 2 PARTICIPAÇÕES LTDA - 08.933.523/0001-00 (REG),52 - Contas,Ibirapitanga - BA
2026-10-01,Pedra do Reino III,030608,EOL.CV.BA.030608-8.1,BA,EOL,Operação,Eólica,Cinética do vento,Autorização,Cinética do vento,2013-06-07,"18000,00",18000,"6800,00",Não,"-9,49858333","-40,87900000",2011-08-03,2046-08-03,100% para EOLICATEC SOBRADINHO S.A. - 12.684.715/0001-90 (PIE),,Sobradinho - BA
2026-10-01,Petrorecôncavo,030630,UTE.GN.BA.030630-4.1,BA,UTE,Operação,Fóssil,Gás natural,Registro,Gás Natural,2011-08-19,"1000,00",1000,",00",Não,"-12,35518694","-38,37629389",,,100% para Petrorecôncavo S.A. - 03.342.704/0001-30 (REG),,Catu - BA
2026-10-01,Avícola Barreiras,030651,UTE.PE.BA.030651-7.1,BA,UTE,Operação,Fóssil,Petróleo,Registro,Óleo Diesel,2011-09-21,"365,00",365,",00",Não,"-12,15283006","-44,99005309",,,100% para Avícola Barreiras Ltda - 34.122.432/0001-97 (REG),,Barreiras - BA
2026-10-01,Complexo de Camaçari,030676,UTE.PE.BA.030676-2.1,BA,UTE,Operação,Fóssil,Petróleo,Registro,Óleo Diesel,2011-11-01,"960,00",960,",00",Não,"-12,69330740","-38,31515078",,,100% para QUIMICA GERAL DO NORDESTE LTDA - 14.727.457/0001-07 (REG),,Camaçari - BA
2026-10-01,São Judas,030725,EOL.CV.BA.030725-4.1,BA,EOL,Operação,Eólica,Cinética do vento,Autorização,Cinética do vento,2017-12-01,"29900,00",29900,"15600,00",Não,"-11,66425000","-41,36200000",2012-02-01,2047-02-01,100% para ENEL GREEN POWER SAO JUDAS EOLICA S/A - 12.851.951/0001-53 (PIE),,Morro do Chapéu - BA
2026-10-01,Primavera,030726,EOL.CV.BA.030726-2.1,BA,EOL,Operação,Eólica,Cinética do vento,Autorização,Cinética do vento,2017-11-10,"29900,00",29900,"16400,00",Não,"-11,73336111","-41,37300000",2012-02-01,2047-02-01,100% para ENEL GREEN POWER PRIMAVERA EOLICA S/A - 12.851.871/0001-06 (PIE),,Morro do Chapéu - BA
2026-10-01,Cristal,030727,EOL.CV.BA.030727-0.1,BA,EOL,Operação,Eólica,Cinética do vento,Autorização,Cinética do vento,2017-11-10,"29900,00",29900,"15700,00",Não,"-11,79646316","-41,39338420",2012-02-01,2047-02-01,100% para ENEL GREEN POWER CRISTAL EOLICA S/A - 12.851.920/0001-00 (PIE),,Cafarnaum - BA
2026-10-01,Pituaçu Solar,030730,UFV.RS.BA.030730-0.1,BA,UFV,Operação,Solar,Radiação solar,Registro,Radiação solar,1900-01-03,"404,80",404,",00",Não,"-12,94583335","-38,41777777",,,100% para SUPERINTENDENCIA DE DESPORTOS DO ESTADO DA BAHIA SUDESB - 13.323.001/0001-19 (REG),,Salvador - BA
2026-10-01,Teiu,030731,EOL.CV.BA.030731-9.1,BA,EOL,Operação,Eólica,Cinética do vento,Autorização,Cinética do vento,2016-02-05,"16650,00",16650,"8200,00",Não,"-14,33813840","-42,59109055",2012-02-06,2047-02-06,100% para CENTRAL EOLICA TEIU S/A - 14.570.839/0001-70 (PIE),,Pindaí - BA
2026-10-01,Angical,030732,EOL.CV.BA.030732-7.1,BA,EOL,Operação,Eólica,Cinética do vento,Autorização,Cinética do vento,2016-02-05,"12950,00",12950,"6000,00",Não,"-14,34605667","-42,61368354",2012-02-06,2047-02-06,100% para CENTRAL EOLICA ANGICAL S/A - 14.570.783/0001-53 (PIE),,Pindaí - BA
2026-10-01,Coqueirinho,030738,EOL.CV.BA.030738-6.1,BA,EOL,Operação,Eólica,Cinética do vento,Autorização,Cinética do vento,2016-02-17,"29600,00",29600,"13500,00",Não,"-14,41988897","-42,62872019",2012-02-13,2047-02-13,100% para CENTRAL EOLICA COQUEIRINHO S/A - 14.570.819/0001-07 (PIE),,Pindaí - BA
2026-10-01,Caititu,030739,EOL.CV.BA.030739-4.1,BA,EOL,Operação,Eólica,Cinética do vento,Autorização,Cinética do vento,2016-02-16,"22200,00",22200,"10500,00",Não,"-14,45280192","-42,64099568",2012-02-13,2047-02-13,100% para CENTRAL EOLICA CAITITU S/A - 14.570.861/0001-10 (PIE),,Pindaí - BA
2026-10-01,Inhambu,030751,EOL.CV.BA.030751-3.1,BA,EOL,Operação,Eólica,Cinética do vento,Autorização,Cinética do vento,2016-02-05,"31450,00",31450,"15500,00",Não,"-14,39117106","-42,59385360",2012-02-23,2047-02-23,100% para CENTRAL EOLICA INHAMBU S/A - 14.572.367/0001-94 (PIE),,Caetité - BA
2026-10-01,Corrupião,030752,EOL.CV.BA.030752-1.1,BA,EOL,Operação,Eólica,Cinética do vento,Autorização,Cinética do vento,2016-02-05,"27750,00",27750,"13700,00",Não,"-14,29269078","-42,58526944",2012-02-23,2047-02-23,100% para CENTRAL EOLICA CORRUPIAO S/A - 14.570.800/0001-52 (PIE),,Pindaí - BA
2026-10-01,Tamanduá Mirim,030753,EOL.CV.BA.030753-0.1,BA,EOL,Operação,Eólica,Cinética do vento,Autorização,Cinética do vento,2016-02-16,"29600,00",29600,"13600,00",Não,"-14,37755200","-42,60938646",2012-02-13,2047-02-13,100% para CENTRAL EOLICA TAMANDUA MIRIM S/A - 14.571.068/0001-35 (PIE),,Pindaí - BA
2026-10-01,Maron,030768,EOL.CV.BA.030768-8.1,BA,EOL,Operação,Eólica,Cinética do vento,Autorização,Cinética do vento,2015-03-04,"30240,00",30240,"12100,00",Não,"-14,13370646","-42,60235759",2012-03-12,2047-03-12,100% para CENTRAIS EOLICAS MARON S.A - 12.041.214/0001-95 (PIE),,Caetité - BA
2026-10-01,Pilões,030776,EOL.CV.BA.030776-9.1,BA,EOL,Operação,Eólica,Cinética do vento,Autorização,Cinética do vento,2015-03-04,"30240,00",30240,"11400,00",Não,"-14,02915106","-42,61607574",2012-03-14,2047-03-14,100% para CENTRAIS EOLICAS PILOES S.A - 11.201.797/0001-01 (PIE),,Caetité - BA
2026-10-01,Dourados,030778,EOL.CV.BA.030778-5.1,BA,EOL,Operação,Eólica,Cinética do vento,Autorização,Cinética do vento,2015-03-04,"28560,00",28560,"10400,00",Não,"-14,15232508","-42,68159246",2012-03-14,2047-03-14,100% para CENTRAIS EOLICAS DOURADOS S.A - 12.041.319/0001-44 (PIE),,Igaporã - BA
2026-10-01,Ametista,030779,EOL.CV.BA.030779-3.1,BA,EOL,Operação,Eólica,Cinética do vento,Autorização,Cinética do vento,2015-03-04,"28560,00",28560,"10300,00",Não,"-14,17203284","-42,70022351",2012-03-15,2047-03-15,100% para CENTRAIS EOLICAS AMETISTA S.A - 11.201.885/0001-03 (PIE),,Caetité - BA
2026-10-01,Caetité,030792,EOL.CV.BA.030792-0.1,BA,EOL,Operação,Eólica,Cinética do vento,Autorização,Cinética do vento,2016-01-01,"30240,00",30240,"16600,00",Não,"-14,46886215","-42,58355855",2012-03-23,2047-03-23,100% para CENTRAIS EOLICAS CAETITE S.A - 11.201.767/0001-03 (PIE),,Caetité - BA
2026-10-01,Pelourinho,030793,EOL.CV.BA.030793-9.1,BA,EOL,Operação,Eólica,Cinética do vento,Autorização,Cinética do vento,2016-01-01,"21840,00",21840,"12400,00",Não,"-14,52923503","-42,58673115",2012-03-23,2047-03-23,100% para CENTRAIS EOLICAS PELOURINHO S.A - 12.048.031/0001-00 (PIE),,Igaporã - BA
2026-10-01,Joana,030801,EOL.CV.BA.030801-3.1,BA,EOL,Operação,Eólica,Cinética do vento,Autorização,Cinética do vento,2014-09-26,"28200,00",28200,"13500,00",Não,"-13,91798451","-42,62044581",2012-03-26,2047-03-26,100% para ENEL GREEN POWER JOANA EOLICA S.A. - 14.423.010/0001-44 (PIE),,Igaporã - BA
2026-10-01,Serra do Espinhaço,030802,EOL.CV.BA.030802-1.1,BA,EOL,Operação,Eólica,Cinética do vento,Autorização,Cinética do vento,2016-01-01,"18480,00",18480,"10600,00",Não,"-14,49572374","-42,58285958",2012-03-26,2047-03-26,100% para CENTRAIS EOLICAS SERRA DO ESPINHACO S.A - 12.049.958/0001-56 (PIE),,Caetité - BA
2026-10-01,Espigão,030803,EOL.CV.BA.030803-0.1,BA,EOL,Operação,Eólica,Cinética do vento,Autorização,Cinética do vento,2016-01-01,"10080,00",10080,"5800,00",Não,"-14,47696269","-42,58525150",2012-03-26,2047-03-26,100% para CENTRAIS EOLICAS ESPIGAO S.A - 11.197.321/0001-44 (PIE),,Igaporã - BA
2026-10-01,Emiliana,030807,EOL.CV.BA.030807-2.1,BA,EOL,Operação,Eólica,Cinética do vento,Autorização,Cinética do vento,2014-10-09,"28200,00",28200,"14200,00",Não,"-13,91002361","-42,62417205",2012-03-26,2047-03-26,100% para ENEL GREEN POWER EMILIANA EOLICA S.A. - 14.422.996/0001-38 (PIE),,Igaporã - BA
2026-10-01,Borgo,030837,EOL.CV.BA.030837-4.1,BA,EOL,Operação,Eólica,Cinética do vento,Autorização,Cinética do vento,2016-01-01,"20160,00",20160,",00",Não,"-14,50840054","-42,58665108",2012-04-16,2047-04-16,100% para CENTRAIS EOLICAS BORGO S.A - 12.041.341/0001-94 (PIE),,Caetité - BA
2026-10-01,Ventos de Campo Formoso I,030943,EOL.CV.BA.030943-5.1,BA,EOL,Operação,Eólica,Cinética do vento,Autorização,Cinética do vento,2016-01-23,"30000,00",30000,"16900,00",Não,"-10,62770186","-40,68553526",2012-09-13,2047-09-13,100% para CAMPO FORMOSO I ENERGIAS RENOVAVEIS S.A. - 17.613.280/0001-06 (PIE),,Campo Formoso - BA
2026-10-01,Ventos da Andorinha,030944,EOL.CV.BA.030944-3.1,BA,EOL,Operação,Eólica,Cinética do vento,Autorização,Cinética do vento,2015-11-14,"30000,00",30000,"17900,00",Não,"-10,58327700","-40,63744738",2012-09-13,2047-09-13,100% para ANDORINHA ENERGIAS RENOVAVEIS S.A. - 17.613.512/0001-26 (PIE),,Campo Formoso - BA
2026-10-01,Ventos de Morrinhos,030945,EOL.CV.BA.030945-1.1,BA,EOL,Operação,Eólica,Cinética do vento,Autorização,Cinética do vento,2015-11-14,"30000,00",30000,"17100,00",Não,"-10,56956163","-40,62858262",2012-09-13,2047-09-13,100% para MORRINHOS ENERGIAS RENOVAVEIS S.A. - 17.613.286/0001-83 (PIE),,Campo Formoso - BA
2026-10-01,Ventos do Sertão,030946,EOL.CV.BA.030946-0.1,BA,EOL,Operação,Eólica,Cinética do vento,Autorização,Cinética do vento,2016-01-01,"30000,00",30000,"14800,00",Não,"-10,55667941","-40,56867640",2012-09-13,2047-09-13,100% para SERTAO ENERGIAS RENOVAVEIS S.A. - 17.613.432/0001-70 (PIE),,Campo Formoso - BA
2026-10-01,Caetité 1,030976,EOL.CV.BA.030976-1.1,BA,EOL,Operação,Eólica,Cinética do vento,Autorização,Cinética do vento,2014-10-03,"30000,00",30000,",00",Não,"-14,16321686","-42,48449020",2012-10-29,2042-10-29,100% para CAETITE 1 ENERGIA RENOVAVEL S/A - 12.158.428/0001-46 (PIE),,Caetité - BA
2026-10-01,ERB Candeias,030979,UTE.FL.BA.030979-6.1,BA,UTE,Operação,Biomassa,Floresta,Autorização,Resíduos Florestais,2014-10-31,"16790,00",16790,"14900,00",Não,"-12,76746359","-38,48150825",2012-11-06,2042-11-06,100% para ERB ARATINGA S.A - 12.901.925/0001-92 (PIE),,Candeias - BA
2026-10-01,Ventos de Campo Formoso II,031010,EOL.CV.BA.031010-7.1,BA,EOL,Operação,Eólica,Cinética do vento,Autorização,Cinética do vento,2015-12-08,"30000,00",30000,"17800,00",Não,"-10,51956005","-40,61138421",2012-09-06,2047-09-06,100% para CAMPO FORMOSO II ENERGIAS RENOVAVEIS S. A. - 17.613.629/0001-00 (PIE),,Campo Formoso - BA
2026-10-01,Petromassa,031014,UTE.PE.BA.031014-0.1,BA,UTE,Operação,Fóssil,Petróleo,Registro,Óleo Diesel,2013-01-12,"265,00",265,",00",Não,"-12,22928389","-38,96003305",,,100% para PETROMASA EMPREENDIMENTOS LTDA - 14.337.638/0001-27 (REG),,Santana - BA
2026-10-01,São Salvador,031120,EOL.CV.BA.031120-0.1,BA,EOL,Operação,Eólica,Cinética do vento,Autorização,Cinética do vento,2022-05-18,"18900,00",18900,"11300,00",Não,"-13,83791923","-42,64863784",2013-05-23,2048-05-23,100% para CENTRAIS EOLICAS SAO SALVADOR S.A - 11.197.380/0001-12 (PIE),,Riacho de Santana - BA
2026-10-01,Dois Riachos,031121,EOL.CV.BA.031121-9.1,BA,EOL,Operação,Eólica,Cinética do vento,Autorização,Cinética do vento,2015-11-14,"30000,00",30000,"18400,00",Não,"-11,82245678","-41,45906226",2013-05-27,2048-05-27,100% para ENEL GREEN POWER DOIS RIACHOS EOLICA S.A. - 17.018.370/0001-59 (PIE),,Cafarnaum - BA
2026-10-01,Hiper Bompreço Rotula,031171,UTE.PE.BA.031171-5.1,BA,UTE,Operação,Fóssil,Petróleo,Registro,Óleo Diesel,2010-11-20,"1230,00",1230,",00",Não,"-12,86941966","-38,50519455",,,100% para Bom Preço Bahia Supermercado Ltda - 97.422.620/0001-50 (REG),,Salvador - BA
2026-10-01,Sol Moradas Salitre e Rodeadouro,031285,UFV.RS.BA.031285-1.1,BA,UFV,Operação,Solar,Radiação solar,Registro,Radiação solar,2014-02-12,"2103,00",2103,",00",Não,"-9,54450000","-40,27311000",,,100% para BRASIL SOLAIR ENERGIAS RENOVAVEIS  COMERCIO E INDUSTRIA S/A - 11.041.759/0001-39 (REG),,Juazeiro - BA
2026-10-01,Baraúnas I,031335,EOL.CV.BA.031335-1.1,BA,EOL,Operação,Eólica,Cinética do vento,Autorização,Cinética do vento,2015-11-20,"32900,00",32900,"12400,00",Não,"-9,88679375","-41,12033083",2014-02-13,2049-02-13,100% para Baraúnas I Energética S.A - 19.354.626/0001-24 (PIE),,Sento Sé - BA
2026-10-01,Morro Branco I,031336,EOL.CV.BA.031336-0.1,BA,EOL,Operação,Eólica,Cinética do vento,Autorização,Cinética do vento,2015-11-04,"32900,00",32900,"12700,00",Não,"-9,84970469","-41,05651947",2014-02-13,2049-02-13,100% para Morro Branco I Energética S.A - 19.353.878/0001-39 (PIE),,Sento Sé - BA
2026-10-01,Maniçoba,031337,EOL.CV.BA.031337-8.1,BA,EOL,Operação,Eólica,Cinética do vento,Autorização,Cinética do vento,2017-12-06,"30000,00",30000,"16100,00",Não,"-11,89343089","-41,45833065",2014-02-13,2049-02-13,100% para ENEL GREEN POWER MANICOBA EOLICA S.A. - 19.011.479/0001-90 (PIE),,Sento Sé - BA
2026-10-01,Damascena,031338,EOL.CV.BA.031338-6.1,BA,EOL,Operação,Eólica,Cinética do vento,Autorização,Cinética do vento,2016-04-30,"30000,00",30000,"16700,00",Não,"-11,85671845","-41,47422172",2014-02-13,2049-02-13,100% para ENEL GREEN POWER DAMASCENA EOLICA S.A. - 19.046.080/0001-44 (PIE),,Cafarnaum - BA
2026-10-01,Assuruá V,031341,EOL.CV.BA.031341-6.1,BA,EOL,Operação,Eólica,Cinética do vento,Autorização,Cinética do vento,2016-04-07,"20000,00",20000,"10100,00",Não,"-11,18410667","-42,70531252",2014-02-18,2049-02-18,100% para ASSURUA 1 I ENERGIA S.A. - 19.246.831/0001-76 (PIE),,Gentio do Ouro - BA
2026-10-01,Caetité B,031342,EOL.CV.BA.031342-4.1,BA,EOL,Operação,Eólica,Cinética do vento,Autorização,Cinética do vento,2015-09-09,"22100,00",22100,"10900,00",Não,"-14,11463412","-42,47494888",2014-02-18,2049-02-18,100% para EOLICA CAETITE B S.A. - 19.235.607/0001-89 (PIE),,Caetité - BA
2026-10-01,Assuruá II,031343,EOL.CV.BA.031343-2.1,BA,EOL,Operação,Eólica,Cinética do vento,Autorização,Cinética do vento,2016-04-05,"30000,00",30000,"14600,00",Não,"-11,16379470","-42,67064896",2014-02-18,2049-02-18,100% para ASSURUA 1 II ENERGIA S.A. - 19.246.799/0001-29 (PIE),,Gentio do Ouro - BA
2026-10-01,Caetité A,031344,EOL.CV.BA.031344-0.1,BA,EOL,Operação,Eólica,Cinética do vento,Autorização,Cinética do vento,2015-09-09,"23800,00",23800,"12100,00",Não,"-14,14148093","-42,47826736",2014-02-18,2049-02-18,100% para EOLICA CAETITE A S.A. - 19.233.858/0001-24 (PIE),,Caetité - BA
2026-10-01,Mussambê,031352,EOL.CV.BA.031352-1.1,BA,EOL,Operação,Eólica,Cinética do vento,Autorização,Cinética do vento,2015-10-14,"32900,00",32900,"11500,00",Não,"-9,86276380","-41,08341680",2014-02-24,2049-02-24,100% para Mussambê Energética S.A - 19.353.849/0001-77 (PIE),,Sento Sé - BA
2026-10-01,Esperança,031355,EOL.CV.BA.031355-6.1,BA,EOL,Operação,Eólica,Cinética do vento,Autorização,Cinética do vento,2017-12-21,"28000,00",28000,"14700,00",Não,"-11,86161996","-41,41614405",2014-02-24,2049-02-24,100% para ENEL GREEN POWER ESPERANCA EOLICA S.A. - 19.011.517/0001-04 (PIE),,Bonito - BA
2026-10-01,Assuruá VII,031356,EOL.CV.BA.031356-4.1,BA,EOL,Operação,Eólica,Cinética do vento,Autorização,Cinética do vento,2016-04-05,"18000,00",18000,"8900,00",Não,"-11,07103885","-42,67881450",2014-02-24,2049-02-24,100% para ASSURUA 1 III ENERGIA S.A. - 19.246.849/0001-78 (PIE),,Gentio do Ouro - BA
2026-10-01,Abil,031402,EOL.CV.BA.031402-1.1,BA,EOL,Operação,Eólica,Cinética do vento,Autorização,Cinética do vento,2022-02-10,"23700,00",23700,"11000,00",Não,"-14,27782253","-42,54345862",2014-03-20,2049-03-20,100% para CENTRAIS EOLICAS ABIL S.A. - 18.911.031/0001-60 (PIE),,Caetité - BA
2026-10-01,Tabua,031403,EOL.CV.BA.031403-0.1,BA,EOL,Operação,Eólica,Cinética do vento,Autorização,Cinética do vento,2022-02-10,"15000,00",15000,"7400,00",Não,"-14,31591160","-42,57214019",2014-03-20,2049-03-20,100% para CENTRAIS EOLICAS TABUA S.A. - 18.870.007/0001-20 (PIE),,Caetité - BA
2026-10-01,Angico,031404,EOL.CV.BA.031404-8.1,BA,EOL,Operação,Eólica,Cinética do vento,Autorização,Cinética do vento,2022-05-24,"8100,00",8100,"3900,00",Não,"-13,89479471","-42,70269754",2014-03-20,2049-03-20,100% para CENTRAIS EOLICAS ANGICO S.A. - 18.870.073/0001-08 (PIE),,Igaporã - BA
2026-10-01,Jabuticaba,031405,EOL.CV.BA.031405-6.1,BA,EOL,Operação,Eólica,Cinética do vento,Autorização,Cinética do vento,2022-02-10,"9000,00",9000,"4500,00",Não,"-14,32569297","-42,57185217",2014-03-20,2049-03-20,100% para CENTRAIS EOLICAS JABUTICABA S.A. - 18.870.194/0001-41 (PIE),,Caetité - BA
2026-10-01,Taboquinha,031406,EOL.CV.BA.031406-4.1,BA,EOL,Operação,Eólica,Cinética do vento,Autorização,Cinética do vento,2022-06-08,"21600,00",21600,"10100,00",Não,"-13,90772152","-42,70502063",2014-03-20,2049-03-20,100% para CENTRAIS EOLICAS TABOQUINHA S.A. - 18.870.116/0001-47 (PIE),,Igaporã - BA
2026-10-01,Folha de Serra,031407,EOL.CV.BA.031407-2.1,BA,EOL,Operação,Eólica,Cinética do vento,Autorização,Cinética do vento,2022-02-02,"21000,00",21000,"9700,00",Não,"-14,54996203","-42,58064365",2014-03-20,2049-03-20,100% para CENTRAIS EOLICAS FOLHA DA SERRA S.A - 18.910.740/0001-20 (PIE),,Caetité - BA
2026-10-01,Jacarandá do Cerrado,031408,EOL.CV.BA.031408-0.1,BA,EOL,Operação,Eólica,Cinética do vento,Autorização,Cinética do vento,2022-02-02,"21000,00",21000,"9500,00",Não,"-14,55618120","-42,58204778",2014-03-20,2049-03-20,100% para CENTRAIS EOLICAS JACARANDA DO SERRADO S.A. - 18.870.265/0001-06 (PIE),,Licínio de Almeida - BA
2026-10-01,Acácia,031418,EOL.CV.BA.031418-8.1,BA,EOL,Operação,Eólica,Cinética do vento,Autorização,Cinética do vento,2022-05-18,"16200,00",16200,"6900,00",Não,"-13,91558567","-42,69778192",2014-03-25,2049-03-25,100% para CENTRAIS EOLICAS ACACIA S.A - 18.919.425/0001-64 (PIE),,Igaporã - BA
2026-10-01,Vaqueta,031424,EOL.CV.BA.031424-2.1,BA,EOL,Operação,Eólica,Cinética do vento,Autorização,Cinética do vento,2022-02-10,"23400,00",23400,"10700,00",Não,"-14,25956065","-42,55432040",2014-03-31,2049-03-31,100% para CENTRAIS EOLICAS VAQUETA S.A. - 18.684.356/0001-57 (PIE),,Caetité - BA
2026-10-01,Teiú 2,031431,EOL.CV.BA.031431-5.1,BA,EOL,Operação,Eólica,Cinética do vento,Autorização,Cinética do vento,2019-11-20,"8000,00",8000,"4200,00",Não,"-14,44520868","-42,69171929",2014-04-11,2049-04-11,100% para AXIA ENERGIA NORDESTE S.A. - 33.541.368/0001-16 (PIE),,Pindaí - BA
2026-10-01,Caititu 2,031432,EOL.CV.BA.031432-3.1,BA,EOL,Operação,Eólica,Cinética do vento,Autorização,Cinética do vento,2020-01-28,"10000,00",10000,"5100,00",Não,"-14,33182168","-42,61280189",2014-04-11,2049-04-11,100% para AXIA ENERGIA NORDESTE S.A. - 33.541.368/0001-16 (PIE),,Pindaí - BA
2026-10-01,Acauã,031433,EOL.CV.BA.031433-1.1,BA,EOL,Operação,Eólica,Cinética do vento,Autorização,Cinética do vento,2019-11-13,"6000,00",6000,"3100,00",Não,"-14,41277563","-42,65994184",2014-04-11,2049-04-11,100% para AXIA ENERGIA NORDESTE S.A. - 33.541.368/0001-16 (PIE),,Pindaí - BA
2026-10-01,Arapapá,031434,EOL.CV.BA.031434-0.1,BA,EOL,Operação,Eólica,Cinética do vento,Autorização,Cinética do vento,2019-11-21,"4000,00",4000,"2200,00",Não,"-14,43188347","-42,69189380",2014-04-11,2049-04-11,100% para AXIA ENERGIA NORDESTE S.A. - 33.541.368/0001-16 (PIE),,Pindaí - BA
2026-10-01,Angical 2,031435,EOL.CV.BA.031435-8.1,BA,EOL,Operação,Eólica,Cinética do vento,Autorização,Cinética do vento,2019-09-17,"10000,00",10000,"5100,00",Não,"-14,41903828","-42,64192930",2014-04-11,2049-04-11,100% para AXIA ENERGIA NORDESTE S.A. - 33.541.368/0001-16 (PIE),,Pindaí - BA
2026-10-01,Carcará,031447,EOL.CV.BA.031447-1.1,BA,EOL,Operação,Eólica,Cinética do vento,Autorização,Cinética do vento,2020-02-14,"10000,00",10000,"4600,00",Não,"-14,28355941","-42,59324515",2014-04-22,2049-04-22,100% para AXIA ENERGIA NORDESTE S.A. - 33.541.368/0001-16 (PIE),,Pindaí - BA
2026-10-01,Corrupião 3,031458,EOL.CV.BA.031458-7.1,BA,EOL,Operação,Eólica,Cinética do vento,Autorização,Cinética do vento,2020-02-13,"10000,00",10000,"4200,00",Não,"-14,27017056","-42,57548998",2014-04-29,2049-04-29,100% para AXIA ENERGIA NORDESTE S.A. - 33.541.368/0001-16 (PIE),,Pindaí - BA
2026-10-01,Caititu 3,031459,EOL.CV.BA.031459-5.1,BA,EOL,Operação,Eólica,Cinética do vento,Autorização,Cinética do vento,2020-01-29,"10000,00",10000,"4700,00",Não,"-14,32017749","-42,61027503",2014-04-29,2049-04-29,100% para AXIA ENERGIA NORDESTE S.A. - 33.541.368/0001-16 (PIE),,Pindaí - BA
2026-10-01,MK Eletrodomésticos,031502,UTE.PE.BA.031502-8.1,BA,UTE,Operação,Fóssil,Petróleo,Registro,Óleo Diesel,2014-04-10,"720,00",720,",00",Não,"-12,31666666","-38,76666666",,,100% para MK ELETRODOMESTICOS MONDIAL S.A. - 07.666.567/0001-40 (REG),,Conceição do Jacuípe - BA
2026-10-01,Aspebras Bahia,031505,UTE.PE.BA.031505-2.1,BA,UTE,Operação,Fóssil,Petróleo,Registro,Óleo Diesel,2013-02-04,"1640,00",1640,",00",Não,"-12,78704652","-38,40328509",,,100% para ASPERBRAS BAHIA LTDA - 03.685.549/0001-55 (REG),,Simões Filho - BA
2026-10-01,Papagaio,031511,EOL.CV.BA.031511-7.1,BA,EOL,Operação,Eólica,Cinética do vento,Autorização,Cinética do vento,2019-10-04,"10000,00",10000,"4900,00",Não,"-14,48147697","-42,64087206",2014-05-26,2049-05-26,100% para AXIA ENERGIA NORDESTE S.A. - 33.541.368/0001-16 (PIE),,Pindaí - BA
2026-10-01,Coqueirinho 2,031518,EOL.CV.BA.031518-4.1,BA,EOL,Operação,Eólica,Cinética do vento,Autorização,Cinética do vento,2019-09-19,"16000,00",16000,"7400,00",Não,"-14,50305809","-42,65136408",2014-05-27,2049-05-27,100% para AXIA ENERGIA NORDESTE S.A. - 33.541.368/0001-16 (PIE),,Pindaí - BA
2026-10-01,Casa Nova II,031519,EOL.CV.BA.031519-2.1,BA,EOL,Operação,Eólica,Cinética do vento,Autorização,Cinética do vento,2017-12-09,"32900,00",32900,"8900,00",Não,"-9,27055058","-41,05009439",2014-05-27,2049-05-27,100% para AXIA ENERGIA NORDESTE S.A. - 33.541.368/0001-16 (PIE),,Casa Nova - BA
2026-10-01,Caetité C,031523,EOL.CV.BA.031523-0.1,BA,EOL,Operação,Eólica,Cinética do vento,Autorização,Cinética do vento,2015-09-09,"8500,00",8500,"4300,00",Não,"-14,10820737","-42,47461065",2014-05-29,2049-05-29,100% para EOLICA CAETITE C S.A. - 19.560.109/0001-01 (PIE),,Caetité - BA
2026-10-01,Casa Nova III,031524,EOL.CV.BA.031524-9.1,BA,EOL,Operação,Eólica,Cinética do vento,Autorização,Cinética do vento,2018-02-28,"28200,00",28200,"9400,00",Não,"-9,31480205","-41,11748472",2014-05-29,2049-05-29,100% para AXIA ENERGIA NORDESTE S.A. - 33.541.368/0001-16 (PIE),,Casa Nova - BA
2026-10-01,Bomplastil,031545,UTE.PE.BA.031545-1.1,BA,UTE,Operação,Fóssil,Petróleo,Registro,Óleo Diesel,2012-08-30,"560,00",560,",00",Não,"-12,90755402","-38,46167397",,,100% para Bomplastil Embalagens Ltda - 42.062.901/0001-58 (REG),,Salvador - BA
2026-10-01,Ventos de Guarás I,031563,EOL.CV.BA.031563-0.1,BA,EOL,Operação,Eólica,Cinética do vento,Autorização,Cinética do vento,2016-04-26,"30000,00",30000,"17000,00",Não,"-10,60609650","-40,65449747",2014-06-05,2049-06-05,100% para VENTOS DOS GUARAS I ENERGIAS RENOVAVEIS S.A. - 13.344.343/0001-15 (PIE),,Campo Formoso - BA
2026-10-01,Tamanduá Mirim 2,031606,EOL.CV.BA.031606-7.1,BA,EOL,Operação,Eólica,Cinética do vento,Autorização,Cinética do vento,2019-11-14,"16000,00",16000,"7400,00",Não,"-14,47095341","-42,66552734",2014-06-25,2049-06-25,100% para AXIA ENERGIA NORDESTE S.A. - 33.541.368/0001-16 (PIE),,Pindaí - BA
2026-10-01,Banda de Couro,031607,EOL.CV.BA.031607-5.1,BA,EOL,Operação,Eólica,Cinética do vento,Autorização,Cinética do vento,2016-03-11,"32900,00",32900,"12800,00",Não,"-9,84775015","-41,05389145",2014-06-25,2049-06-25,100% para BANDA DE COURO ENERGÉTICA S/A - 19.905.727/0001-46 (PIE),,Sento Sé - BA
2026-10-01,Baraúnas II,031667,EOL.CV.BA.031667-9.1,BA,EOL,Operação,Eólica,Cinética do vento,Autorização,Cinética do vento,2016-03-11,"25850,00",25850,"10700,00",Não,"-9,87174698","-41,06310981",2014-07-18,2049-07-18,100% para Baraúnas II Energética S.A - 19.905.679/0001-96 (PIE),,Sento Sé - BA
2026-10-01,Umburanas 5,031737,EOL.CV.BA.031737-3.1,BA,EOL,Operação,Eólica,Cinética do vento,Autorização,Cinética do vento,2019-03-30,"17500,00",17500,"10500,00",Não,"-10,66499208","-41,60451759",2014-08-04,2049-08-04,100% para EOLICA UMBURANAS 5 S.A. - 20.168.051/0001-34 (PIE),,Sento Sé - BA
2026-10-01,Umburanas 1,031738,EOL.CV.BA.031738-1.1,BA,EOL,Operação,Eólica,Cinética do vento,Autorização,Cinética do vento,2019-04-24,"25000,00",25000,"16200,00",Não,"-10,67947732","-41,52063070",2014-08-04,2049-08-04,100% para EOLICA UMBURANAS 1 S.A. - 20.168.187/0001-44 (PIE),,Sento Sé - BA
2026-10-01,Umburanas 2,031740,EOL.CV.BA.031740-3.1,BA,EOL,Operação,Eólica,Cinética do vento,Autorização,Cinética do vento,2019-04-06,"25000,00",25000,"16600,00",Não,"-10,66991637","-41,50950699",2014-08-06,2049-08-06,100% para EOLICA UMBURANAS 2 S.A. - 20.168.242/0001-04 (PIE),,Sento Sé - BA
2026-10-01,Umburanas 3,031741,EOL.CV.BA.031741-1.1,BA,EOL,Operação,Eólica,Cinética do vento,Autorização,Cinética do vento,2019-04-10,"20000,00",20000,"11100,00",Não,"-10,64024826","-41,50758317",2014-08-06,2049-08-06,100% para EOLICA UMBURANAS 3 S.A. - 20.168.215/0001-23 (PIE),,Sento Sé - BA
2026-10-01,Umburanas 10,031742,EOL.CV.BA.031742-0.1,BA,EOL,Operação,Eólica,Cinética do vento,Autorização,Cinética do vento,2019-03-19,"20000,00",20000,"11900,00",Não,"-10,64988254","-41,59608593",2014-08-06,2049-08-06,100% para EOLICA UMBURANAS 10 S.A. - 20.168.229/0001-47 (PIE),,Sento Sé - BA
2026-10-01,Umburanas 9,031743,EOL.CV.BA.031743-8.1,BA,EOL,Operação,Eólica,Cinética do vento,Autorização,Cinética do vento,2019-03-13,"17500,00",17500,"10100,00",Não,"-10,63864428","-41,61434102",2014-08-06,2049-08-06,100% para EOLICA UMBURANAS 9 S.A. - 20.168.824/0001-82 (PIE),,Sento Sé - BA
2026-10-01,Umburanas 11,031744,EOL.CV.BA.031744-6.1,BA,EOL,Operação,Eólica,Cinética do vento,Autorização,Cinética do vento,2019-02-21,"15000,00",15000,"8200,00",Não,"-10,58632327","-41,49018325",2014-08-11,2049-08-11,100% para EOLICA UMBURANAS 11 S.A. - 20.168.074/0001-49 (PIE),,Sento Sé - BA
2026-10-01,Umburanas 13,031752,EOL.CV.BA.031752-7.1,BA,EOL,Operação,Eólica,Cinética do vento,Autorização,Cinética do vento,2019-03-08,"20000,00",20000,"10900,00",Não,"-10,64692468","-41,56466585",2014-08-25,2049-08-25,100% para EOLICA UMBURANAS 13 S.A. - 20.168.462/0001-20 (PIE),,Sento Sé - BA
2026-10-01,Umburanas 15,031754,EOL.CV.BA.031754-3.1,BA,EOL,Operação,Eólica,Cinética do vento,Autorização,Cinética do vento,2019-04-06,"20000,00",20000,"11300,00",Não,"-10,65281868","-41,49725368",2014-08-25,2049-08-25,100% para EOLICA UMBURANAS 15 S.A. - 20.168.124/0001-98 (PIE),,Sento Sé - BA
2026-10-01,Umburanas 16,031755,EOL.CV.BA.031755-1.1,BA,EOL,Operação,Eólica,Cinética do vento,Autorização,Cinética do vento,2019-02-06,"25000,00",25000,"16100,00",Não,"-10,69414809","-41,56871623",2014-08-25,2049-08-25,100% para EOLICA UMBURANAS 16 S.A. - 20.168.152/0001-05 (PIE),,Sento Sé - BA
2026-10-01,Umburanas 18,031756,EOL.CV.BA.031756-0.1,BA,EOL,Operação,Eólica,Cinética do vento,Autorização,Cinética do vento,2019-03-15,"7500,00",7500,"4800,00",Não,"-10,65027094","-41,58736582",2014-08-25,2049-08-25,100% para EOLICA UMBURANAS 18 S.A. - 20.168.194/0001-46 (PIE),,Sento Sé - BA
2026-10-01,Ventos da Bahia II,031758,EOL.CV.BA.031758-6.1,BA,EOL,Operação,Eólica,Cinética do vento,Autorização,Cinética do vento,2017-09-21,"27000,00",27000,"14000,00",Não,"-12,01558277","-41,44626231",2014-08-26,2049-08-26,100% para VENTOS DA BAHIA F1 I ENERGIA S.A. - 20.081.333/0001-08 (PIE),,Mulungu do Morro - BA
2026-10-01,Ventos da Bahia IV,031770,EOL.CV.BA.031770-5.1,BA,EOL,Operação,Eólica,Cinética do vento,Autorização,Cinética do vento,2017-09-21,"12000,00",12000,"6000,00",Não,"-11,98432480","-41,44454854",2014-09-10,2049-09-10,100% para VENTOS DA BAHIA F1 III ENERGIA S.A. - 20.081.762/0001-77 (PIE),,Bonito - BA
2026-10-01,Ventos da Bahia VIII,031771,EOL.CV.BA.031771-3.1,BA,EOL,Operação,Eólica,Cinética do vento,Autorização,Cinética do vento,2017-09-21,"27000,00",27000,"13700,00",Não,"-12,03242556","-41,45653965",2014-09-10,2049-09-10,100% para VENTOS DA BAHIA F1 II ENERGIA S.A. - 20.088.432/0001-03 (PIE),,Mulungu do Morro - BA
2026-10-01,Umburanas 6,031796,EOL.CV.BA.031796-9.1,BA,EOL,Operação,Eólica,Cinética do vento,Autorização,Cinética do vento,2019-03-21,"20000,00",20000,"13300,00",Não,"-10,67344736","-41,60474488",2014-08-13,2049-08-13,100% para EOLICA UMBURANAS 6 S.A. - 20.168.283/0001-92 (PIE),,Sento Sé - BA
2026-10-01,Umburanas 8,031832,EOL.CV.BA.031832-9.1,BA,EOL,Operação,Eólica,Cinética do vento,Autorização,Cinética do vento,2019-02-06,"25000,00",25000,"15400,00",Não,"-10,69772228","-41,58232239",2014-10-13,2049-10-13,100% para EOLICA UMBURANAS 8 S.A. - 20.168.405/0001-40 (PIE),,Sento Sé - BA
2026-10-01,Sol do Sertão XXXV,032049,UFV.RS.BA.032049-8.1,BA,UFV,Operação,Solar,Radiação solar,Autorização,Radiação solar,2021-08-21,"27213,11",27213,"8700,00",Não,"-12,32529722","-42,62414167",2019-07-29,2054-07-29,100% para SOL DO SERTAO OB III ENERGIA SOLAR S.A - 31.512.705/0001-11 (PIE),,Oliveira dos Brejinhos - BA
2026-10-01,Sol do Sertão XII,032050,UFV.RS.BA.032050-1.1,BA,UFV,Operação,Solar,Radiação solar,Autorização,Radiação solar,2021-10-16,"54426,22",54426,"17500,00",Não,"-12,31173611","-42,61910278",2019-07-29,2054-07-29,100% para SOL DO SERTAO OB II ENERGIA SOLAR S.A - 31.534.389/0001-89 (PIE),,Oliveira dos Brejinhos - BA
2026-10-01,Sol do Sertão XIII,032052,UFV.RS.BA.032052-8.1,BA,UFV,Operação,Solar,Radiação solar,Autorização,Radiação solar,2021-08-21,"74836,06",74836,"24100,00",Não,"-12,32500833","-42,62808333",2019-07-29,2054-07-29,100% para SOL DO SERTAO OB III ENERGIA SOLAR S.A - 31.512.705/0001-11 (PIE),,Oliveira dos Brejinhos - BA
2026-10-01,Terra do Sol VII,032053,UFV.RS.BA.032053-6.1,BA,UFV,Operação,Solar,Radiação solar,Autorização,Radiação solar,2021-10-19,"54426,22",54426,"17500,00",Não,"-12,31478612","-42,61841389",2019-07-29,2054-07-29,100% para SOL DO SERTÃO OB I ENERGIA SOLAR LTDA - 31.533.486/0001-57 (PIE),,Oliveira dos Brejinhos - BA
2026-10-01,Terra do Sol XI,032059,UFV.RS.BA.032059-5.1,BA,UFV,Operação,Solar,Radiação solar,Autorização,Radiação solar,2021-08-21,"47622,95",47622,"15300,00",Não,"-12,31738611","-42,60540833",2019-07-29,2054-07-29,100% para SOL DO SERTÃO OB I ENERGIA SOLAR LTDA - 31.533.486/0001-57 (PIE),,Oliveira dos Brejinhos - BA
2026-10-01,Sol do Sertão XIV,032065,UFV.RS.BA.032065-0.1,BA,UFV,Operação,Solar,Radiação solar,Autorização,Radiação solar,2021-10-19,"20409,83",20409,"6600,00",Não,"-12,32802222","-42,63796111",2019-07-29,2054-07-29,100% para SOL DO SERTAO OB III ENERGIA SOLAR S.A - 31.512.705/0001-11 (PIE),,Oliveira dos Brejinhos - BA
2026-10-01,Sol do Sertão VIII,032066,UFV.RS.BA.032066-8.1,BA,UFV,Operação,Solar,Radiação solar,Autorização,Radiação solar,2021-09-01,"95245,89",95245,"30700,00",Não,"-12,31885000","-42,62378611",2019-07-29,2054-07-29,100% para SOL DO SERTAO OB II ENERGIA SOLAR S.A - 31.534.389/0001-89 (PIE),,Oliveira dos Brejinhos - BA
2026-10-01,Sol do Sertão XXXVI,032067,UFV.RS.BA.032067-6.1,BA,UFV,Operação,Solar,Radiação solar,Autorização,Radiação solar,2021-08-21,"40819,67",40819,"13100,00",Não,"-12,32483056","-42,61340833",2019-07-29,2054-07-29,100% para SOL DO SERTÃO OB I ENERGIA SOLAR LTDA - 31.533.486/0001-57 (PIE),,Oliveira dos Brejinhos - BA
2026-10-01,Cristalândia I,032081,EOL.CV.BA.032081-1.1,BA,EOL,Operação,Eólica,Cinética do vento,Autorização,Cinética do vento,2017-09-01,"30000,00",30000,"14100,00",Não,"-13,93122764","-41,56086632",2015-09-16,2050-06-19,100% para CRISTALANDIA I EOLICA S.A. - 22.499.471/0001-29 (PIE),,"Brumado - BA, Dom Basílio - BA"
2026-10-01,Cristalândia II,032082,EOL.CV.BA.032082-0.1,BA,EOL,Operação,Eólica,Cinética do vento,Autorização,Cinética do vento,2017-09-01,"30000,00",30000,"14400,00",Não,"-13,97013345","-41,55017895",2015-10-21,2050-10-21,100% para CRISTALANDIA II EOLICA S.A. - 23.049.225/0001-38 (PIE),,Brumado - BA
2026-10-01,Cristalândia III,032083,EOL.CV.BA.032083-8.1,BA,EOL,Operação,Eólica,Cinética do vento,Autorização,Cinética do vento,2017-09-01,"30000,00",30000,"13900,00",Não,"-14,00950837","-41,53327685",2015-10-21,2050-10-21,100% para CRISTALANDIA II EOLICA S.A. - 23.049.225/0001-38 (PIE),,Brumado - BA
2026-10-01,Amescla,032090,EOL.CV.BA.032090-0.1,BA,EOL,Operação,Eólica,Cinética do vento,Autorização,Cinética do vento,2022-11-01,"13500,00",13500,"6000,00",Não,"-13,83506285","-42,70377690",2015-03-26,2050-03-26,100% para CENTRAIS EOLICAS AMESCLA S.A. - 19.502.635/0001-15 (PIE),,Igaporã - BA
2026-10-01,Angelim,032091,EOL.CV.BA.032091-9.1,BA,EOL,Operação,Eólica,Cinética do vento,Autorização,Cinética do vento,2022-08-05,"21600,00",21600,"10400,00",Não,"-14,04405600","-42,65429301",2015-03-26,2045-03-26,100% para CENTRAIS EOLICAS ANGELIM S.A. - 19.502.690/0001-05 (PIE),,Caetité - BA
2026-10-01,Barbatimão,032093,EOL.CV.BA.032093-5.1,BA,EOL,Operação,Eólica,Cinética do vento,Autorização,Cinética do vento,2022-11-24,"16200,00",16200,"7100,00",Não,"-13,82661024","-42,70428516",2015-03-26,2045-03-26,100% para CENTRAIS EOLICAS BARBATIMAO S.A. - 19.502.908/0001-21 (PIE),,Igaporã - BA
2026-10-01,Cedro,032098,EOL.CV.BA.032098-6.1,BA,EOL,Operação,Eólica,Cinética do vento,Autorização,Cinética do vento,2022-10-27,"12000,00",12000,"5600,00",Não,"-14,32898043","-42,57230176",2015-10-08,2045-10-08,"83.0400% para CENTRAIS EOLICAS CEDRO S.A - 17.330.840/0001-15 (APE), 16.9600% para MULT TEMPERA COAT TECNOLOGIA EM TRATAMENTO TERMICO E REVESTIMENTOS SUPERFICIAIS LTDA - 01.573.478/0001-73 (APE)",,Caetité - BA
2026-10-01,Facheio,032101,EOL.CV.BA.032101-0.1,BA,EOL,Operação,Eólica,Cinética do vento,Autorização,Cinética do vento,2022-08-23,"16200,00",16200,"8600,00",Não,"-13,99459845","-42,69078304",2015-03-26,2045-03-26,100% para CENTRAIS EOLICAS FACHEIO S.A. - 18.559.964/0001-30 (PIE),,Igaporã - BA
2026-10-01,Imburana Macho,032102,EOL.CV.BA.032102-8.1,BA,EOL,Operação,Eólica,Cinética do vento,Autorização,Cinética do vento,2022-12-01,"16200,00",8100,"7600,00",Não,"-13,86355786","-42,69089807",2016-02-25,2046-02-25,100% para CENTRAIS EOLICAS IMBURANA MACHO S.A. - 19.502.538/0001-22 (PIE),,Igaporã - BA
2026-10-01,Jataí,032104,EOL.CV.BA.032104-4.1,BA,EOL,Operação,Eólica,Cinética do vento,Autorização,Cinética do vento,2022-10-25,"16200,00",16200,"7300,00",Não,"-13,82937522","-42,69082273",2015-03-26,2045-03-26,100% para CENTRAIS EOLICAS JATAI S.A. - 18.560.347/0001-54 (PIE),,Igaporã - BA
2026-10-01,Juazeiro,032106,EOL.CV.BA.032106-0.1,BA,EOL,Operação,Eólica,Cinética do vento,Autorização,Cinética do vento,2022-10-22,"18900,00",18900,"8500,00",Não,"-13,84187496","-42,69056477",2015-03-26,2045-03-26,100% para CENTRAIS EOLICAS JUAZEIRO S.A. - 19.502.341/0001-93 (PIE),,Igaporã - BA
2026-10-01,Sabiu,032108,EOL.CV.BA.032108-7.1,BA,EOL,Operação,Eólica,Cinética do vento,Autorização,Cinética do vento,2022-08-25,"13500,00",13500,"6600,00",Não,"-14,01545978","-42,66330327",2015-03-26,2045-03-26,100% para CENTRAIS EOLICAS SABIU S.A. - 17.305.829/0001-03 (PIE),,Caetité - BA
2026-10-01,Umbuzeiro,032111,EOL.CV.BA.032111-7.1,BA,EOL,Operação,Eólica,Cinética do vento,Autorização,Cinética do vento,2022-08-25,"18900,00",18900,"8400,00",Não,"-13,97988782","-42,66518946",2015-03-26,2045-03-26,100% para CENTRAIS EOLICAS UMBUZEIRO S.A. - 18.560.273/0001-56 (PIE),,Igaporã - BA
2026-10-01,Vellozia,032113,EOL.CV.BA.032113-3.1,BA,EOL,Operação,Eólica,Cinética do vento,Autorização,Cinética do vento,2022-10-27,"16500,00",16500,"6600,00",Não,"-14,25403541","-42,54905022",2015-03-26,2045-03-26,100% para CENTRAIS EOLICAS VELLOZIA S.A. - 18.560.475/0001-06 (PIE),,Caetité - BA
2026-10-01,Manineiro,032245,EOL.CV.BA.032245-8.1,BA,EOL,Operação,Eólica,Cinética do vento,Autorização,Cinética do vento,2022-08-25,"13800,00",13800,"7400,00",Não,"-14,01696831","-42,67641007",2015-04-01,2045-04-01,100% para CENTRAIS EOLICAS MANINEIRO S.A - 18.560.162/0001-40 (PIE),,Caetité - BA
2026-10-01,Pau D'Água,032246,EOL.CV.BA.032246-6.1,BA,EOL,Operação,Eólica,Cinética do vento,Autorização,Cinética do vento,2022-11-24,"18000,00",18000,"8700,00",Não,"-14,53557321","-42,57583880",2015-04-01,2045-04-01,100% para CENTRAIS EOLICAS PAU D'AGUA S.A. - 17.250.513/0001-53 (PIE),,Urandi - BA
2026-10-01,Ituverava 1,032316,UFV.RS.BA.032316-0.1,BA,UFV,Operação,Solar,Radiação solar,Autorização,Radiação solar,2017-08-05,"28000,00",28000,",00",Não,"-12,58732500","-44,10687778",2016-09-16,2051-09-16,100% para ENEL GREEN POWER ITUVERAVA NORTE SOLAR S A - 21.619.094/0001-51 (PIE),,Tabocas do Brejo Velho - BA
2026-10-01,Ituverava 2,032317,UFV.RS.BA.032317-9.1,BA,UFV,Operação,Solar,Radiação solar,Autorização,Radiação solar,2017-11-28,"28000,00",28000,",00",Não,"-12,59260000","-44,10463611",2015-05-08,2050-05-08,100% para ENEL GREEN POWER ITUVERAVA NORTE SOLAR S A - 21.619.094/0001-51 (PIE),,Tabocas do Brejo Velho - BA
2026-10-01,Ituverava 3,032318,UFV.RS.BA.032318-7.1,BA,UFV,Operação,Solar,Radiação solar,Autorização,Radiação solar,2017-11-04,"28000,00",28000,",00",Não,"-12,59339422","-44,09953352",2015-05-11,2050-05-11,100% para ENEL GREEN POWER ITUVERAVA SOLAR S A - 21.602.288/0001-44 (PIE),,Tabocas do Brejo Velho - BA
2026-10-01,Ituverava 4,032319,UFV.RS.BA.032319-5.1,BA,UFV,Operação,Solar,Radiação solar,Autorização,Radiação solar,2017-12-23,"28000,00",28000,",00",Não,"-12,59896667","-44,10378056",2015-05-11,2050-05-11,100% para ENEL GREEN POWER ITUVERAVA SOLAR S A - 21.602.288/0001-44 (PIE),,Tabocas do Brejo Velho - BA
2026-10-01,Ituverava 5,032320,UFV.RS.BA.032320-9.1,BA,UFV,Operação,Solar,Radiação solar,Autorização,Radiação solar,2017-12-23,"28000,00",28000,",00",Não,"-12,60149459","-44,10414738",2015-05-11,2050-05-11,100% para ENEL GREEN POWER ITUVERAVA SUL SOLAR S A - 21.619.125/0001-74 (PIE),,Tabocas do Brejo Velho - BA
2026-10-01,Ituverava 6,032321,UFV.RS.BA.032321-7.1,BA,UFV,Operação,Solar,Radiação solar,Autorização,Radiação solar,2017-12-23,"28000,00",28000,",00",Não,"-12,60346111","-44,09329167",2015-05-08,2040-05-08,100% para ENEL GREEN POWER ITUVERAVA SUL SOLAR S A - 21.619.125/0001-74 (PIE),,Tabocas do Brejo Velho - BA
2026-10-01,Ituverava 7,032322,UFV.RS.BA.032322-5.1,BA,UFV,Operação,Solar,Radiação solar,Autorização,Radiação solar,2017-12-29,"28000,00",28000,",00",Não,"-12,60423611","-44,11575000",2015-05-15,2040-05-15,100% para ENEL GREEN POWER ITUVERAVA SUL SOLAR S A - 21.619.125/0001-74 (PIE),,Tabocas do Brejo Velho - BA
2026-10-01,Assuruá III,032342,EOL.CV.BA.032342-0.1,BA,EOL,Operação,Eólica,Cinética do vento,Autorização,Cinética do vento,2018-04-21,"12500,00",12500,"5900,00",Não,"-11,17055586","-42,68132130",2015-04-17,2050-04-17,100% para ASSURUA 2 I ENERGIA S.A - 21.544.084/0001-02 (PIE),,Gentio do Ouro - BA
2026-10-01,Assuruá IV,032343,EOL.CV.BA.032343-8.1,BA,EOL,Operação,Eólica,Cinética do vento,Autorização,Cinética do vento,2018-01-04,"30000,00",30000,"13100,00",Não,"-11,04747424","-42,68759940",2015-04-17,2050-04-17,100% para ASSURUA 2 II ENERGIA S.A - 21.544.129/0001-30 (PIE),,Gentio do Ouro - BA
2026-10-01,Capoeiras III,032344,EOL.CV.BA.032344-6.1,BA,EOL,Operação,Eólica,Cinética do vento,Autorização,Cinética do vento,2018-04-12,"27500,00",27500,"11600,00",Não,"-11,17742485","-42,73690500",2015-04-20,2050-04-20,100% para ASSURUA 2 III ENERGIA S.A - 21.543.971/0001-58 (PIE),,Gentio do Ouro - BA
2026-10-01,Curral de Pedras I,032345,EOL.CV.BA.032345-4.1,BA,EOL,Operação,Eólica,Cinética do vento,Autorização,Cinética do vento,2018-04-12,"20000,00",20000,"9000,00",Não,"-11,13497767","-42,65347343",2015-04-02,2050-04-02,100% para ASSURUA 2 IV ENERGIA S.A - 21.541.973/0001-08 (PIE),,Gentio do Ouro - BA
2026-10-01,Curral de Pedras II,032346,EOL.CV.BA.032346-2.1,BA,EOL,Operação,Eólica,Cinética do vento,Autorização,Cinética do vento,2018-04-13,"27500,00",27500,"13500,00",Não,"-11,21271233","-42,69985117",2015-04-02,2050-04-02,100% para ASSURUA 2 V ENERGIA S.A - 21.544.255/0001-95 (PIE),,Gentio do Ouro - BA
2026-10-01,Diamante II,032347,EOL.CV.BA.032347-0.1,BA,EOL,Operação,Eólica,Cinética do vento,Autorização,Cinética do vento,2018-04-13,"17500,00",17500,"7700,00",Não,"-11,10651596","-42,67149802",2015-04-02,2050-04-02,100% para ASSURUA 2 VI ENERGIA S.A - 21.544.216/0001-98 (PIE),,Gentio do Ouro - BA
2026-10-01,Diamante III,032348,EOL.CV.BA.032348-9.1,BA,EOL,Operação,Eólica,Cinética do vento,Autorização,Cinética do vento,2018-04-13,"17500,00",17500,"7900,00",Não,"-11,09036520","-42,68300814",2015-04-02,2050-04-02,100% para ASSURUA 2 VII ENERGIA S.A - 21.543.994/0001-62 (PIE),,Gentio do Ouro - BA
2026-10-01,Laranjeiras I,032349,EOL.CV.BA.032349-7.1,BA,EOL,Operação,Eólica,Cinética do vento,Autorização,Cinética do vento,2018-04-13,"27500,00",27500,",00",Não,"-11,12278025","-42,68407001",2015-05-08,2050-05-08,100% para ASSURUA 2 VIII ENERGIA S.A - 21.544.025/0001-26 (PIE),,Xique-Xique - BA
2026-10-01,Laranjeiras II,032350,EOL.CV.BA.032350-0.1,BA,EOL,Operação,Eólica,Cinética do vento,Autorização,Cinética do vento,2018-04-13,"30000,00",30000,",00",Não,"-11,13107471","-42,69679751",2015-05-08,2050-05-08,100% para ASSURUA 2 IX ENERGIA S.A - 21.544.159/0001-47 (PIE),,Xique-Xique - BA
2026-10-01,Laranjeiras V,032351,EOL.CV.BA.032351-9.1,BA,EOL,Operação,Eólica,Cinética do vento,Autorização,Cinética do vento,2018-04-13,"25000,00",25000,",00",Não,"-11,11529657","-42,66990024",2015-05-08,2050-05-08,100% para ASSURUA 2 X ENERGIA S.A - 21.544.060/0001-45 (PIE),,Gentio do Ouro - BA
2026-10-01,Delfina I,032357,EOL.CV.BA.032357-8.1,BA,EOL,Operação,Eólica,Cinética do vento,Autorização,Cinética do vento,2017-10-31,"28000,00",28000,",00",Não,"-10,05750878","-40,97868042",2015-05-08,2050-05-08,100% para ENEL GREEN POWER DELFINA A EOLICA S.A. - 21.552.886/0001-56 (PIE),,Campo Formoso - BA
2026-10-01,Delfina II,032358,EOL.CV.BA.032358-6.1,BA,EOL,Operação,Eólica,Cinética do vento,Autorização,Cinética do vento,2017-11-02,"28000,00",28000,",00",Não,"-10,03694564","-40,95861817",2015-05-08,2050-05-08,100% para ENEL GREEN POWER DELFINA A EOLICA S.A. - 21.552.886/0001-56 (PIE),,Campo Formoso - BA
2026-10-01,Delfina V,032359,EOL.CV.BA.032359-4.1,BA,EOL,Operação,Eólica,Cinética do vento,Autorização,Cinética do vento,2017-10-31,"28000,00",28000,",00",Não,"-10,02287638","-40,92836422",2015-05-08,2050-05-08,100% para ENEL GREEN POWER DELFINA A EOLICA S.A. - 21.552.886/0001-56 (PIE),,Campo Formoso - BA
2026-10-01,Mulungu,032362,EOL.CV.BA.032362-4.1,BA,EOL,Operação,Eólica,Cinética do vento,Autorização,Cinética do vento,2022-09-03,"13500,00",13500,"6500,00",Não,"-14,00546660","-42,66704098",2015-06-01,2050-06-01,100% para CENTRAIS EOLICAS ITAPUA VII LTDA. - 18.560.032/0001-07 (PIE),,Guanambi - BA
2026-10-01,Pau Santo,032363,EOL.CV.BA.032363-2.1,BA,EOL,Operação,Eólica,Cinética do vento,Autorização,Cinética do vento,2022-03-22,"18900,00",18900,"9200,00",Não,"-14,26697816","-42,53643261",2015-06-25,2050-06-25,100% para CENTRAIS EOLICAS UNHA D'ANTA S.A. - 18.560.214/0001-88 (PIE),,Pindaí - BA
2026-10-01,Quina,032364,EOL.CV.BA.032364-0.1,BA,EOL,Operação,Eólica,Cinética do vento,Autorização,Cinética do vento,2022-09-06,"10800,00",10800,"5200,00",Não,"-13,98084040","-42,67878101",2015-06-01,2050-06-01,100% para CENTRAIS EOLICAS ITAPUA VII LTDA. - 18.560.032/0001-07 (PIE),,Igaporã - BA
2026-10-01,Morro Branco II,032417,EOL.CV.BA.032417-5.1,BA,EOL,Operação,Eólica,Cinética do vento,Autorização,Cinética do vento,2022-07-09,"31185,00",31185,"15400,00",Não,"-9,76602418","-41,02266980",2020-02-26,2055-02-26,100% para Morro Branco II Energética S.A. - 35.040.621/0001-83 (PIE),,Sento Sé - BA
2026-10-01,Serra da Babilônia II,032462,EOL.CV.BA.032462-0.1,BA,EOL,Operação,Eólica,Cinética do vento,Autorização,Cinética do vento,2018-12-12,"28200,00",28200,"16100,00",Não,"-11,09546596","-41,30566977",2016-05-10,2051-05-10,100% para EOLICA SERRA DA BABILONIA II S.A - 24.263.234/0001-90 (PIE),,Morro do Chapéu - BA
2026-10-01,Serra da Babilônia IX,032465,EOL.CV.BA.032465-5.1,BA,EOL,Operação,Eólica,Cinética do vento,Autorização,Cinética do vento,2018-12-12,"28200,00",28200,"13200,00",Não,"-11,09013968","-41,31536498",2016-05-12,2051-05-12,100% para EOLICA SERRA DA BABILONIA IX S.A - 24.263.209/0001-06 (PIE),,Morro do Chapéu - BA
2026-10-01,Serra da Babilônia VI,032466,EOL.CV.BA.032466-3.1,BA,EOL,Operação,Eólica,Cinética do vento,Autorização,Cinética do vento,2018-12-12,"25850,00",25850,",00",Não,"-11,04899523","-41,32520275",2016-05-27,2051-05-27,100% para EOLICA SERRA DA BABILONIA VI S.A - 24.325.137/0001-84 (PIE),,Morro do Chapéu - BA
2026-10-01,Serra da Babilônia VII,032467,EOL.CV.BA.032467-1.1,BA,EOL,Operação,Eólica,Cinética do vento,Autorização,Cinética do vento,2018-12-12,"28200,00",28200,",00",Não,"-11,05658661","-41,31548660",2016-05-27,2051-05-27,100% para EOLICA SERRA DA BABILONIA VII S.A - 24.325.076/0001-55 (PIE),,Morro do Chapéu - BA
2026-10-01,Serra da Babilônia VIII,032468,EOL.CV.BA.032468-0.1,BA,EOL,Operação,Eólica,Cinética do vento,Autorização,Cinética do vento,2018-12-12,"28200,00",28200,"14100,00",Não,"-11,08384350","-41,30105957",2016-06-02,2051-06-02,100% para EOLICA SERRA DA BABILONIA VIII S.A - 24.263.248/0001-03 (PIE),,Morro do Chapéu - BA
2026-10-01,Serra da Babilônia  X,032469,EOL.CV.BA.032469-8.1,BA,EOL,Operação,Eólica,Cinética do vento,Autorização,Cinética do vento,2018-12-12,"28200,00",28200,"14100,00",Não,"-11,06810283","-41,31878750",2016-06-01,2051-06-01,100% para EOLICA SERRA DA BABILONIA X S.A - 24.263.312/0001-56 (PIE),,Morro do Chapéu - BA
2026-10-01,Serra da Babilônia XI,032470,EOL.CV.BA.032470-1.1,BA,EOL,Operação,Eólica,Cinética do vento,Autorização,Cinética do vento,2018-12-12,"28200,00",28200,",00",Não,"-11,07697816","-41,32158685",2016-05-27,2051-05-27,100% para EOLICA SERRA DA BABILONIA XI S.A - 24.263.070/0001-09 (PIE),,Morro do Chapéu - BA
2026-10-01,Serra da Babilônia XII,032471,EOL.CV.BA.032471-0.1,BA,EOL,Operação,Eólica,Cinética do vento,Autorização,Cinética do vento,2018-12-12,"28200,00",28200,"15800,00",Não,"-11,09886591","-41,31586717",2016-06-01,2051-06-01,100% para EOLICA SERRA DA BABILONIA XII S.A - 24.263.276/0001-20 (PIE),,Morro do Chapéu - BA
2026-10-01,Inhambú 2,032487,EOL.CV.BA.032487-6.1,BA,EOL,Operação,Eólica,Cinética do vento,Autorização,Cinética do vento,2021-04-07,"16450,00",16450,"5700,00",Não,"-14,45136197","-42,65047171",2019-09-26,2054-09-26,"29.2800% para CIA BEAL DE ALIMENTOS - 78.116.670/0001-65 (APE), 22.6200% para EOLICA PINDAI IV GERACAO DE ENERGIA S.A. - 30.534.321/0001-37 (APE), 18.0100% para EÓLICA PINDAÍ II GERAÇÃO DE ENERGIA LTDA - 30.519.369/0001-76 (APE), 17.5700% para EOLICA PINDAI III GERACAO DE ENERGIA S.A. - 30.519.323/0001-57 (APE), 12.5200% para EÓLICA PINDAÍ I GERAÇÃO DE ENERGIA LTDA - 30.519.343/0001-28 (APE)",,Pindaí - BA
2026-10-01,Delfina III,032521,EOL.CV.BA.032521-0.1,BA,EOL,Operação,Eólica,Cinética do vento,Autorização,Cinética do vento,2017-11-02,"28000,00",28000,",00",Não,"-10,00491909","-40,93379381",2017-11-02,2047-11-02,100% para ENEL GREEN POWER DELFINA B EOLICA S.A. - 21.556.441/0001-44 (PIE),,Campo Formoso - BA
2026-10-01,Delfina IV,032522,EOL.CV.BA.032522-8.1,BA,EOL,Operação,Eólica,Cinética do vento,Autorização,Cinética do vento,2017-10-31,"8000,00",8000,"4400,00",Não,"-10,06580256","-40,98092913",2017-10-31,2047-10-31,100% para ENEL GREEN POWER DELFINA C EOLICA S.A. - 21.553.603/0001-90 (PIE),,Campo Formoso - BA
2026-10-01,Delfina VI,032523,EOL.CV.BA.032523-6.1,BA,EOL,Operação,Eólica,Cinética do vento,Autorização,Cinética do vento,2017-10-31,"30000,00",30000,"18100,00",Não,"-10,02923792","-40,95196878",2017-10-31,2047-10-31,100% para ENEL GREEN POWER DELFINA D EOLICA S.A. - 21.553.640/0001-07 (PIE),,Campo Formoso - BA
2026-10-01,Delfina VII,032524,EOL.CV.BA.032524-4.1,BA,EOL,Operação,Eólica,Cinética do vento,Autorização,Cinética do vento,2017-10-31,"30000,00",30000,"19300,00",Não,"-9,98632183","-40,91073990",2017-10-31,2047-10-31,100% para ENEL GREEN POWER DELFINA E EOLICA S.A. - 21.599.114/0001-70 (PIE),,Campo Formoso - BA
2026-10-01,Ventos da Bahia I,032526,EOL.CV.BA.032526-0.1,BA,EOL,Operação,Eólica,Cinética do vento,Autorização,Cinética do vento,2018-09-07,"28600,00",28600,",00",Não,"-11,98767533","-41,52585741",2016-05-27,2051-05-27,100% para PARQUE EOLICO VENTOS DA BAHIA I S.A. - 23.888.783/0001-97 (PIE),,Mulungu do Morro - BA
2026-10-01,Ventos da Bahia III,032527,EOL.CV.BA.032527-9.1,BA,EOL,Operação,Eólica,Cinética do vento,Autorização,Cinética do vento,2018-09-12,"30800,00",30800,"14500,00",Não,"-11,97474009","-41,52213627",2016-06-02,2051-06-02,100% para PARQUE EOLICO VENTOS DA BAHIA III S.A. - 23.888.824/0001-45 (PIE),,Mulungu do Morro - BA
2026-10-01,Ventos da Bahia IX,032531,EOL.CV.BA.032531-7.1,BA,EOL,Operação,Eólica,Cinética do vento,Autorização,Cinética do vento,2018-09-12,"28600,00",28600,"13400,00",Não,"-11,98617146","-41,49142514",2016-06-01,2051-06-01,100% para PARQUE EOLICO VENTOS DA BAHIA IX S.A. - 23.890.926/0001-03 (PIE),,Mulungu do Morro - BA
2026-10-01,Ventos da Bahia XIII,032535,EOL.CV.BA.032535-0.1,BA,EOL,Operação,Eólica,Cinética do vento,Autorização,Cinética do vento,2021-12-15,"49500,00",49500,"23700,00",Não,"-12,13129677","-41,49666159",2019-01-23,2054-01-23,100% para PARQUE EOLICO VENTOS DA BAHIA XIII S.A. - 31.810.463/0001-42 (PIE),,Iraquara - BA
2026-10-01,Ventos da Bahia XIV,032536,EOL.CV.BA.032536-8.1,BA,EOL,Operação,Eólica,Cinética do vento,Autorização,Cinética do vento,2021-12-03,"33000,00",33000,"14400,00",Não,"-12,11018010","-41,50677639",2019-01-23,2054-01-23,100% para PARQUE EOLICO VENTOS DA BAHIA XIV S.A. - 31.818.978/0001-99 (PIE),,"Iraquara - BA, Souto Soares - BA"
2026-10-01,Prosperidade I,032545,UTE.GN.BA.032545-7.1,BA,UTE,Operação,Fóssil,Gás natural,Autorização,Gás Natural,2018-10-16,"28022,00",28022,"23300,00",Não,"-12,49978533","-38,20780299",2016-04-27,2051-04-27,100% para IMETAME TERMELÉTRICA LTDA - 23.857.764/0001-01 (PIE),,Camaçari - BA
2026-10-01,Tucano II,032567,EOL.CV.BA.032567-8.1,BA,EOL,Operação,Eólica,Cinética do vento,Autorização,Cinética do vento,2023-08-23,"24800,00",24800,"11500,00",Não,"-11,19013779","-38,78170522",2020-05-29,2055-05-29,100% para TUCANO F2 GERACAO DE ENERGIAS SPE S.A. - 35.806.317/0001-02 (PIE),,Tucano - BA
2026-10-01,Tucano III,032568,EOL.CV.BA.032568-6.1,BA,EOL,Operação,Eólica,Cinética do vento,Autorização,Cinética do vento,2023-03-20,"43400,00",43400,"19700,00",Não,"-11,32945525","-38,80453795",2020-05-29,2055-05-29,100% para TUCANO F3 GERACAO DE ENERGIAS SPE S.A. - 35.836.427/0001-09 (PIE),,Tucano - BA
2026-10-01,Tucano IV,032569,EOL.CV.BA.032569-4.1,BA,EOL,Operação,Eólica,Cinética do vento,Autorização,Cinética do vento,2023-04-20,"43400,00",43400,",00",Não,"-11,42005176","-38,81289148",2020-05-29,2055-05-29,100% para TUCANO F4 GERACAO DE ENERGIAS SPE S.A. - 35.836.426/0001-64 (PIE),,Biritinga - BA
2026-10-01,Tucano VI,032578,EOL.CV.BA.032578-3.1,BA,EOL,Operação,Eólica,Cinética do vento,Autorização,Cinética do vento,2022-07-09,"49600,00",49600,",00",Não,"-11,22795737","-38,79201033",2020-05-29,2055-05-29,100% para TUCANO F6 GERACAO DE ENERGIAS SPE S.A - 36.230.315/0001-72 (PIE),,Tucano - BA
2026-10-01,Tucano VII,032579,EOL.CV.BA.032579-1.1,BA,EOL,Operação,Eólica,Cinética do vento,Autorização,Cinética do vento,2022-12-22,"55800,00",55800,"26800,00",Não,"-11,25646723","-38,81124798",2020-05-29,2055-05-29,100% para TUCANO F7 GERACAO DE ENERGIAS SPE S.A. - 36.230.329/0001-96 (PIE),,Tucano - BA
2026-10-01,Tucano VIII,032580,EOL.CV.BA.032580-5.1,BA,EOL,Operação,Eólica,Cinética do vento,Autorização,Cinética do vento,2023-01-25,"49600,00",49600,"21700,00",Não,"-11,28593297","-38,79906981",2020-05-29,2055-05-29,100% para TUCANO F8 GERACAO DE ENERGIAS SPE S.A. - 36.230.295/0001-30 (PIE),,Tucano - BA
2026-10-01,Tucano X,032584,EOL.CV.BA.032584-8.1,BA,EOL,Operação,Eólica,Cinética do vento,Autorização,Cinética do vento,2023-01-31,"43400,00",43400,"19000,00",Não,"-11,29849630","-38,80133353",2020-05-29,2055-05-29,100% para TUCANO F1 GERACAO DE ENERGIAS SPE S.A. - 35.636.816/0001-90 (PIE),,Tucano - BA
2026-10-01,Cencosud - GBarbosa - 108,032603,UTE.PE.BA.032603-8.1,BA,UTE,Operação,Fóssil,Petróleo,Registro,Óleo Diesel,2012-08-01,"720,00",720,",00",Não,"-12,88519445","-38,30861111",,,100% para CENCOSUD BRASIL COMERCIAL LTDA. - 39.346.861/0001-61 (REG),,Lauro de Freitas - BA
2026-10-01,Cencosud - GBarbosa - 153,032605,UTE.PE.BA.032605-4.1,BA,UTE,Operação,Fóssil,Petróleo,Registro,Óleo Diesel,2014-10-11,"1000,00",1000,",00",Não,"-12,91586111","-38,44313889",,,100% para CENCOSUD BRASIL COMERCIAL LTDA. - 39.346.861/0001-61 (REG),,Salvador - BA
2026-10-01,Cencosud - GBarbosa - 31,032617,UTE.PE.BA.032617-8.1,BA,UTE,Operação,Fóssil,Petróleo,Registro,Óleo Diesel,2012-04-24,"1440,00",1440,",00",Não,"-12,97916667","-38,46972222",,,100% para CENCOSUD BRASIL COMERCIAL LTDA. - 39.346.861/0001-61 (REG),,Salvador - BA
2026-10-01,Cencosud - GBarbosa - 35,032618,UTE.PE.BA.032618-6.1,BA,UTE,Operação,Fóssil,Petróleo,Registro,Óleo Diesel,2012-05-26,"1080,00",1080,",00",Não,"-12,99138889","-38,44861111",,,100% para CENCOSUD BRASIL COMERCIAL LTDA. - 39.346.861/0001-61 (REG),,Salvador - BA
2026-10-01,Cencosud - GBarbosa - 29,032619,UTE.PE.BA.032619-4.1,BA,UTE,Operação,Fóssil,Petróleo,Registro,Óleo Diesel,2014-05-01,"500,00",500,",00",Não,"-12,23083333","-38,95888889",,,100% para CENCOSUD BRASIL COMERCIAL LTDA. - 39.346.861/0001-61 (REG),,Feira de Santana - BA
2026-10-01,Cencosud - GBarbosa - 17,032620,UTE.PE.BA.032620-8.1,BA,UTE,Operação,Fóssil,Petróleo,Registro,Óleo Diesel,2012-04-22,"576,00",576,",00",Não,"-12,25750000","-38,96666667",,,100% para CENCOSUD BRASIL COMERCIAL LTDA. - 39.346.861/0001-61 (REG),,Feira de Santana - BA
2026-10-01,Cencosud - GBarbosa - 88,032628,UTE.PE.BA.032628-3.1,BA,UTE,Operação,Fóssil,Petróleo,Registro,Óleo Diesel,2012-07-30,"720,00",720,",00",Não,"-12,94950001","-38,47783332",,,100% para CENCOSUD BRASIL COMERCIAL LTDA. - 39.346.861/0001-61 (REG),,Salvador - BA
2026-10-01,Cencosud - GBarbosa - 151,032632,UTE.PE.BA.032632-1.1,BA,UTE,Operação,Fóssil,Petróleo,Registro,Óleo Diesel,2012-10-10,"600,00",600,",00",Não,"-14,80988889","-39,03533333",,,100% para CENCOSUD BRASIL COMERCIAL LTDA. - 39.346.861/0001-61 (REG),,Ilhéus - BA
2026-10-01,Cencosud - GBarbosa - 154,032635,UTE.PE.BA.032635-6.1,BA,UTE,Operação,Fóssil,Petróleo,Registro,Óleo Diesel,2012-05-12,"400,00",400,",00",Não,"-13,85950000","-40,07547222",,,100% para CENCOSUD BRASIL COMERCIAL LTDA. - 39.346.861/0001-61 (REG),,Jequié - BA
2026-10-01,Ventos de São Januário 04,032641,EOL.CV.BA.032641-0.1,BA,EOL,Operação,Eólica,Cinética do vento,Autorização,Cinética do vento,2020-09-15,"29400,00",29400,"16500,00",Não,"-10,38700257","-40,45885143",2018-08-17,2053-08-17,100% para PARQUE EOLICO VENTOS DE SAO JANUARIO 04 S.A - 30.558.320/0001-22 (PIE),,Campo Formoso - BA
2026-10-01,Ventos de São Januário 15,032642,EOL.CV.BA.032642-9.1,BA,EOL,Operação,Eólica,Cinética do vento,Autorização,Cinética do vento,2022-12-17,"72000,00",72000,"40500,00",Não,"-11,07876275","-41,26807907",2020-04-15,2055-04-15,100% para Ventos de Santa Jacinta Energias Renováveis S.A. - 35.865.644/0001-27 (PIE),,Várzea Nova - BA
2026-10-01,Ventos de São Januário 05,032644,EOL.CV.BA.032644-5.1,BA,EOL,Operação,Eólica,Cinética do vento,Autorização,Cinética do vento,2020-12-03,"42000,00",42000,"23300,00",Não,"-10,28982544","-40,43405344",2019-01-17,2054-01-17,100% para PARQUE EOLICO VENTOS DE SAO JANUARIO 05 S.A - 31.818.981/0001-02 (PIE),,Campo Formoso - BA
2026-10-01,Cencosud - GBarbosa - 125,032655,UTE.PE.BA.032655-0.1,BA,UTE,Operação,Fóssil,Petróleo,Registro,Óleo Diesel,2012-05-05,"360,00",360,",00",Não,"-9,41305556","-40,50658333",,,100% para CENCOSUD BRASIL COMERCIAL LTDA. - 39.346.861/0001-61 (REG),,Juazeiro - BA
2026-10-01,Cencosud - GBarbosa - 112,032660,UTE.PE.BA.032660-7.1,BA,UTE,Operação,Fóssil,Petróleo,Registro,Óleo Diesel,2012-05-03,"720,00",720,",00",Não,"-14,86761111","-40,82211111",,,100% para CENCOSUD BRASIL COMERCIAL LTDA. - 39.346.861/0001-61 (REG),,Vitória da Conquista - BA
2026-10-01,SHOPPING PARALELA,032672,UTE.PE.BA.032672-0.1,BA,UTE,Operação,Fóssil,Petróleo,Registro,Óleo Diesel,2009-01-01,"1530,00",1530,",00",Não,"-12,93666667","-38,39500000",,,100% para CONDOMINIO CIVIL SHOPPING CENTER - 08.401.841/0001-12 (REG),,Salvador - BA
2026-10-01,Cencosud - GBarbosa - 133,032685,UTE.PE.BA.032685-2.1,BA,UTE,Operação,Fóssil,Petróleo,Registro,Óleo Diesel,2012-06-07,"736,00",736,",00",Não,"-9,42133333","-40,50080556",,,100% para CENCOSUD BRASIL COMERCIAL LTDA. - 39.346.861/0001-61 (REG),,Juazeiro - BA
2026-10-01,IUNI EDUCACIONAL UNIME ITABUNA,032697,UTE.PE.BA.032697-6.1,BA,UTE,Operação,Fóssil,Petróleo,Registro,Óleo Diesel,2013-06-01,"400,00",400,",00",Não,"-14,79976063","-39,28952217",,,100% para EDITORA E DISTRIBUIDORA EDUCACIONAL S/A - 38.733.648/0001-40 (REG),,Itabuna - BA
2026-10-01,UNIME UNIÃO M EDUC CULTURA - LAURO DE FREITAS,032750,UTE.PE.BA.032750-6.1,BA,UTE,Operação,Fóssil,Petróleo,Registro,Óleo Diesel,2013-07-01,"1200,00",1200,",00",Não,"-12,89053055","-38,31634722",,,100% para EDITORA E DISTRIBUIDORA EDUCACIONAL S/A - 38.733.648/0001-40 (REG),,Lauro de Freitas - BA
2026-10-01,Cencosud - GBarbosa - 15,032757,UTE.PE.BA.032757-3.1,BA,UTE,Operação,Fóssil,Petróleo,Registro,Óleo Diesel,2012-03-21,"736,00",736,",00",Não,"-12,25861111","-38,95777778",,,100% para CENCOSUD BRASIL COMERCIAL LTDA. - 39.346.861/0001-61 (REG),,Feira de Santana - BA
2026-10-01,Boa Vista da Lagoinha,032759,EOL.CV.BA.032759-0.1,BA,EOL,Operação,Eólica,Cinética do vento,Autorização,Cinética do vento,2018-06-29,"30000,00",30000,"20600,00",Não,"-11,76135316","-41,38928707",2018-06-29,2048-06-29,100% para ENEL GREEN POWER BOA VISTA EOLICA S A - 21.996.671/0001-24 (PIE),,Morro do Chapéu - BA
2026-10-01,Cencosud - GBarbosa - 315,032763,UTE.PE.BA.032763-8.1,BA,UTE,Operação,Fóssil,Petróleo,Registro,Óleo Diesel,2015-03-14,"720,00",720,",00",Não,"-11,67233333","-39,00169444",,,100% para CENCOSUD BRASIL COMERCIAL LTDA. - 39.346.861/0001-61 (REG),,Serrinha - BA
2026-10-01,Aura Caetité 03,032804,EOL.CV.BA.032804-9.1,BA,EOL,Operação,Eólica,Cinética do vento,Autorização,Cinética do vento,2023-05-05,"36000,00",36000,"14100,00",Não,"-13,70691891","-42,60011830",2020-04-28,2055-04-28,100% para TANQUE NOVO VI ENERGIAS RENOVAVEIS S.A. - 35.655.028/0001-41 (PIE),,Tanque Novo - BA
2026-10-01,Aura Caetité 04,032805,EOL.CV.BA.032805-7.1,BA,EOL,Operação,Eólica,Cinética do vento,Autorização,Cinética do vento,2023-05-05,"22500,00",22500,"10000,00",Não,"-13,62520340","-42,55086718",2020-04-28,2055-04-28,100% para TANQUE NOVO VII ENERGIAS RENOVAVEIS S.A. - 35.655.010/0001-40 (PIE),,Tanque Novo - BA
2026-10-01,Ventos de Santo Abraão,032884,EOL.CV.BA.032884-7.1,BA,EOL,Operação,Eólica,Cinética do vento,Autorização,Cinética do vento,2018-06-29,"28000,00",28000,"20400,00",Não,"-11,62494903","-41,35213098",2018-06-29,2048-06-29,100% para ENEL GREEN POWER SAO ABRAAO EOLICA S.A - 21.869.030/0001-09 (PIE),,Morro do Chapéu - BA
2026-10-01,Bom Jesus da Lapa I,032892,UFV.RS.BA.032892-8.1,BA,UFV,Operação,Solar,Radiação solar,Autorização,Radiação solar,2017-06-30,"30000,00",30000,"8400,00",Não,"-13,30021076","-43,32352929",2016-03-02,2051-03-02,100% para BOM JESUS DA LAPA SOLAR S.A. - 23.266.854/0001-10 (PIE),,Bom Jesus da Lapa - BA
2026-10-01,Bom Jesus da Lapa II,032893,UFV.RS.BA.032893-6.1,BA,UFV,Operação,Solar,Radiação solar,Autorização,Radiação solar,2017-06-30,"30000,00",30000,"8400,00",Não,"-13,29780661","-43,32412910",2016-03-02,2051-03-02,100% para BOM JESUS DA LAPA SOLAR S.A. - 23.266.854/0001-10 (PIE),,Bom Jesus da Lapa - BA
2026-10-01,Cencosud - GBarbosa - 137,032929,UTE.PE.BA.032929-0.1,BA,UTE,Operação,Fóssil,Petróleo,Registro,Óleo Diesel,2012-08-08,"360,00",360,",00",Não,"-17,54230555","-39,74130556",,,100% para CENCOSUD BRASIL COMERCIAL LTDA. - 39.346.861/0001-61 (REG),,Teixeira de Freitas - BA
2026-10-01,Cencosud - M. Rodrigues - 607,032952,UTE.PE.BA.032952-5.1,BA,UTE,Operação,Fóssil,Petróleo,Registro,Óleo Diesel,2011-12-15,"1200,00",1200,",00",Não,"-9,42525000","-40,50550000",,,100% para CENCOSUD BRASIL COMERCIAL LTDA. - 39.346.861/0001-61 (REG),,Juazeiro - BA
2026-10-01,Cencosud - M. Rodrigues - 10,032958,UTE.PE.BA.032958-4.1,BA,UTE,Operação,Fóssil,Petróleo,Registro,Óleo Diesel,2013-11-04,"1200,00",1200,",00",Não,"-12,90058334","-38,33255554",,,100% para CENCOSUD BRASIL COMERCIAL LTDA. - 39.346.861/0001-61 (REG),,Lauro de Freitas - BA
2026-10-01,Cencosud - GBarbosa - 272,032983,UTE.PE.BA.032983-5.1,BA,UTE,Operação,Fóssil,Petróleo,Registro,Óleo Diesel,2012-05-13,"800,00",800,",00",Não,"-12,94475000","-38,45966667",,,100% para CENCOSUD BRASIL COMERCIAL LTDA. - 39.346.861/0001-61 (REG),,Salvador - BA
2026-10-01,Cencosud - M. Rodrigues - 02,032999,UTE.PE.BA.032999-1.1,BA,UTE,Operação,Fóssil,Petróleo,Registro,Óleo Diesel,2008-05-08,"720,00",720,",00",Não,"-12,24927778","-38,95525000",,,100% para CENCOSUD BRASIL COMERCIAL LTDA. - 39.346.861/0001-61 (REG),,Feira de Santana - BA
2026-10-01,SDR-RC,033082,UTE.PE.BA.033082-5.1,BA,UTE,Operação,Fóssil,Petróleo,Registro,Óleo Diesel,1976-02-02,"1080,00",1080,",00",Não,"-12,97694444","-38,50750000",,,100% para CLARO S.A. - 40.432.544/0001-47 (REG),,Salvador - BA
2026-10-01,ENGEFLEX BAHIA,033107,UTE.PE.BA.033107-4.1,BA,UTE,Operação,Fóssil,Petróleo,Registro,Óleo Diesel,2012-04-02,"3648,00",3648,",00",Não,"-14,86611112","-40,83944442",,,100% para STEMAC ENERGIA S.A. - 03.841.196/0001-35 (REG),,Vitória da Conquista - BA
2026-10-01,SDR-IT,033142,UTE.PE.BA.033142-2.1,BA,UTE,Operação,Fóssil,Petróleo,Registro,Óleo Diesel,2000-02-02,"360,00",360,",00",Não,"-12,99861111","-38,46638889",,,100% para CLARO S.A. - 40.432.544/0001-47 (REG),,Salvador - BA
2026-10-01,QGN - QUÍMICA GERAL DO NORDESTE,033168,UTE.PE.BA.033168-6.1,BA,UTE,Operação,Fóssil,Petróleo,Registro,Óleo Diesel,2013-01-31,"960,00",960,",00",Não,"-12,69750000","-38,32416667",,,100% para STEMAC ENERGIA S.A. - 03.841.196/0001-35 (REG),,Camaçari - BA
2026-10-01,O Boticário São Gonçalo dos Campos,033213,UTE.PE.BA.033213-5.1,BA,UTE,Operação,Fóssil,Petróleo,Registro,Óleo Diesel,2014-10-01,"1440,00",1440,",00",Não,"-12,43031000","-38,94977195",,,100% para CALAMO DISTRIBUIDORA DE PRODUTOS DE BELEZA S.A. - 06.147.451/0011-04 (REG),,São Gonçalo dos Campos - BA
2026-10-01,O Boticário Camaçari,033214,UTE.GN.BA.033214-3.1,BA,UTE,Operação,Fóssil,Gás natural,Registro,Gás Natural,2014-11-17,"3900,00",3900,",00",Não,"-12,74277778","-38,31027778",,,100% para Botica Comercial Farmacêutica Ltda - 77.388.007/0001-57 (REG),,Camaçari - BA
2026-10-01,PETRORECÔNCAVO - MATA DE SÃO JOÃO,033215,UTE.PE.BA.033215-1.1,BA,UTE,Operação,Fóssil,Petróleo,Registro,Óleo Diesel,2010-01-25,"1760,00",1760,",00",Não,"-12,54916667","-38,29722222",,,100% para STEMAC ENERGIA S.A. - 03.841.196/0001-35 (REG),,Mata de São João - BA
2026-10-01,Atacadão SA Barreiras,033313,UTE.PE.BA.033313-1.1,BA,UTE,Operação,Fóssil,Petróleo,Registro,Óleo Diesel,2010-02-11,"800,00",800,",00",Não,"-12,14512213","-44,99078593",,,100% para ATACADAO S.A. - 75.315.333/0001-09 (REG),,Barreiras - BA
2026-10-01,Cervejaria Petrópolis - Alagoinhas,033331,UTE.PE.BA.033331-0.1,BA,UTE,Operação,Fóssil,Petróleo,Registro,Óleo Diesel,2013-06-30,"3105,60",3105,",00",Não,"-12,08434306","-38,34359011",,,100% para CERVEJARIA PETROPOLIS DA BAHIA LTDA EM RECUPERACAO JUDICIAL - 15.350.602/0001-46 (REG),,Alagoinhas - BA
2026-10-01,Atacadão SA Salvador,033389,UTE.PE.BA.033389-1.1,BA,UTE,Operação,Fóssil,Petróleo,Registro,Óleo Diesel,2003-11-03,"720,00",720,",00",Não,"-12,96762417","-38,47966472",,,100% para ATACADAO S.A. - 75.315.333/0001-09 (REG),,Salvador - BA
2026-10-01,COGERAÇÃO TECNOGRÊS,033393,UTE.GN.BA.033393-0.2,BA,UTE,Operação,Fóssil,Gás natural,Registro,Gás Natural,2015-09-21,"3152,00",3152,",00",Não,"-12,65077152","-38,35679340",,,"50% para FRAGNANI EMPREENDIMENTOS E PARTICIPACOES S/A - 03.803.039/0001-35 (REG), 50% para AGROPECUARIA FRAGNANI LTDA - 03.815.731/0001-83 (REG)",,Dias d'Ávila - BA
2026-10-01,PROQUIGEL QUIMICA,033402,UTE.PE.BA.033402-2.1,BA,UTE,Operação,Fóssil,Petróleo,Registro,Óleo Diesel,2015-05-01,"2880,00",2880,",00",Não,"-12,67728000","-38,48317000",,,100% para UNIGEL S/A - 05.303.481/0001-28 (REG),,Candeias - BA
2026-10-01,Prosperidade III (Antiga Termoirapé I ),033467,UTE.GN.BA.033467-7.3,BA,UTE,Operação,Fóssil,Gás natural,Autorização,Gás Natural,2023-05-03,"55986,00",55986,"41400,00",Não,"-12,49961470","-38,20733600",2015-12-29,2050-12-29,100% para IMETAME TERMELÉTRICA LTDA - 23.857.764/0001-01 (PIE),,Camaçari - BA
2026-10-01,Sertão Solar Barreiras I,033469,UFV.RS.BA.033469-3.1,BA,UFV,Operação,Solar,Radiação solar,Autorização,Radiação solar,2019-11-29,"23660,00",23660,"6500,00",Não,"-12,03201500","-45,07217652",2018-07-04,2053-07-04,100% para SOLAR BARREIRAS I ENERGIA SPE LTDA - 30.006.082/0001-42 (PIE),,Barreiras - BA
2026-10-01,Sertão Solar Barreiras II,033470,UFV.RS.BA.033470-7.1,BA,UFV,Operação,Solar,Radiação solar,Autorização,Radiação solar,2019-11-29,"23660,00",23660,"6500,00",Não,"-12,03487949","-45,07066889",2018-07-04,2053-07-04,100% para SOLAR BARREIRAS II ENERGIA SPE LTDA - 29.958.296/0001-30 (PIE),,Barreiras - BA
2026-10-01,Sertão Solar Barreiras III,033471,UFV.RS.BA.033471-5.1,BA,UFV,Operação,Solar,Radiação solar,Autorização,Radiação solar,2019-11-29,"23660,00",23660,"6500,00",Não,"-12,03789474","-45,06931202",2018-07-04,2053-07-04,100% para SOLAR BARREIRAS III ENERGIA SPE LTDA - 29.986.328/0001-00 (PIE),,Barreiras - BA
2026-10-01,Sertão Solar Barreiras IV,033473,UFV.RS.BA.033473-1.1,BA,UFV,Operação,Solar,Radiação solar,Autorização,Radiação solar,2019-11-29,"23660,00",23660,"6600,00",Não,"-12,04920194","-45,07021660",2018-07-04,2053-07-04,100% para SOLAR BARREIRAS IV ENERGIA SPE LTDA - 30.006.065/0001-05 (PIE),,Barreiras - BA
2026-10-01,Norsa Refrigerantes - Simões Filho,033484,UTE.PE.BA.033484-7.1,BA,UTE,Operação,Fóssil,Petróleo,Registro,Óleo Diesel,2010-01-01,"1048,80",1048,",00",Não,"-12,83239572","-38,40802815",,,100% para Solar.BR Participações S.A. - 18.390.679/0001-38 (REG),,Simões Filho - BA
2026-10-01,Ventos de São Januário 01,033508,EOL.CV.BA.033508-8.1,BA,EOL,Operação,Eólica,Cinética do vento,Autorização,Cinética do vento,2020-10-02,"33600,00",33600,"18800,00",Não,"-10,32267124","-40,43672213",2018-08-17,2053-08-17,100% para PARQUE EOLICO VENTOS DE SAO JANUARIO 01 S.A - 30.558.359/0001-40 (PIE),,Campo Formoso - BA
2026-10-01,QUÍMICA AMPARO SIMÕES FILHO FÁBRICA,033517,UTE.PE.BA.033517-7.1,BA,UTE,Operação,Fóssil,Petróleo,Registro,Óleo Diesel,2015-04-16,"3969,00",3969,",00",Não,"-12,84291278","-38,44785889",,,100% para QUIMICA AMPARO LTDA - 43.461.789/0001-90 (REG),,Simões Filho - BA
2026-10-01,Ventos de São Januário 03,033521,EOL.CV.BA.033521-5.1,BA,EOL,Operação,Eólica,Cinética do vento,Autorização,Cinética do vento,2020-11-06,"33600,00",33600,"18900,00",Não,"-10,31053008","-40,44036494",2019-01-17,2054-01-17,100% para PARQUE EOLICO VENTOS DE SAO JANUARIO 03 S.A - 31.818.977/0001-44 (PIE),,Campo Formoso - BA
2026-10-01,Ventos de São Januário 06,033523,EOL.CV.BA.033523-1.1,BA,EOL,Operação,Eólica,Cinética do vento,Autorização,Cinética do vento,2020-11-30,"37800,00",37800,"20300,00",Não,"-10,41098237","-40,46644302",2019-01-17,2054-01-17,100% para PARQUE EOLICO VENTOS DE SAO JANUARIO 06 S.A - 31.810.453/0001-07 (PIE),,Campo Formoso - BA
2026-10-01,Ventos de São Januário 10,033529,EOL.CV.BA.033529-0.1,BA,EOL,Operação,Eólica,Cinética do vento,Autorização,Cinética do vento,2021-01-30,"42000,00",42000,"20800,00",Não,"-10,26507524","-40,43061877",2019-01-17,2054-01-17,100% para PARQUE EOLICO VENTOS DE SAO JANUARIO 10 S.A - 31.810.448/0001-02 (PIE),,Campo Formoso - BA
2026-10-01,Ventos de São Januário 11,033530,EOL.CV.BA.033530-4.1,BA,EOL,Operação,Eólica,Cinética do vento,Autorização,Cinética do vento,2021-01-06,"42000,00",42000,"19900,00",Não,"-10,24309451","-40,42447693",2019-01-17,2054-01-17,100% para PARQUE EOLICO VENTOS DE SAO JANUARIO 11 S.A - 31.810.445/0001-60 (PIE),,Campo Formoso - BA
2026-10-01,Ventos de São Januário 13,033532,EOL.CV.BA.033532-0.1,BA,EOL,Operação,Eólica,Cinética do vento,Autorização,Cinética do vento,2020-09-04,"42000,00",42000,"23100,00",Não,"-10,34475554","-40,43775390",2018-08-17,2053-08-17,100% para PARQUE EOLICO VENTOS DE SAO JANUARIO 13 S.A - 30.558.294/0001-32 (PIE),,Campo Formoso - BA
2026-10-01,Ventos de São Januário 14,033533,EOL.CV.BA.033533-9.1,BA,EOL,Operação,Eólica,Cinética do vento,Autorização,Cinética do vento,2020-09-04,"42000,00",42000,"23100,00",Não,"-10,36782797","-40,44223337",2018-08-17,2053-08-17,100% para PARQUE EOLICO VENTOS DE SAO JANUARIO 14 S.A - 30.558.337/0001-80 (PIE),,Campo Formoso - BA
2026-10-01,QUÍMICA AMPARO SIMÕES FILHO CD,033534,UTE.PE.BA.033534-7.1,BA,UTE,Operação,Fóssil,Petróleo,Registro,Óleo Diesel,2015-04-16,"269,50",269,",00",Não,"-12,82820500","-38,43353083",,,100% para QUIMICA AMPARO LTDA - 43.461.789/0001-90 (REG),,Simões Filho - BA
2026-10-01,Ventos de São Januário 16,033547,EOL.CV.BA.033547-9.1,BA,EOL,Operação,Eólica,Cinética do vento,Autorização,Cinética do vento,2022-11-17,"72000,00",72000,"40800,00",Não,"-11,09936157","-41,28088350",2020-04-15,2055-04-15,100% para Ventos de São Joaquim Energias Renováveis S.A. - 35.874.355/0001-94 (PIE),,"Morro do Chapéu - BA, Várzea Nova - BA"
2026-10-01,Ventos de São Januário 17,033548,EOL.CV.BA.033548-7.1,BA,EOL,Operação,Eólica,Cinética do vento,Autorização,Cinética do vento,2022-12-09,"72000,00",72000,"43200,00",Não,"-11,13073509","-41,28733190",2020-04-15,2055-04-15,100% para Ventos de São Júlio I Energias Renováveis S.A. - 35.859.013/0001-03 (PIE),,Morro do Chapéu - BA
2026-10-01,Ventos de São Januário 18,033549,EOL.CV.BA.033549-5.1,BA,EOL,Operação,Eólica,Cinética do vento,Autorização,Cinética do vento,2022-12-17,"72000,00",72000,"38900,00",Não,"-11,12647376","-41,30334018",2020-04-15,2055-04-15,100% para Ventos de Santa Justina Energias Renováveis S.A. - 35.865.623/0001-01 (PIE),,Morro do Chapéu - BA
2026-10-01,Verde Vale III,033588,UFV.RS.BA.033588-6.1,BA,UFV,Operação,Solar,Radiação solar,Autorização,Radiação solar,2018-08-22,"14300,00",14300,"3700,00",Não,"-14,14925154","-42,72702632",2016-04-29,2051-04-29,100% para UFV VERDE VALE III ENERGIA SOLAR S/A - 21.830.784/0001-55 (PIE),,Guanambi - BA
2026-10-01,Laranjeiras III,033626,EOL.CV.BA.033626-2.1,BA,EOL,Operação,Eólica,Cinética do vento,Autorização,Cinética do vento,2019-04-24,"25000,00",25000,"14100,00",Não,"-11,03539473","-42,63211130",2015-07-03,2050-07-03,100% para ASSURUA 3 I ENERGIA S.A. - 21.816.037/0001-62 (PIE),,Gentio do Ouro - BA
2026-10-01,Laranjeiras IX,033627,EOL.CV.BA.033627-0.1,BA,EOL,Operação,Eólica,Cinética do vento,Autorização,Cinética do vento,2019-04-24,"25000,00",25000,"14400,00",Não,"-11,08122843","-42,61800203",2015-07-03,2050-07-03,100% para ASSURUA 3 II ENERGIA S.A. - 21.815.934/0001-51 (PIE),,Gentio do Ouro - BA
2026-10-01,Campo Largo III,033628,EOL.CV.BA.033628-9.1,BA,EOL,Operação,Eólica,Cinética do vento,Autorização,Cinética do vento,2018-08-22,"29700,00",29700,"14600,00",Não,"-10,50290276","-41,54008674",2015-07-03,2050-07-03,100% para CLWP EOLICA PARQUE III S.A. - 16.755.810/0001-98 (PIE),,Sento Sé - BA
2026-10-01,Campo Largo IV,033629,EOL.CV.BA.033629-7.1,BA,EOL,Operação,Eólica,Cinética do vento,Autorização,Cinética do vento,2018-08-22,"29700,00",29700,"15500,00",Não,"-10,48978350","-41,51154837",2015-07-03,2050-07-03,100% para CLWP EOLICA PARQUE IV S.A. - 16.756.341/0001-21 (PIE),,Sento Sé - BA
2026-10-01,Campo Largo V,033630,EOL.CV.BA.033630-0.1,BA,EOL,Operação,Eólica,Cinética do vento,Autorização,Cinética do vento,2018-10-31,"29700,00",29700,"14100,00",Não,"-10,42297013","-41,42850734",2015-08-04,2050-08-04,100% para CLWP EOLICA PARQUE V S.A. - 16.757.107/0001-19 (PIE),,Sento Sé - BA
2026-10-01,Campo Largo VI,033631,EOL.CV.BA.033631-9.1,BA,EOL,Operação,Eólica,Cinética do vento,Autorização,Cinética do vento,2018-11-02,"29700,00",29700,"14100,00",Não,"-10,42114796","-41,39572975",2015-07-03,2050-07-03,100% para CLWP EOLICA PARQUE VI S.A. - 16.756.943/0001-89 (PIE),,Sento Sé - BA
2026-10-01,Campo Largo VII,033632,EOL.CV.BA.033632-7.1,BA,EOL,Operação,Eólica,Cinética do vento,Autorização,Cinética do vento,2018-07-04,"29700,00",29700,"16300,00",Não,"-10,52294314","-41,49361778",2015-07-03,2050-07-03,100% para CLWP EOLICA PARQUE VII S.A. - 16.757.011/0001-50 (PIE),,Sento Sé - BA
2026-10-01,Campo Largo XXI,033633,EOL.CV.BA.033633-5.1,BA,EOL,Operação,Eólica,Cinética do vento,Autorização,Cinética do vento,2018-10-06,"29700,00",29700,"15200,00",Não,"-10,44955113","-41,44806822",2015-08-04,2050-08-04,100% para CLWP EOLICA PARQUE XXI S.A. - 17.878.526/0001-71 (PIE),,Sento Sé - BA
2026-10-01,Umburanas 17,033634,EOL.CV.BA.033634-3.1,BA,EOL,Operação,Eólica,Cinética do vento,Autorização,Cinética do vento,2019-02-06,"22500,00",22500,"13300,00",Não,"-10,67234882","-41,57045134",2015-07-03,2050-07-03,100% para EOLICA UMBURANAS 17 S.A. - 20.168.158/0001-82 (PIE),,Sento Sé - BA
2026-10-01,Umburanas 19,033635,EOL.CV.BA.033635-1.1,BA,EOL,Operação,Eólica,Cinética do vento,Autorização,Cinética do vento,2019-02-22,"25000,00",25000,"13300,00",Não,"-10,59761022","-41,49465855",2015-08-04,2050-08-04,100% para EOLICA UMBURANAS 19 S.A. - 20.168.112/0001-63 (PIE),,Sento Sé - BA
2026-10-01,Umburanas 21,033636,EOL.CV.BA.033636-0.1,BA,EOL,Operação,Eólica,Cinética do vento,Autorização,Cinética do vento,2019-01-04,"22500,00",22500,"12600,00",Não,"-10,70100472","-41,59507662",2015-08-04,2050-08-04,100% para EOLICA UMBURANAS 21 S.A. - 20.168.743/0001-82 (PIE),,Sento Sé - BA
2026-10-01,Umburanas 23,033637,EOL.CV.BA.033637-8.1,BA,EOL,Operação,Eólica,Cinética do vento,Autorização,Cinética do vento,2019-03-13,"15000,00",15000,"8400,00",Não,"-10,62452756","-41,60279471",2015-08-04,2050-08-04,100% para EOLICA UMBURANAS 23 S.A. - 20.168.788/0001-57 (PIE),,Sento Sé - BA
2026-10-01,Umburanas 25,033639,EOL.CV.BA.033639-4.1,BA,EOL,Operação,Eólica,Cinética do vento,Autorização,Cinética do vento,2019-03-01,"17500,00",17500,"9300,00",Não,"-10,64676367","-41,53336924",2015-08-04,2050-08-04,100% para EOLICA UMBURANAS 25 S.A. - 19.281.805/0001-89 (PIE),,Sento Sé - BA
2026-10-01,Atacadão SA Feira de Santana,033646,UTE.PE.BA.033646-7.1,BA,UTE,Operação,Fóssil,Petróleo,Registro,Óleo Diesel,2008-03-06,"800,00",800,",00",Não,"-12,23436765","-38,97389048",,,100% para ATACADAO S.A. - 75.315.333/0001-09 (REG),,Feira de Santana - BA
2026-10-01,Ventos da Santa Dulce,033648,EOL.CV.BA.033648-3.1,BA,EOL,Operação,Eólica,Cinética do vento,Autorização,Cinética do vento,2018-06-29,"28000,00",28000,"18800,00",Não,"-11,59853886","-41,33942579",2015-07-03,2050-07-03,100% para ENEL GREEN POWER MORRO DO CHAPEU II EOLICA S.A - 21.869.008/0001-69 (PIE),,Morro do Chapéu - BA
2026-10-01,Ventos da Santa Esperança,033649,EOL.CV.BA.033649-1.1,BA,EOL,Operação,Eólica,Cinética do vento,Autorização,Cinética do vento,2018-06-29,"28000,00",28000,"17800,00",Não,"-11,60750442","-41,31574191",2015-07-03,2050-07-03,100% para ENEL GREEN POWER MORRO DO CHAPEU II EOLICA S.A - 21.869.008/0001-69 (PIE),,Morro do Chapéu - BA
2026-10-01,Ventos do São Mário,033650,EOL.CV.BA.033650-5.1,BA,EOL,Operação,Eólica,Cinética do vento,Autorização,Cinética do vento,2018-06-29,"30000,00",30000,"18200,00",Não,"-11,58741408","-41,22852865",2015-07-03,2050-07-03,100% para ENEL GREEN POWER MORRO DO CHAPEU I EOLICA S.A. - 21.868.992/0001-43 (PIE),,Morro do Chapéu - BA
2026-10-01,Ventos do São Paulo,033652,EOL.CV.BA.033652-1.1,BA,EOL,Operação,Eólica,Cinética do vento,Autorização,Cinética do vento,2018-06-29,"28000,00",28000,"17700,00",Não,"-11,57867591","-41,30342444",2015-08-04,2050-08-04,100% para ENEL GREEN POWER MORRO DO CHAPEU I EOLICA S.A. - 21.868.992/0001-43 (PIE),,Morro do Chapéu - BA
2026-10-01,Horizonte MP 1,033757,UFV.RS.BA.033757-9.1,BA,UFV,Operação,Solar,Radiação solar,Autorização,Radiação solar,2018-03-17,"29400,00",29400,"9200,00",Não,"-12,60903827","-44,08514302",2016-03-22,2051-03-22,100% para ENEL GREEN POWER HORIZONTE MP SOLAR S.A. - 23.399.589/0001-48 (PIE),,Tabocas do Brejo Velho - BA
2026-10-01,Horizonte MP 2,033759,UFV.RS.BA.033759-5.1,BA,UFV,Operação,Solar,Radiação solar,Autorização,Radiação solar,2018-03-15,"29400,00",29400,"9200,00",Não,"-12,61406454","-44,08961868",2016-03-22,2051-03-22,100% para ENEL GREEN POWER HORIZONTE MP SOLAR S.A. - 23.399.589/0001-48 (PIE),,Tabocas do Brejo Velho - BA
2026-10-01,Horizonte MP 11,033777,UFV.RS.BA.033777-3.1,BA,UFV,Operação,Solar,Radiação solar,Autorização,Radiação solar,2018-03-17,"21000,00",21000,"6100,00",Não,"-12,63943181","-44,08480598",2016-03-22,2051-03-22,100% para ENEL GREEN POWER HORIZONTE MP SOLAR S.A. - 23.399.589/0001-48 (PIE),,Tabocas do Brejo Velho - BA
2026-10-01,São Pedro II,033782,UFV.RS.BA.033782-0.1,BA,UFV,Operação,Solar,Radiação solar,Autorização,Radiação solar,2018-11-08,"27000,00",27000,"8000,00",Não,"-13,32273116","-43,29514073",2016-03-02,2051-03-02,100% para CENTRAL FOTOVOLTAICA SAO PEDRO II S.A. - 24.068.977/0001-09 (PIE),,Bom Jesus da Lapa - BA
2026-10-01,São Pedro IV,033784,UFV.RS.BA.033784-6.1,BA,UFV,Operação,Solar,Radiação solar,Autorização,Radiação solar,2018-11-08,"27000,00",27000,"8000,00",Não,"-13,32273116","-43,29514073",2016-03-22,2051-03-22,100% para CENTRAL FOTOVOLTAICA SAO PEDRO IV S.A. - 24.069.089/0001-00 (PIE),,Bom Jesus da Lapa - BA
2026-10-01,Candengo,033901,PCH.PH.BA.033901-6.1,BA,PCH,Operação,Hídrica,Potencial hidráulico,Autorização,Potencial hidráulico,2017-03-10,"10980,00",10980,"5670,00",Não,"-13,34623665","-39,10319242",2017-03-10,2047-03-17,100% para CANDENGO ENERGIAS RENOVAVEIS S.A. - 22.454.143/0001-06 (APE),"51 - Jequirica, Paraguacu e outros",Valença - BA
2026-10-01,Juazeiro Solar I,033928,UFV.RS.BA.033928-8.1,BA,UFV,Operação,Solar,Radiação solar,Autorização,Radiação solar,2018-12-12,"30000,00",30000,"8700,00",Não,"-9,53190291","-40,48784622",2016-06-01,2051-07-23,100% para CENTRAL FOTOVOLTAICA JUAZEIRO SOLAR I SPE LTDA - 24.302.618/0001-74 (PIE),,Juazeiro - BA
2026-10-01,Juazeiro Solar II,033929,UFV.RS.BA.033929-6.1,BA,UFV,Operação,Solar,Radiação solar,Autorização,Radiação solar,2018-12-18,"30000,00",30000,"8700,00",Não,"-9,53190291","-40,48784622",2016-06-01,2051-07-23,100% para CENTRAL FOTOVOLTAICA JUAZEIRO SOLAR II SPE LTDA. - 24.227.619/0001-00 (PIE),,Juazeiro - BA
2026-10-01,Juazeiro Solar III,033930,UFV.RS.BA.033930-0.1,BA,UFV,Operação,Solar,Radiação solar,Autorização,Radiação solar,2018-12-13,"30000,00",30000,"8700,00",Não,"-9,53190291","-40,48784622",2016-06-01,2051-07-23,100% para CENTRAL FOTOVOLTAICA JUAZEIRO SOLAR III SPE LTDA - 24.358.177/0001-22 (PIE),,Juazeiro - BA
2026-10-01,Juazeiro Solar IV,033931,UFV.RS.BA.033931-8.1,BA,UFV,Operação,Solar,Radiação solar,Autorização,Radiação solar,2018-12-19,"30000,00",30000,"8700,00",Não,"-9,53190291","-40,48784622",2016-06-01,2051-07-23,100% para CENTRAL FOTOVOLTAICA JUAZEIRO SOLAR IV SPE LTDA - 24.168.509/0001-06 (PIE),,Juazeiro - BA
2026-10-01,Atacadão SA Juazeiro,034010,UTE.PE.BA.034010-3.1,BA,UTE,Operação,Fóssil,Petróleo,Registro,Óleo Diesel,2008-11-27,"720,00",720,",00",Não,"-9,45125250","-40,48818250",,,100% para ATACADAO S.A. - 75.315.333/0001-09 (REG),,Juazeiro - BA
2026-10-01,Assuruá,034120,UFV.RS.BA.034120-7.1,BA,UFV,Operação,Solar,Radiação solar,Autorização,Radiação solar,2018-02-06,"30520,00",30520,"8800,00",Não,"-10,99000579","-42,36037131",2016-04-27,2051-04-27,100% para SPE ASSURUA GERADORA DE ENERGIA SOLAR S.A - 23.965.886/0001-03 (PIE),,Itaguaçu da Bahia - BA
2026-10-01,BJL 11,034153,UFV.RS.BA.034153-3.1,BA,UFV,Operação,Solar,Radiação solar,Autorização,Radiação solar,2018-05-12,"20000,00",20000,"5000,00",Não,"-13,32717157","-43,35719176",2016-04-27,2051-04-27,100% para BJL11 SOLAR S.A. - 23.932.419/0001-87 (PIE),,Bom Jesus da Lapa - BA
2026-10-01,BJL 4,034158,UFV.RS.BA.034158-4.1,BA,UFV,Operação,Solar,Radiação solar,Autorização,Radiação solar,2018-12-07,"20000,00",20000,"5000,00",Não,"-13,32076646","-43,34286701",2016-07-06,2051-07-06,100% para BJL4 SOLAR S.A. - 24.626.423/0001-80 (PIE),,Bom Jesus da Lapa - BA
2026-10-01,Citrino,034292,UFV.RS.BA.034292-0.1,BA,UFV,Construção não iniciada,Solar,Radiação solar,Autorização,Radiação solar,1900-01-03,"30000,00",0,",00",Não,"-11,58611388","-41,98676112",2022-01-27,2057-01-27,100% para CITRINO SOLAR ENERGIA SPE LTDA. - 15.685.487/0001-60 (PIE),,Ibititá - BA
2026-10-01,Paratinga,034312,UFV.RS.BA.034312-9.1,BA,UFV,Construção não iniciada,Solar,Radiação solar,Autorização,Radiação solar,1900-01-03,"25000,00",0,",00",Não,"-12,73277778","-43,13944444",2021-03-23,2056-03-23,100% para Lagedo Alto Energia Ltda. - 22.500.629/0001-33 (PIE),,Paratinga - BA
2026-10-01,Lapa 3,034333,UFV.RS.BA.034333-1.1,BA,UFV,Operação,Solar,Radiação solar,Autorização,Radiação solar,2017-06-30,"30000,00",30000,"8700,00",Não,"-13,32031389","-43,37230278",2016-03-10,2051-03-10,100% para NOVA LAPA SOLAR S.A. - 23.509.564/0001-50 (PIE),,Bom Jesus da Lapa - BA
2026-10-01,Sobrado 1,034387,UFV.RS.BA.034387-0.1,BA,UFV,Operação,Solar,Radiação solar,Autorização,Radiação solar,2019-11-14,"30000,00",30000,",00",Não,"-9,38115197","-41,81209074",2016-06-10,2051-06-10,100% para OH SOBRADO GERADORA DE ENERGIA SOLAR S.A - 24.648.754/0001-10 (PIE),,Casa Nova - BA
2026-10-01,Lapa 2,034437,UFV.RS.BA.034437-0.1,BA,UFV,Operação,Solar,Radiação solar,Autorização,Radiação solar,2017-06-30,"30000,00",30000,"8700,00",Não,"-13,31625800","-43,35336700",2016-03-10,2051-03-10,100% para NOVA LAPA SOLAR S.A. - 23.509.564/0001-50 (PIE),,Bom Jesus da Lapa - BA
2026-10-01,Ventos de Santa Esperança 15,034507,EOL.CV.BA.034507-5.1,BA,EOL,Operação,Eólica,Cinética do vento,Autorização,Cinética do vento,2022-01-13,"46200,00",46200,"29000,00",Não,"-11,55833830","-41,30172757",2018-05-18,2053-05-18,100% para ENEL GREEN POWER VENTOS DE SANTA ESPERANCA 15 S.A. - 29.552.609/0001-55 (PIE),,Morro do Chapéu - BA
2026-10-01,Ventos de Santa Esperança 16,034508,EOL.CV.BA.034508-3.1,BA,EOL,Operação,Eólica,Cinética do vento,Autorização,Cinética do vento,2022-01-14,"42000,00",42000,"22500,00",Não,"-11,53059227","-41,32024105",2019-09-26,2054-09-26,100% para ENEL GREEN POWER VENTOS DE SANTA ESPERANÇA 16 S.A. - 29.552.662/0001-56 (PIE),,Morro do Chapéu - BA
2026-10-01,Ventos de Santa Esperança 17,034509,EOL.CV.BA.034509-1.1,BA,EOL,Operação,Eólica,Cinética do vento,Autorização,Cinética do vento,2021-11-13,"42000,00",42000,"25700,00",Não,"-11,50797772","-41,29458236",2018-05-18,2053-05-18,100% para ENEL GREEN POWER VENTOS DE SANTA ESPERANÇA 17 S.A. - 29.587.306/0001-78 (PIE),,Morro do Chapéu - BA
2026-10-01,Ventos de Santa Esperança 21,034511,EOL.CV.BA.034511-3.1,BA,EOL,Operação,Eólica,Cinética do vento,Autorização,Cinética do vento,2021-11-13,"46200,00",46200,"29700,00",Não,"-11,49919413","-41,29109346",2019-09-26,2054-09-26,100% para ENEL GREEN POWER VENTOS DE SANTA ESPERANÇA 21 S.A. - 29.579.544/0001-31 (PIE),,Morro do Chapéu - BA
2026-10-01,Ventos de Santa Esperança 22,034512,EOL.CV.BA.034512-1.1,BA,EOL,Operação,Eólica,Cinética do vento,Autorização,Cinética do vento,2021-12-30,"46200,00",46200,"28900,00",Não,"-11,51693908","-41,28006687",2019-09-26,2054-09-26,100% para ENEL GREEN POWER VENTOS DE SANTA ESPERANÇA 22 S.A. - 29.618.696/0001-04 (PIE),,Morro do Chapéu - BA
2026-10-01,Ventos de Santa Esperança 25,034513,EOL.CV.BA.034513-0.1,BA,EOL,Operação,Eólica,Cinética do vento,Autorização,Cinética do vento,2021-12-31,"25200,00",25200,"13200,00",Não,"-11,55902476","-41,33004267",2019-09-26,2054-09-26,100% para ENEL GREEN POWER VENTOS DE SANTA ESPERANÇA 25 S.A. - 29.616.244/0001-85 (PIE),,Morro do Chapéu - BA
2026-10-01,Ventos de Santa Esperança 26,034514,EOL.CV.BA.034514-8.1,BA,EOL,Operação,Eólica,Cinética do vento,Autorização,Cinética do vento,2021-11-13,"46200,00",46200,"24800,00",Não,"-11,52612662","-41,33171371",2019-09-26,2054-09-26,100% para ENEL GREEN POWER VENTOS DE SANTA ESPERANÇA 26 S.A. - 29.617.129/0001-25 (PIE),,Morro do Chapéu - BA
2026-10-01,Campo Largo I,034613,EOL.CV.BA.034613-6.1,BA,EOL,Operação,Eólica,Cinética do vento,Autorização,Cinética do vento,2018-09-21,"29700,00",29700,",00",Não,"-10,46544666","-41,49346741",2017-05-08,2052-05-08,100% para CLWP EÓLICA PARQUE I S.A. - 16.756.565/0001-33 (PIE),,Sento Sé - BA
2026-10-01,Campo Largo VIII,034614,EOL.CV.BA.034614-4.1,BA,EOL,Operação,Eólica,Cinética do vento,Autorização,Cinética do vento,2021-05-04,"33600,00",33600,"18500,00",Não,"-10,45999880","-41,39316050",2019-12-19,2054-12-19,100% para CLWP EÓLICA PARQUE VIII S.A. - 18.001.918/0001-10 (PIE),,Umburanas - BA
2026-10-01,Campo Largo XIII,034622,EOL.CV.BA.034622-5.1,BA,EOL,Operação,Eólica,Cinética do vento,Autorização,Cinética do vento,2021-09-02,"42000,00",42000,"22500,00",Não,"-10,40246351","-41,49350420",2019-12-19,2054-12-19,100% para CLWP EÓLICA PARQUE XIII S.A. - 17.995.969/0001-42 (PIE),,Sento Sé - BA
2026-10-01,Campo Largo XII,034623,EOL.CV.BA.034623-3.1,BA,EOL,Operação,Eólica,Cinética do vento,Autorização,Cinética do vento,2021-08-20,"54600,00",54600,"27600,00",Não,"-10,40541210","-41,44864516",2019-12-19,2054-12-19,100% para CLWP EÓLICA PARQUE XII S.A. - 17.846.141/0001-22 (PIE),,Sento Sé - BA
2026-10-01,Campo Largo XI,034625,EOL.CV.BA.034625-0.1,BA,EOL,Operação,Eólica,Cinética do vento,Autorização,Cinética do vento,2021-09-02,"16800,00",16800,"8700,00",Não,"-10,40273666","-41,44636052",2019-12-19,2054-12-19,100% para CLWP EÓLICA PARQUE XI S.A. - 17.955.471/0001-56 (PIE),,Sento Sé - BA
2026-10-01,Campo Largo X,034630,EOL.CV.BA.034630-6.1,BA,EOL,Operação,Eólica,Cinética do vento,Autorização,Cinética do vento,2021-03-05,"33600,00",33600,"18500,00",Não,"-10,50668650","-41,48676691",2019-12-19,2054-12-19,100% para CLWP EÓLICA PARQUE X S.A. - 17.815.305/0001-54 (PIE),,Sento Sé - BA
2026-10-01,Campo largo IX,034631,EOL.CV.BA.034631-4.1,BA,EOL,Operação,Eólica,Cinética do vento,Autorização,Cinética do vento,2021-02-23,"25200,00",25200,"13000,00",Não,"-10,46258579","-41,39403857",2019-12-19,2054-12-19,100% para CLWP EÓLICA PARQUE IX S.A. - 17.995.695/0001-91 (PIE),,Umburanas - BA
2026-10-01,Campo Largo II,034633,EOL.CV.BA.034633-0.1,BA,EOL,Operação,Eólica,Cinética do vento,Autorização,Cinética do vento,2018-12-21,"29700,00",29700,"16300,00",Não,"-10,51103117","-41,45451405",2017-05-08,2052-05-08,100% para CLWP EÓLICA PARQUE II S.A. - 16.913.777/0001-87 (PIE),,Sento Sé - BA
2026-10-01,Campo Largo XIV,034634,EOL.CV.BA.034634-9.1,BA,EOL,Operação,Eólica,Cinética do vento,Autorização,Cinética do vento,2021-03-31,"21000,00",21000,"12000,00",Não,"-10,44678334","-41,50083161",2019-12-19,2054-12-19,100% para CLWP EÓLICA PARQUE XIV S.A. - 17.829.499/0001-47 (PIE),,Sento Sé - BA
2026-10-01,Campo Largo XV,034636,EOL.CV.BA.034636-5.1,BA,EOL,Operação,Eólica,Cinética do vento,Autorização,Cinética do vento,2018-11-23,"29700,00",29700,",00",Não,"-10,48909122","-41,43445434",2017-05-08,2052-05-08,100% para CLWP EÓLICA PARQUE XV S.A. - 17.928.199/0001-15 (PIE),,"Sento Sé - BA, Umburanas - BA"
2026-10-01,Campo Largo XVI,034637,EOL.CV.BA.034637-3.1,BA,EOL,Operação,Eólica,Cinética do vento,Autorização,Cinética do vento,2018-09-28,"29700,00",29700,",00",Não,"-10,44079793","-41,46759994",2017-05-08,2052-05-08,100% para CLWP EÓLICA PARQUE XVI S.A. - 17.828.934/0001-19 (PIE),,Sento Sé - BA
2026-10-01,Campo Largo XVII,034638,EOL.CV.BA.034638-1.1,BA,EOL,Operação,Eólica,Cinética do vento,Autorização,Cinética do vento,2021-04-07,"29400,00",29400,"16200,00",Não,"-10,46295351","-41,51405275",2019-12-19,2054-12-19,100% para CLWP EÓLICA PARQUE XVII S.A. - 17.916.887/0001-65 (PIE),,Sento Sé - BA
2026-10-01,Campo Largo XVIII,034643,EOL.CV.BA.034643-8.1,BA,EOL,Operação,Eólica,Cinética do vento,Autorização,Cinética do vento,2018-10-31,"29700,00",29700,",00",Não,"-10,42029019","-41,47863891",2017-05-08,2052-05-08,100% para CLWP EÓLICA PARQUE XVIII S.A. - 17.889.739/0001-07 (PIE),,Sento Sé - BA
2026-10-01,Campo Largo XIX,034645,EOL.CV.BA.034645-4.1,BA,EOL,Operação,Eólica,Cinética do vento,Autorização,Cinética do vento,2021-05-21,"33600,00",33600,"17900,00",Não,"-10,44090202","-41,57230736",2019-12-19,2054-12-19,100% para CLWP EÓLICA PARQUE XIX S.A. - 17.928.213/0001-80 (PIE),,Sento Sé - BA
2026-10-01,Campo Largo XX,034647,EOL.CV.BA.034647-0.1,BA,EOL,Operação,Eólica,Cinética do vento,Autorização,Cinética do vento,2021-06-25,"37800,00",37800,"20600,00",Não,"-10,48045063","-41,57687853",2019-12-19,2054-12-19,100% para CLWP EÓLICA PARQUE XX S.A. - 17.929.168/0001-89 (PIE),,Sento Sé - BA
2026-10-01,Campo Largo XXII,034648,EOL.CV.BA.034648-9.1,BA,EOL,Operação,Eólica,Cinética do vento,Autorização,Cinética do vento,2021-06-25,"33600,00",33600,"17000,00",Não,"-10,50942356","-41,61168567",2019-12-19,2054-12-19,100% para CLWP EÓLICA PARQUE XXII S.A. - 18.154.009/0001-12 (PIE),,Sento Sé - BA
2026-10-01,Ventos de São Vitor 3,034655,EOL.CV.BA.034655-1.1,BA,EOL,Operação,Eólica,Cinética do vento,Autorização,Cinética do vento,2024-05-10,"32000,00",32000,"14600,00",Não,"-10,92544883","-42,55331652",2020-11-06,2055-11-06,100% para VENTOS DE SAO VITOR 03 ENERGIAS RENOVAVEIS S/A - 35.402.454/0001-73 (PIE),,Xique-Xique - BA
2026-10-01,Ventos de São Vitor 4,034656,EOL.CV.BA.034656-0.1,BA,EOL,Operação,Eólica,Cinética do vento,Autorização,Cinética do vento,2023-12-19,"32000,00",32000,"15300,00",Não,"-10,94114345","-42,56103358",2020-11-06,2055-11-06,100% para VENTOS DE SAO VITOR 04 ENERGIAS RENOVAVEIS S/A - 35.402.592/0001-52 (PIE),,Xique-Xique - BA
2026-10-01,Ventos de São Vitor 10,034657,EOL.CV.BA.034657-8.1,BA,EOL,Operação,Eólica,Cinética do vento,Autorização,Cinética do vento,2024-05-01,"44800,00",44800,"22600,00",Não,"-10,94805524","-42,52945630",2020-11-06,2055-11-06,100% para VENTOS DE SAO VITOR 10 ENERGIAS RENOVAVEIS S/A - 35.403.117/0001-09 (PIE),,"Itaguaçu da Bahia - BA, Xique-Xique - BA"
2026-10-01,Ventos de São Vitor 11,034658,EOL.CV.BA.034658-6.1,BA,EOL,Operação,Eólica,Cinética do vento,Autorização,Cinética do vento,2024-07-23,"32000,00",32000,"14800,00",Não,"-10,93004437","-42,53707598",2020-11-06,2055-11-06,100% para VENTOS DE SAO VITOR 11 ENERGIAS RENOVAVEIS S/A - 35.403.207/0001-91 (PIE),,"Itaguaçu da Bahia - BA, Xique-Xique - BA"
2026-10-01,Ventos de São Vitor 12,034659,EOL.CV.BA.034659-4.1,BA,EOL,Operação,Eólica,Cinética do vento,Autorização,Cinética do vento,2023-07-18,"32000,00",32000,"15700,00",Não,"-10,99014879","-42,51652227",2020-11-06,2055-11-06,100% para VENTOS DE SAO VITOR 12 ENERGIAS RENOVAVEIS S/A - 35.436.200/0001-76 (PIE),,Itaguaçu da Bahia - BA
2026-10-01,Ventos de São Vitor 14,034660,EOL.CV.BA.034660-8.1,BA,EOL,Operação,Eólica,Cinética do vento,Autorização,Cinética do vento,2023-07-20,"38400,00",38400,"17800,00",Não,"-10,99169933","-42,50064184",2020-11-06,2055-11-06,"35.1400% para IRMAOS BOA LTDA - 50.948.371/0001-78 (APE), 32.4200% para CASA AVENIDA COMERCIO E IMPORTACAO S.A. - 44.358.067/0001-78 (APE), 10% para VENTOS DE SAO VITOR 14 ENERGIAS RENOVAVEIS S/A - 35.477.384/0001-12 (APE), 6.6500% para VITORIA APART HOSPITAL S/A - 02.209.094/0001-39 (APE), 4.1300% para HOSPITAL MED IMAGEM S.A - 63.326.243/0001-34 (APE), 2.8400% para ATHENA HEALTHCARE HOLDING S.A. - 26.753.292/0001-27 (APE), 2.5200% para HOSPITAL BOM SAMARITANO DE MARINGA LTDA - 23.876.304/0001-12 (APE), 1.9100% para HOSPITAL MARANHENSE LTDA - 06.265.912/0001-71 (APE), 1.9100% para SAO BERNARDO APART HOSPITAL S/A - 07.039.651/0001-34 (APE), 1.5500% para HOSPITAL SANTA MARIA LTDA - 06.873.111/0001-99 (APE), 0.9300% para HOSPITAL DAS CLINICAS DE ALAGOINHAS LTDA - 13.518.634/0001-82 (APE)",,Itaguaçu da Bahia - BA
2026-10-01,Ventos de Santa Esperança 08,034661,EOL.CV.BA.034661-6.1,BA,EOL,Operação,Eólica,Cinética do vento,Autorização,Cinética do vento,2022-02-02,"25200,00",25200,"14900,00",Não,"-11,58693056","-41,33895335",2019-09-26,2054-09-26,100% para ENEL GREEN POWER VENTOS DE SANTA ESPERANCA 8 S.A. - 29.641.225/0001-09 (PIE),,Morro do Chapéu - BA
2026-10-01,Ventos de Santa Esperança 13,034692,EOL.CV.BA.034692-6.1,BA,EOL,Operação,Eólica,Cinética do vento,Autorização,Cinética do vento,2022-01-27,"33600,00",33600,"20300,00",Não,"-11,58342408","-41,35679636",2018-05-17,2053-05-17,100% para ENEL GREEN POWER VENTOS DE SANTA ESPERANCA 13 S.A. - 29.552.763/0001-27 (PIE),,Morro do Chapéu - BA
2026-10-01,Ventos de Santa Emilia,034717,EOL.CV.BA.034717-5.1,BA,EOL,Operação,Eólica,Cinética do vento,Autorização,Cinética do vento,2018-11-14,"27300,00",27300,"14400,00",Não,"-11,00636025","-41,22712795",2016-07-20,2051-07-20,100% para CENTRAL EOLICA BABILONIA V S.A. - 13.346.108/0001-82 (PIE),,Várzea Nova - BA
2026-10-01,Ventos de Santa Aparecida,034736,EOL.CV.BA.034736-1.1,BA,EOL,Operação,Eólica,Cinética do vento,Autorização,Cinética do vento,2018-11-24,"27300,00",27300,"15400,00",Não,"-10,91301565","-41,22142744",2016-07-13,2051-07-13,100% para CENTRAL EOLICA BABILONIA I S.A. - 13.346.095/0001-41 (PIE),,Ourolândia - BA
2026-10-01,Ventos da Santa Beatriz,034738,EOL.CV.BA.034738-8.1,BA,EOL,Operação,Eólica,Cinética do vento,Autorização,Cinética do vento,2018-11-24,"27300,00",27300,"15400,00",Não,"-10,93969473","-41,22889662",2016-07-27,2051-07-27,100% para CENTRAL EOLICA BABILONIA II S.A. - 13.346.161/0001-83 (PIE),,Ourolândia - BA
2026-10-01,Ventos do São Gabriel,034739,EOL.CV.BA.034739-6.1,BA,EOL,Operação,Eólica,Cinética do vento,Autorização,Cinética do vento,2018-11-24,"27300,00",27300,"14500,00",Não,"-10,95819775","-41,23343433",2016-07-20,2051-07-20,100% para CENTRAL EOLICA BABILONIA III S.A. - 13.346.102/0001-05 (PIE),,Várzea Nova - BA
2026-10-01,Ventos de Santa Aurora,034742,EOL.CV.BA.034742-6.1,BA,EOL,Operação,Eólica,Cinética do vento,Autorização,Cinética do vento,2018-11-24,"27300,00",27300,"14100,00",Não,"-10,97611855","-41,21994954",2016-07-18,2051-07-18,100% para CENTRAL EOLICA BABILONIA IV S.A. - 13.346.039/0001-07 (PIE),,Várzea Nova - BA
2026-10-01,Pedra do Reino IV,034777,EOL.CV.BA.034777-9.1,BA,EOL,Operação,Eólica,Cinética do vento,Autorização,Cinética do vento,2018-12-27,"20000,00",20000,"9700,00",Não,"-5,06615200","-36,01236200",2016-05-12,2051-05-12,100% para EOLICA PEDRA DO REINO IV S.A. - 24.294.065/0001-55 (PIE),,Sobradinho - BA
2026-10-01,Serra das Almas I,034778,EOL.CV.BA.034778-7.1,BA,EOL,Operação,Eólica,Cinética do vento,Autorização,Cinética do vento,2025-08-08,"40500,00",40500,"22100,00",Não,"-14,77098218","-42,56722220",2020-05-29,2055-05-29,100% para PARQUE EOLICO SERRA DAS ALMAS I S.A. - 42.745.162/0001-07 (PIE),,Licínio de Almeida - BA
2026-10-01,Serra das Almas II,034779,EOL.CV.BA.034779-5.1,BA,EOL,Operação,Eólica,Cinética do vento,Autorização,Cinética do vento,2025-08-22,"45000,00",45000,"26100,00",Não,"-14,79798325","-42,57213987",2020-05-29,2055-05-29,100% para PARQUE EOLICO SERRA DAS ALMAS II S.A. - 42.897.482/0001-74 (PIE),,Licínio de Almeida - BA
2026-10-01,Serra das Almas III,034780,EOL.CV.BA.034780-9.1,BA,EOL,Operação,Eólica,Cinética do vento,Autorização,Cinética do vento,2025-08-08,"40500,00",40500,"20300,00",Não,"-14,81988175","-42,56268360",2020-05-29,2055-05-29,100% para PARQUE EOLICO SERRA DAS ALMAS III S.A. - 42.776.595/0001-11 (PIE),,"Jacaraci - BA, Urandi - BA"
2026-10-01,Serra das Almas VI,034781,EOL.CV.BA.034781-7.1,BA,EOL,Operação,Eólica,Cinética do vento,Autorização,Cinética do vento,2025-06-24,"45000,00",45000,"23600,00",Não,"-14,83093014","-42,58490473",2020-05-29,2055-05-29,100% para PARQUE EOLICO SERRA DAS ALMAS VI S.A. - 42.771.855/0001-66 (PIE),,Urandi - BA
2026-10-01,Ventos de São Vitor 1,034809,EOL.CV.BA.034809-0.1,BA,EOL,Operação,Eólica,Cinética do vento,Autorização,Cinética do vento,2023-10-17,"32000,00",32000,"15100,00",Não,"-10,89804156","-42,53864710",2020-11-06,2055-11-06,100% para VENTOS DE SAO VITOR 01 ENERGIAS RENOVAVEIS S/A - 35.469.795/0001-66 (PIE),,Xique-Xique - BA
2026-10-01,Ventos de São Vitor 2,034811,EOL.CV.BA.034811-2.1,BA,EOL,Operação,Eólica,Cinética do vento,Autorização,Cinética do vento,2023-10-04,"32000,00",32000,"16000,00",Não,"-10,91153919","-42,54620723",2020-11-06,2055-11-06,100% para VENTOS DE SAO VITOR 02 ENERGIAS RENOVAVEIS S/A - 35.477.401/0001-11 (PIE),,Xique-Xique - BA
2026-10-01,Ventos de São Vitor 5,034829,EOL.CV.BA.034829-5.1,BA,EOL,Operação,Eólica,Cinética do vento,Autorização,Cinética do vento,2024-01-09,"32000,00",32000,"16200,00",Não,"-10,95629760","-42,56218063",2020-11-06,2055-11-06,100% para VENTOS DE SAO VITOR 05 ENERGIAS RENOVAVEIS S/A - 35.402.703/0001-20 (PIE),,Xique-Xique - BA
2026-10-01,Ventos de São Vitor 6,034830,EOL.CV.BA.034830-9.1,BA,EOL,Operação,Eólica,Cinética do vento,Autorização,Cinética do vento,2023-12-20,"32000,00",32000,"16300,00",Não,"-10,97171047","-42,56177997",2020-11-06,2055-11-06,100% para VENTOS DE SAO VITOR 06 ENERGIAS RENOVAVEIS S/A - 35.402.868/0001-00 (PIE),,Xique-Xique - BA
2026-10-01,Ventos de São Vitor 7,034838,EOL.CV.BA.034838-4.1,BA,EOL,Operação,Eólica,Cinética do vento,Autorização,Cinética do vento,2023-10-29,"44800,00",44800,"22200,00",Não,"-10,98737242","-42,56089232",2020-11-06,2055-11-06,100% para VENTOS DE SAO VITOR 07 ENERGIAS RENOVAVEIS S/A - 35.402.953/0001-60 (PIE),,Xique-Xique - BA
2026-10-01,Ventos de São Vitor 8,034848,EOL.CV.BA.034848-1.1,BA,EOL,Operação,Eólica,Cinética do vento,Autorização,Cinética do vento,2024-03-20,"32000,00",32000,"15800,00",Não,"-10,98612573","-42,53962076",2020-11-06,2055-11-06,100% para VENTOS DE SAO VITOR 08 ENERGIAS RENOVAVEIS S/A - 35.403.030/0001-23 (PIE),,Xique-Xique - BA
2026-10-01,Ventos de São Vitor 9,034849,EOL.CV.BA.034849-0.1,BA,EOL,Operação,Eólica,Cinética do vento,Autorização,Cinética do vento,2024-04-05,"32000,00",32000,"16100,00",Não,"-10,97119410","-42,53691860",2020-11-06,2055-11-06,100% para VENTOS DE SAO VITOR 09 ENERGIAS RENOVAVEIS S/A - 35.403.066/0001-07 (PIE),,Xique-Xique - BA
2026-10-01,Ventos de São Vitor 13,034850,EOL.CV.BA.034850-3.1,BA,EOL,Operação,Eólica,Cinética do vento,Autorização,Cinética do vento,2023-07-18,"32000,00",32000,"15500,00",Não,"-10,97618120","-42,51015523",2020-11-06,2055-11-06,100% para VENTOS DE SAO VITOR 13 ENERGIAS RENOVAVEIS S/A - 35.436.176/0001-75 (PIE),,Itaguaçu da Bahia - BA
2026-10-01,Ventos da Bahia XVIII,034883,EOL.CV.BA.034883-0.1,BA,EOL,Operação,Eólica,Cinética do vento,Autorização,Cinética do vento,2018-09-12,"28600,00",28600,"13400,00",Não,"-12,01548693","-41,49544765",2016-06-02,2051-06-02,100% para PARQUE EOLICO VENTOS DA BAHIA XVIII S.A. - 23.888.804/0001-74 (PIE),,Mulungu do Morro - BA
2026-10-01,Ventos da Bahia XXVII,034889,EOL.CV.BA.034889-9.1,BA,EOL,Operação,Eólica,Cinética do vento,Autorização,Cinética do vento,2022-02-05,"49500,00",49500,"22700,00",Não,"-12,06263011","-41,48626537",2019-01-23,2054-01-23,100% para PARQUE EOLICO VENTOS DA BAHIA XXVII S.A. - 32.124.546/0001-40 (PIE),,"Mulungu do Morro - BA, Souto Soares - BA"
2026-10-01,SALVADOR - PITUBA,035012,UTE.PE.BA.035012-5.1,BA,UTE,Operação,Fóssil,Petróleo,Registro,Óleo Diesel,2011-01-01,"484,00",484,",00",Não,"-12,98997222","-38,45944444",,,100% para CLARO S.A. - 40.432.544/0001-47 (REG),,Salvador - BA
2026-10-01,Santa Luzia,035105,PCH.PH.BA.035105-9.1,BA,PCH,Construção,Hídrica,Potencial hidráulico,Autorização,Potencial hidráulico,1900-01-03,"17001,00",0,"10160,00",Não,"-12,55288889","-45,09498056",2019-07-19,2054-07-19,100% para GERACAO DE ENERGIA SANTA LUZIA SPE S/A - 04.610.623/0001-37 (PIE),46 - Grande e outros - Sao Francisco,São Desidério - BA
2026-10-01,Aura Tanque Novo 03,035172,EOL.CV.BA.035172-5.1,BA,EOL,Operação,Eólica,Cinética do vento,Autorização,Cinética do vento,2023-05-05,"13500,00",13500,"5400,00",Não,"-13,64982856","-42,57715616",2020-04-28,2055-04-28,100% para TANQUE NOVO III ENERGIAS RENOVAVEIS S.A. - 35.655.024/0001-63 (PIE),,Tanque Novo - BA
2026-10-01,Serra do Fogo,035222,EOL.CV.BA.035222-5.1,BA,EOL,Operação,Eólica,Cinética do vento,Autorização,Cinética do vento,2020-12-05,"31185,00",31185,"14900,00",Não,"-9,80508400","-41,02270900",2019-07-02,2054-07-02,100% para SERRA DO FOGO ENERGÉTICA S.A. - 33.295.705/0001-32 (PIE),,Sento Sé - BA
2026-10-01,Serra do Vento,035229,EOL.CV.BA.035229-2.1,BA,EOL,Operação,Eólica,Cinética do vento,Autorização,Cinética do vento,2020-11-19,"31185,00",31185,"16200,00",Não,"-9,81603000","-41,03888900",2019-07-02,2054-07-02,100% para SERRA DO VENTO ENERGÉTICA S.A. - 33.269.273/0001-95 (PIE),,Sento Sé - BA
2026-10-01,Umburana de Cheiro,035233,EOL.CV.BA.035233-0.1,BA,EOL,Operação,Eólica,Cinética do vento,Autorização,Cinética do vento,2020-12-31,"31185,00",31185,"13400,00",Não,"-9,83554100","-41,04269700",2019-07-02,2054-07-02,100% para UMBURANA DE CHEIRO ENERGÉTICA S.A. - 33.295.664/0001-84 (PIE),,Sento Sé - BA
2026-10-01,Ventos da Bahia XXIII,035234,EOL.CV.BA.035234-9.1,BA,EOL,Operação,Eólica,Cinética do vento,Autorização,Cinética do vento,2022-02-02,"49500,00",49500,"23800,00",Não,"-12,08423134","-41,49362596",2019-01-23,2054-01-23,100% para PARQUE EOLICO VENTOS DA BAHIA XXIII S.A. - 31.782.653/0001-01 (PIE),,Souto Soares - BA
2026-10-01,ZEUS II,035266,EOL.CV.BA.035266-7.1,BA,EOL,Operação,Eólica,Cinética do vento,Autorização,Cinética do vento,2019-08-30,"29400,00",29400,"16600,00",Não,"-9,96984534","-40,88155455",2018-06-20,2053-06-20,100% para ENEL GREEN POWER ZEUS II - DELFINA 8 S.A. - 25.174.955/0001-96 (PIE),,Campo Formoso - BA
2026-10-01,SENAI DENDEZEIROS,035379,UTE.PE.BA.035379-5.1,BA,UTE,Operação,Fóssil,Petróleo,Registro,Óleo Diesel,2015-11-06,"560,00",560,",00",Não,"-12,93247222","-38,50707778",,,100% para Serviço Nacional de Aprendizagem Industrial - 03.795.071/0001-16 (REG),,Salvador - BA
2026-10-01,SENAI LAURO DE FREITAS,035383,UTE.PE.BA.035383-3.1,BA,UTE,Operação,Fóssil,Petróleo,Registro,Óleo Diesel,2014-08-01,"720,00",720,",00",Não,"-12,89024444","-38,31338611",,,100% para Serviço Nacional de Aprendizagem Industrial - 03.795.071/0001-16 (REG),,Lauro de Freitas - BA
2026-10-01,SENAI CIMATEC,035385,UTE.PE.BA.035385-0.1,BA,UTE,Operação,Fóssil,Petróleo,Registro,Óleo Diesel,2015-04-01,"736,00",736,",00",Não,"-12,93888889","-38,38641111",,,100% para Serviço Nacional de Aprendizagem Industrial - 03.795.071/0001-16 (REG),,Salvador - BA
2026-10-01,AISA - CABECEIRINHA,035448,CGH.PH.BA.035448-1.1,BA,CGH,Operação,Hídrica,Potencial hidráulico,Registro,Potencial hidráulico,1982-05-16,"1440,00",1440,",00",Não,"-12,30583333","-45,43666667",,,100% para JACOBSEN COMPANHIA DE CULTIVOS LTDA - 02.571.863/0001-44 (PIE),46 - Grande e outros - Sao Francisco,Barreiras - BA
2026-10-01,Valfilm Nordeste Indústria e Comércio de Plásticos,035560,UTE.PE.BA.035560-7.1,BA,UTE,Operação,Fóssil,Petróleo,Registro,Óleo Diesel,2015-06-01,"3036,00",3036,",00",Não,"-12,68462139","-38,30055556",,,100% para VALGROUP BRASIL II INDUSTRIA DE EMBALAGENS PLASTICAS LTDA - 07.183.852/0005-34 (REG),,Camaçari - BA
2026-10-01,PCT Canário I,035617,UTE.GN.BA.035617-4.1,BA,UTE,Operação,Fóssil,Gás natural,Registro,Gás Natural,2016-04-28,"520,00",520,",00",Sim,"-12,32166310","-38,36554485",,,100% para GTW Geração e Serviços LTDA. - 13.332.930/0001-94 (REG),,Catu - BA
2026-10-01,Pajeú 3,035851,UFV.RS.BA.035851-7.2,BA,UFV,Construção não iniciada,Solar,Radiação solar,Autorização,Radiação solar,1900-01-03,"22000,00",0,",00",Não,"-13,33816667","-43,34369167",2022-04-13,2057-04-13,100% para UFV Pajeú 3 SPE S.A. - 45.784.035/0001-05 (PIE),,Bom Jesus da Lapa - BA
2026-10-01,Tucano XVI,036989,EOL.CV.BA.036989-6.1,BA,EOL,Operação,Eólica,Cinética do vento,Autorização,Cinética do vento,2023-04-07,"12400,00",12400,"5500,00",Não,"-11,35996856","-38,80407728",2020-05-29,2055-05-29,100% para TUCANO F2 GERACAO DE ENERGIAS SPE S.A. - 35.806.317/0001-02 (PIE),,Araci - BA
2026-10-01,Baraúnas XX,036993,EOL.CV.BA.036993-4.1,BA,EOL,Operação,Eólica,Cinética do vento,Autorização,Cinética do vento,2022-08-11,"31185,00",31185,"16000,00",Não,"-9,78915068","-41,01289439",2020-03-25,2055-03-25,100% para Baraúnas XX Energética S.A. - 34.986.678/0001-07 (PIE),,Sento Sé - BA
2026-10-01,Ararinha Azul,037001,EOL.CV.BA.037001-0.1,BA,EOL,Operação,Eólica,Cinética do vento,Autorização,Cinética do vento,2021-04-27,"21150,00",21150,"8000,00",Não,"-14,41267553","-42,64976084",2019-09-26,2054-09-26,"29.2800% para CIA BEAL DE ALIMENTOS - 78.116.670/0001-65 (APE), 22.6200% para EOLICA PINDAI IV GERACAO DE ENERGIA S.A. - 30.534.321/0001-37 (APE), 18.0100% para EÓLICA PINDAÍ II GERAÇÃO DE ENERGIA LTDA - 30.519.369/0001-76 (APE), 17.5700% para EOLICA PINDAI III GERACAO DE ENERGIA S.A. - 30.519.323/0001-57 (APE), 12.5200% para EÓLICA PINDAÍ I GERAÇÃO DE ENERGIA LTDA - 30.519.343/0001-28 (APE)",,Pindaí - BA
2026-10-01,Caetité D,037004,EOL.CV.BA.037004-5.1,BA,EOL,Operação,Eólica,Cinética do vento,Autorização,Cinética do vento,2024-03-20,"50400,00",50400,"22300,00",Não,"-14,11455910","-42,49976533",2020-05-04,2055-05-04,100% para EOLICA CAETITE D S.A. - 33.457.932/0001-17 (PIE),,Caetité - BA
2026-10-01,Caetité E,037005,EOL.CV.BA.037005-3.1,BA,EOL,Operação,Eólica,Cinética do vento,Autorização,Cinética do vento,2024-03-20,"37800,00",37800,"17700,00",Não,"-14,07435991","-42,51232761",2021-03-18,2056-03-18,100% para EOLICA CAETITE ECO S.A. - 33.471.379/0001-77 (PIE),,Caetité - BA
2026-10-01,Caetité F,037006,EOL.CV.BA.037006-1.1,BA,EOL,Operação,Eólica,Cinética do vento,Autorização,Cinética do vento,2024-06-11,"25200,00",25200,"12100,00",Não,"-14,07535267","-42,52628322",2021-03-18,2056-03-18,100% para EOLICA CAETITE F S.A. - 33.468.809/0001-00 (PIE),,Caetité - BA
2026-10-01,Corrupião II,037019,EOL.CV.BA.037019-3.1,BA,EOL,Operação,Eólica,Cinética do vento,Autorização,Cinética do vento,2021-04-09,"18800,00",18800,"8200,00",Não,"-14,41536206","-42,64112440",2019-09-26,2054-09-26,"29.2800% para CIA BEAL DE ALIMENTOS - 78.116.670/0001-65 (APE), 22.6200% para EOLICA PINDAI IV GERACAO DE ENERGIA S.A. - 30.534.321/0001-37 (APE), 18.0100% para EÓLICA PINDAÍ II GERAÇÃO DE ENERGIA LTDA - 30.519.369/0001-76 (APE), 17.5700% para EOLICA PINDAI III GERACAO DE ENERGIA S.A. - 30.519.323/0001-57 (APE), 12.5200% para EÓLICA PINDAÍ I GERAÇÃO DE ENERGIA LTDA - 30.519.343/0001-28 (APE)",,Pindaí - BA
2026-10-01,Pedra do Reino V,037069,EOL.CV.BA.037069-0.1,BA,EOL,Operação,Eólica,Cinética do vento,Autorização,Cinética do vento,2022-03-19,"16000,00",16000,",00",Não,"-9,54944968","-40,89579893",2019-06-18,2054-06-18,100% para EOLICA PEDRA DO REINO V S.A. - 31.423.489/0001-38 (PIE),,Sobradinho - BA
2026-10-01,Serra da Babilônia A,037083,EOL.CV.BA.037083-5.1,BA,EOL,Operação,Eólica,Cinética do vento,Autorização,Cinética do vento,2021-05-18,"21200,00",21200,"12700,00",Não,"-11,12035760","-41,32421958",2019-01-30,2054-01-30,100% para EOLICA SDB ALFA S.A. - 30.063.842/0001-53 (PIE),,Várzea Nova - BA
2026-10-01,Serra das Almas IV,037084,EOL.CV.BA.037084-3.1,BA,EOL,Operação,Eólica,Cinética do vento,Autorização,Cinética do vento,2025-08-08,"45000,00",45000,"24100,00",Não,"-14,79229001","-42,60132273",2020-05-29,2055-05-29,100% para PARQUE EOLICO SERRA DAS ALMAS IV S.A. - 42.892.524/0001-84 (PIE),,"Licínio de Almeida - BA, Urandi - BA"
2026-10-01,Serra das Almas IX,037085,EOL.CV.BA.037085-1.1,BA,EOL,Construção não iniciada,Eólica,Cinética do vento,Autorização,Cinética do vento,1900-01-03,"18600,00",0,",00",Não,"-14,76613832","-42,57911366",2023-02-17,2058-02-17,100% para PEC ENERGIA S.A. - 07.157.459/0001-42 (PIE),,"Licínio de Almeida - BA, Urandi - BA"
2026-10-01,Serra das Almas V,037086,EOL.CV.BA.037086-0.1,BA,EOL,Operação,Eólica,Cinética do vento,Autorização,Cinética do vento,2025-08-08,"45000,00",45000,"23000,00",Não,"-14,81507581","-42,59621515",2020-05-29,2055-05-29,100% para PARQUE EOLICO SERRA DAS ALMAS V S.A. - 42.896.965/0001-54 (PIE),,Urandi - BA
2026-10-01,Teiú 3,037093,EOL.CV.BA.037093-2.1,BA,EOL,Operação,Eólica,Cinética do vento,Autorização,Cinética do vento,2021-12-04,"23500,00",23500,"10300,00",Não,"-14,40879642","-42,64864637",2019-09-26,2054-09-26,"29.2800% para CIA BEAL DE ALIMENTOS - 78.116.670/0001-65 (APE), 22.6200% para EOLICA PINDAI IV GERACAO DE ENERGIA S.A. - 30.534.321/0001-37 (APE), 18.0100% para EÓLICA PINDAÍ II GERAÇÃO DE ENERGIA LTDA - 30.519.369/0001-76 (APE), 17.5700% para EOLICA PINDAI III GERACAO DE ENERGIA S.A. - 30.519.323/0001-57 (APE), 12.5200% para EÓLICA PINDAÍ I GERAÇÃO DE ENERGIA LTDA - 30.519.343/0001-28 (APE)",,Pindaí - BA
2026-10-01,Ventos de São Januário 19,037101,EOL.CV.BA.037101-7.1,BA,EOL,Operação,Eólica,Cinética do vento,Autorização,Cinética do vento,2023-02-14,"72000,00",72000,"41700,00",Não,"-11,13989048","-41,30848805",2020-04-15,2055-04-15,100% para Ventos de São João XXIII Energias Renováveis S.A. - 35.865.638/0001-70 (PIE),,Morro do Chapéu - BA
2026-10-01,Ventos de São Januário 20,037102,EOL.CV.BA.037102-5.1,BA,EOL,Operação,Eólica,Cinética do vento,Autorização,Cinética do vento,2020-05-14,"50400,00",50400,"28000,00",Não,"-10,44202226","-40,46165762",2018-12-28,2053-12-28,100% para VENTOS DE SÃO BENTO ENERGIAS RENOVÁVEIS S.A - 14.675.949/0001-04 (PIE),,Campo Formoso - BA
2026-10-01,Ventos de São Januário 21,037103,EOL.CV.BA.037103-3.1,BA,EOL,Operação,Eólica,Cinética do vento,Autorização,Cinética do vento,2020-06-24,"50400,00",50400,"28800,00",Não,"-10,42861608","-40,50689139",2018-12-28,2053-12-28,100% para VENTOS DE SÃO GALVÃO ENERGIAS RENOVÁVEIS S/A - 22.777.483/0001-78 (PIE),,Campo Formoso - BA
2026-10-01,Ventos de São Januário 22,037104,EOL.CV.BA.037104-1.1,BA,EOL,Operação,Eólica,Cinética do vento,Autorização,Cinética do vento,2020-07-31,"50400,00",50400,"27800,00",Não,"-10,47361786","-40,52396426",2018-12-28,2053-12-28,100% para VENTOS DE SANTO ELOY ENERGIAS RENOVÁVEIS S/A - 13.346.056/0001-44 (PIE),,Campo Formoso - BA
2026-10-01,Tanque dos Padres I,037134,UFV.RS.BA.037134-3.1,BA,UFV,Construção não iniciada,Solar,Radiação solar,Autorização,Radiação solar,1900-01-03,"50000,00",0,",00",Não,"-13,77401944","-42,56468056",2022-11-28,2057-11-28,100% para Central Geradora Fotovoltaica Tanque dos Padres S.A. - 14.785.829/0001-51 (PIE),,Caetité - BA
2026-10-01,Tanque dos Padres II,037135,UFV.RS.BA.037135-1.1,BA,UFV,Construção não iniciada,Solar,Radiação solar,Autorização,Radiação solar,1900-01-03,"50000,00",0,",00",Não,"-13,77204444","-42,55477778",2022-11-28,2057-11-28,100% para Central Geradora Fotovoltaica Tanque dos Padres S.A. - 14.785.829/0001-51 (PIE),,Caetité - BA
2026-10-01,Tanque dos Padres III,037136,UFV.RS.BA.037136-0.1,BA,UFV,Construção não iniciada,Solar,Radiação solar,Autorização,Radiação solar,1900-01-03,"50000,00",0,",00",Não,"-13,78103611","-42,55083056",2022-11-28,2057-11-28,100% para Central Geradora Fotovoltaica Tanque dos Padres S.A. - 14.785.829/0001-51 (PIE),,Caetité - BA
2026-10-01,Tanque dos Padres IV,037137,UFV.RS.BA.037137-8.1,BA,UFV,Construção não iniciada,Solar,Radiação solar,Autorização,Radiação solar,1900-01-03,"18750,00",0,",00",Não,"-13,78586667","-42,55881944",2022-11-28,2057-11-28,100% para Central Geradora Fotovoltaica Tanque dos Padres S.A. - 14.785.829/0001-51 (PIE),,Caetité - BA
2026-10-01,Casa Nova A,037209,EOL.CV.BA.037209-9.1,BA,EOL,Operação,Eólica,Cinética do vento,Autorização,Cinética do vento,2020-12-24,"27000,00",27000,",00",Não,"-9,26020855","-41,01681339",2019-06-27,2054-06-27,100% para AXIA ENERGIA NORDESTE S.A. - 33.541.368/0001-16 (PIE),,Casa Nova - BA
2026-10-01,Casa Nova B,037210,EOL.CV.BA.037210-2.1,BA,EOL,Construção,Eólica,Cinética do vento,Autorização,Cinética do vento,1900-01-03,"27000,00",0,",00",Não,"-9,28612343","-41,03781829",2023-02-16,2058-02-16,100% para AXIA ENERGIA NORDESTE S.A. - 33.541.368/0001-16 (PIE),,Casa Nova - BA
2026-10-01,Fazenda Belmonte,037417,EOL.CV.BA.037417-2.1,BA,EOL,Operação,Eólica,Cinética do vento,Registro,Cinética do vento,2017-01-27,",16",0,",00",Não,"-10,37972222","-41,61861111",,,100% para CANINANA ENERGY LTDA - 12.882.415/0001-15 (REG),,"Sento Sé - BA, Umburanas - BA"
2026-10-01,Futura 1,037479,UFV.RS.BA.037479-2.1,BA,UFV,Operação,Solar,Radiação solar,Autorização,Radiação solar,2023-05-24,"31474,80",31474,"10300,00",Não,"-9,65917778","-40,67818611",2020-07-13,2055-07-13,100% para SPE FUTURA 1 GERACAO E COMERCIALIZACAO DE ENERGIA SOLAR S.A. - 37.349.957/0001-58 (PIE),,Juazeiro - BA
2026-10-01,Futura 2,037480,UFV.RS.BA.037480-6.1,BA,UFV,Operação,Solar,Radiação solar,Autorização,Radiação solar,2023-05-24,"31474,80",31474,"10300,00",Não,"-9,66278333","-40,67706389",2020-07-13,2055-07-13,100% para SPE FUTURA 1 GERACAO E COMERCIALIZACAO DE ENERGIA SOLAR S.A. - 37.349.957/0001-58 (PIE),,Juazeiro - BA
2026-10-01,Futura 3,037481,UFV.RS.BA.037481-4.1,BA,UFV,Operação,Solar,Radiação solar,Autorização,Radiação solar,2023-05-26,"31474,80",31474,"10300,00",Não,"-9,66879166","-40,67576389",2020-07-13,2055-07-13,100% para SPE FUTURA 1 GERACAO E COMERCIALIZACAO DE ENERGIA SOLAR S.A. - 37.349.957/0001-58 (PIE),,Juazeiro - BA
2026-10-01,Futura 4,037482,UFV.RS.BA.037482-2.1,BA,UFV,Operação,Solar,Radiação solar,Autorização,Radiação solar,2023-05-26,"31474,80",31474,"10300,00",Não,"-9,67440556","-40,67577222",2020-07-13,2055-07-13,100% para SPE FUTURA 1 GERACAO E COMERCIALIZACAO DE ENERGIA SOLAR S.A. - 37.349.957/0001-58 (PIE),,Juazeiro - BA
2026-10-01,Futura 5,037483,UFV.RS.BA.037483-0.1,BA,UFV,Operação,Solar,Radiação solar,Autorização,Radiação solar,2023-05-26,"31474,80",31474,"10300,00",Não,"-9,68020833","-40,67469167",2020-07-13,2055-07-13,100% para SPE FUTURA 2 GERACAO E COMERCIALIZACAO DE ENERGIA SOLAR S.A. - 37.349.892/0001-40 (PIE),,Juazeiro - BA
2026-10-01,Futura 6,037484,UFV.RS.BA.037484-9.1,BA,UFV,Operação,Solar,Radiação solar,Autorização,Radiação solar,2023-05-26,"31474,80",31474,"10300,00",Não,"-9,68698611","-40,67313888",2020-07-13,2055-07-13,100% para SPE FUTURA 2 GERACAO E COMERCIALIZACAO DE ENERGIA SOLAR S.A. - 37.349.892/0001-40 (PIE),,Juazeiro - BA
2026-10-01,Futura 7,037485,UFV.RS.BA.037485-7.1,BA,UFV,Operação,Solar,Radiação solar,Autorização,Radiação solar,2023-05-24,"31474,80",31474,"10300,00",Não,"-9,68125000","-40,66079166",2020-07-13,2055-07-13,100% para SPE FUTURA 2 GERACAO E COMERCIALIZACAO DE ENERGIA SOLAR S.A. - 37.349.892/0001-40 (PIE),,Juazeiro - BA
2026-10-01,Futura 8,037486,UFV.RS.BA.037486-5.1,BA,UFV,Operação,Solar,Radiação solar,Autorização,Radiação solar,2023-05-26,"31474,80",31474,"10300,00",Não,"-9,68660278","-40,66440833",2020-07-13,2055-07-13,100% para SPE FUTURA 2 GERACAO E COMERCIALIZACAO DE ENERGIA SOLAR S.A. - 37.349.892/0001-40 (PIE),,Juazeiro - BA
2026-10-01,Futura 9,037487,UFV.RS.BA.037487-3.1,BA,UFV,Operação,Solar,Radiação solar,Autorização,Radiação solar,2023-05-24,"31474,80",31474,"10300,00",Não,"-9,69105277","-40,66224166",2020-07-13,2055-07-13,100% para SPE FUTURA 3 GERACAO E COMERCIALIZACAO DE ENERGIA SOLAR S.A. - 37.350.010/0001-67 (PIE),,Juazeiro - BA
2026-10-01,Futura 10,037488,UFV.RS.BA.037488-1.1,BA,UFV,Operação,Solar,Radiação solar,Autorização,Radiação solar,2023-05-26,"31474,80",31474,"10300,00",Não,"-9,69218611","-40,67313611",2020-07-13,2055-07-13,100% para SPE FUTURA 3 GERACAO E COMERCIALIZACAO DE ENERGIA SOLAR S.A. - 37.350.010/0001-67 (PIE),,Juazeiro - BA
2026-10-01,Futura 11,037489,UFV.RS.BA.037489-0.1,BA,UFV,Operação,Solar,Radiação solar,Autorização,Radiação solar,2023-05-26,"31474,80",31474,"10300,00",Não,"-9,69498333","-40,66480278",2020-07-13,2055-07-13,100% para SPE FUTURA 3 GERACAO E COMERCIALIZACAO DE ENERGIA SOLAR S.A. - 37.350.010/0001-67 (PIE),,Juazeiro - BA
2026-10-01,Futura 12,037490,UFV.RS.BA.037490-3.1,BA,UFV,Operação,Solar,Radiação solar,Autorização,Radiação solar,2023-05-26,"31474,80",31474,"10300,00",Não,"-9,69854166","-40,67128334",2020-07-13,2055-07-13,100% para SPE FUTURA 3 GERACAO E COMERCIALIZACAO DE ENERGIA SOLAR S.A. - 37.350.010/0001-67 (PIE),,Juazeiro - BA
2026-10-01,Futura 13,037491,UFV.RS.BA.037491-1.1,BA,UFV,Operação,Solar,Radiação solar,Autorização,Radiação solar,2023-05-26,"31474,80",31474,"10300,00",Não,"-9,70214167","-40,67130833",2020-07-13,2055-07-13,100% para SPE FUTURA 4 GERACAO E COMERCIALIZACAO DE ENERGIA SOLAR S.A. - 37.349.956/0001-03 (PIE),,Juazeiro - BA
2026-10-01,Futura 14,037492,UFV.RS.BA.037492-0.1,BA,UFV,Operação,Solar,Radiação solar,Autorização,Radiação solar,2023-05-26,"31474,80",31474,"10300,00",Não,"-9,66712500","-40,68939444",2020-07-13,2055-07-13,100% para SPE FUTURA 4 GERACAO E COMERCIALIZACAO DE ENERGIA SOLAR S.A. - 37.349.956/0001-03 (PIE),,Juazeiro - BA
2026-10-01,Futura 15,037493,UFV.RS.BA.037493-8.1,BA,UFV,Operação,Solar,Radiação solar,Autorização,Radiação solar,2023-05-26,"31474,80",31474,"10300,00",Não,"-9,67275000","-40,68725555",2020-07-13,2055-07-13,100% para SPE FUTURA 4 GERACAO E COMERCIALIZACAO DE ENERGIA SOLAR S.A. - 37.349.956/0001-03 (PIE),,Juazeiro - BA
2026-10-01,Futura 16,037494,UFV.RS.BA.037494-6.1,BA,UFV,Operação,Solar,Radiação solar,Autorização,Radiação solar,2023-05-26,"31474,80",31474,"10300,00",Não,"-9,67591944","-40,68988611",2020-07-13,2055-07-13,100% para SPE FUTURA 4 GERACAO E COMERCIALIZACAO DE ENERGIA SOLAR S.A. - 37.349.956/0001-03 (PIE),,Juazeiro - BA
2026-10-01,Futura 17,037495,UFV.RS.BA.037495-4.1,BA,UFV,Operação,Solar,Radiação solar,Autorização,Radiação solar,2023-05-26,"31474,80",31474,"10300,00",Não,"-9,67951667","-40,68825556",2020-07-13,2055-07-13,100% para SPE FUTURA 4 GERACAO E COMERCIALIZACAO DE ENERGIA SOLAR S.A. - 37.349.956/0001-03 (PIE),,Juazeiro - BA
2026-10-01,Futura 18,037496,UFV.RS.BA.037496-2.1,BA,UFV,Operação,Solar,Radiação solar,Autorização,Radiação solar,2023-05-24,"31474,80",31474,"10300,00",Não,"-9,68275833","-40,69105833",2020-07-13,2055-07-13,100% para SPE FUTURA 5 GERACAO E COMERCIALIZACAO DE ENERGIA SOLAR S.A. - 37.349.910/0001-94 (PIE),,Juazeiro - BA
2026-10-01,Futura 19,037497,UFV.RS.BA.037497-0.1,BA,UFV,Operação,Solar,Radiação solar,Autorização,Radiação solar,2023-05-24,"31474,80",31474,"10300,00",Não,"-9,68664445","-40,68780833",2020-07-13,2055-07-13,100% para SPE FUTURA 5 GERACAO E COMERCIALIZACAO DE ENERGIA SOLAR S.A. - 37.349.910/0001-94 (PIE),,Juazeiro - BA
2026-10-01,Futura 20,037498,UFV.RS.BA.037498-9.1,BA,UFV,Operação,Solar,Radiação solar,Autorização,Radiação solar,2023-05-26,"31474,80",31474,"10300,00",Não,"-9,69025834","-40,68632222",2020-07-13,2055-07-13,100% para SPE FUTURA 5 GERACAO E COMERCIALIZACAO DE ENERGIA SOLAR S.A. - 37.349.910/0001-94 (PIE),,Juazeiro - BA
2026-10-01,Futura 21,037499,UFV.RS.BA.037499-7.1,BA,UFV,Operação,Solar,Radiação solar,Autorização,Radiação solar,2023-05-26,"31474,80",31474,"10300,00",Não,"-9,69368611","-40,69137778",2020-07-13,2055-07-13,100% para SPE FUTURA 6 GERACAO E COMERCIALIZACAO DE ENERGIA SOLAR S.A. - 37.576.883/0001-92 (PIE),,Juazeiro - BA
2026-10-01,Futura 22,037500,UFV.RS.BA.037500-4.1,BA,UFV,Operação,Solar,Radiação solar,Autorização,Radiação solar,2023-05-26,"31474,80",31474,"10300,00",Não,"-9,69585277","-40,68286111",2020-07-13,2055-07-13,100% para SPE FUTURA 6 GERACAO E COMERCIALIZACAO DE ENERGIA SOLAR S.A. - 37.576.883/0001-92 (PIE),,Juazeiro - BA
2026-10-01,Solar Irecê,037517,UFV.RS.BA.037517-9.1,BA,UFV,Operação,Solar,Radiação solar,Autorização,Radiação solar,2025-12-09,"73600,00",73600,"24200,00",Não,"-11,22200000","-41,58575000",2020-03-09,2055-03-09,100% para SOLAR IRECÊ S.A. - 23.625.780/0001-60 (APE),,João Dourado - BA
2026-10-01,Solar Irecê 3,037518,UFV.RS.BA.037518-7.1,BA,UFV,Operação,Solar,Radiação solar,Autorização,Radiação solar,2025-12-09,"59800,00",59800,"19800,00",Não,"-11,22413333","-41,58103333",2020-03-09,2055-03-09,100% para SOLAR IRECÊ 3 S.A. - 25.215.798/0001-10 (APE),,João Dourado - BA
2026-10-01,ULA 04A,037519,UFV.RS.BA.037519-5.1,BA,UFV,Construção não iniciada,Solar,Radiação solar,Autorização,Radiação solar,1900-01-03,"46000,00",0,",00",Não,"-11,23238333","-41,56726667",2022-04-13,2057-04-13,100% para SOLAR IRECE 4 S.A. - 27.116.865/0001-74 (PIE),,João Dourado - BA
2026-10-01,ULA 05,037520,UFV.RS.BA.037520-9.1,BA,UFV,Construção não iniciada,Solar,Radiação solar,Autorização,Radiação solar,1900-01-03,"46000,00",0,",00",Não,"-11,23936667","-41,56581667",2022-04-13,2057-04-13,100% para SOLAR IRECE 5 S.A. - 27.239.497/0001-51 (PIE),,João Dourado - BA
2026-10-01,Solar Irecê 1,037532,UFV.RS.BA.037532-2.1,BA,UFV,Construção não iniciada,Solar,Radiação solar,Autorização,Radiação solar,1900-01-03,"69000,00",0,",00",Não,"-11,21311666","-41,58734999",2022-04-13,2057-04-13,100% para SOLAR IRECE 1 S.A. - 25.215.822/0001-10 (PIE),,João Dourado - BA
2026-10-01,Fazenda Melancia,037547,EOL.CV.BA.037547-0.1,BA,EOL,Operação,Eólica,Cinética do vento,Registro,Cinética do vento,2017-03-01,",16",0,",00",Não,"-10,31774325","-41,52614208",,,100% para CANINANA ENERGY LTDA - 12.882.415/0001-15 (REG),,"Sento Sé - BA, Umburanas - BA"
2026-10-01,Fazenda Floresta,037653,EOL.CV.BA.037653-1.1,BA,EOL,Operação,Eólica,Cinética do vento,Registro,Cinética do vento,2017-01-28,",16",0,",00",Não,"-10,37990399","-41,61867627",,,100% para CANINANA ENERGY LTDA - 12.882.415/0001-15 (REG),,"Sento Sé - BA, Umburanas - BA"
2026-10-01,Pajeú 2,037884,UFV.RS.BA.037884-4.1,BA,UFV,Construção não iniciada,Solar,Radiação solar,Autorização,Radiação solar,1900-01-03,"22000,00",0,",00",Não,"-13,34107222","-43,35383056",2022-04-13,2057-04-13,100% para UFV Pajeú 2 SPE S.A. - 45.802.841/0001-50 (PIE),,Bom Jesus da Lapa - BA
2026-10-01,Prosperidade II,037897,UTE.GN.BA.037897-6.2,BA,UTE,Operação,Fóssil,Gás natural,Autorização,Gás Natural,2023-05-24,"37440,00",37440,"34900,00",Não,"-12,49961389","-38,20733611",2020-03-31,2055-03-31,100% para IMETAME TERMELÉTRICA LTDA - 23.857.764/0001-01 (PIE),,Camaçari - BA
2026-10-01,Pajeú 5,037902,UFV.RS.BA.037902-6.1,BA,UFV,Construção não iniciada,Solar,Radiação solar,Autorização,Radiação solar,1900-01-03,"9000,00",0,",00",Não,"-13,33105555","-43,33030000",2022-04-13,2057-04-13,100% para UFV Pajeú 5 SPE S.A. - 45.768.472/0001-27 (PIE),,Bom Jesus da Lapa - BA
2026-10-01,Baraúnas XV (Antiga Massaroca I),038031,EOL.CV.BA.038031-8.1,BA,EOL,Operação,Eólica,Cinética do vento,Autorização,Cinética do vento,2022-09-17,"48510,00",48510,"22900,00",Não,"-9,75010326","-40,97532638",2020-03-25,2055-03-25,100% para Baraúnas XV Energética S.A. - 34.986.689/0001-97 (PIE),,Sento Sé - BA
2026-10-01,Baraúnas IV (Antiga Massaroca II),038032,EOL.CV.BA.038032-6.1,BA,EOL,Operação,Eólica,Cinética do vento,Autorização,Cinética do vento,2022-10-27,"41580,00",41580,"21100,00",Não,"-9,67418218","-41,11013771",2020-03-25,2055-03-25,100% para BARAUNAS IV ENERGETICA S.A. - 34.986.649/0001-45 (PIE),,Sento Sé - BA
2026-10-01,Ventos de Santa Eugenia 01,038077,EOL.CV.BA.038077-6.1,BA,EOL,Operação,Eólica,Cinética do vento,Autorização,Cinética do vento,2023-11-15,"51300,00",51300,"21900,00",Não,"-11,38881453","-42,14715142",2020-03-20,2055-03-20,100% para OSLO I S/A - 35.637.424/0001-46 (PIE),,Uibaí - BA
2026-10-01,Ventos de Santa Eugenia 02,038078,EOL.CV.BA.038078-4.1,BA,EOL,Operação,Eólica,Cinética do vento,Autorização,Cinética do vento,2022-12-23,"11400,00",11400,"4800,00",Não,"-11,37453368","-42,17721284",2020-03-20,2055-03-20,100% para OSLO II S/A. - 35.637.246/0001-53 (PIE),,Ibipeba - BA
2026-10-01,Ventos de Santa Eugenia 03,038079,EOL.CV.BA.038079-2.1,BA,EOL,Operação,Eólica,Cinética do vento,Autorização,Cinética do vento,2023-11-15,"39900,00",39900,"17900,00",Não,"-11,40948463","-42,15943416",2020-03-20,2055-03-20,100% para OSLO III S/A. - 35.636.507/0001-10 (PIE),,Uibaí - BA
2026-10-01,Ventos de Santa Eugenia 05,038081,EOL.CV.BA.038081-4.1,BA,EOL,Operação,Eólica,Cinética do vento,Autorização,Cinética do vento,2023-12-20,"34200,00",34200,"16200,00",Não,"-11,45400602","-42,16921949",2020-03-20,2055-03-20,100% para OSLO IV S/A. - 35.636.502/0001-98 (PIE),,Ibipeba - BA
2026-10-01,Ventos de Santa Eugenia 06,038082,EOL.CV.BA.038082-2.1,BA,EOL,Operação,Eólica,Cinética do vento,Autorização,Cinética do vento,2023-01-20,"34200,00",34200,"15200,00",Não,"-11,48827849","-42,13403787",2020-03-20,2055-03-20,100% para OSLO VI S/A. - 35.636.424/0001-21 (PIE),,Uibaí - BA
2026-10-01,Ventos de Santa Eugenia 07,038083,EOL.CV.BA.038083-0.1,BA,EOL,Operação,Eólica,Cinética do vento,Autorização,Cinética do vento,2022-12-22,"17100,00",17100,"7300,00",Não,"-11,38125707","-42,17558097",2020-03-20,2055-03-20,100% para OSLO II S/A. - 35.637.246/0001-53 (PIE),,Uibaí - BA
2026-10-01,Ventos de Santa Eugenia 08,038084,EOL.CV.BA.038084-9.1,BA,EOL,Operação,Eólica,Cinética do vento,Autorização,Cinética do vento,2024-01-04,"28500,00",28500,"13200,00",Não,"-11,46907711","-42,16582734",2020-03-23,2055-03-23,100% para OSLO IV S/A. - 35.636.502/0001-98 (PIE),,Ibipeba - BA
2026-10-01,Ventos de Santa Eugênia 09,038085,EOL.CV.BA.038085-7.1,BA,EOL,Operação,Eólica,Cinética do vento,Autorização,Cinética do vento,2024-02-21,"39900,00",39900,"16900,00",Não,"-11,54041079","-42,11596769",2020-03-23,2055-03-23,100% para OSLO V S/A. - 35.636.427/0001-65 (PIE),,Ibipeba - BA
2026-10-01,Ventos de Santa Eugenia 10,038086,EOL.CV.BA.038086-5.1,BA,EOL,Operação,Eólica,Cinética do vento,Autorização,Cinética do vento,2023-12-20,"45600,00",45600,"21300,00",Não,"-11,50062055","-42,14534355",2021-08-25,2056-08-28,100% para OSLO IX S/A. - 35.654.189/0001-10 (PIE),,Ibipeba - BA
2026-10-01,Ventos de Santa Eugenia 11,038087,EOL.CV.BA.038087-3.1,BA,EOL,Operação,Eólica,Cinética do vento,Autorização,Cinética do vento,2023-12-20,"28500,00",28500,"13000,00",Não,"-11,44346082","-42,15958093",2021-08-25,2056-08-25,100% para OSLO VIII S/A. - 35.639.141/0001-33 (PIE),,Ibipeba - BA
2026-10-01,Ventos de Santa Eugenia 12,038088,EOL.CV.BA.038088-1.1,BA,EOL,Operação,Eólica,Cinética do vento,Autorização,Cinética do vento,2023-12-21,"39900,00",39900,"18000,00",Não,"-11,42750927","-42,15787200",2020-03-23,2055-03-23,100% para OSLO III S/A. - 35.636.507/0001-10 (PIE),,Ibipeba - BA
2026-10-01,Ventos de Santa Eugênia 13,038089,EOL.CV.BA.038089-0.1,BA,EOL,Operação,Eólica,Cinética do vento,Autorização,Cinética do vento,2025-02-27,"45600,00",45600,"20200,00",Não,"-11,52087909","-42,14410409",2020-03-23,2055-03-23,100% para OSLO X S/A. - 35.654.188/0001-76 (PIE),,Ibipeba - BA
2026-10-01,Ventos de Santa Eugenia 14,038090,EOL.CV.BA.038090-3.1,BA,EOL,Operação,Eólica,Cinética do vento,Autorização,Cinética do vento,2024-02-21,"22800,00",22800,"10300,00",Não,"-11,52678665","-42,11847006",2021-08-25,2056-08-25,100% para OSLO V S/A. - 35.636.427/0001-65 (PIE),,Ibipeba - BA
2026-10-01,Ventos de Santa Inês 04,038094,EOL.CV.BA.038094-6.1,BA,EOL,Construção não iniciada,Eólica,Cinética do vento,Autorização,Cinética do vento,1900-01-03,"42000,00",0,",00",Não,"-11,75447857","-42,52501901",2023-03-14,2058-03-14,"99.9000% para IPUPIARA I ENERGIA S.A - 45.094.782/0001-03 (PIE), 0.1000% para Ventos de Santa Inês Energias Renováveis S.A. - 15.673.859/0001-39 (PIE)",,Ipupiara - BA
2026-10-01,Ventos de Santa Inês 05,038095,EOL.CV.BA.038095-4.1,BA,EOL,Construção não iniciada,Eólica,Cinética do vento,Autorização,Cinética do vento,1900-01-03,"42000,00",0,",00",Não,"-11,77353206","-42,51223894",2023-03-14,2058-03-14,"99.9000% para IPUPIARA II ENERGIA S.A - 45.092.683/0001-92 (PIE), 0.1000% para Ventos de Santa Inês Energias Renováveis S.A. - 15.673.859/0001-39 (PIE)",,Ipupiara - BA
2026-10-01,Ventos de Santa Inês 06,038096,EOL.CV.BA.038096-2.1,BA,EOL,Construção não iniciada,Eólica,Cinética do vento,Autorização,Cinética do vento,1900-01-03,"42000,00",0,",00",Não,"-11,76585840","-42,52545832",2023-03-14,2058-03-14,"99.9000% para IPUPIARA III ENERGIA S.A - 45.092.684/0001-37 (PIE), 0.1000% para Ventos de Santa Inês Energias Renováveis S.A. - 15.673.859/0001-39 (PIE)",,Ipupiara - BA
2026-10-01,Ventos de Santa Inês 07,038097,EOL.CV.BA.038097-0.1,BA,EOL,Construção não iniciada,Eólica,Cinética do vento,Autorização,Cinética do vento,1900-01-03,"42000,00",0,",00",Não,"-11,77974650","-42,53276248",2023-03-14,2058-03-14,"99.9000% para IPUPIARA IV ENERGIA S.A - 45.092.685/0001-81 (PIE), 0.1000% para Ventos de Santa Inês Energias Renováveis S.A. - 15.673.859/0001-39 (PIE)",,Ipupiara - BA
2026-10-01,Ventos de Santa Inês 08,038098,EOL.CV.BA.038098-9.1,BA,EOL,Construção não iniciada,Eólica,Cinética do vento,Autorização,Cinética do vento,1900-01-03,"42000,00",0,",00",Não,"-11,78962444","-42,51739498",2023-03-14,2058-03-14,"99.9000% para IPUPIARA V ENERGIA S.A - 45.092.687/0001-70 (PIE), 0.1000% para Ventos de Santa Inês Energias Renováveis S.A. - 15.673.859/0001-39 (PIE)",,Ipupiara - BA
2026-10-01,Ventos de Santa Inês 09,038099,EOL.CV.BA.038099-7.1,BA,EOL,Construção não iniciada,Eólica,Cinética do vento,Autorização,Cinética do vento,1900-01-03,"42000,00",0,",00",Não,"-11,82157121","-42,51494266",2023-03-14,2058-03-14,"99.9000% para IPUPIARA VI ENERGIA S.A - 45.092.688/0001-15 (PIE), 0.1000% para Ventos de Santa Inês Energias Renováveis S.A. - 15.673.859/0001-39 (PIE)",,Ipupiara - BA
2026-10-01,Ventos de Santa Inês 10,038100,EOL.CV.BA.038100-4.1,BA,EOL,Construção não iniciada,Eólica,Cinética do vento,Autorização,Cinética do vento,1900-01-03,"42000,00",0,",00",Não,"-11,81211404","-42,54334197",2023-03-14,2058-03-14,"99.9000% para IPUPIARA VII ENERGIA S.A - 45.092.689/0001-60 (PIE), 0.1000% para Ventos de Santa Inês Energias Renováveis S.A. - 15.673.859/0001-39 (PIE)",,Ipupiara - BA
2026-10-01,Ventos de Santa Inês 11,038101,EOL.CV.BA.038101-2.1,BA,EOL,Construção não iniciada,Eólica,Cinética do vento,Autorização,Cinética do vento,1900-01-03,"42000,00",0,",00",Não,"-11,82887319","-42,54307320",2023-03-14,2058-03-14,"99.9000% para IPUPIARA VIII ENERGIA S.A - 45.092.691/0001-39 (PIE), 0.1000% para Ventos de Santa Inês Energias Renováveis S.A. - 15.673.859/0001-39 (PIE)",,Ipupiara - BA
2026-10-01,Ventos de Santa Inês 12,038102,EOL.CV.BA.038102-0.1,BA,EOL,Construção não iniciada,Eólica,Cinética do vento,Autorização,Cinética do vento,1900-01-03,"42000,00",0,",00",Não,"-11,84646600","-42,52957816",2023-03-14,2058-03-14,"99.9000% para IPUPIARA IX ENERGIA S.A - 45.092.694/0001-72 (PIE), 0.1000% para Ventos de Santa Inês Energias Renováveis S.A. - 15.673.859/0001-39 (PIE)",,Ipupiara - BA
2026-10-01,Pajeú 1,038169,UFV.RS.BA.038169-1.1,BA,UFV,Construção não iniciada,Solar,Radiação solar,Autorização,Radiação solar,1900-01-03,"22000,00",0,",00",Não,"-13,34277222","-43,36925833",2022-04-13,2057-04-13,100% para UFV Pajeú 1 SPE S.A. - 46.058.043/0001-29 (PIE),,Bom Jesus da Lapa - BA
2026-10-01,Pajeú 4,038170,UFV.RS.BA.038170-5.1,BA,UFV,Construção não iniciada,Solar,Radiação solar,Autorização,Radiação solar,1900-01-03,"22000,00",0,",00",Não,"-13,33329722","-43,33725000",2022-04-13,2057-04-13,100% para UFV Pajeú 4 SPE S.A. - 45.784.023/0001-72 (PIE),,Bom Jesus da Lapa - BA
2026-10-01,Fazenda Alegre,038226,EOL.CV.BA.038226-4.1,BA,EOL,Operação,Eólica,Cinética do vento,Registro,Cinética do vento,2017-03-01,",16",0,",00",Não,"-10,33009536","-41,43470186",,,100% para CANINANA ENERGY LTDA - 12.882.415/0001-15 (REG),,"Sento Sé - BA, Umburanas - BA"
2026-10-01,Serra da Babilônia B,040608,EOL.CV.BA.040608-2.1,BA,EOL,Operação,Eólica,Cinética do vento,Autorização,Cinética do vento,2021-05-17,"31800,00",31800,"18900,00",Não,"-11,12657611","-41,32641931",2019-03-21,2054-03-21,100% para EOLICA SDB B S.A. - 29.527.877/0001-17 (PIE),,Morro do Chapéu - BA
2026-10-01,Serra da Babilônia C,040609,EOL.CV.BA.040609-0.1,BA,EOL,Operação,Eólica,Cinética do vento,Autorização,Cinética do vento,2021-06-21,"26500,00",26500,"15500,00",Não,"-11,13278547","-41,32862823",2019-01-30,2054-01-30,100% para EOLICA SDB C S.A. - 29.591.504/0001-05 (PIE),,Morro do Chapéu - BA
2026-10-01,Serra da Babilônia D,040610,EOL.CV.BA.040610-4.1,BA,EOL,Operação,Eólica,Cinética do vento,Autorização,Cinética do vento,2021-07-06,"31800,00",31800,"18500,00",Não,"-11,14265824","-41,33155279",2019-03-21,2054-03-21,100% para EOLICA SDB D S.A. - 30.062.725/0001-75 (PIE),,Morro do Chapéu - BA
2026-10-01,Serra da Babilônia E,040611,EOL.CV.BA.040611-2.1,BA,EOL,Operação,Eólica,Cinética do vento,Autorização,Cinética do vento,2021-07-24,"26500,00",26500,"14000,00",Não,"-11,14937021","-41,33303391",2019-01-30,2054-01-30,100% para EOLICA SDB ECO S.A. - 30.062.736/0001-55 (PIE),,Morro do Chapéu - BA
2026-10-01,Serra da Babilônia F,040612,EOL.CV.BA.040612-0.1,BA,EOL,Operação,Eólica,Cinética do vento,Autorização,Cinética do vento,2021-08-03,"21200,00",21200,"12400,00",Não,"-11,15938659","-41,33606986",2019-01-30,2054-01-30,100% para EOLICA SDB F S.A. - 30.234.798/0001-05 (PIE),,Morro do Chapéu - BA
2026-10-01,Brejinhos A,040777,EOL.CV.BA.040777-1.1,BA,EOL,Operação,Eólica,Cinética do vento,Autorização,Cinética do vento,2024-08-29,"37800,00",37800,"19400,00",Não,"-14,17986019","-42,53302446",2021-04-13,2056-04-13,100% para EOLICA BREJINHOS ALFA S.A - 33.485.728/0001-00 (PIE),,Caetité - BA
2026-10-01,Brejinhos B,040778,EOL.CV.BA.040778-0.1,BA,EOL,Operação,Eólica,Cinética do vento,Autorização,Cinética do vento,2024-08-07,"42000,00",42000,"21800,00",Não,"-14,20685148","-42,53267662",2021-04-13,2056-04-13,100% para EOLICA BREJINHOS B S.A. - 33.485.874/0001-35 (PIE),,Caetité - BA
2026-10-01,SANTA CRUZ II,040783,CGH.PH.BA.040783-6.1,BA,CGH,Operação,Hídrica,Potencial hidráulico,Registro,Potencial hidráulico,1992-11-18,"800,00",800,",00",Não,"-12,20874610","-45,47419085",,,100% para Nelson Ricardo da Cruz -  (REG),46 - Grande e outros - Sao Francisco,Barreiras - BA
2026-10-01,Sérgio Paranhos,043196,UTE.AI.BA.043196-6.1,BA,UTE,Construção,Biomassa,Agroindustriais,Autorização,Bagaço de Cana de Açúcar,1900-01-03,"22500,00",0,",00",Não,"-12,27869445","-43,32366667",2019-09-26,2054-09-29,100% para CIA AGROPASTORIL VALE DA PIRAGIBA - 11.486.255/0001-22 (PIE),,Muquém de São Francisco - BA
2026-10-01,Bahia Etanol Energia Renovável,043202,UTE.AI.BA.043202-4.1,BA,UTE,Operação,Biomassa,Agroindustriais,Autorização,Bagaço de Cana de Açúcar,2022-03-29,"6000,00",6000,",00",Não,"-17,64190000","-40,18175555",2022-03-29,2057-03-29,100% para Bahia Etanol Holding Ltda. - 24.870.441/0002-93 (PIE),,Ibirapuã - BA
2026-10-01,Juazeiro V,043284,UFV.RS.BA.043284-9.1,BA,UFV,Operação,Solar,Radiação solar,Autorização,Radiação solar,2021-10-28,"47292,00",47292,"15100,00",Não,"-9,52640556","-40,48113600",2019-12-27,2054-12-27,100% para CENTRAL FOTOVOLTAICA JUAZEIRO SOLAR V SPE LTDA - 34.742.964/0001-27 (PIE),,Juazeiro - BA
2026-10-01,Juazeiro VI,043285,UFV.RS.BA.043285-7.1,BA,UFV,Operação,Solar,Radiação solar,Autorização,Radiação solar,2021-12-23,"47292,00",47292,"15100,00",Não,"-9,52155833","-40,46548900",2019-12-27,2054-12-27,100% para CENTRAL FOTOVOLTAICA JUAZEIRO SOLAR VI SPE LTDA - 34.742.960/0001-49 (PIE),,Juazeiro - BA
2026-10-01,Juazeiro VII,043286,UFV.RS.BA.043286-5.1,BA,UFV,Operação,Solar,Radiação solar,Autorização,Radiação solar,2021-11-12,"47292,00",47292,"15000,00",Não,"-9,53602222","-40,48612500",2019-12-27,2054-12-27,100% para CENTRAL FOTOVOLTAICA JUAZEIRO SOLAR VII SPE LTDA - 34.751.530/0001-93 (PIE),,Juazeiro - BA
2026-10-01,Oitis 21,044360,EOL.CV.BA.044360-3.1,BA,EOL,Operação,Eólica,Cinética do vento,Autorização,Cinética do vento,2023-02-23,"44000,00",44000,"21400,00",Não,"-9,03160148","-41,70058954",2019-12-24,2054-12-24,100% para OITIS 21 ENERGIA RENOVÁVEL S.A. - 34.211.419/0001-04 (PIE),,Casa Nova - BA
2026-10-01,Oitis 22,044361,EOL.CV.BA.044361-1.1,BA,EOL,Operação,Eólica,Cinética do vento,Autorização,Cinética do vento,2022-12-21,"49500,00",49500,"22100,00",Não,"-9,07383623","-41,71480375",2019-12-24,2054-12-24,100% para OITIS 22 ENERGIA RENOVÁVEL S.A. - 34.211.180/0001-72 (PIE),,Casa Nova - BA
2026-10-01,Fótons de São Magno 01,044444,UFV.RS.BA.044444-8.1,BA,UFV,Construção não iniciada,Solar,Radiação solar,Autorização,Radiação solar,1900-01-03,"50000,00",0,",00",Não,"-10,90379444","-42,58446389",2022-02-07,2057-02-07,100% para Fótons de São Magno Energias Renováveis S.A. - 23.658.913/0001-03 (PIE),,Xique-Xique - BA
2026-10-01,Fótons de São Magno 02,044445,UFV.RS.BA.044445-6.1,BA,UFV,Construção não iniciada,Solar,Radiação solar,Autorização,Radiação solar,1900-01-03,"50000,00",0,",00",Não,"-10,90105277","-42,58482222",2022-02-07,2057-02-07,100% para SAO VITOR SOLAR 01 S.A - 54.509.921/0001-03 (PIE),,Xique-Xique - BA
2026-10-01,Fótons de São Magno 03,044446,UFV.RS.BA.044446-4.1,BA,UFV,Construção não iniciada,Solar,Radiação solar,Autorização,Radiação solar,1900-01-03,"50000,00",0,",00",Não,"-10,89831111","-42,58006667",2022-02-07,2057-02-07,100% para SAO VITOR SOLAR 02 S.A - 54.509.925/0001-91 (PIE),,Xique-Xique - BA
2026-10-01,Fótons de São Magno 04,044447,UFV.RS.BA.044447-2.1,BA,UFV,Construção não iniciada,Solar,Radiação solar,Autorização,Radiação solar,1900-01-03,"50000,00",0,",00",Não,"-10,89556944","-42,57537222",2022-02-07,2057-02-07,100% para Fótons de São Magno Energias Renováveis S.A. - 23.658.913/0001-03 (PIE),,Xique-Xique - BA
2026-10-01,Fótons de São Magno 05,044448,UFV.RS.BA.044448-0.1,BA,UFV,Construção não iniciada,Solar,Radiação solar,Autorização,Radiação solar,1900-01-03,"50000,00",0,",00",Não,"-10,89282777","-42,57341111",2022-02-07,2057-02-07,100% para Fótons de São Magno Energias Renováveis S.A. - 23.658.913/0001-03 (PIE),,Xique-Xique - BA
2026-10-01,Fótons de São Magno 06,044449,UFV.RS.BA.044449-9.1,BA,UFV,Construção não iniciada,Solar,Radiação solar,Autorização,Radiação solar,1900-01-03,"50000,00",0,",00",Não,"-10,89008333","-42,57679722",2022-02-07,2057-02-07,100% para Fótons de São Magno Energias Renováveis S.A. - 23.658.913/0001-03 (PIE),,Xique-Xique - BA
2026-10-01,Fótons de São Magno 07,044450,UFV.RS.BA.044450-2.1,BA,UFV,Construção não iniciada,Solar,Radiação solar,Autorização,Radiação solar,1900-01-03,"50000,00",0,",00",Não,"-10,88734166","-42,58000555",2022-02-07,2057-02-07,100% para Fótons de São Magno Energias Renováveis S.A. - 23.658.913/0001-03 (PIE),,Xique-Xique - BA
2026-10-01,Fótons de São Magno 08,044451,UFV.RS.BA.044451-0.1,BA,UFV,Construção não iniciada,Solar,Radiação solar,Autorização,Radiação solar,1900-01-03,"50000,00",0,",00",Não,"-10,88460000","-42,58803056",2022-02-07,2057-02-07,100% para Fótons de São Magno Energias Renováveis S.A. - 23.658.913/0001-03 (PIE),,Xique-Xique - BA
2026-10-01,Sertão solar Barreiras XIX,044510,UFV.RS.BA.044510-0.1,BA,UFV,Operação,Solar,Radiação solar,Autorização,Radiação solar,2024-07-10,"50000,00",50000,"16800,00",Não,"-12,05400833","-45,07560000",2021-05-25,2056-05-25,100% para SERTAO SOLAR BARREIRAS XIX S.A. - 47.239.137/0001-67 (PIE),,Barreiras - BA
2026-10-01,Sertão Solar Barreiras XV,044511,UFV.RS.BA.044511-8.1,BA,UFV,Operação,Solar,Radiação solar,Autorização,Radiação solar,2024-07-27,"50000,00",50000,"16700,00",Não,"-12,06099167","-45,07496666",2021-05-25,2056-05-25,100% para SERTAO SOLAR BARREIRAS XV S.A. - 47.465.916/0001-80 (PIE),,Barreiras - BA
2026-10-01,Sertão Solar Barreiras XVI,044512,UFV.RS.BA.044512-6.1,BA,UFV,Operação,Solar,Radiação solar,Autorização,Radiação solar,2024-07-06,"50000,00",50000,"16700,00",Não,"-12,06323333","-45,08730555",2021-05-25,2056-05-25,100% para SERTAO SOLAR BARREIRAS XVI S.A. - 47.388.583/0001-33 (PIE),,Barreiras - BA
2026-10-01,Sertão Solar Barreiras XVII,044513,UFV.RS.BA.044513-4.1,BA,UFV,Operação,Solar,Radiação solar,Autorização,Radiação solar,2024-07-10,"50000,00",50000,"16700,00",Não,"-12,05740278","-45,08611389",2021-05-25,2056-05-25,100% para SERTAO SOLAR BARREIRAS XVII S.A. - 47.388.621/0001-58 (PIE),,Barreiras - BA
2026-10-01,Sertão Solar Barreiras XVIII,044514,UFV.RS.BA.044514-2.1,BA,UFV,Operação,Solar,Radiação solar,Autorização,Radiação solar,2024-07-06,"50000,00",50000,"16800,00",Não,"-12,05421944","-45,09344166",2021-05-25,2056-05-25,100% para SERTAO SOLAR BARREIRAS XVIII S.A. - 47.316.553/0001-11 (PIE),,Barreiras - BA
2026-10-01,Sertão Solar Barreiras XX,044515,UFV.RS.BA.044515-0.1,BA,UFV,Operação,Solar,Radiação solar,Autorização,Radiação solar,2024-07-10,"50000,00",50000,"16800,00",Não,"-12,04749445","-45,09290833",2021-05-25,2056-05-25,100% para SERTAO SOLAR BARREIRAS XX S.A. - 47.289.242/0001-00 (PIE),,Barreiras - BA
2026-10-01,São Gabriel I,044556,EOL.CV.BA.044556-8.1,BA,EOL,Construção não iniciada,Eólica,Cinética do vento,Autorização,Cinética do vento,1900-01-03,"47700,00",0,",00",Não,"-11,11868285","-41,77255865",2022-07-14,2057-07-14,100% para EOL SAO GABRIEL I SPE S.A - 57.190.701/0001-58 (PIE),,São Gabriel - BA
2026-10-01,Juazeiro VIII,044754,UFV.RS.BA.044754-4.1,BA,UFV,Operação,Solar,Radiação solar,Autorização,Radiação solar,2021-11-12,"15201,00",15201,"4900,00",Não,"-9,54542500","-40,47781900",2019-12-27,2054-12-27,100% para CENTRAL FOTOVOLTAICA JUAZEIRO SOLAR VIII SPE LTDA - 34.742.951/0001-58 (PIE),,Juazeiro - BA
2026-10-01,Serra da Mangabeira,044878,EOL.CV.BA.044878-8.1,BA,EOL,Operação,Eólica,Cinética do vento,Autorização,Cinética do vento,2024-03-28,"79800,00",79800,"34300,00",Não,"-11,43252238","-42,13742953",2020-03-26,2055-03-26,100% para SERRA DA MANGABEIRA S/A. - 35.924.128/0001-26 (PIE),,Uibaí - BA
2026-10-01,Aroeira 1,044940,EOL.CV.BA.044940-7.1,BA,EOL,Operação,Eólica,Cinética do vento,Autorização,Cinética do vento,2023-12-20,"47300,00",47300,"32500,00",Não,"-10,78607080","-41,44222225",2021-05-25,2056-05-25,100% para Enel Green Power Aroeira 01 S.A. - 38.094.930/0001-24 (PIE),,Morro do Chapéu - BA
2026-10-01,Aroeira 2,044947,EOL.CV.BA.044947-4.1,BA,EOL,Operação,Eólica,Cinética do vento,Autorização,Cinética do vento,2023-12-20,"43000,00",43000,"29800,00",Não,"-10,80514852","-41,43627081",2021-05-25,2056-05-25,100% para Enel Green Power Aroeira 02 S.A. - 38.130.244/0001-61 (PIE),,Morro do Chapéu - BA
2026-10-01,Aroeira 3,044948,EOL.CV.BA.044948-2.1,BA,EOL,Operação,Eólica,Cinética do vento,Autorização,Cinética do vento,2023-12-21,"43000,00",43000,"30400,00",Não,"-10,82725136","-41,45113853",2021-05-25,2056-05-25,100% para Enel Green Power Aroeira 03 S.A. - 39.364.731/0001-51 (PIE),,Morro do Chapéu - BA
2026-10-01,Aroeira 4,044949,EOL.CV.BA.044949-0.1,BA,EOL,Operação,Eólica,Cinética do vento,Autorização,Cinética do vento,2023-12-23,"43000,00",43000,"28700,00",Não,"-10,81859762","-41,48688916",2021-05-25,2056-05-25,100% para Enel Green Power Aroeira 04 S.A. - 39.334.976/0001-36 (PIE),,Morro do Chapéu - BA
2026-10-01,Aroeira 5,044950,EOL.CV.BA.044950-4.1,BA,EOL,Operação,Eólica,Cinética do vento,Autorização,Cinética do vento,2023-12-20,"43000,00",43000,"25400,00",Não,"-10,78519203","-41,49349595",2021-05-25,2056-05-25,100% para Enel Green Power Aroeira 05 S.A. - 38.091.465/0001-78 (PIE),,Morro do Chapéu - BA
2026-10-01,Aroeira 6,044951,EOL.CV.BA.044951-2.1,BA,EOL,Operação,Eólica,Cinética do vento,Autorização,Cinética do vento,2023-12-19,"38700,00",38700,"26400,00",Não,"-10,76679600","-41,53010862",2021-05-25,2056-05-25,100% para Enel Green Power Aroeira 06 S.A. - 38.131.056/0001-58 (PIE),,Morro do Chapéu - BA
2026-10-01,Aroeira 7,044952,EOL.CV.BA.044952-0.1,BA,EOL,Operação,Eólica,Cinética do vento,Autorização,Cinética do vento,2023-12-19,"47300,00",47300,"27700,00",Não,"-10,75943554","-41,49842884",2021-05-25,2056-05-25,100% para Enel Green Power Aroeira 07 S.A. - 38.090.834/0001-08 (PIE),,Morro do Chapéu - BA
2026-10-01,Aroeira 8,044953,EOL.CV.BA.044953-9.1,BA,EOL,Operação,Eólica,Cinética do vento,Autorização,Cinética do vento,2023-12-19,"43000,00",43000,"27300,00",Não,"-10,75481294","-41,47878916",2021-05-25,2056-05-25,100% para Enel Green Power Aroeira 08 S.A. - 39.336.768/0001-76 (PIE),,Morro do Chapéu - BA
2026-10-01,Aura Caetité 01,044959,EOL.CV.BA.044959-8.1,BA,EOL,Operação,Eólica,Cinética do vento,Autorização,Cinética do vento,2023-05-05,"27000,00",27000,"11600,00",Não,"-13,65832840","-42,57601608",2020-04-28,2055-04-28,100% para TANQUE NOVO IV ENERGIAS RENOVAVEIS S.A. - 35.655.205/0001-90 (PIE),,Tanque Novo - BA
2026-10-01,Aura Caetité 02,044960,EOL.CV.BA.044960-1.1,BA,EOL,Operação,Eólica,Cinética do vento,Autorização,Cinética do vento,2023-05-05,"36000,00",36000,"15000,00",Não,"-13,68371013","-42,59385791",2020-04-28,2055-04-28,100% para TANQUE NOVO V ENERGIAS RENOVAVEIS S.A. - 35.655.200/0001-67 (PIE),,Tanque Novo - BA
2026-10-01,Aura Tanque Novo 01,044961,EOL.CV.BA.044961-0.1,BA,EOL,Operação,Eólica,Cinética do vento,Autorização,Cinética do vento,2023-05-05,"27000,00",27000,"12400,00",Não,"-13,64056133","-42,54798357",2020-04-24,2035-04-24,100% para TANQUE NOVO I ENERGIAS RENOVAVEIS S.A. - 35.718.914/0001-77 (PIE),,Tanque Novo - BA
2026-10-01,Aura Tanque Novo 02,044962,EOL.CV.BA.044962-8.1,BA,EOL,Operação,Eólica,Cinética do vento,Autorização,Cinética do vento,2023-05-05,"18000,00",18000,"7700,00",Não,"-13,67715706","-42,57321782",2020-04-28,2055-04-28,100% para TANQUE NOVO II ENERGIAS RENOVAVEIS S.A. - 35.655.215/0001-25 (PIE),,Caetité - BA
2026-10-01,São Gabriel II,044986,EOL.CV.BA.044986-5.1,BA,EOL,Construção não iniciada,Eólica,Cinética do vento,Autorização,Cinética do vento,1900-01-03,"47700,00",0,",00",Não,"-11,09479106","-41,77611974",2022-07-14,2057-07-14,100% para EOL SAO GABRIEL II SPE S.A - 57.256.123/0001-05 (PIE),,São Gabriel - BA
2026-10-01,São Gabriel III,044987,EOL.CV.BA.044987-3.1,BA,EOL,Construção não iniciada,Eólica,Cinética do vento,Autorização,Cinética do vento,1900-01-03,"47700,00",0,",00",Não,"-11,06890663","-41,77140312",2022-07-14,2057-07-14,100% para EOL SAO GABRIEL III SPE S.A - 57.596.606/0001-59 (PIE),,São Gabriel - BA
2026-10-01,Planalto 1,045486,UFV.RS.BA.045486-9.1,BA,UFV,Construção não iniciada,Solar,Radiação solar,Autorização,Radiação solar,1900-01-03,"30000,00",0,",00",Não,"-12,51884000","-44,14957306",2023-07-11,2058-07-11,100% para USINA FOTOVOLTAICA PLANALTO LTDA. - 29.329.104/0001-26 (PIE),,Tabocas do Brejo Velho - BA
2026-10-01,Velho Chico (Fazenda AMCOS),045706,UFV.RS.BA.045706-0.1,BA,UFV,Construção não iniciada,Solar,Radiação solar,Autorização,Radiação solar,1900-01-03,"46550,00",0,",00",Não,"-9,41858833","-40,41936056",2021-09-17,2056-09-17,100% para COC ENERGIA E ENGENHARIA LTDA - 34.867.891/0001-08 (PIE),,Juazeiro - BA
2026-10-01,Luzeiro 1,046525,UFV.RS.BA.046525-9.1,BA,UFV,Construção não iniciada,Solar,Radiação solar,Autorização,Radiação solar,1900-01-03,"25200,00",0,",00",Não,"-13,34730555","-43,28131667",2020-05-29,2055-05-29,100% para Solar Luzeiro I S.A. - 46.272.454/0001-12 (PIE),,Bom Jesus da Lapa - BA
2026-10-01,Luzeiro 2,046526,UFV.RS.BA.046526-7.1,BA,UFV,Construção não iniciada,Solar,Radiação solar,Autorização,Radiação solar,1900-01-03,"25200,00",0,",00",Não,"-13,34112500","-43,27121389",2020-05-29,2055-05-29,100% para Solar Luzeiro II S.A. - 45.478.053/0001-50 (PIE),,Bom Jesus da Lapa - BA
2026-10-01,Luzeiro 3,046527,UFV.RS.BA.046527-5.1,BA,UFV,Construção não iniciada,Solar,Radiação solar,Autorização,Radiação solar,1900-01-03,"25200,00",0,",00",Não,"-13,34652778","-43,27345555",2020-05-29,2055-05-29,100% para Solar Luzeiro III S.A. - 45.478.052/0001-06 (PIE),,Bom Jesus da Lapa - BA
2026-10-01,Luzeiro 4,046528,UFV.RS.BA.046528-3.1,BA,UFV,Construção não iniciada,Solar,Radiação solar,Autorização,Radiação solar,1900-01-03,"25200,00",0,",00",Não,"-13,35128611","-43,27522222",2020-05-29,2055-05-29,100% para Solar Luzeiro IV S.A. - 45.478.055/0001-40 (PIE),,Bom Jesus da Lapa - BA
2026-10-01,Luzeiro 5,046529,UFV.RS.BA.046529-1.1,BA,UFV,Construção não iniciada,Solar,Radiação solar,Autorização,Radiação solar,1900-01-03,"25200,00",0,",00",Não,"-13,35526388","-43,26865833",2020-05-29,2055-05-29,100% para Solar Luzeiro V S.A. - 45.478.032/0001-35 (PIE),,Bom Jesus da Lapa - BA
2026-10-01,Luzeiro 6,046530,UFV.RS.BA.046530-5.1,BA,UFV,Construção não iniciada,Solar,Radiação solar,Autorização,Radiação solar,1900-01-03,"22050,00",0,",00",Não,"-13,35731111","-43,26272778",2020-05-29,2055-05-29,100% para Solar Luzeiro VI S.A. - 45.478.027/0001-22 (PIE),,Bom Jesus da Lapa - BA
2026-10-01,Orquídea VII,046739,UFV.RS.BA.046739-1.1,BA,UFV,Construção não iniciada,Solar,Radiação solar,Autorização,Radiação solar,1900-01-03,"30000,00",0,",00",Não,"-12,17353333","-44,79833056",2022-11-28,2057-11-28,100% para GUARACI ENERGIA SOLAR E CONSULTORIA LTDA - 52.079.128/0001-96 (PIE),,Barreiras - BA
2026-10-01,Canudos I,046757,EOL.CV.BA.046757-0.1,BA,EOL,Operação,Eólica,Cinética do vento,Autorização,Cinética do vento,2023-12-01,"49700,00",49700,"25600,00",Não,"-10,18922908","-38,77506982",2020-11-19,2055-11-19,100% para EOLICA CANUDOS III SPE S.A. - 35.474.191/0001-08 (PIE),,Canudos - BA
2026-10-01,Canudos II,046758,EOL.CV.BA.046758-8.1,BA,EOL,Operação,Eólica,Cinética do vento,Autorização,Cinética do vento,2023-12-02,"49700,00",49700,"25800,00",Não,"-10,14664538","-38,77132041",2020-11-19,2055-11-19,100% para EOLICA CANUDOS II SPE S.A. - 35.417.771/0001-63 (PIE),,Canudos - BA
2026-10-01,Boca do Riacho 1,046873,UFV.RS.BA.046873-8.1,BA,UFV,Construção não iniciada,Solar,Radiação solar,Autorização,Radiação solar,1900-01-03,"48000,00",0,",00",Não,"-13,21261229","-43,34925260",2021-10-08,2056-10-08,100% para COMPLEXO FOTOVOLTAICO BOCA DO RIACHO SPE S/A - 32.015.880/0001-66 (PIE),,Bom Jesus da Lapa - BA
2026-10-01,Boca do Riacho 2,046874,UFV.RS.BA.046874-6.1,BA,UFV,Construção não iniciada,Solar,Radiação solar,Autorização,Radiação solar,1900-01-03,"48000,00",0,",00",Não,"-13,21464072","-43,34004054",2021-10-08,2056-10-08,100% para COMPLEXO FOTOVOLTAICO BOCA DO RIACHO SPE S/A - 32.015.880/0001-66 (PIE),,Bom Jesus da Lapa - BA
2026-10-01,Boca do Riacho 10,046875,UFV.RS.BA.046875-4.1,BA,UFV,Construção não iniciada,Solar,Radiação solar,Autorização,Radiação solar,1900-01-03,"48000,00",0,",00",Não,"-13,22241424","-43,30421762",2021-10-08,2056-10-08,100% para COMPLEXO FOTOVOLTAICO BOCA DO RIACHO SPE S/A - 32.015.880/0001-66 (PIE),,Bom Jesus da Lapa - BA
2026-10-01,Boca do Riacho 11,046876,UFV.RS.BA.046876-2.1,BA,UFV,Construção não iniciada,Solar,Radiação solar,Autorização,Radiação solar,1900-01-03,"48000,00",0,",00",Não,"-13,22790148","-43,31112719",2021-10-08,2056-10-08,100% para COMPLEXO FOTOVOLTAICO BOCA DO RIACHO SPE S/A - 32.015.880/0001-66 (PIE),,Bom Jesus da Lapa - BA
2026-10-01,Boca do Riacho 12,046877,UFV.RS.BA.046877-0.1,BA,UFV,Construção não iniciada,Solar,Radiação solar,Autorização,Radiação solar,1900-01-03,"48000,00",0,",00",Não,"-13,22586868","-43,29629600",2021-10-08,2056-10-08,100% para COMPLEXO FOTOVOLTAICO BOCA DO RIACHO SPE S/A - 32.015.880/0001-66 (PIE),,Bom Jesus da Lapa - BA
2026-10-01,Boca do Riacho 13,046878,UFV.RS.BA.046878-9.1,BA,UFV,Construção não iniciada,Solar,Radiação solar,Autorização,Radiação solar,1900-01-03,"48000,00",0,",00",Não,"-13,23185971","-43,31236397",2021-10-08,2056-10-08,100% para COMPLEXO FOTOVOLTAICO BOCA DO RIACHO SPE S/A - 32.015.880/0001-66 (PIE),,Bom Jesus da Lapa - BA
2026-10-01,Boca do Riacho 14,046879,UFV.RS.BA.046879-7.1,BA,UFV,Construção não iniciada,Solar,Radiação solar,Autorização,Radiação solar,1900-01-03,"48000,00",0,",00",Não,"-13,23646747","-43,32301689",2021-10-08,2056-10-08,100% para COMPLEXO FOTOVOLTAICO BOCA DO RIACHO SPE S/A - 32.015.880/0001-66 (PIE),,Bom Jesus da Lapa - BA
2026-10-01,Boca do Riacho 15,046880,UFV.RS.BA.046880-0.1,BA,UFV,Construção não iniciada,Solar,Radiação solar,Autorização,Radiação solar,1900-01-03,"44000,00",0,",00",Não,"-13,23663759","-43,31179592",2021-10-08,2056-10-08,100% para COMPLEXO FOTOVOLTAICO BOCA DO RIACHO SPE S/A - 32.015.880/0001-66 (PIE),,Bom Jesus da Lapa - BA
2026-10-01,Boca do Riacho 16,046881,UFV.RS.BA.046881-9.1,BA,UFV,Construção não iniciada,Solar,Radiação solar,Autorização,Radiação solar,1900-01-03,"48000,00",0,",00",Não,"-13,23951797","-43,29636722",2021-10-08,2056-10-08,100% para COMPLEXO FOTOVOLTAICO BOCA DO RIACHO SPE S/A - 32.015.880/0001-66 (PIE),,Bom Jesus da Lapa - BA
2026-10-01,Boca do Riacho 17,046882,UFV.RS.BA.046882-7.1,BA,UFV,Construção não iniciada,Solar,Radiação solar,Autorização,Radiação solar,1900-01-03,"48000,00",0,",00",Não,"-13,24224020","-43,32252525",2021-10-08,2056-10-08,100% para COMPLEXO FOTOVOLTAICO BOCA DO RIACHO SPE S/A - 32.015.880/0001-66 (PIE),,Bom Jesus da Lapa - BA
2026-10-01,Boca do Riacho 18,046883,UFV.RS.BA.046883-5.1,BA,UFV,Construção não iniciada,Solar,Radiação solar,Autorização,Radiação solar,1900-01-03,"48000,00",0,",00",Não,"-13,22689769","-43,25721561",2021-10-08,2056-10-08,100% para COMPLEXO FOTOVOLTAICO BOCA DO RIACHO SPE S/A - 32.015.880/0001-66 (PIE),,Bom Jesus da Lapa - BA
2026-10-01,Boca do Riacho 19,046884,UFV.RS.BA.046884-3.1,BA,UFV,Construção não iniciada,Solar,Radiação solar,Autorização,Radiação solar,1900-01-03,"48000,00",0,",00",Não,"-13,22991488","-43,26625441",2021-10-08,2056-10-08,100% para COMPLEXO FOTOVOLTAICO BOCA DO RIACHO SPE S/A - 32.015.880/0001-66 (PIE),,Bom Jesus da Lapa - BA
2026-10-01,Boca do Riacho 3,046886,UFV.RS.BA.046886-0.1,BA,UFV,Construção não iniciada,Solar,Radiação solar,Autorização,Radiação solar,1900-01-03,"48000,00",0,",00",Não,"-13,21877521","-43,35037367",2021-10-08,2056-10-08,100% para COMPLEXO FOTOVOLTAICO BOCA DO RIACHO SPE S/A - 32.015.880/0001-66 (PIE),,Bom Jesus da Lapa - BA
2026-10-01,Boca do Riacho 4,046887,UFV.RS.BA.046887-8.1,BA,UFV,Construção não iniciada,Solar,Radiação solar,Autorização,Radiação solar,1900-01-03,"48000,00",0,",00",Não,"-13,22009946","-43,33990214",2021-10-08,2056-10-08,100% para COMPLEXO FOTOVOLTAICO BOCA DO RIACHO SPE S/A - 32.015.880/0001-66 (PIE),,Bom Jesus da Lapa - BA
2026-10-01,Boca do Riacho 5,046888,UFV.RS.BA.046888-6.1,BA,UFV,Construção não iniciada,Solar,Radiação solar,Autorização,Radiação solar,1900-01-03,"48000,00",0,",00",Não,"-13,22108372","-43,33003256",2021-10-08,2056-10-08,100% para COMPLEXO FOTOVOLTAICO BOCA DO RIACHO SPE S/A - 32.015.880/0001-66 (PIE),,Bom Jesus da Lapa - BA
2026-10-01,Boca do Riacho 6,046889,UFV.RS.BA.046889-4.1,BA,UFV,Construção não iniciada,Solar,Radiação solar,Autorização,Radiação solar,1900-01-03,"28000,00",0,",00",Não,"-13,22444096","-43,35710783",2021-10-08,2056-10-08,100% para COMPLEXO FOTOVOLTAICO BOCA DO RIACHO SPE S/A - 32.015.880/0001-66 (PIE),,Bom Jesus da Lapa - BA
2026-10-01,Boca do Riacho 7,046890,UFV.RS.BA.046890-8.1,BA,UFV,Construção não iniciada,Solar,Radiação solar,Autorização,Radiação solar,1900-01-03,"48000,00",0,",00",Não,"-13,22573626","-43,34631332",2021-10-08,2056-10-08,100% para COMPLEXO FOTOVOLTAICO BOCA DO RIACHO SPE S/A - 32.015.880/0001-66 (PIE),,Bom Jesus da Lapa - BA
2026-10-01,Boca do Riacho 8,046891,UFV.RS.BA.046891-6.1,BA,UFV,Construção não iniciada,Solar,Radiação solar,Autorização,Radiação solar,1900-01-03,"48000,00",0,",00",Não,"-13,22551027","-43,33656244",2021-10-08,2056-10-08,100% para COMPLEXO FOTOVOLTAICO BOCA DO RIACHO SPE S/A - 32.015.880/0001-66 (PIE),,Bom Jesus da Lapa - BA
2026-10-01,Boca do Riacho 9,046892,UFV.RS.BA.046892-4.1,BA,UFV,Construção não iniciada,Solar,Radiação solar,Autorização,Radiação solar,1900-01-03,"48000,00",0,",00",Não,"-13,21984802","-43,31940315",2021-10-08,2056-10-08,100% para COMPLEXO FOTOVOLTAICO BOCA DO RIACHO SPE S/A - 32.015.880/0001-66 (PIE),,Bom Jesus da Lapa - BA
2026-10-01,Sol de Brotas 1,047041,UFV.RS.BA.047041-4.1,BA,UFV,Operação,Solar,Radiação solar,Autorização,Radiação solar,2026-07-30,"32500,00",32500,"9300,00",Não,"-12,29674133","-42,33744365",2023-04-20,2058-04-20,100% para SOL DE BROTAS 1 S/A. - 42.618.737/0001-12 (PIE),,Brotas de Macaúbas - BA
2026-10-01,Sol de Brotas 2,047042,UFV.RS.BA.047042-2.1,BA,UFV,Operação,Solar,Radiação solar,Autorização,Radiação solar,2026-07-31,"32500,00",32500,"8700,00",Não,"-12,32452500","-42,32110556",2023-04-19,2058-04-19,100% para SOL DE BROTAS 2 S/A. - 42.615.131/0001-23 (PIE),,Brotas de Macaúbas - BA
2026-10-01,Sol de Brotas 3,047043,UFV.RS.BA.047043-0.1,BA,UFV,Construção,Solar,Radiação solar,Autorização,Radiação solar,1900-01-03,"32500,00",0,"9600,00",Não,"-12,31528770","-42,33642060",2023-04-19,2058-04-19,100% para SOL DE BROTAS 3 S/A. - 42.618.733/0001-34 (PIE),,Uibaí - BA
2026-10-01,Sol de Brotas 4,047044,UFV.RS.BA.047044-9.1,BA,UFV,Construção,Solar,Radiação solar,Autorização,Radiação solar,1900-01-03,"32500,00",0,"9500,00",Não,"-12,32128768","-42,32085974",2023-04-19,2058-04-19,100% para SOL DE BROTAS 4 S/A. - 35.637.148/0001-16 (PIE),,Uibaí - BA
2026-10-01,Sol de Brotas 5,047045,UFV.RS.BA.047045-7.1,BA,UFV,Construção,Solar,Radiação solar,Autorização,Radiação solar,1900-01-03,"32500,00",0,"9600,00",Não,"-11,42039722","-42,14599444",2023-04-19,2058-04-19,100% para SOL DE BROTAS 5 S/A. - 42.616.057/0001-60 (PIE),,Ibipeba - BA
2026-10-01,Sol de Brotas 6,047046,UFV.RS.BA.047046-5.1,BA,UFV,Construção,Solar,Radiação solar,Autorização,Radiação solar,1900-01-03,"32500,00",0,"9400,00",Não,"-12,34264387","-42,31530399",2023-04-19,2058-04-19,100% para SOL DE BROTAS 6 S/A. - 15.674.494/0001-67 (PIE),,Uibaí - BA
2026-10-01,Sol de Brotas 7,047047,UFV.RS.BA.047047-3.1,BA,UFV,Construção,Solar,Radiação solar,Autorização,Radiação solar,1900-01-03,"32500,00",0,"8800,00",Não,"-12,34841140","-42,30745298",2023-04-19,2058-04-19,100% para SOL DE BROTAS 7 S.A. - 51.770.580/0001-37 (PIE),,Uibaí - BA
2026-10-01,CASTANHEIRA 21,047080,EOL.CV.BA.047080-5.1,BA,EOL,Construção não iniciada,Eólica,Cinética do vento,Autorização,Cinética do vento,1900-01-03,"25200,00",0,",00",Não,"-10,46049016","-41,67344939",2023-06-28,2058-06-28,100% para CASTANHEIRA ENERGIA EOLICA 21 S/A - 34.472.022/0001-76 (PIE),,Sento Sé - BA
2026-10-01,CASTANHEIRA 01,047081,EOL.CV.BA.047081-3.1,BA,EOL,Construção não iniciada,Eólica,Cinética do vento,Autorização,Cinética do vento,1900-01-03,"16800,00",0,",00",Não,"-10,41784633","-41,58977996",2023-06-28,2058-06-28,100% para CASTANHEIRA ENERGIA EOLICA 01 S/A - 34.364.112/0001-43 (PIE),,Sento Sé - BA
2026-10-01,CASTANHEIRA 03,047083,EOL.CV.BA.047083-0.1,BA,EOL,Construção não iniciada,Eólica,Cinética do vento,Autorização,Cinética do vento,1900-01-03,"29400,00",0,",00",Não,"-10,40461170","-41,62386990",2023-06-28,2058-06-28,100% para CASTANHEIRA ENERGIA EOLICA 03 S/A - 34.365.774/0001-38 (PIE),,Sento Sé - BA
2026-10-01,CASTANHEIRA 04,047084,EOL.CV.BA.047084-8.1,BA,EOL,Construção não iniciada,Eólica,Cinética do vento,Autorização,Cinética do vento,1900-01-03,"16800,00",0,",00",Não,"-10,43803037","-41,62427756",2023-06-28,2058-06-28,100% para CASTANHEIRA ENERGIA EOLICA 04 S/A - 34.193.471/0001-85 (PIE),,Sento Sé - BA
2026-10-01,CASTANHEIRA 05,047085,EOL.CV.BA.047085-6.1,BA,EOL,Construção não iniciada,Eólica,Cinética do vento,Autorização,Cinética do vento,1900-01-03,"29400,00",0,",00",Não,"-10,45840886","-41,63150504",2023-06-28,2058-06-28,100% para CASTANHEIRA ENERGIA EOLICA 05 S/A - 34.379.431/0001-22 (PIE),,Sento Sé - BA
2026-10-01,CASTANHEIRA 06,047086,EOL.CV.BA.047086-4.1,BA,EOL,Construção não iniciada,Eólica,Cinética do vento,Autorização,Cinética do vento,1900-01-03,"29400,00",0,",00",Não,"-10,47804794","-41,64068111",2023-06-28,2058-06-28,100% para CASTANHEIRA ENERGIA EOLICA 06 S/A - 34.441.229/0001-83 (PIE),,Sento Sé - BA
2026-10-01,CASTANHEIRA 07,047087,EOL.CV.BA.047087-2.1,BA,EOL,Construção não iniciada,Eólica,Cinética do vento,Autorização,Cinética do vento,1900-01-03,"29400,00",0,",00",Não,"-10,50071590","-41,65062389",2023-06-28,2058-06-28,100% para CASTANHEIRA ENERGIA EOLICA 07 S/A - 34.441.222/0001-61 (PIE),,Sento Sé - BA
2026-10-01,CASTANHEIRA 08,047088,EOL.CV.BA.047088-0.1,BA,EOL,Construção não iniciada,Eólica,Cinética do vento,Autorização,Cinética do vento,1900-01-03,"29400,00",0,",00",Não,"-10,52642574","-41,66298669",2023-06-28,2058-06-28,100% para CASTANHEIRA ENERGIA EOLICA 08 S/A - 34.441.221/0001-17 (PIE),,Sento Sé - BA
2026-10-01,CASTANHEIRA 09,047089,EOL.CV.BA.047089-9.1,BA,EOL,Construção não iniciada,Eólica,Cinética do vento,Autorização,Cinética do vento,1900-01-03,"29400,00",0,",00",Não,"-10,50669586","-41,66049850",2023-06-28,2058-06-28,100% para CASTANHEIRA ENERGIA EOLICA 09 S/A - 34.367.705/0001-63 (PIE),,Sento Sé - BA
2026-10-01,CASTANHEIRA 10,047090,EOL.CV.BA.047090-2.1,BA,EOL,Construção não iniciada,Eólica,Cinética do vento,Autorização,Cinética do vento,1900-01-03,"29400,00",0,",00",Não,"-10,50396745","-41,66047514",2023-06-28,2058-06-28,100% para CASTANHEIRA ENERGIA EOLICA 10 S/A - 34.432.175/0001-90 (PIE),,Sento Sé - BA
2026-10-01,CASTANHEIRA 11,047091,EOL.CV.BA.047091-0.1,BA,EOL,Construção não iniciada,Eólica,Cinética do vento,Autorização,Cinética do vento,1900-01-03,"29400,00",0,",00",Não,"-10,48558635","-41,66198857",2023-06-28,2058-06-28,100% para CASTANHEIRA ENERGIA EOLICA 11 S/A - 34.441.218/0001-01 (PIE),,Sento Sé - BA
2026-10-01,CASTANHEIRA 12,047092,EOL.CV.BA.047092-9.1,BA,EOL,Construção não iniciada,Eólica,Cinética do vento,Autorização,Cinética do vento,1900-01-03,"25200,00",0,",00",Não,"-10,46286285","-41,65984104",2023-06-28,2058-06-28,100% para CASTANHEIRA ENERGIA EOLICA 12 S/A - 34.469.774/0001-88 (PIE),,Sento Sé - BA
2026-10-01,CASTANHEIRA 13,047093,EOL.CV.BA.047093-7.1,BA,EOL,Construção não iniciada,Eólica,Cinética do vento,Autorização,Cinética do vento,1900-01-03,"25200,00",0,",00",Não,"-10,44608670","-41,65741618",2023-06-28,2058-06-28,100% para CASTANHEIRA ENERGIA EOLICA 13 S/A - 34.367.197/0001-13 (PIE),,Sento Sé - BA
2026-10-01,CASTANHEIRA 18,047094,EOL.CV.BA.047094-5.1,BA,EOL,Construção não iniciada,Eólica,Cinética do vento,Autorização,Cinética do vento,1900-01-03,"29400,00",0,",00",Não,"-10,41377846","-41,68320844",2023-06-28,2058-06-28,100% para CASTANHEIRA ENERGIA EOLICA 18 S/A - 34.367.717/0001-98 (PIE),,Sento Sé - BA
2026-10-01,CASTANHEIRA 19,047095,EOL.CV.BA.047095-3.1,BA,EOL,Construção não iniciada,Eólica,Cinética do vento,Autorização,Cinética do vento,1900-01-03,"25200,00",0,",00",Não,"-10,43737762","-41,67786108",2023-06-28,2058-06-28,100% para CASTANHEIRA ENERGIA EOLICA 19 S/A - 34.367.733/0001-80 (PIE),,Sento Sé - BA
2026-10-01,CASTANHEIRA 20,047096,EOL.CV.BA.047096-1.1,BA,EOL,Construção não iniciada,Eólica,Cinética do vento,Autorização,Cinética do vento,1900-01-03,"25200,00",0,",00",Não,"-10,44070289","-41,67673946",2023-06-28,2058-06-28,100% para CASTANHEIRA ENERGIA EOLICA 20 S/A - 34.472.025/0001-00 (PIE),,Sento Sé - BA
2026-10-01,Ventos de Santo Antonio 04,047208,EOL.CV.BA.047208-5.1,BA,EOL,Operação,Eólica,Cinética do vento,Autorização,Cinética do vento,2025-06-05,"67500,00",67500,"36900,00",Não,"-11,06293107","-41,27985095",2022-01-04,2057-01-04,100% para Ventos de Santa Felicidade Energias Renováveis S.A. - 42.643.549/0001-44 (PIE),,Morro do Chapéu - BA
2026-10-01,Canudos IX,047211,EOL.CV.BA.047211-5.1,BA,EOL,Construção não iniciada,Eólica,Cinética do vento,Autorização,Cinética do vento,1900-01-03,"48000,00",0,",00",Não,"-10,17551716","-38,78771444",2021-05-25,2056-05-25,100% para Usina Eólica Canudos P LTDA. - 43.979.865/0001-54 (PIE),,Canudos - BA
2026-10-01,Canudos V,047212,EOL.CV.BA.047212-3.1,BA,EOL,Construção não iniciada,Eólica,Cinética do vento,Autorização,Cinética do vento,1900-01-03,"48000,00",0,",00",Não,"-10,21430184","-38,77751745",2021-05-25,2056-05-25,100% para Usina Eólica Canudos C LTDA. - 43.944.425/0001-61 (PIE),,Canudos - BA
2026-10-01,Canudos VI,047213,EOL.CV.BA.047213-1.1,BA,EOL,Construção não iniciada,Eólica,Cinética do vento,Autorização,Cinética do vento,1900-01-03,"48000,00",0,",00",Não,"-10,12029967","-38,78583399",2021-05-25,2056-05-25,100% para Usina Eólica Canudos H LTDA. - 43.170.903/0001-23 (PIE),,Canudos - BA
2026-10-01,Canudos VIII,047214,EOL.CV.BA.047214-0.1,BA,EOL,Construção não iniciada,Eólica,Cinética do vento,Autorização,Cinética do vento,1900-01-03,"48000,00",0,",00",Não,"-10,14735308","-38,78811642",2021-05-25,2056-05-25,100% para Usina Eólica Canudos I LTDA. - 43.162.770/0001-43 (PIE),,Canudos - BA
2026-10-01,Canudos XI,047216,EOL.CV.BA.047216-6.1,BA,EOL,Construção não iniciada,Eólica,Cinética do vento,Autorização,Cinética do vento,1900-01-03,"48000,00",0,",00",Não,"-10,20553136","-38,79529091",2021-05-25,2056-05-25,100% para Usina Eólica Canudos F LTDA. - 43.944.459/0001-56 (PIE),,Canudos - BA
2026-10-01,Canudos XII,047217,EOL.CV.BA.047217-4.1,BA,EOL,Construção não iniciada,Eólica,Cinética do vento,Autorização,Cinética do vento,1900-01-03,"48000,00",0,",00",Não,"-10,17456245","-38,80888597",2021-05-25,2056-05-25,100% para Usina Eólica Canudos J LTDA. - 43.185.350/0001-82 (PIE),,Canudos - BA
2026-10-01,Fazenda Boa Esperança I,048639,UFV.RS.BA.048639-6.1,BA,UFV,Construção não iniciada,Solar,Radiação solar,Autorização,Radiação solar,1900-01-03,"29934,00",0,",00",Não,"-9,58310000","-40,88539167",2020-11-20,2055-11-20,100% para Enercom Energias Renováveis Ltda. - 27.167.636/0001-89 (PIE),,Sobradinho - BA
2026-10-01,Fazenda Boa Esperança II,048640,UFV.RS.BA.048640-0.1,BA,UFV,Construção não iniciada,Solar,Radiação solar,Autorização,Radiação solar,1900-01-03,"29934,00",0,",00",Não,"-9,58330556","-40,87681944",2020-11-20,2055-11-20,100% para Enercom Energias Renováveis Ltda. - 27.167.636/0001-89 (PIE),,Sobradinho - BA
2026-10-01,Fazenda Boa Esperança III,048641,UFV.RS.BA.048641-8.1,BA,UFV,Construção não iniciada,Solar,Radiação solar,Autorização,Radiação solar,1900-01-03,"29934,00",0,",00",Não,"-9,58774444","-40,87772500",2020-11-20,2055-11-20,100% para Enercom Energias Renováveis Ltda. - 27.167.636/0001-89 (PIE),,Sobradinho - BA
2026-10-01,Fazenda Boa Esperança IV,048642,UFV.RS.BA.048642-6.1,BA,UFV,Construção não iniciada,Solar,Radiação solar,Autorização,Radiação solar,1900-01-03,"29934,00",0,",00",Não,"-9,59046111","-40,87020556",2020-11-20,2055-11-20,100% para Enercom Energias Renováveis Ltda. - 27.167.636/0001-89 (PIE),,Sobradinho - BA
2026-10-01,Fazenda Boa Esperança V,048643,UFV.RS.BA.048643-4.1,BA,UFV,Construção não iniciada,Solar,Radiação solar,Autorização,Radiação solar,1900-01-03,"29934,00",0,",00",Não,"-9,59455278","-40,86397500",2020-11-20,2055-11-20,100% para Enercom Energias Renováveis Ltda. - 27.167.636/0001-89 (PIE),,Sobradinho - BA
2026-10-01,Fazenda Boa Esperança VI,048644,UFV.RS.BA.048644-2.1,BA,UFV,Construção não iniciada,Solar,Radiação solar,Autorização,Radiação solar,1900-01-03,"29934,00",0,",00",Não,"-9,59123611","-40,85695833",2020-11-20,2055-11-20,100% para Enercom Energias Renováveis Ltda. - 27.167.636/0001-89 (PIE),,Sobradinho - BA
2026-10-01,Fazenda Boa Esperança VII,048645,UFV.RS.BA.048645-0.1,BA,UFV,Construção não iniciada,Solar,Radiação solar,Autorização,Radiação solar,1900-01-03,"29934,00",0,",00",Não,"-9,59108889","-40,85261667",2020-11-20,2055-11-20,100% para Enercom Energias Renováveis Ltda. - 27.167.636/0001-89 (PIE),,Sobradinho - BA
2026-10-01,Fazenda Boa Esperança VIII,048646,UFV.RS.BA.048646-9.1,BA,UFV,Construção não iniciada,Solar,Radiação solar,Autorização,Radiação solar,1900-01-03,"29934,00",0,",00",Não,"-9,59133889","-40,84795000",2020-11-20,2055-11-20,100% para Enercom Energias Renováveis Ltda. - 27.167.636/0001-89 (PIE),,Sobradinho - BA
2026-10-01,Ouro 1,048905,UFV.RS.BA.048905-0.1,BA,UFV,Construção não iniciada,Solar,Radiação solar,Autorização,Radiação solar,1900-01-03,"37807,00",0,",00",Não,"-10,76469167","-41,28278611",2021-05-25,2056-05-25,100% para OUROLÂNDIA ENERGIA RENOVÁVEL SOCIEDADE UNIPESSOAL SPE LTDA - 39.240.025/0001-06 (PIE),,Ourolândia - BA
2026-10-01,Ouro 2,048906,UFV.RS.BA.048906-9.1,BA,UFV,Construção não iniciada,Solar,Radiação solar,Autorização,Radiação solar,1900-01-03,"37807,00",0,",00",Não,"-10,76425278","-41,28618334",2021-05-25,2056-05-25,100% para OUROLÂNDIA ENERGIA RENOVÁVEL SOCIEDADE UNIPESSOAL SPE LTDA - 39.240.025/0001-06 (PIE),,Ourolândia - BA
2026-10-01,Ouro 3,048907,UFV.RS.BA.048907-7.1,BA,UFV,Construção não iniciada,Solar,Radiação solar,Autorização,Radiação solar,1900-01-03,"37807,00",0,",00",Não,"-10,75506667","-41,27792500",2021-05-25,2056-05-25,100% para OUROLÂNDIA ENERGIA RENOVÁVEL SOCIEDADE UNIPESSOAL SPE LTDA - 39.240.025/0001-06 (PIE),,Ourolândia - BA
2026-10-01,Ouro 4,048908,UFV.RS.BA.048908-5.1,BA,UFV,Construção não iniciada,Solar,Radiação solar,Autorização,Radiação solar,1900-01-03,"37807,00",0,",00",Não,"-10,76515000","-41,27843889",2021-05-25,2056-05-25,100% para OUROLÂNDIA ENERGIA RENOVÁVEL SOCIEDADE UNIPESSOAL SPE LTDA - 39.240.025/0001-06 (PIE),,Ourolândia - BA
2026-10-01,Ouro 5,048909,UFV.RS.BA.048909-3.1,BA,UFV,Construção não iniciada,Solar,Radiação solar,Autorização,Radiação solar,1900-01-03,"37807,00",0,",00",Não,"-10,75341944","-41,27341389",2021-05-25,2056-05-25,100% para OUROLÂNDIA ENERGIA RENOVÁVEL SOCIEDADE UNIPESSOAL SPE LTDA - 39.240.025/0001-06 (PIE),,Ourolândia - BA
2026-10-01,Ouro 6,048910,UFV.RS.BA.048910-7.1,BA,UFV,Construção não iniciada,Solar,Radiação solar,Autorização,Radiação solar,1900-01-03,"37807,00",0,",00",Não,"-10,76606389","-41,26846389",2021-05-25,2056-05-25,100% para OUROLÂNDIA ENERGIA RENOVÁVEL SOCIEDADE UNIPESSOAL SPE LTDA - 39.240.025/0001-06 (PIE),,Ourolândia - BA
2026-10-01,Ouro 7,048911,UFV.RS.BA.048911-5.1,BA,UFV,Construção não iniciada,Solar,Radiação solar,Autorização,Radiação solar,1900-01-03,"37807,00",0,",00",Não,"-10,78747222","-41,27122222",2021-05-25,2056-05-25,100% para OUROLÂNDIA ENERGIA RENOVÁVEL SOCIEDADE UNIPESSOAL SPE LTDA - 39.240.025/0001-06 (PIE),,Ourolândia - BA
2026-10-01,Ouro 8,048912,UFV.RS.BA.048912-3.1,BA,UFV,Construção não iniciada,Solar,Radiação solar,Autorização,Radiação solar,1900-01-03,"37807,00",0,",00",Não,"-10,75345834","-41,26822500",2021-05-25,2056-05-25,100% para OUROLÂNDIA ENERGIA RENOVÁVEL SOCIEDADE UNIPESSOAL SPE LTDA - 39.240.025/0001-06 (PIE),,Ourolândia - BA
2026-10-01,Ouro 9,048913,UFV.RS.BA.048913-1.1,BA,UFV,Construção não iniciada,Solar,Radiação solar,Autorização,Radiação solar,1900-01-03,"37807,00",0,",00",Não,"-10,76606389","-41,26846389",2021-05-25,2056-05-25,100% para OUROLÂNDIA ENERGIA RENOVÁVEL SOCIEDADE UNIPESSOAL SPE LTDA - 39.240.025/0001-06 (PIE),,Ourolândia - BA
2026-10-01,Ouro 10,048914,UFV.RS.BA.048914-0.1,BA,UFV,Construção não iniciada,Solar,Radiação solar,Autorização,Radiação solar,1900-01-03,"34370,00",0,",00",Não,"-10,77741944","-41,26640277",2021-05-25,2056-05-25,100% para OUROLÂNDIA ENERGIA RENOVÁVEL SOCIEDADE UNIPESSOAL SPE LTDA - 39.240.025/0001-06 (PIE),,Ourolândia - BA
2026-10-01,Ouro 11,048915,UFV.RS.BA.048915-8.1,BA,UFV,Construção não iniciada,Solar,Radiação solar,Autorização,Radiação solar,1900-01-03,"37807,00",0,",00",Não,"-10,75683889","-41,26572777",2021-05-25,2056-05-25,100% para OUROLÂNDIA ENERGIA RENOVÁVEL SOCIEDADE UNIPESSOAL SPE LTDA - 39.240.025/0001-06 (PIE),,Ourolândia - BA
2026-10-01,Ouro 12,048916,UFV.RS.BA.048916-6.1,BA,UFV,Construção não iniciada,Solar,Radiação solar,Autorização,Radiação solar,1900-01-03,"37807,00",0,",00",Não,"-10,76907223","-41,26244444",2021-05-25,2056-05-25,100% para OUROLÂNDIA ENERGIA RENOVÁVEL SOCIEDADE UNIPESSOAL SPE LTDA - 39.240.025/0001-06 (PIE),,Ourolândia - BA
2026-10-01,Ouro 13,048917,UFV.RS.BA.048917-4.1,BA,UFV,Construção não iniciada,Solar,Radiação solar,Autorização,Radiação solar,1900-01-03,"37807,00",0,",00",Não,"-10,77830000","-41,26040000",2021-05-25,2056-05-25,100% para OUROLÂNDIA ENERGIA RENOVÁVEL SOCIEDADE UNIPESSOAL SPE LTDA - 39.240.025/0001-06 (PIE),,Ourolândia - BA
2026-10-01,Ouro 14,048918,UFV.RS.BA.048918-2.1,BA,UFV,Construção não iniciada,Solar,Radiação solar,Autorização,Radiação solar,1900-01-03,"37807,00",0,",00",Não,"-10,76994722","-41,25499444",2021-05-25,2056-05-25,100% para OUROLÂNDIA ENERGIA RENOVÁVEL SOCIEDADE UNIPESSOAL SPE LTDA - 39.240.025/0001-06 (PIE),,Ourolândia - BA
2026-10-01,Ouro 15,048919,UFV.RS.BA.048919-0.1,BA,UFV,Construção não iniciada,Solar,Radiação solar,Autorização,Radiação solar,1900-01-03,"37807,00",0,",00",Não,"-10,75656945","-41,18981667",2021-05-25,2056-05-25,100% para OUROLÂNDIA ENERGIA RENOVÁVEL SOCIEDADE UNIPESSOAL SPE LTDA - 39.240.025/0001-06 (PIE),,Ourolândia - BA
2026-10-01,Ouro 16,048920,UFV.RS.BA.048920-4.1,BA,UFV,Construção não iniciada,Solar,Radiação solar,Autorização,Radiação solar,1900-01-03,"30933,00",0,",00",Não,"-10,76204444","-41,19281944",2021-05-25,2056-05-25,100% para OUROLÂNDIA ENERGIA RENOVÁVEL SOCIEDADE UNIPESSOAL SPE LTDA - 39.240.025/0001-06 (PIE),,Ourolândia - BA
2026-10-01,Ouro 17,048921,UFV.RS.BA.048921-2.1,BA,UFV,Construção não iniciada,Solar,Radiação solar,Autorização,Radiação solar,1900-01-03,"30933,00",0,",00",Não,"-10,76368889","-41,18504166",2021-05-25,2056-05-25,100% para SANTA IZABEL ENERGIAS RENOVAVEIS LTDA - 56.874.690/0001-62 (PIE),,Ourolândia - BA
2026-10-01,Ouro 18,048922,UFV.RS.BA.048922-0.1,BA,UFV,Construção não iniciada,Solar,Radiação solar,Autorização,Radiação solar,1900-01-03,"34370,00",0,",00",Não,"-10,75956111","-41,18974722",2021-05-25,2056-05-25,100% para OUROLÂNDIA ENERGIA RENOVÁVEL SOCIEDADE UNIPESSOAL SPE LTDA - 39.240.025/0001-06 (PIE),,Ourolândia - BA
2026-10-01,Pedra Pintada I,049142,EOL.CV.BA.049142-0.1,BA,EOL,Operação,Eólica,Cinética do vento,Autorização,Cinética do vento,2024-07-27,"49500,00",49500,"31400,00",Não,"-10,77992924","-41,21338827",2021-03-22,2056-03-22,100% para USINA EÓLICA PEDRA PINTADA A LTDA. - 42.046.559/0001-00 (PIE),,Ourolândia - BA
2026-10-01,Pedra Pintada II,049143,EOL.CV.BA.049143-8.1,BA,EOL,Operação,Eólica,Cinética do vento,Autorização,Cinética do vento,2024-07-27,"49500,00",49500,"27500,00",Não,"-10,74172140","-41,20693885",2021-03-22,2056-03-22,100% para USINA EÓLICA PEDRA PINTADA B LTDA. - 42.261.997/0001-83 (PIE),,Ourolândia - BA
2026-10-01,Pedra Pintada III,049144,EOL.CV.BA.049144-6.1,BA,EOL,Operação,Eólica,Cinética do vento,Autorização,Cinética do vento,2024-07-27,"45000,00",45000,"24500,00",Não,"-10,70554318","-41,20747111",2021-03-22,2056-03-22,100% para USINA EOLICA PEDRA PINTADA C LTDA. - 41.982.031/0001-72 (PIE),,Ourolândia - BA
2026-10-01,Pedra Pintada IV,049145,EOL.CV.BA.049145-4.1,BA,EOL,Operação,Eólica,Cinética do vento,Autorização,Cinética do vento,2024-07-27,"49500,00",49500,"25200,00",Não,"-10,66862703","-41,18507320",2021-03-22,2056-03-22,100% para USINA EOLICA PEDRA PINTADA D LTDA. - 41.983.083/0001-63 (PIE),,"Ourolândia - BA, Umburanas - BA"
2026-10-01,Aeroporto De Salvador,049251,UFV.RS.BA.049251-5.1,BA,UFV,Operação,Solar,Radiação solar,Registro,Radiação solar,2020-08-20,"3300,00",3300,",00",Não,"-12,91366666","-38,33627778",,,100% para Concessionaria Do Aeroporto de Salvador S.A. - 27.950.582/0001-23 (REG),,Salvador - BA
2026-10-01,Serra do Assuruá 1,049371,EOL.CV.BA.049371-6.1,BA,EOL,Operação,Eólica,Cinética do vento,Autorização,Cinética do vento,2024-11-22,"45000,00",45000,"20900,00",Não,"-11,37032999","-42,60718563",2021-11-03,2056-11-03,100% para EÓLICA SERRA DO ASSURUÁ 1 LTDA. - 47.148.863/0001-74 (PIE),,Gentio do Ouro - BA
2026-10-01,Serra do Assuruá 2,049372,EOL.CV.BA.049372-4.1,BA,EOL,Operação,Eólica,Cinética do vento,Autorização,Cinética do vento,2025-01-17,"22500,00",22500,"12100,00",Não,"-11,40945403","-42,62116527",2021-11-03,2056-11-03,100% para EÓLICA SERRA DO ASSURUÁ 2 LTDA. - 47.153.596/0001-23 (PIE),,Gentio do Ouro - BA
2026-10-01,Serra do Assuruá 3,049373,EOL.CV.BA.049373-2.1,BA,EOL,Operação,Eólica,Cinética do vento,Autorização,Cinética do vento,2025-01-21,"40500,00",40500,"19700,00",Não,"-11,41682779","-42,60672329",2021-11-03,2056-11-03,100% para EÓLICA SERRA DO ASSURUÁ 3 LTDA - 47.148.837/0001-46 (PIE),,Gentio do Ouro - BA
2026-10-01,Serra do Assuruá 4,049374,EOL.CV.BA.049374-0.1,BA,EOL,Operação,Eólica,Cinética do vento,Autorização,Cinética do vento,2025-02-22,"36000,00",36000,"18100,00",Não,"-11,41859485","-42,59187916",2021-11-03,2056-11-03,100% para EÓLICA SERRA DO ASSURUÁ 4 LTDA - 47.148.310/0001-11 (PIE),,Gentio do Ouro - BA
2026-10-01,Serra do Assuruá 5,049375,EOL.CV.BA.049375-9.1,BA,EOL,Operação,Eólica,Cinética do vento,Autorização,Cinética do vento,2025-12-10,"36000,00",36000,"13000,00",Não,"-11,49936917","-42,58843712",2021-11-03,2056-11-03,100% para EÓLICA SERRA DO ASSURUÁ 5 LTDA - 47.152.849/0001-44 (PIE),,Gentio do Ouro - BA
2026-10-01,Serra do Assuruá 6,049376,EOL.CV.BA.049376-7.1,BA,EOL,Operação,Eólica,Cinética do vento,Autorização,Cinética do vento,2025-01-08,"36000,00",36000,"17000,00",Não,"-11,52760458","-42,57613797",2021-11-03,2056-11-03,100% para EÓLICA SERRA DO ASSURUÁ 6 LTDA - 47.148.886/0001-89 (PIE),,Gentio do Ouro - BA
2026-10-01,Serra do Assuruá 7,049377,EOL.CV.BA.049377-5.1,BA,EOL,Operação,Eólica,Cinética do vento,Autorização,Cinética do vento,2025-06-12,"27000,00",27000,"11400,00",Não,"-11,54919379","-42,59480231",2021-11-03,2056-11-03,100% para EÓLICA SERRA DO ASSURUÁ 7 LTDA - 47.148.979/0001-03 (PIE),,Gentio do Ouro - BA
2026-10-01,Serra do Assuruá 8,049378,EOL.CV.BA.049378-3.1,BA,EOL,Operação,Eólica,Cinética do vento,Autorização,Cinética do vento,2024-08-28,"22500,00",22500,"11000,00",Não,"-11,53657115","-42,55490330",2021-11-03,2056-11-03,100% para EÓLICA SERRA DO ASSURUÁ 8 LTDA. - 47.149.012/0001-46 (PIE),,Gentio do Ouro - BA
2026-10-01,Serra do Assuruá 9,049379,EOL.CV.BA.049379-1.1,BA,EOL,Operação,Eólica,Cinética do vento,Autorização,Cinética do vento,2024-11-13,"40500,00",40500,"18000,00",Não,"-11,50701820","-42,59879875",2021-11-03,2056-11-03,100% para EÓLICA SERRA DO ASSURUÁ 9 LTDA. - 47.148.990/0001-73 (PIE),,Gentio do Ouro - BA
2026-10-01,Serra do Assuruá 10,049380,EOL.CV.BA.049380-5.1,BA,EOL,Operação,Eólica,Cinética do vento,Autorização,Cinética do vento,2025-12-12,"40500,00",40500,"19700,00",Não,"-11,51235777","-42,57906321",2021-11-03,2056-11-03,100% para EÓLICA SERRA DO ASSURUÁ 10 LTDA. - 47.148.875/0001-07 (PIE),,Gentio do Ouro - BA
2026-10-01,Serra do Assuruá 11,049381,EOL.CV.BA.049381-3.1,BA,EOL,Operação,Eólica,Cinética do vento,Autorização,Cinética do vento,2024-10-31,"40500,00",40500,"19500,00",Não,"-11,52265266","-42,54811515",2021-11-03,2056-11-03,100% para EÓLICA SERRA DO ASSURUÁ 11 LTDA. - 47.149.006/0001-99 (PIE),,Gentio do Ouro - BA
2026-10-01,Serra do Assuruá 12,049382,EOL.CV.BA.049382-1.1,BA,EOL,Operação,Eólica,Cinética do vento,Autorização,Cinética do vento,2025-12-12,"27000,00",27000,"11100,00",Não,"-11,56801525","-42,58706275",2021-11-03,2056-11-03,100% para EÓLICA SERRA DO ASSURUÁ 12 LTDA. - 47.149.496/0001-23 (PIE),,Gentio do Ouro - BA
2026-10-01,Serra do Assuruá 13,049383,EOL.CV.BA.049383-0.1,BA,EOL,Operação,Eólica,Cinética do vento,Autorização,Cinética do vento,2025-02-25,"36000,00",36000,"19600,00",Não,"-11,58731884","-42,58840939",2021-11-03,2056-11-03,100% para EÓLICA SERRA DO ASSURUÁ 13 LTDA. - 47.152.075/0001-51 (PIE),,Gentio do Ouro - BA
2026-10-01,Serra do Assuruá 14,049387,EOL.CV.BA.049387-2.1,BA,EOL,Operação,Eólica,Cinética do vento,Autorização,Cinética do vento,2024-11-01,"27000,00",27000,"15100,00",Não,"-11,59500697","-42,58928742",2021-11-03,2056-11-03,100% para EÓLICA SERRA DO ASSURUÁ 14 LTDA. - 47.149.609/0001-90 (PIE),,Gentio do Ouro - BA
2026-10-01,Serra do Assuruá 15,049388,EOL.CV.BA.049388-0.1,BA,EOL,Operação,Eólica,Cinética do vento,Autorização,Cinética do vento,2024-08-06,"36000,00",36000,"20000,00",Não,"-11,47298307","-42,61702492",2021-11-03,2056-11-03,100% para EÓLICA SERRA DO ASSURUÁ 15 LTDA. - 47.149.120/0001-19 (PIE),,Gentio do Ouro - BA
2026-10-01,Serra do Assuruá 16,049389,EOL.CV.BA.049389-9.1,BA,EOL,Operação,Eólica,Cinética do vento,Autorização,Cinética do vento,2025-01-17,"40500,00",40500,"19400,00",Não,"-11,46293235","-42,57286184",2021-11-03,2056-11-03,100% para EÓLICA SERRA DO ASSURUÁ 16 LTDA. - 47.149.598/0001-49 (PIE),,Gentio do Ouro - BA
2026-10-01,Serra do Assuruá 17,049390,EOL.CV.BA.049390-2.1,BA,EOL,Operação,Eólica,Cinética do vento,Autorização,Cinética do vento,2024-10-31,"40500,00",40500,"23400,00",Não,"-11,46593104","-42,55860940",2021-11-03,2056-11-03,"89% para A. ANGELONI &amp- CIA. LTDA - 83.646.984/0001-00 (PIE), 11% para Eólica Serra do Assuruá 17 Ltda. - 47.149.512/0001-88 (PIE)",,Gentio do Ouro - BA
2026-10-01,Serra do Assuruá 18,049391,EOL.CV.BA.049391-0.1,BA,EOL,Operação,Eólica,Cinética do vento,Autorização,Cinética do vento,2024-08-29,"40500,00",40500,"20500,00",Não,"-11,46663628","-42,53606785",2021-11-03,2056-11-03,100% para Eólica Serra do Assuruá 18 Ltda. - 47.148.857/0001-17 (PIE),,Gentio do Ouro - BA
2026-10-01,Serra do Assuruá 19,049392,EOL.CV.BA.049392-9.1,BA,EOL,Operação,Eólica,Cinética do vento,Autorização,Cinética do vento,2024-08-06,"40500,00",40500,"19600,00",Não,"-11,48592420","-42,56789212",2021-11-03,2056-11-03,100% para Eólica Serra do Assuruá 19 Ltda. - 47.183.535/0001-09 (PIE),,Gentio do Ouro - BA
2026-10-01,Serra do Assuruá 20,049393,EOL.CV.BA.049393-7.1,BA,EOL,Operação,Eólica,Cinética do vento,Autorização,Cinética do vento,2024-08-27,"40500,00",40500,"17800,00",Não,"-11,52906287","-42,62359045",2021-11-03,2056-11-03,100% para Eólica Serra do Assuruá 20 Ltda - 47.183.664/0001-05 (PIE),,Gentio do Ouro - BA
2026-10-01,Serra do Assuruá 21,049394,EOL.CV.BA.049394-5.1,BA,EOL,Operação,Eólica,Cinética do vento,Autorização,Cinética do vento,2024-08-28,"40500,00",40500,"20900,00",Não,"-11,49587231","-42,54625827",2021-11-03,2056-11-03,100% para Eólica Serra do Assuruá 21 Ltda. - 47.148.872/0001-65 (PIE),,Gentio do Ouro - BA
2026-10-01,Serra do Assuruá 22,049395,EOL.CV.BA.049395-3.1,BA,EOL,Operação,Eólica,Cinética do vento,Autorização,Cinética do vento,2025-04-11,"27000,00",27000,"10400,00",Não,"-11,56613233","-42,56076855",2021-11-03,2056-11-03,100% para Eólica Serra do Assuruá 22 Ltda. - 47.148.847/0001-81 (PIE),,Gentio do Ouro - BA
2026-10-01,Serra do Assuruá 23,049396,EOL.CV.BA.049396-1.1,BA,EOL,Operação,Eólica,Cinética do vento,Autorização,Cinética do vento,2024-11-01,"36000,00",36000,"17000,00",Não,"-11,53970024","-42,52747853",2021-11-03,2056-11-03,100% para Eólica Serra do Assuruá 23 Ltda - 47.148.731/0001-42 (PIE),,Gentio do Ouro - BA
2026-10-01,Serra do Assuruá 24,049397,EOL.CV.BA.049397-0.1,BA,EOL,Operação,Eólica,Cinética do vento,Autorização,Cinética do vento,2024-08-28,"27000,00",27000,"15000,00",Não,"-11,60390806","-42,55601392",2021-11-03,2056-11-03,100% para Eólica Serra do Assuruá 24 Ltda - 47.164.482/0001-89 (PIE),,Gentio do Ouro - BA
2026-10-01,Ventos de Santa Luzia 01,049398,EOL.CV.BA.049398-8.1,BA,EOL,Operação,Eólica,Cinética do vento,Autorização,Cinética do vento,2024-02-10,"45000,00",45000,"17500,00",Não,"-12,61919590","-42,05772247",2022-02-07,2057-02-07,"47% para VENTOS DE SAO ROMUALDO ENERGIAS RENOVAVEIS S.A. - 41.489.453/0001-00 (PIE), 33.9200% para GUANAPACK - INDUSTRIA DE EMBALAGENS PLASTICAS LTDA - 11.790.941/0001-92 (PIE), 7.4200% para PRISMAPACK INDUSTRIA E COMERCIO DE PRODUTOS PLASTICOS LTDA - 04.697.913/0001-60 (PIE), 6.3600% para PATENA INDUSTRIA E COMERCIO DE RESINAS E FILMES PLASTICOS LTDA - 08.869.805/0001-88 (PIE), 5.3000% para PACKDUQUE INDUSTRIA DE PLASTICOS LTDA - 04.214.651/0001-35 (PIE)",,Ibitiara - BA
2026-10-01,Ventos de Santa Luzia 02,049399,EOL.CV.BA.049399-6.1,BA,EOL,Operação,Eólica,Cinética do vento,Autorização,Cinética do vento,2024-03-29,"45000,00",45000,"20900,00",Não,"-12,63963090","-42,05403040",2022-02-07,2057-02-07,100% para VENTOS DE SAO TEOFANO ENERGIAS RENOVAVEIS S.A. - 41.413.101/0001-71 (PIE),,Ibitiara - BA
2026-10-01,Ventos de Santa Luzia 03,049416,EOL.CV.BA.049416-0.1,BA,EOL,Operação,Eólica,Cinética do vento,Autorização,Cinética do vento,2024-04-02,"45000,00",45000,"21200,00",Não,"-12,66016558","-42,05282891",2022-02-07,2057-02-07,100% para VENTOS DE SAO TEONAS ENERGIAS RENOVAVEIS S.A. - 41.489.491/0001-63 (PIE),,Ibitiara - BA
2026-10-01,Ventos de Santa Luzia 04,049417,EOL.CV.BA.049417-8.1,BA,EOL,Operação,Eólica,Cinética do vento,Autorização,Cinética do vento,2024-04-16,"40500,00",40500,"18700,00",Não,"-12,68160891","-42,04968463",2022-02-07,2057-02-07,100% para VENTOS DE SAO THOMAS ENERGIAS RENOVAVEIS S.A. - 41.483.602/0001-24 (PIE),,"Ibitiara - BA, Novo Horizonte - BA"
2026-10-01,Ventos de Santa Luzia 05,049418,EOL.CV.BA.049418-6.1,BA,EOL,Operação,Eólica,Cinética do vento,Autorização,Cinética do vento,2024-04-16,"40500,00",40500,"20400,00",Não,"-12,70199688","-42,04668041",2022-02-07,2057-02-07,100% para VENTOS DE SAO TILAO ENERGIAS RENOVAVEIS S.A. - 41.489.475/0001-70 (PIE),,Novo Horizonte - BA
2026-10-01,Ventos de Santa Luzia 06,049419,EOL.CV.BA.049419-4.1,BA,EOL,Operação,Eólica,Cinética do vento,Autorização,Cinética do vento,2024-02-27,"40500,00",40500,"19300,00",Não,"-12,72241588","-42,04323336",2022-02-07,2057-02-07,100% para VENTOS DE SANTO UBALDO ENERGIAS RENOVAVEIS S.A. - 41.486.632/0001-94 (PIE),,"Boninal - BA, Novo Horizonte - BA"
2026-10-01,Ventos de Santa Luzia 07,049420,EOL.CV.BA.049420-8.1,BA,EOL,Operação,Eólica,Cinética do vento,Autorização,Cinética do vento,2024-02-02,"40500,00",40500,"18800,00",Não,"-12,74632859","-42,03321201",2022-02-07,2057-02-07,100% para VENTOS DE SANTO URBANO I ENERGIAS RENOVAVEIS S.A. - 41.483.847/0001-51 (PIE),,"Boninal - BA, Novo Horizonte - BA"
2026-10-01,Ventos de Santa Luzia 08,049421,EOL.CV.BA.049421-6.1,BA,EOL,Operação,Eólica,Cinética do vento,Autorização,Cinética do vento,2024-06-25,"45000,00",45000,"19900,00",Não,"-12,77090365","-42,03074457",2022-02-07,2057-02-07,100% para VENTOS DE SAO VIGILIO ENERGIAS RENOVAVEIS S.A. - 41.489.523/0001-20 (PIE),,Novo Horizonte - BA
2026-10-01,Ventos de Santa Luzia 09,049422,EOL.CV.BA.049422-4.1,BA,EOL,Operação,Eólica,Cinética do vento,Autorização,Cinética do vento,2024-06-15,"40500,00",40500,"18100,00",Não,"-12,84769830","-42,06741890",2022-02-07,2057-02-07,100% para VENTOS DE SANTA VIRGINIA ENERGIAS RENOVAVEIS S.A. - 41.484.020/0001-62 (PIE),,Novo Horizonte - BA
2026-10-01,Ventos de Santa Luzia 10,049423,EOL.CV.BA.049423-2.1,BA,EOL,Operação,Eólica,Cinética do vento,Autorização,Cinética do vento,2024-05-23,"40500,00",40500,"16800,00",Não,"-12,86804119","-42,06443001",2022-02-07,2057-02-07,100% para VENTOS DE SAO VLADIMIR ENERGIAS RENOVAVEIS S.A. - 41.503.859/0001-09 (PIE),,Novo Horizonte - BA
2026-10-01,Apia 01,049729,UFV.RS.BA.049729-0.1,BA,UFV,Construção não iniciada,Solar,Radiação solar,Autorização,Radiação solar,1900-01-03,"94500,00",0,",00",Não,"-9,60256111","-40,68986667",2023-05-02,2058-05-02,100% para APIA ENERGIA LTDA - 37.405.280/0001-28 (PIE),,Juazeiro - BA
2026-10-01,Apia 02,049730,UFV.RS.BA.049730-4.1,BA,UFV,Construção não iniciada,Solar,Radiação solar,Autorização,Radiação solar,1900-01-03,"94500,00",0,",00",Não,"-9,59858333","-40,70054167",2023-05-02,2058-05-02,100% para APIA ENERGIA LTDA - 37.405.280/0001-28 (PIE),,Juazeiro - BA
2026-10-01,Apia 03,049734,UFV.RS.BA.049734-7.1,BA,UFV,Construção não iniciada,Solar,Radiação solar,Autorização,Radiação solar,1900-01-03,"94500,00",0,",00",Não,"-9,59506667","-40,71154722",2023-05-02,2058-05-02,100% para APIA ENERGIA LTDA - 37.405.280/0001-28 (PIE),,Juazeiro - BA
2026-10-01,Apia 04,049735,UFV.RS.BA.049735-5.1,BA,UFV,Construção não iniciada,Solar,Radiação solar,Autorização,Radiação solar,1900-01-03,"94500,00",0,",00",Não,"-9,60241944","-40,71481667",2023-05-02,2058-05-02,100% para APIA ENERGIA LTDA - 37.405.280/0001-28 (PIE),,Juazeiro - BA
2026-10-01,Apia 05,049736,UFV.RS.BA.049736-3.1,BA,UFV,Construção não iniciada,Solar,Radiação solar,Autorização,Radiação solar,1900-01-03,"94500,00",0,",00",Não,"-9,59950556","-40,72427778",2023-05-02,2058-05-02,100% para APIA ENERGIA LTDA - 37.405.280/0001-28 (PIE),,Juazeiro - BA
2026-10-01,Apia 06,049737,UFV.RS.BA.049737-1.1,BA,UFV,Construção não iniciada,Solar,Radiação solar,Autorização,Radiação solar,1900-01-03,"94500,00",0,",00",Não,"-9,60578333","-40,73095000",2023-05-02,2058-05-02,100% para APIA ENERGIA LTDA - 37.405.280/0001-28 (PIE),,Juazeiro - BA
2026-10-01,Apia 07,049738,UFV.RS.BA.049738-0.1,BA,UFV,Construção não iniciada,Solar,Radiação solar,Autorização,Radiação solar,1900-01-03,"94500,00",0,",00",Não,"-9,61175000","-40,74211389",2023-05-02,2058-05-02,100% para APIA ENERGIA LTDA - 37.405.280/0001-28 (PIE),,Juazeiro - BA
2026-10-01,Apia 08,049739,UFV.RS.BA.049739-8.1,BA,UFV,Construção não iniciada,Solar,Radiação solar,Autorização,Radiação solar,1900-01-03,"94500,00",0,",00",Não,"-9,61052778","-40,69311389",2023-05-02,2058-05-02,100% para APIA ENERGIA LTDA - 37.405.280/0001-28 (PIE),,Juazeiro - BA
2026-10-01,Apia 09,049740,UFV.RS.BA.049740-1.1,BA,UFV,Construção não iniciada,Solar,Radiação solar,Autorização,Radiação solar,1900-01-03,"94500,00",0,",00",Não,"-9,60884167","-40,70690556",2023-05-02,2058-05-02,100% para APIA ENERGIA LTDA - 37.405.280/0001-28 (PIE),,Juazeiro - BA
2026-10-01,Apia 10,049741,UFV.RS.BA.049741-0.1,BA,UFV,Construção não iniciada,Solar,Radiação solar,Autorização,Radiação solar,1900-01-03,"94500,00",0,",00",Não,"-9,61618056","-40,72179167",2023-05-02,2058-05-02,100% para APIA ENERGIA LTDA - 37.405.280/0001-28 (PIE),,Juazeiro - BA
2026-10-01,Apia 11,049742,UFV.RS.BA.049742-8.1,BA,UFV,Construção não iniciada,Solar,Radiação solar,Autorização,Radiação solar,1900-01-03,"94500,00",0,",00",Não,"-9,62153333","-40,73265278",2023-05-02,2058-05-02,100% para APIA ENERGIA LTDA - 37.405.280/0001-28 (PIE),,Juazeiro - BA
2026-10-01,Apia 12,049743,UFV.RS.BA.049743-6.1,BA,UFV,Construção não iniciada,Solar,Radiação solar,Autorização,Radiação solar,1900-01-03,"94500,00",0,",00",Não,"-9,62263611","-40,69481389",2023-05-02,2058-05-02,100% para APIA ENERGIA LTDA - 37.405.280/0001-28 (PIE),,Juazeiro - BA
2026-10-01,Apia 13,049744,UFV.RS.BA.049744-4.1,BA,UFV,Construção não iniciada,Solar,Radiação solar,Autorização,Radiação solar,1900-01-03,"94500,00",0,",00",Não,"-9,61816944","-40,70738056",2023-05-02,2058-05-02,100% para APIA ENERGIA LTDA - 37.405.280/0001-28 (PIE),,Juazeiro - BA
2026-10-01,Apia 14,049745,UFV.RS.BA.049745-2.1,BA,UFV,Construção não iniciada,Solar,Radiação solar,Autorização,Radiação solar,1900-01-03,"94500,00",0,",00",Não,"-9,62596667","-40,71745000",2023-05-02,2058-05-02,100% para APIA ENERGIA LTDA - 37.405.280/0001-28 (PIE),,Juazeiro - BA
2026-10-01,Apia 15,049746,UFV.RS.BA.049746-0.1,BA,UFV,Construção não iniciada,Solar,Radiação solar,Autorização,Radiação solar,1900-01-03,"94500,00",0,",00",Não,"-9,63603611","-40,72706667",2023-05-02,2058-05-02,100% para APIA ENERGIA LTDA - 37.405.280/0001-28 (PIE),,Juazeiro - BA
2026-10-01,Apia 16,049747,UFV.RS.BA.049747-9.1,BA,UFV,Construção não iniciada,Solar,Radiação solar,Autorização,Radiação solar,1900-01-03,"94500,00",0,",00",Não,"-9,63224722","-40,69418611",2023-05-02,2058-05-02,100% para APIA ENERGIA LTDA - 37.405.280/0001-28 (PIE),,Juazeiro - BA
2026-10-01,Apia 17,049748,UFV.RS.BA.049748-7.1,BA,UFV,Construção não iniciada,Solar,Radiação solar,Autorização,Radiação solar,1900-01-03,"94500,00",0,",00",Não,"-9,63805833","-40,70612500",2023-05-02,2058-05-02,100% para APIA ENERGIA LTDA - 37.405.280/0001-28 (PIE),,Juazeiro - BA
2026-10-01,Apia 18,049749,UFV.RS.BA.049749-5.1,BA,UFV,Construção não iniciada,Solar,Radiação solar,Autorização,Radiação solar,1900-01-03,"94500,00",0,",00",Não,"-9,64522778","-40,71650000",2023-05-02,2058-05-02,100% para APIA ENERGIA LTDA - 37.405.280/0001-28 (PIE),,Juazeiro - BA
2026-10-01,Sertão Solar Barreiras XXI,049771,UFV.RS.BA.049771-1.1,BA,UFV,Operação,Solar,Radiação solar,Autorização,Radiação solar,2024-07-10,"50000,00",50000,"16700,00",Não,"-12,04666389","-45,08191389",2021-05-25,2056-05-25,100% para SERTAO SOLAR BARREIRAS XXI S.A. - 47.239.099/0001-42 (PIE),,Barreiras - BA
2026-10-01,Ventos de Santa Patrícia 10,049808,EOL.CV.BA.049808-4.1,BA,EOL,Construção não iniciada,Eólica,Cinética do vento,Autorização,Cinética do vento,1900-01-03,"68200,00",0,",00",Não,"-11,04030364","-41,35397699",2023-07-19,2058-07-19,100% para VENTOS DE SÃO JOÃO EUDES ENERGIAS RENOVÁVEIS S.A. - 47.760.248/0001-14 (PIE),,Morro do Chapéu - BA
2026-10-01,Ventos de Santa Patrícia 11,049809,EOL.CV.BA.049809-2.1,BA,EOL,Construção não iniciada,Eólica,Cinética do vento,Autorização,Cinética do vento,1900-01-03,"62000,00",0,",00",Não,"-10,99143193","-41,37839318",2023-07-19,2058-07-19,100% para VENTOS DE SÃO JOSÉ VAZ ENERGIAS RENOVÁVEIS S.A. - 47.806.836/0001-41 (PIE),,Morro do Chapéu - BA
2026-10-01,Fótons de Santa Larissa 01,049855,UFV.RS.BA.049855-6.1,BA,UFV,Operação,Solar,Radiação solar,Autorização,Radiação solar,2026-03-12,"49995,00",49995,"12900,00",Não,"-10,93378737","-41,35846381",2022-08-31,2057-08-31,100% para FÓTONS DE SANTA LAVÍNIA ENERGIAS RENOVÁVEIS S.A - 47.716.906/0001-70 (PIE),,"Morro do Chapéu - BA, Várzea Nova - BA"
2026-10-01,Fótons de Santa Larissa 02,049856,UFV.RS.BA.049856-4.1,BA,UFV,Operação,Solar,Radiação solar,Autorização,Radiação solar,2026-03-12,"49995,00",49995,"12900,00",Não,"-10,94855000","-41,35956389",2022-08-31,2057-08-31,100% para FÓTONS DE SANTA LIDUÍNA ENERGIAS RENOVÁVEIS S.A - 47.640.201/0001-17 (PIE),,"Morro do Chapéu - BA, Várzea Nova - BA"
2026-10-01,Fótons de Santa Larissa 03,049857,UFV.RS.BA.049857-2.1,BA,UFV,Operação,Solar,Radiação solar,Autorização,Radiação solar,2026-03-12,"49995,00",49995,"12900,00",Não,"-10,96402778","-41,35328611",2022-08-31,2057-08-31,100% para FÓTONS DE SANTA LOMA ENERGIAS RENOVÁVEIS S.A - 47.670.488/0001-28 (PIE),,"Morro do Chapéu - BA, Várzea Nova - BA"
2026-10-01,Fótons de Santa Larissa 04,049858,UFV.RS.BA.049858-0.1,BA,UFV,Operação,Solar,Radiação solar,Autorização,Radiação solar,2026-03-12,"49995,00",49995,"12900,00",Não,"-10,95641944","-41,34834722",2022-08-31,2057-08-31,100% para FÓTONS DE SANTA LARISSA ENERGIAS RENOVÁVEIS S.A - 33.892.366/0001-71 (PIE),,"Morro do Chapéu - BA, Várzea Nova - BA"
2026-10-01,Fótons de Santa Larissa 05,049859,UFV.RS.BA.049859-9.1,BA,UFV,Construção não iniciada,Solar,Radiação solar,Autorização,Radiação solar,1900-01-03,"49995,00",0,",00",Não,"-10,95149704","-41,35295225",2022-08-31,2057-08-31,100% para FOTONS DE SANTA LORENA ENERGIAS RENOVAVEIS S.A. - 47.670.501/0001-49 (PIE),,Morro do Chapéu - BA
2026-10-01,Fótons de Santa Larissa 06,049860,UFV.RS.BA.049860-2.1,BA,UFV,Construção não iniciada,Solar,Radiação solar,Autorização,Radiação solar,1900-01-03,"49995,00",0,",00",Não,"-10,94642124","-41,34670271",2022-08-31,2057-08-31,100% para FOTONS DE SANTA LORENA ENERGIAS RENOVAVEIS S.A. - 47.670.501/0001-49 (PIE),,Morro do Chapéu - BA
2026-10-01,Fótons de Santa Larissa 07,049861,UFV.RS.BA.049861-0.1,BA,UFV,Construção não iniciada,Solar,Radiação solar,Autorização,Radiação solar,1900-01-03,"49995,00",0,",00",Não,"-10,94134756","-41,34604091",2022-08-31,2057-08-31,100% para FOTONS DE SANTA LORENA ENERGIAS RENOVAVEIS S.A. - 47.670.501/0001-49 (PIE),,Morro do Chapéu - BA
2026-10-01,Fótons de Santa Larissa 08,049862,UFV.RS.BA.049862-9.1,BA,UFV,Construção não iniciada,Solar,Radiação solar,Autorização,Radiação solar,1900-01-03,"49995,00",0,",00",Não,"-10,93881960","-41,33747977",2022-08-31,2057-08-31,100% para FOTONS DE SANTA LORENA ENERGIAS RENOVAVEIS S.A. - 47.670.501/0001-49 (PIE),,Morro do Chapéu - BA
2026-10-01,Jacobina 2 (Antiga Ventos de Santa Diana 02),049915,EOL.CV.BA.049915-3.1,BA,EOL,Construção,Eólica,Cinética do vento,Autorização,Cinética do vento,1900-01-03,"37200,00",0,",00",Não,"-11,07556885","-40,68959850",2022-06-13,2057-06-13,100% para PARQUE EOLICO JACOBINA 02 S.A - 51.200.548/0001-16 (PIE),,Jacobina - BA
2026-10-01,Jacobina (Antiga Ventos de Santa Diana 03),049916,EOL.CV.BA.049916-1.1,BA,EOL,Construção,Eólica,Cinética do vento,Autorização,Cinética do vento,1900-01-03,"37200,00",0,",00",Não,"-11,10168358","-40,67062723",2022-06-13,2057-06-13,100% para PARQUE EOLICO JACOBINA 03 S.A - 51.200.883/0001-14 (PIE),,Jacobina - BA
2026-10-01,Jacobina 4 (Antiga Ventos de Santa Diana 04),049917,EOL.CV.BA.049917-0.1,BA,EOL,Construção,Eólica,Cinética do vento,Autorização,Cinética do vento,1900-01-03,"37200,00",0,",00",Não,"-11,11875324","-40,68494947",2022-06-13,2057-06-13,100% para PARQUE EOLICO JACOBINA 04 S.A. - 51.490.598/0001-85 (PIE),,Jacobina - BA
2026-10-01,Ventos de Santa Diana 05,049918,EOL.CV.BA.049918-8.1,BA,EOL,Construção,Eólica,Cinética do vento,Autorização,Cinética do vento,1900-01-03,"31000,00",0,",00",Não,"-11,13701014","-40,69698258",2022-06-13,2057-06-13,100% para PARQUE EOLICO JACOBINA 05 S.A. - 51.490.603/0001-50 (PIE),,Jacobina - BA
2026-10-01,Ventos de Santa Diana 06,049919,EOL.CV.BA.049919-6.1,BA,EOL,Construção não iniciada,Eólica,Cinética do vento,Autorização,Cinética do vento,1900-01-03,"37800,00",0,",00",Não,"-11,16419117","-40,68629135",2022-06-13,2057-06-13,100% para PARQUE EOLICO JACOBINA 06 S.A. - 51.200.912/0001-48 (PIE),,Jacobina - BA
2026-10-01,Ventos de Santa Diana 07,049920,EOL.CV.BA.049920-0.1,BA,EOL,Construção não iniciada,Eólica,Cinética do vento,Autorização,Cinética do vento,1900-01-03,"42000,00",0,",00",Não,"-11,20414779","-40,79053767",2022-06-13,2057-06-13,100% para PARQUE EOLICO JACOBINA 07 S.A. - 51.165.490/0001-17 (PIE),,Várzea Nova - BA
2026-10-01,Ventos de Santa Diana 08,049921,EOL.CV.BA.049921-8.1,BA,EOL,Construção não iniciada,Eólica,Cinética do vento,Autorização,Cinética do vento,1900-01-03,"42000,00",0,",00",Não,"-11,22911531","-40,79659760",2022-06-13,2057-06-13,100% para PARQUE EOLICO JACOBINA 08 S.A. - 51.200.504/0001-96 (PIE),,Várzea Nova - BA
2026-10-01,Ventos de Santa Diana 09,049922,EOL.CV.BA.049922-6.1,BA,EOL,Construção não iniciada,Eólica,Cinética do vento,Autorização,Cinética do vento,1900-01-03,"42000,00",0,",00",Não,"-11,25927856","-40,82810373",2022-06-13,2057-06-13,100% para PARQUE EOLICO JACOBINA 09 S.A. - 51.201.123/0001-21 (PIE),,Várzea Nova - BA
2026-10-01,Ventos de Santa Diana 10,049923,EOL.CV.BA.049923-4.1,BA,EOL,Construção não iniciada,Eólica,Cinética do vento,Autorização,Cinética do vento,1900-01-03,"46200,00",0,",00",Não,"-11,28072055","-40,81187333",2022-06-13,2057-06-13,100% para PARQUE EOLICO JACOBINA 10 S.A. - 51.201.445/0001-70 (PIE),,Miguel Calmon - BA
2026-10-01,Ventos de Santa Diana 11,049924,EOL.CV.BA.049924-2.1,BA,EOL,Construção não iniciada,Eólica,Cinética do vento,Autorização,Cinética do vento,1900-01-03,"46200,00",0,",00",Não,"-11,30198400","-40,83499580",2022-06-13,2057-06-13,100% para PARQUE EOLICO JACOBINA 11 S.A. - 51.162.244/0001-01 (PIE),,Miguel Calmon - BA
2026-10-01,Fótons de São Claus 01,049939,UFV.RS.BA.049939-0.1,BA,UFV,Operação,Solar,Radiação solar,Autorização,Radiação solar,2026-01-16,"49999,00",49999,"13700,00",Não,"-11,08657222","-42,39751389",2022-04-29,2057-04-29,100% para Fótons de São Benjamim Energias Renováveis S.A. - 42.438.014/0001-31 (PIE),,Várzea Nova - BA
2026-10-01,Fótons de São Claus 02,049940,UFV.RS.BA.049940-4.1,BA,UFV,Operação,Solar,Radiação solar,Autorização,Radiação solar,2026-01-16,"49999,00",49999,"13700,00",Não,"-11,07891667","-42,40375277",2022-04-29,2057-04-29,100% para Fótons de São Cláudio Energias Renováveis S.A. - 42.438.068/0001-05 (PIE),,Várzea Nova - BA
2026-10-01,Fótons de São Claus 03,049941,UFV.RS.BA.049941-2.1,BA,UFV,Construção não iniciada,Solar,Radiação solar,Autorização,Radiação solar,1900-01-03,"49999,00",0,",00",Não,"-11,08657222","-42,41482222",2022-04-29,2057-04-29,100% para Fótons de São Hilário Energias Renováveis S.A. - 42.438.098/0001-03 (PIE),,Várzea Nova - BA
2026-10-01,Fótons de São Claus 04,049942,UFV.RS.BA.049942-0.1,BA,UFV,Construção não iniciada,Solar,Radiação solar,Autorização,Radiação solar,1900-01-03,"49999,00",0,",00",Não,"-11,08912500","-42,41150000",2022-04-29,2057-04-29,100% para FÓTONS DE SÃO BARUC ENERGIAS RENOVÁVEIS S.A. - 47.777.967/0001-48 (PIE),,Itaguaçu da Bahia - BA
2026-10-01,Fótons de São Claus 05,049943,UFV.RS.BA.049943-9.1,BA,UFV,Construção não iniciada,Solar,Radiação solar,Autorização,Radiação solar,1900-01-03,"50000,00",0,",00",Não,"-11,09167778","-42,41280833",2022-04-29,2057-04-29,100% para FÓTONS DE SÃO QUIRINO ENERGIAS RENOVÁVEIS S.A. - 43.175.988/0001-32 (PIE),,Riachuelo - RN
2026-10-01,Fótons de São Claus 06,049944,UFV.RS.BA.049944-7.1,BA,UFV,Construção não iniciada,Solar,Radiação solar,Autorização,Radiação solar,1900-01-03,"50000,00",0,",00",Não,"-11,09933611","-42,40858333",2022-04-29,2057-04-29,100% para FÓTONS DE SÃO GILDAS ENERGIAS RENOVÁVEIS S.A. - 43.175.962/0001-94 (PIE),,Riachuelo - RN
2026-10-01,Fótons de São Claus 07,049945,UFV.RS.BA.049945-5.1,BA,UFV,Construção não iniciada,Solar,Radiação solar,Autorização,Radiação solar,1900-01-03,"49999,00",0,",00",Não,"-11,09423055","-42,42338611",2022-04-29,2057-04-29,100% para FÓTONS DE SÃO LEOCÁDIO ENERGIAS RENOVÁVEIS S.A. - 47.716.951/0001-25 (PIE),,Itaguaçu da Bahia - BA
2026-10-01,Ventos de São Paulo 01,049984,EOL.CV.BA.049984-6.1,BA,EOL,Construção não iniciada,Eólica,Cinética do vento,Autorização,Cinética do vento,1900-01-03,"58800,00",0,",00",Não,"-10,96636060","-41,67200491",2023-09-28,2058-09-28,100% para VENTOS DE SÃO PAULO ENERGIAS RENOVÁVEIS S.A. - 14.559.774/0001-61 (PIE),,São Gabriel - BA
2026-10-01,Ventos de São Paulo 02,049985,EOL.CV.BA.049985-4.1,BA,EOL,Construção não iniciada,Eólica,Cinética do vento,Autorização,Cinética do vento,1900-01-03,"58800,00",0,",00",Não,"-10,98949879","-41,69452474",2023-09-28,2058-09-28,100% para VENTOS DE SÃO PAULO ENERGIAS RENOVÁVEIS S.A. - 14.559.774/0001-61 (PIE),,São Gabriel - BA
2026-10-01,Ventos de São Paulo 03,049986,EOL.CV.BA.049986-2.1,BA,EOL,Construção não iniciada,Eólica,Cinética do vento,Autorização,Cinética do vento,1900-01-03,"58800,00",0,",00",Não,"-11,02482549","-41,69845839",2023-09-28,2058-09-28,100% para VENTOS DE SÃO PAULO ENERGIAS RENOVÁVEIS S.A. - 14.559.774/0001-61 (PIE),,São Gabriel - BA
2026-10-01,Ventos de São Paulo 04,049987,EOL.CV.BA.049987-0.1,BA,EOL,Construção não iniciada,Eólica,Cinética do vento,Autorização,Cinética do vento,1900-01-03,"58800,00",0,",00",Não,"-11,00829785","-41,73013975",2023-09-28,2058-09-28,100% para VENTOS DE SÃO PAULO ENERGIAS RENOVÁVEIS S.A. - 14.559.774/0001-61 (PIE),,São Gabriel - BA
2026-10-01,Ventos de São Paulo 05,049988,EOL.CV.BA.049988-9.1,BA,EOL,Construção não iniciada,Eólica,Cinética do vento,Autorização,Cinética do vento,1900-01-03,"58800,00",0,",00",Não,"-10,98147122","-41,71538190",2023-09-28,2058-09-28,100% para VENTOS DE SÃO PAULO ENERGIAS RENOVÁVEIS S.A. - 14.559.774/0001-61 (PIE),,São Gabriel - BA
2026-10-01,Ventos de São Paulo 06,049989,EOL.CV.BA.049989-7.1,BA,EOL,Construção não iniciada,Eólica,Cinética do vento,Autorização,Cinética do vento,1900-01-03,"58800,00",0,",00",Não,"-11,00154949","-41,75610165",2023-09-28,2058-09-28,100% para VENTOS DE SÃO PAULO ENERGIAS RENOVÁVEIS S.A. - 14.559.774/0001-61 (PIE),,São Gabriel - BA
2026-10-01,Ventos de São Carlos 01,050029,EOL.CV.BA.050029-1.1,BA,EOL,Construção não iniciada,Eólica,Cinética do vento,Autorização,Cinética do vento,1900-01-03,"54600,00",0,",00",Não,"-10,20972979","-41,15730097",2023-03-20,2058-03-20,100% para VENTOS DE SAO CARLOS 01 ENERGIA LTDA - 43.970.373/0001-06 (PIE),,Campo Formoso - BA
2026-10-01,Ventos de São Carlos 02,050030,EOL.CV.BA.050030-5.1,BA,EOL,Construção não iniciada,Eólica,Cinética do vento,Autorização,Cinética do vento,1900-01-03,"46200,00",0,",00",Não,"-10,19918554","-41,16767684",2023-03-20,2058-03-20,100% para VENTOS DE SAO CARLOS 02 ENERGIA LTDA - 43.970.480/0001-26 (PIE),,"Campo Formoso - BA, Sento Sé - BA"
2026-10-01,Ventos de São Carlos 03,050031,EOL.CV.BA.050031-3.1,BA,EOL,Construção não iniciada,Eólica,Cinética do vento,Autorização,Cinética do vento,1900-01-03,"42000,00",0,",00",Não,"-10,19067446","-41,17673380",2023-03-20,2058-03-20,100% para VENTOS DE SAO CARLOS 03 ENERGIA LTDA - 43.982.989/0001-99 (PIE),,"Campo Formoso - BA, Sento Sé - BA"
2026-10-01,Ventos de São Carlos 04,050032,EOL.CV.BA.050032-1.1,BA,EOL,Construção não iniciada,Eólica,Cinética do vento,Autorização,Cinética do vento,1900-01-03,"50400,00",0,",00",Não,"-10,16048984","-41,17894675",2023-03-20,2058-03-20,100% para VENTOS DE SAO CARLOS 04 ENERGIA LTDA - 43.980.728/0001-30 (PIE),,Sento Sé - BA
2026-10-01,Ventos de São Carlos 05,050033,EOL.CV.BA.050033-0.1,BA,EOL,Construção não iniciada,Eólica,Cinética do vento,Autorização,Cinética do vento,1900-01-03,"54600,00",0,",00",Não,"-10,17359783","-41,19615961",2023-03-20,2058-03-20,100% para VENTOS DE SAO CARLOS 05 ENERGIA LTDA - 43.929.246/0001-55 (PIE),,Sento Sé - BA
2026-10-01,Ventos de São Carlos 06,050034,EOL.CV.BA.050034-8.1,BA,EOL,Construção não iniciada,Eólica,Cinética do vento,Autorização,Cinética do vento,1900-01-03,"50400,00",0,",00",Não,"-10,14864122","-41,19377248",2023-03-20,2058-03-20,100% para VENTOS DE SAO CARLOS 06 ENERGIA LTDA - 43.970.783/0001-49 (PIE),,Sento Sé - BA
2026-10-01,Ventos de São Carlos 07,050035,EOL.CV.BA.050035-6.1,BA,EOL,Construção não iniciada,Eólica,Cinética do vento,Autorização,Cinética do vento,1900-01-03,"50400,00",0,",00",Não,"-10,14481203","-41,22020059",2023-03-20,2058-03-20,100% para VENTOS DE SAO CARLOS 07 ENERGIA LTDA - 43.965.336/0001-00 (PIE),,Sento Sé - BA
2026-10-01,Ventos de São Carlos 08,050036,EOL.CV.BA.050036-4.1,BA,EOL,Construção não iniciada,Eólica,Cinética do vento,Autorização,Cinética do vento,1900-01-03,"50400,00",0,",00",Não,"-10,12969501","-41,22099041",2023-03-20,2058-03-20,100% para VENTOS DE SAO CARLOS 08 ENERGIA LTDA - 43.929.283/0001-63 (PIE),,Sento Sé - BA
2026-10-01,Solar Newen Bahia I A,050162,UFV.RS.BA.050162-0.1,BA,UFV,Construção não iniciada,Solar,Radiação solar,Autorização,Radiação solar,1900-01-03,"44681,00",0,",00",Não,"-12,14487222","-44,75481944",2025-08-13,2060-08-13,100% para SOLAR NEWEN BAHIA ENERGIA LTDA - 39.444.959/0001-51 (PIE),,Barreiras - BA
2026-10-01,Solar Newen Bahia I B,050163,UFV.RS.BA.050163-8.1,BA,UFV,Construção não iniciada,Solar,Radiação solar,Autorização,Radiação solar,1900-01-03,"44681,00",0,",00",Não,"-12,15068889","-44,75137778",2025-08-13,2060-08-13,100% para SOLAR NEWEN BAHIA ENERGIA LTDA - 39.444.959/0001-51 (PIE),,Barreiras - BA
2026-10-01,Solar Newen Bahia I C,050164,UFV.RS.BA.050164-6.1,BA,UFV,Construção não iniciada,Solar,Radiação solar,Autorização,Radiação solar,1900-01-03,"44681,00",0,",00",Não,"-12,15755000","-44,75571667",2025-08-13,2060-08-13,100% para SOLAR NEWEN BAHIA ENERGIA LTDA - 39.444.959/0001-51 (PIE),,Barreiras - BA
2026-10-01,Solar Newen Bahia II A,050165,UFV.RS.BA.050165-4.1,BA,UFV,Construção não iniciada,Solar,Radiação solar,Autorização,Radiação solar,1900-01-03,"44681,00",0,",00",Não,"-12,16225556","-44,75004722",2025-08-13,2060-08-13,100% para SOLAR NEWEN BAHIA ENERGIA LTDA - 39.444.959/0001-51 (PIE),,Barreiras - BA
2026-10-01,Solar Newen Bahia II B,050166,UFV.RS.BA.050166-2.1,BA,UFV,Construção não iniciada,Solar,Radiação solar,Autorização,Radiação solar,1900-01-03,"44681,00",0,",00",Não,"-12,16860833","-44,75768889",2025-08-13,2060-08-13,100% para SOLAR NEWEN BAHIA ENERGIA LTDA - 39.444.959/0001-51 (PIE),,Barreiras - BA
2026-10-01,Solar Newen Bahia II C,050167,UFV.RS.BA.050167-0.1,BA,UFV,Construção não iniciada,Solar,Radiação solar,Autorização,Radiação solar,1900-01-03,"44681,00",0,",00",Não,"-12,17038333","-44,75118889",2025-08-13,2060-08-13,100% para SOLAR NEWEN BAHIA ENERGIA LTDA - 39.444.959/0001-51 (PIE),,Barreiras - BA
2026-10-01,Solar Newen Bahia III A,050168,UFV.RS.BA.050168-9.1,BA,UFV,Construção não iniciada,Solar,Radiação solar,Autorização,Radiação solar,1900-01-03,"44681,00",0,",00",Não,"-12,17832778","-44,75696389",2025-08-13,2060-08-13,100% para SOLAR NEWEN BAHIA ENERGIA LTDA - 39.444.959/0001-51 (PIE),,Barreiras - BA
2026-10-01,Solar Newen Bahia III B,050169,UFV.RS.BA.050169-7.1,BA,UFV,Construção não iniciada,Solar,Radiação solar,Autorização,Radiação solar,1900-01-03,"44681,00",0,",00",Não,"-12,17887778","-44,75034444",2025-08-13,2060-08-13,100% para SOLAR NEWEN BAHIA ENERGIA LTDA - 39.444.959/0001-51 (PIE),,Barreiras - BA
2026-10-01,Solar Newen Bahia III C,050170,UFV.RS.BA.050170-0.1,BA,UFV,Construção não iniciada,Solar,Radiação solar,Autorização,Radiação solar,1900-01-03,"44681,00",0,",00",Não,"-12,18765556","-44,75683611",2025-08-13,2060-08-13,100% para SOLAR NEWEN BAHIA ENERGIA LTDA - 39.444.959/0001-51 (PIE),,Barreiras - BA
2026-10-01,Solar Newen Bahia IV A,050171,UFV.RS.BA.050171-9.1,BA,UFV,Construção não iniciada,Solar,Radiação solar,Autorização,Radiação solar,1900-01-03,"44681,00",0,",00",Não,"-12,19060833","-44,75109722",2025-08-13,2060-08-13,100% para SOLAR NEWEN BAHIA ENERGIA LTDA - 39.444.959/0001-51 (PIE),,Barreiras - BA
2026-10-01,Solar Newen Bahia IV B,050172,UFV.RS.BA.050172-7.1,BA,UFV,Construção não iniciada,Solar,Radiação solar,Autorização,Radiação solar,1900-01-03,"44681,00",0,",00",Não,"-12,19798056","-44,75993333",2025-08-13,2060-08-13,100% para SOLAR NEWEN BAHIA ENERGIA LTDA - 39.444.959/0001-51 (PIE),,Barreiras - BA
2026-10-01,Solar Newen Bahia IV C,050173,UFV.RS.BA.050173-5.1,BA,UFV,Construção não iniciada,Solar,Radiação solar,Autorização,Radiação solar,1900-01-03,"44681,00",0,",00",Não,"-12,19798056","-44,75343333",2025-08-13,2060-08-13,100% para SOLAR NEWEN BAHIA ENERGIA LTDA - 39.444.959/0001-51 (PIE),,Barreiras - BA
2026-10-01,Solar Newen Bahia V A,050174,UFV.RS.BA.050174-3.1,BA,UFV,Construção não iniciada,Solar,Radiação solar,Autorização,Radiação solar,1900-01-03,"44681,00",0,",00",Não,"-12,20669444","-44,75785000",2025-08-13,2060-08-13,100% para SOLAR NEWEN BAHIA ENERGIA LTDA - 39.444.959/0001-51 (PIE),,Barreiras - BA
2026-10-01,Solar Newen Bahia V B,050175,UFV.RS.BA.050175-1.1,BA,UFV,Construção não iniciada,Solar,Radiação solar,Autorização,Radiação solar,1900-01-03,"44681,00",0,",00",Não,"-12,20636389","-44,75024444",2025-08-13,2060-08-13,100% para SOLAR NEWEN BAHIA ENERGIA LTDA - 39.444.959/0001-51 (PIE),,Barreiras - BA
2026-10-01,Solar Newen Bahia V C,050176,UFV.RS.BA.050176-0.1,BA,UFV,Construção não iniciada,Solar,Radiação solar,Autorização,Radiação solar,1900-01-03,"37807,00",0,",00",Não,"-12,14430278","-44,72623333",2025-08-13,2060-08-13,100% para SOLAR NEWEN BAHIA ENERGIA LTDA - 39.444.959/0001-51 (PIE),,Barreiras - BA
2026-10-01,Solar Newen Bahia VI A,050177,UFV.RS.BA.050177-8.1,BA,UFV,Construção não iniciada,Solar,Radiação solar,Autorização,Radiação solar,1900-01-03,"44681,00",0,",00",Não,"-12,15054167","-44,72814167",2025-08-13,2060-08-13,100% para SOLAR NEWEN BAHIA ENERGIA LTDA - 39.444.959/0001-51 (PIE),,Barreiras - BA
2026-10-01,Solar Newen Bahia VI B,050178,UFV.RS.BA.050178-6.1,BA,UFV,Construção não iniciada,Solar,Radiação solar,Autorização,Radiação solar,1900-01-03,"44681,00",0,",00",Não,"-12,15027500","-44,72073333",2025-08-13,2060-08-13,100% para SOLAR NEWEN BAHIA ENERGIA LTDA - 39.444.959/0001-51 (PIE),,Barreiras - BA
2026-10-01,Solar Newen Bahia VI C,050179,UFV.RS.BA.050179-4.1,BA,UFV,Construção não iniciada,Solar,Radiação solar,Autorização,Radiação solar,1900-01-03,"44681,00",0,",00",Não,"-12,14877500","-44,71428056",2025-08-13,2060-08-13,100% para SOLAR NEWEN BAHIA ENERGIA LTDA - 39.444.959/0001-51 (PIE),,Barreiras - BA
2026-10-01,Solar Newen Bahia VII A,050180,UFV.RS.BA.050180-8.1,BA,UFV,Construção não iniciada,Solar,Radiação solar,Autorização,Radiação solar,1900-01-03,"44681,00",0,",00",Não,"-12,15773056","-44,72370833",2025-08-13,2060-08-13,100% para SOLAR NEWEN BAHIA ENERGIA LTDA - 39.444.959/0001-51 (PIE),,Barreiras - BA
2026-10-01,Solar Newen Bahia VII B,050181,UFV.RS.BA.050181-6.1,BA,UFV,Construção não iniciada,Solar,Radiação solar,Autorização,Radiação solar,1900-01-03,"44681,00",0,",00",Não,"-12,15523333","-44,70930278",2025-08-13,2060-08-13,100% para SOLAR NEWEN BAHIA ENERGIA LTDA - 39.444.959/0001-51 (PIE),,Barreiras - BA
2026-10-01,Solar Newen Bahia VII C,050182,UFV.RS.BA.050182-4.1,BA,UFV,Construção não iniciada,Solar,Radiação solar,Autorização,Radiação solar,1900-01-03,"37807,00",0,",00",Não,"-12,15471111","-44,70220833",2025-08-13,2060-08-13,100% para SOLAR NEWEN BAHIA ENERGIA LTDA - 39.444.959/0001-51 (PIE),,Barreiras - BA
2026-10-01,Solar Newen Bahia VIII A,050183,UFV.RS.BA.050183-2.1,BA,UFV,Construção não iniciada,Solar,Radiação solar,Autorização,Radiação solar,1900-01-03,"44681,00",0,",00",Não,"-12,16313333","-44,72753056",2025-08-13,2060-08-13,100% para SOLAR NEWEN BAHIA ENERGIA LTDA - 39.444.959/0001-51 (PIE),,Barreiras - BA
2026-10-01,Solar Newen Bahia VIII B,050184,UFV.RS.BA.050184-0.1,BA,UFV,Construção não iniciada,Solar,Radiação solar,Autorização,Radiação solar,1900-01-03,"44681,00",0,",00",Não,"-12,16286389","-44,71928611",2025-08-13,2060-08-13,100% para SOLAR NEWEN BAHIA ENERGIA LTDA - 39.444.959/0001-51 (PIE),,Barreiras - BA
2026-10-01,Solar Newen Bahia VIII C,050185,UFV.RS.BA.050185-9.1,BA,UFV,Construção não iniciada,Solar,Radiação solar,Autorização,Radiação solar,1900-01-03,"44681,00",0,",00",Não,"-12,16157222","-44,70506667",2025-08-13,2060-08-13,100% para SOLAR NEWEN BAHIA ENERGIA LTDA - 39.444.959/0001-51 (PIE),,Barreiras - BA
2026-10-01,Solar Newen Bahia IX A,050186,UFV.RS.BA.050186-7.1,BA,UFV,Construção não iniciada,Solar,Radiação solar,Autorização,Radiação solar,1900-01-03,"44681,00",0,",00",Não,"-12,16936667","-44,72429722",2025-08-13,2060-08-13,100% para SOLAR NEWEN BAHIA ENERGIA LTDA - 39.444.959/0001-51 (PIE),,Barreiras - BA
2026-10-01,Solar Newen Bahia IX B,050187,UFV.RS.BA.050187-5.1,BA,UFV,Construção não iniciada,Solar,Radiação solar,Autorização,Radiação solar,1900-01-03,"44681,00",0,",00",Não,"-12,16750833","-44,71330556",2025-08-13,2060-08-13,100% para SOLAR NEWEN BAHIA ENERGIA LTDA - 39.444.959/0001-51 (PIE),,Barreiras - BA
2026-10-01,Solar Newen Bahia IX C,050188,UFV.RS.BA.050188-3.1,BA,UFV,Construção não iniciada,Solar,Radiação solar,Autorização,Radiação solar,1900-01-03,"37807,00",0,",00",Não,"-12,16679722","-44,70654167",2025-08-13,2060-08-13,100% para SOLAR NEWEN BAHIA ENERGIA LTDA - 39.444.959/0001-51 (PIE),,Barreiras - BA
2026-10-01,Solar Newen Bahia XII C,050197,UFV.RS.BA.050197-2.1,BA,UFV,Construção não iniciada,Solar,Radiação solar,Autorização,Radiação solar,1900-01-03,"44681,00",0,",00",Não,"-12,18357778","-44,70353333",2025-09-12,2060-09-12,100% para SOLAR NEWEN BAHIA ENERGIA SPE XII SOCIEDADE LIMITADA - 40.070.046/0001-00 (PIE),,Barreiras - BA
2026-10-01,Solar Newen Bahia XIII A,050198,UFV.RS.BA.050198-0.1,BA,UFV,Construção não iniciada,Solar,Radiação solar,Autorização,Radiação solar,1900-01-03,"44681,00",0,",00",Não,"-12,19225833","-44,72343889",2025-08-13,2060-08-13,100% para SOLAR NEWEN BAHIA ENERGIA LTDA - 39.444.959/0001-51 (PIE),,Barreiras - BA
2026-10-01,Solar Newen Bahia XIV A,050201,UFV.RS.BA.050201-4.1,BA,UFV,Construção não iniciada,Solar,Radiação solar,Autorização,Radiação solar,1900-01-03,"37807,00",0,",00",Não,"-12,19822778","-44,72515000",2025-08-13,2060-08-13,100% para SOLAR NEWEN BAHIA ENERGIA LTDA - 39.444.959/0001-51 (PIE),,Barreiras - BA
2026-10-01,Campos 1,050230,UFV.RS.BA.050230-8.1,BA,UFV,Construção não iniciada,Solar,Radiação solar,Autorização,Radiação solar,1900-01-03,"45836,00",0,",00",Não,"-10,61776944","-44,39727222",2023-03-28,2058-03-28,100% para CAMPOS ENERGIA SPE 1 LTDA - 45.598.016/0001-86 (PIE),,Santa Rita de Cássia - BA
2026-10-01,Campos 2,050231,UFV.RS.BA.050231-6.1,BA,UFV,Construção não iniciada,Solar,Radiação solar,Autorização,Radiação solar,1900-01-03,"45836,00",0,",00",Não,"-10,61773333","-44,37884444",2023-03-28,2058-03-28,100% para CAMPOS ENERGIA SPE 2 LTDA - 45.653.380/0001-00 (PIE),,Santa Rita de Cássia - BA
2026-10-01,Campos 3,050232,UFV.RS.BA.050232-4.1,BA,UFV,Construção não iniciada,Solar,Radiação solar,Autorização,Radiação solar,1900-01-03,"45836,00",0,",00",Não,"-10,62111667","-44,36905278",2023-03-28,2058-03-28,100% para CAMPOS ENERGIA SPE 3 LTDA - 45.670.311/0001-04 (PIE),,Santa Rita de Cássia - BA
2026-10-01,Campos 4,050233,UFV.RS.BA.050233-2.1,BA,UFV,Construção não iniciada,Solar,Radiação solar,Autorização,Radiação solar,1900-01-03,"45836,00",0,",00",Não,"-10,62117778","-44,39931389",2023-03-28,2058-03-28,100% para CAMPOS ENERGIA SPE 4 LTDA - 45.633.403/0001-06 (PIE),,Santa Rita de Cássia - BA
2026-10-01,Campos 5,050234,UFV.RS.BA.050234-0.1,BA,UFV,Construção não iniciada,Solar,Radiação solar,Autorização,Radiação solar,1900-01-03,"45836,00",0,",00",Não,"-10,62114167","-44,38089167",2023-03-28,2058-03-28,100% para CAMPOS ENERGIA SPE 5 LTDA - 45.633.424/0001-21 (PIE),,Santa Rita de Cássia - BA
2026-10-01,Campos 6,050235,UFV.RS.BA.050235-9.1,BA,UFV,Construção não iniciada,Solar,Radiação solar,Autorização,Radiação solar,1900-01-03,"45836,00",0,",00",Não,"-10,62458333","-44,40076111",2023-03-28,2058-03-28,100% para CAMPOS ENERGIA SPE 6 LTDA - 45.633.445/0001-47 (PIE),,Santa Rita de Cássia - BA
2026-10-01,Campos 7,050236,UFV.RS.BA.050236-7.1,BA,UFV,Construção não iniciada,Solar,Radiação solar,Autorização,Radiação solar,1900-01-03,"45836,00",0,",00",Não,"-10,62454722","-44,38233611",2023-03-28,2058-03-28,100% para CAMPOS ENERGIA SPE 7 LTDA - 45.633.441/0001-69 (PIE),,Santa Rita de Cássia - BA
2026-10-01,Campos 8,050237,UFV.RS.BA.050237-5.1,BA,UFV,Construção não iniciada,Solar,Radiação solar,Autorização,Radiação solar,1900-01-03,"45836,00",0,",00",Não,"-10,62798611","-44,40106944",2023-03-28,2058-03-28,100% para CAMPOS ENERGIA SPE 8 LTDA - 45.633.433/0001-12 (PIE),,Santa Rita de Cássia - BA
2026-10-01,Campos 9,050238,UFV.RS.BA.050238-3.1,BA,UFV,Construção não iniciada,Solar,Radiação solar,Autorização,Radiação solar,1900-01-03,"45836,00",0,",00",Não,"-10,62795000","-44,38178611",2023-03-28,2058-03-28,100% para CAMPOS ENERGIA SPE 9 LTDA - 45.633.416/0001-85 (PIE),,Santa Rita de Cássia - BA
2026-10-01,Campos 10,050239,UFV.RS.BA.050239-1.1,BA,UFV,Construção não iniciada,Solar,Radiação solar,Autorização,Radiação solar,1900-01-03,"45836,00",0,",00",Não,"-10,62962500","-44,36862500",2023-03-28,2058-03-28,100% para CAMPOS ENERGIA SPE 10 LTDA - 45.620.282/0001-68 (PIE),,Santa Rita de Cássia - BA
2026-10-01,Campos 11,050240,UFV.RS.BA.050240-5.1,BA,UFV,Construção não iniciada,Solar,Radiação solar,Autorização,Radiação solar,1900-01-03,"45836,00",0,",00",Não,"-10,63137778","-44,39494444",2023-04-10,2058-04-10,100% para Talismã Energia SPE 1 Ltda - 45.556.380/0001-83 (PIE),,Santa Rita de Cássia - BA
2026-10-01,Campos 12,050241,UFV.RS.BA.050241-3.1,BA,UFV,Construção não iniciada,Solar,Radiação solar,Autorização,Radiação solar,1900-01-03,"45836,00",0,",00",Não,"-10,63305833","-44,38164167",2023-04-10,2058-04-10,100% para Talismã Energia SPE 2 Ltda - 45.594.641/0001-50 (PIE),,Santa Rita de Cássia - BA
2026-10-01,Campos 13,050242,UFV.RS.BA.050242-1.1,BA,UFV,Construção não iniciada,Solar,Radiação solar,Autorização,Radiação solar,1900-01-03,"45836,00",0,",00",Não,"-10,63478611","-44,39480278",2023-04-10,2058-04-10,100% para Talismã Energia SPE 3 Ltda - 45.560.154/0001-76 (PIE),,Santa Rita de Cássia - BA
2026-10-01,Campos 14,050243,UFV.RS.BA.050243-0.1,BA,UFV,Construção não iniciada,Solar,Radiação solar,Autorização,Radiação solar,1900-01-03,"45836,00",0,",00",Não,"-10,63570833","-44,37020000",2023-04-10,2058-04-10,100% para Talismã Energia SPE 4 Ltda - 45.560.140/0001-52 (PIE),,Santa Rita de Cássia - BA
2026-10-01,Campos 15,050244,UFV.RS.BA.050244-8.1,BA,UFV,Construção não iniciada,Solar,Radiação solar,Autorização,Radiação solar,1900-01-03,"45836,00",0,",00",Não,"-10,63919167","-44,39664722",2023-04-10,2058-04-10,100% para Talismã Energia SPE 5 Ltda - 45.559.931/0001-62 (PIE),,Santa Rita de Cássia - BA
2026-10-01,Campos 16,050245,UFV.RS.BA.050245-6.1,BA,UFV,Construção não iniciada,Solar,Radiação solar,Autorização,Radiação solar,1900-01-03,"45836,00",0,",00",Não,"-10,63816111","-44,37975833",2023-04-10,2058-04-10,100% para Talismã Energia SPE 6 Ltda - 45.594.630/0001-70 (PIE),,Santa Rita de Cássia - BA
2026-10-01,Campos 17,050246,UFV.RS.BA.050246-4.1,BA,UFV,Construção não iniciada,Solar,Radiação solar,Autorização,Radiação solar,1900-01-03,"45836,00",0,",00",Não,"-10,64158056","-44,38764444",2023-04-10,2058-04-10,100% para Talismã Energia SPE 7 Ltda - 45.594.619/0001-00 (PIE),,Santa Rita de Cássia - BA
2026-10-01,Campos 18,050247,UFV.RS.BA.050247-2.1,BA,UFV,Construção não iniciada,Solar,Radiação solar,Autorização,Radiação solar,1900-01-03,"45836,00",0,",00",Não,"-10,64106111","-44,36961667",2023-04-10,2058-04-10,100% para Talismã Energia SPE 8 Ltda - 45.594.596/0001-33 (PIE),,Santa Rita de Cássia - BA
2026-10-01,Campos 19,050248,UFV.RS.BA.050248-0.1,BA,UFV,Construção não iniciada,Solar,Radiação solar,Autorização,Radiação solar,1900-01-03,"45836,00",0,",00",Não,"-10,64496944","-44,38122778",2023-04-10,2058-04-10,100% para Talismã Energia SPE 9 Ltda - 45.594.606/0001-30 (PIE),,Santa Rita de Cássia - BA
2026-10-01,Campos 20,050249,UFV.RS.BA.050249-9.1,BA,UFV,Construção não iniciada,Solar,Radiação solar,Autorização,Radiação solar,1900-01-03,"45836,00",0,",00",Não,"-10,64806667","-44,37765000",2023-04-10,2058-04-10,100% para Talismã Energia SPE 10 Ltda - 45.594.577/0001-07 (PIE),,Santa Rita de Cássia - BA
2026-10-01,Missagra IV,050292,UFV.RS.BA.050292-8.1,BA,UFV,Construção não iniciada,Solar,Radiação solar,Autorização,Radiação solar,1900-01-03,"48118,00",0,",00",Não,"-12,20593333","-44,80131111",2022-11-28,2057-11-28,100% para GUARACI ENERGIA SOLAR E CONSULTORIA LTDA - 52.079.128/0001-96 (PIE),,Barreiras - BA
2026-10-01,Missagra V,050293,UFV.RS.BA.050293-6.1,BA,UFV,Construção não iniciada,Solar,Radiação solar,Autorização,Radiação solar,1900-01-03,"48118,00",0,",00",Não,"-12,21087500","-44,80051111",2022-11-28,2057-11-28,100% para GUARACI ENERGIA SOLAR E CONSULTORIA LTDA - 52.079.128/0001-96 (PIE),,Barreiras - BA
2026-10-01,Missagra VI,050294,UFV.RS.BA.050294-4.1,BA,UFV,Construção não iniciada,Solar,Radiação solar,Autorização,Radiação solar,1900-01-03,"48118,00",0,",00",Não,"-12,21875278","-44,80573056",2022-11-28,2057-11-28,100% para GUARACI ENERGIA SOLAR E CONSULTORIA LTDA - 52.079.128/0001-96 (PIE),,Barreiras - BA
2026-10-01,Assuruá 4 I,050463,EOL.CV.BA.050463-7.1,BA,EOL,Operação,Eólica,Cinética do vento,Autorização,Cinética do vento,2022-11-10,"36000,00",36000,"20500,00",Não,"-11,02539165","-42,64105068",2021-08-16,2056-08-16,100% para ASSURUA 4 I ENERGIA S.A - 38.112.927/0001-96 (PIE),,"Gentio do Ouro - BA, Xique-Xique - BA"
2026-10-01,Assuruá 4 II,050464,EOL.CV.BA.050464-5.1,BA,EOL,Operação,Eólica,Cinética do vento,Autorização,Cinética do vento,2023-01-20,"31500,00",31500,"18000,00",Não,"-11,03596114","-42,61452038",2021-08-16,2056-08-16,100% para ASSURUA 4 II ENERGIA S.A - 38.286.402/0001-77 (PIE),,Xique-Xique - BA
2026-10-01,Assuruá 4 III,050465,EOL.CV.BA.050465-3.1,BA,EOL,Operação,Eólica,Cinética do vento,Autorização,Cinética do vento,2022-12-28,"36000,00",36000,"20400,00",Não,"-11,06036901","-42,63062401",2021-08-16,2056-08-16,100% para ASSURUA 4 III ENERGIA S.A - 38.112.944/0001-23 (PIE),,Gentio do Ouro - BA
2026-10-01,Assuruá 4 IV,050466,EOL.CV.BA.050466-1.1,BA,EOL,Operação,Eólica,Cinética do vento,Autorização,Cinética do vento,2023-02-11,"36000,00",36000,"21700,00",Não,"-11,08393419","-42,62663031",2021-08-16,2056-08-16,100% para ASSURUA 4 IV ENERGIA S.A - 38.050.924/0001-75 (PIE),,Gentio do Ouro - BA
2026-10-01,Assuruá 4 V,050467,EOL.CV.BA.050467-0.1,BA,EOL,Operação,Eólica,Cinética do vento,Autorização,Cinética do vento,2023-02-25,"36000,00",36000,"22100,00",Não,"-11,10734948","-42,62924124",2021-08-16,2056-08-16,100% para ASSURUA 4 V ENERGIA S.A - 38.049.586/0001-51 (PIE),,Gentio do Ouro - BA
2026-10-01,Assuruá 4 VI,050468,EOL.CV.BA.050468-8.1,BA,EOL,Operação,Eólica,Cinética do vento,Autorização,Cinética do vento,2022-10-12,"36000,00",36000,"19700,00",Não,"-11,06616944","-42,60300235",2021-08-16,2056-08-16,100% para ASSURUA 4 VI ENERGIA S.A - 38.049.608/0001-83 (PIE),,"Gentio do Ouro - BA, Xique-Xique - BA"
2026-10-01,Fótons de São Marcelino 01,050631,UFV.RS.BA.050631-1.1,BA,UFV,Construção não iniciada,Solar,Radiação solar,Autorização,Radiação solar,1900-01-03,"50000,00",0,",00",Não,"-9,03129167","-38,61683611",2023-07-27,2058-07-27,100% para FÓTONS DE SÃO MARCELINO ENERGIAS RENOVÁVEIS S/A - 38.142.457/0001-03 (PIE),,Rodelas - BA
2026-10-01,Fótons de São Marcelino 02,050632,UFV.RS.BA.050632-0.1,BA,UFV,Construção não iniciada,Solar,Radiação solar,Autorização,Radiação solar,1900-01-03,"50000,00",0,",00",Não,"-9,02578889","-38,60722778",2023-07-27,2058-07-27,100% para FÓTONS DE SÃO MARCELINO ENERGIAS RENOVÁVEIS S/A - 38.142.457/0001-03 (PIE),,Rodelas - BA
2026-10-01,Fótons de São Marcelino 03,050633,UFV.RS.BA.050633-8.1,BA,UFV,Construção não iniciada,Solar,Radiação solar,Autorização,Radiação solar,1900-01-03,"50000,00",0,",00",Não,"-9,02304444","-38,60242500",2023-07-27,2058-07-27,100% para FÓTONS DE SÃO MARCELINO ENERGIAS RENOVÁVEIS S/A - 38.142.457/0001-03 (PIE),,Rodelas - BA
2026-10-01,Fótons de São Marcelino 04,050634,UFV.RS.BA.050634-6.1,BA,UFV,Construção não iniciada,Solar,Radiação solar,Autorização,Radiação solar,1900-01-03,"50000,00",0,",00",Não,"-9,02029722","-38,60482778",2023-07-27,2058-07-27,100% para FÓTONS DE SÃO MARCELINO ENERGIAS RENOVÁVEIS S/A - 38.142.457/0001-03 (PIE),,Rodelas - BA
2026-10-01,Fótons de São Marcelino 05,050635,UFV.RS.BA.050635-4.1,BA,UFV,Construção não iniciada,Solar,Radiação solar,Autorização,Radiação solar,1900-01-03,"50000,00",0,",00",Não,"-9,01755000","-38,60963056",2023-07-27,2058-07-27,100% para FÓTONS DE SÃO MARCELINO ENERGIAS RENOVÁVEIS S/A - 38.142.457/0001-03 (PIE),,Rodelas - BA
2026-10-01,Fótons de São Marcelino 06,050636,UFV.RS.BA.050636-2.1,BA,UFV,Construção não iniciada,Solar,Radiação solar,Autorização,Radiação solar,1900-01-03,"50000,00",0,",00",Não,"-9,01480278","-38,61923889",2023-07-27,2058-07-27,100% para FÓTONS DE SÃO MARCELINO ENERGIAS RENOVÁVEIS S/A - 38.142.457/0001-03 (PIE),,Rodelas - BA
2026-10-01,Fótons de São Marcelino 07,050637,UFV.RS.BA.050637-0.1,BA,UFV,Construção não iniciada,Solar,Radiação solar,Autorização,Radiação solar,1900-01-03,"50000,00",0,",00",Não,"-9,01480278","-38,59281667",2023-07-27,2058-07-27,100% para FÓTONS DE SÃO MARCELINO ENERGIAS RENOVÁVEIS S/A - 38.142.457/0001-03 (PIE),,Rodelas - BA
2026-10-01,Fótons de São Marcelino 08,050638,UFV.RS.BA.050638-9.1,BA,UFV,Construção não iniciada,Solar,Radiação solar,Autorização,Radiação solar,1900-01-03,"50000,00",0,",00",Não,"-9,01205833","-38,59521944",2023-07-27,2058-07-27,100% para FÓTONS DE SÃO MARCELINO ENERGIAS RENOVÁVEIS S/A - 38.142.457/0001-03 (PIE),,Rodelas - BA
2026-10-01,Fótons de São Marcelino 09,050639,UFV.RS.BA.050639-7.1,BA,UFV,Construção não iniciada,Solar,Radiação solar,Autorização,Radiação solar,1900-01-03,"50000,00",0,",00",Não,"-9,00931111","-38,59521944",2023-07-27,2058-07-27,100% para FÓTONS DE SÃO MARCELINO ENERGIAS RENOVÁVEIS S/A - 38.142.457/0001-03 (PIE),,Rodelas - BA
2026-10-01,Morro 1,050844,EOL.CV.BA.050844-6.1,BA,EOL,Operação,Eólica,Cinética do vento,Autorização,Cinética do vento,2024-09-19,"45600,00",45600,"23800,00",Não,"-12,25090352","-42,37421592",2022-03-04,2057-03-04,100% para MORRO DO CRUZEIRO I S.A. - 42.615.130/0001-89 (PIE),,Brotas de Macaúbas - BA
2026-10-01,Morro 2,050845,EOL.CV.BA.050845-4.1,BA,EOL,Operação,Eólica,Cinética do vento,Autorização,Cinética do vento,2024-09-24,"34200,00",34200,"18800,00",Não,"-12,22453209","-42,37804034",2022-03-04,2057-03-04,100% para MORRO DO CRUZEIRO II S.A. - 42.625.774/0001-58 (PIE),,Brotas de Macaúbas - BA
2026-10-01,Ventos de São Vitorino I,050912,EOL.CV.BA.050912-4.1,BA,EOL,Construção não iniciada,Eólica,Cinética do vento,Autorização,Cinética do vento,1900-01-03,"45600,00",0,",00",Não,"-11,27266160","-42,23111742",2023-10-03,2058-10-03,100% para VENTOS DE SAO VITORINO ENERGIAS RENOVAVEIS SA - 15.674.425/0001-53 (PIE),,"Ibipeba - BA, Uibaí - BA"
2026-10-01,Ventos de São Vitorino II,050913,EOL.CV.BA.050913-2.1,BA,EOL,Construção não iniciada,Eólica,Cinética do vento,Autorização,Cinética do vento,1900-01-03,"51300,00",0,",00",Não,"-11,29994566","-42,22432198",2023-10-03,2058-10-03,100% para VENTOS DE SAO VITORINO ENERGIAS RENOVAVEIS SA - 15.674.425/0001-53 (PIE),,"Ibipeba - BA, Uibaí - BA"
2026-10-01,Ventos de São Vitorino IV,050914,EOL.CV.BA.050914-0.1,BA,EOL,Construção não iniciada,Eólica,Cinética do vento,Autorização,Cinética do vento,1900-01-03,"45600,00",0,",00",Não,"-11,32839261","-42,21634805",2023-10-03,2058-10-03,100% para VENTOS DE SAO VITORINO ENERGIAS RENOVAVEIS SA - 15.674.425/0001-53 (PIE),,Ibipeba - BA
2026-10-01,Ventos de São Vitorino VII,050915,EOL.CV.BA.050915-9.1,BA,EOL,Construção não iniciada,Eólica,Cinética do vento,Autorização,Cinética do vento,1900-01-03,"45600,00",0,",00",Não,"-11,34949019","-42,19902848",2023-10-03,2058-10-03,100% para VENTOS DE SAO VITORINO ENERGIAS RENOVAVEIS SA - 15.674.425/0001-53 (PIE),,Ibipeba - BA
2026-10-01,Serra das Almas XIX,050991,EOL.CV.BA.050991-4.1,BA,EOL,Construção não iniciada,Eólica,Cinética do vento,Autorização,Cinética do vento,1900-01-03,"31000,00",0,",00",Não,"-14,75354637","-42,63425159",2023-02-17,2058-02-17,100% para PEC ENERGIA S.A. - 07.157.459/0001-42 (PIE),,Urandi - BA
2026-10-01,Serra das Almas XXI,050993,EOL.CV.BA.050993-0.1,BA,EOL,Construção não iniciada,Eólica,Cinética do vento,Autorização,Cinética do vento,1900-01-03,"24800,00",0,",00",Não,"-14,70434415","-42,60353932",2023-02-17,2058-02-17,100% para PEC ENERGIA S.A. - 07.157.459/0001-42 (PIE),,Urandi - BA
2026-10-01,Serra das Almas XXII,050994,EOL.CV.BA.050994-9.1,BA,EOL,Construção não iniciada,Eólica,Cinética do vento,Autorização,Cinética do vento,1900-01-03,"24800,00",0,",00",Não,"-14,72826941","-42,60895913",2023-02-17,2058-02-17,100% para PEC ENERGIA S.A. - 07.157.459/0001-42 (PIE),,Urandi - BA
2026-10-01,Serra das Almas XXIII,050995,EOL.CV.BA.050995-7.1,BA,EOL,Construção não iniciada,Eólica,Cinética do vento,Autorização,Cinética do vento,1900-01-03,"18600,00",0,",00",Não,"-14,74563604","-42,61005072",2023-02-17,2058-02-17,100% para PEC ENERGIA S.A. - 07.157.459/0001-42 (PIE),,Urandi - BA
2026-10-01,Serra das Almas XXIV,050996,EOL.CV.BA.050996-5.1,BA,EOL,Construção não iniciada,Eólica,Cinética do vento,Autorização,Cinética do vento,1900-01-03,"31000,00",0,",00",Não,"-14,75441382","-42,61143104",2023-02-17,2058-02-17,100% para PEC ENERGIA S.A. - 07.157.459/0001-42 (PIE),,Urandi - BA
2026-10-01,Serra das Almas XXV,050997,EOL.CV.BA.050997-3.1,BA,EOL,Construção não iniciada,Eólica,Cinética do vento,Autorização,Cinética do vento,1900-01-03,"31000,00",0,",00",Não,"-14,76985265","-42,61306364",2023-02-17,2058-02-17,100% para PEC ENERGIA S.A. - 07.157.459/0001-42 (PIE),,Urandi - BA
2026-10-01,Serra das Almas XXVII,050998,EOL.CV.BA.050998-1.1,BA,EOL,Construção não iniciada,Eólica,Cinética do vento,Autorização,Cinética do vento,1900-01-03,"24800,00",0,",00",Não,"-14,70923290","-42,58710310",2023-02-17,2058-02-17,100% para PEC ENERGIA S.A. - 07.157.459/0001-42 (PIE),,Urandi - BA
2026-10-01,Serra das Almas XXVIII,050999,EOL.CV.BA.050999-0.1,BA,EOL,Construção não iniciada,Eólica,Cinética do vento,Autorização,Cinética do vento,1900-01-03,"31000,00",0,",00",Não,"-14,70355611","-42,57209195",2023-02-17,2058-02-17,100% para PEC ENERGIA S.A. - 07.157.459/0001-42 (PIE),,"Licínio de Almeida - BA, Urandi - BA"
2026-10-01,Serra das Almas XXIX,051000,EOL.CV.BA.051000-9.1,BA,EOL,Construção não iniciada,Eólica,Cinética do vento,Autorização,Cinética do vento,1900-01-03,"37200,00",0,",00",Não,"-14,72305211","-42,58763802",2023-02-07,2058-02-07,100% para PEC ENERGIA S.A. - 07.157.459/0001-42 (PIE),,Urandi - BA
2026-10-01,Serra das Almas XXXI,051002,EOL.CV.BA.051002-5.1,BA,EOL,Construção não iniciada,Eólica,Cinética do vento,Autorização,Cinética do vento,1900-01-03,"31000,00",0,",00",Não,"-14,75470544","-42,58732652",2023-02-17,2058-02-17,100% para PEC ENERGIA S.A. - 07.157.459/0001-42 (PIE),,Licínio de Almeida - BA
2026-10-01,Serra das Almas XLIV,051014,EOL.CV.BA.051014-9.1,BA,EOL,Construção não iniciada,Eólica,Cinética do vento,Autorização,Cinética do vento,1900-01-03,"24800,00",0,",00",Não,"-14,76367727","-42,56415614",2023-02-17,2058-02-17,100% para PEC ENERGIA S.A. - 07.157.459/0001-42 (PIE),,Licínio de Almeida - BA
2026-10-01,Ventos de Santa Luzia 14,051588,EOL.CV.BA.051588-4.1,BA,EOL,Operação,Eólica,Cinética do vento,Autorização,Cinética do vento,2025-02-08,"72000,00",72000,"39900,00",Não,"-11,05163371","-41,26310380",2022-01-06,2057-01-06,100% para Ventos de São Julião Energias Renováveis S.A. - 42.454.915/0001-17 (PIE),,Várzea Nova - BA
2026-10-01,Ventos de Santa Luzia 15,051589,EOL.CV.BA.051589-2.1,BA,EOL,Operação,Eólica,Cinética do vento,Autorização,Cinética do vento,2025-06-04,"72000,00",72000,"39200,00",Não,"-11,03373870","-41,23768996",2022-01-06,2057-01-06,100% para Ventos de São Raimundo Energias Renováveis S.A. - 42.455.778/0001-35 (PIE),,Morro do Chapéu - BA
2026-10-01,Ventos de Santa Luzia 16,051590,EOL.CV.BA.051590-6.1,BA,EOL,Operação,Eólica,Cinética do vento,Autorização,Cinética do vento,2024-12-31,"72000,00",72000,"42300,00",Não,"-11,00649616","-41,25645584",2022-01-06,2057-01-06,100% para Ventos de São Roberto Energias Renováveis S.A. - 42.454.971/0001-51 (PIE),,Várzea Nova - BA
2026-10-01,Ventos de Santo Antônio 05,051592,EOL.CV.BA.051592-2.1,BA,EOL,Operação,Eólica,Cinética do vento,Autorização,Cinética do vento,2025-03-28,"67500,00",67500,"37500,00",Não,"-11,04464558","-41,28982781",2022-01-04,2057-01-04,100% para Ventos de Santa Ana Energias Renováveis S.A. - 42.740.770/0001-10 (PIE),,"Morro do Chapéu - BA, Várzea Nova - BA"
2026-10-01,Ventos de Santo Antônio 06,051593,EOL.CV.BA.051593-0.1,BA,EOL,Operação,Eólica,Cinética do vento,Autorização,Cinética do vento,2025-03-28,"67500,00",67500,"37300,00",Não,"-11,01949045","-41,29400553",2022-01-06,2057-01-06,100% para Ventos de Santa Sabina Energias Renováveis S.A. - 42.740.818/0001-90 (PIE),,"Morro do Chapéu - BA, Várzea Nova - BA"
2026-10-01,Ventos de Santo Antônio 07,051594,EOL.CV.BA.051594-9.1,BA,EOL,Operação,Eólica,Cinética do vento,Autorização,Cinética do vento,2025-01-01,"72000,00",72000,"40900,00",Não,"-11,02428258","-41,29846104",2022-01-06,2057-01-06,100% para Ventos de Santa Irene Energias Renováveis S.A. - 42.740.763/0001-19 (PIE),,"Morro do Chapéu - BA, Várzea Nova - BA"
2026-10-01,Ventos de Santo Antônio 08,051595,EOL.CV.BA.051595-7.1,BA,EOL,Operação,Eólica,Cinética do vento,Autorização,Cinética do vento,2025-03-28,"63000,00",63000,"34100,00",Não,"-11,04836694","-41,30555544",2022-01-06,2057-01-06,100% para Ventos de Santa Rufina Energias Renováveis S.A. - 42.740.809/0001-08 (PIE),,"Morro do Chapéu - BA, Várzea Nova - BA"
2026-10-01,Solar Caetité 01,051678,UFV.RS.BA.051678-3.1,BA,UFV,Construção não iniciada,Solar,Radiação solar,Autorização,Radiação solar,1900-01-03,"29970,00",0,",00",Não,"-14,14404722","-42,48413889",2022-10-20,2057-10-20,100% para Solar São Conrado I S.A. - 21.636.656/0001-75 (PIE),,Caetité - BA
2026-10-01,Solar Caetité 02,051679,UFV.RS.BA.051679-1.1,BA,UFV,Construção não iniciada,Solar,Radiação solar,Autorização,Radiação solar,1900-01-03,"29970,00",0,",00",Não,"-14,14181945","-42,48889444",2022-10-20,2057-10-20,100% para SOLAR SÃO CONRADO II S.A. - 38.426.843/0001-27 (PIE),,Caetité - BA
2026-10-01,Solar Caetité 03,051680,UFV.RS.BA.051680-5.1,BA,UFV,Construção não iniciada,Solar,Radiação solar,Autorização,Radiação solar,1900-01-03,"29970,00",0,",00",Não,"-14,15105833","-42,48861667",2022-10-20,2057-10-20,100% para SOLAR SÃO CONRADO III S.A. - 38.426.731/0001-76 (PIE),,Caetité - BA
2026-10-01,Tanque dos Padres V,051692,UFV.RS.BA.051692-9.1,BA,UFV,Construção não iniciada,Solar,Radiação solar,Autorização,Radiação solar,1900-01-03,"50000,00",0,",00",Não,"-13,76682778","-42,54275833",2022-11-28,2057-11-28,100% para Central Geradora Fotovoltaica Tanque dos Padres S.A. - 14.785.829/0001-51 (PIE),,Caetité - BA
2026-10-01,Tanque dos Padres VI,051693,UFV.RS.BA.051693-7.1,BA,UFV,Construção não iniciada,Solar,Radiação solar,Autorização,Radiação solar,1900-01-03,"50000,00",0,",00",Não,"-13,76486944","-42,53191389",2022-11-28,2057-11-28,100% para Central Geradora Fotovoltaica Tanque dos Padres S.A. - 14.785.829/0001-51 (PIE),,Caetité - BA
2026-10-01,Tanque dos Padres VII,051694,UFV.RS.BA.051694-5.1,BA,UFV,Construção não iniciada,Solar,Radiação solar,Autorização,Radiação solar,1900-01-03,"50000,00",0,",00",Não,"-13,77038056","-42,52282222",2022-11-28,2057-11-28,100% para Central Geradora Fotovoltaica Tanque dos Padres S.A. - 14.785.829/0001-51 (PIE),,Caetité - BA
2026-10-01,Tanque dos Padres VIII,051695,UFV.RS.BA.051695-3.1,BA,UFV,Construção não iniciada,Solar,Radiação solar,Autorização,Radiação solar,1900-01-03,"50000,00",0,",00",Não,"-13,77419444","-42,52879167",2022-11-28,2057-11-28,100% para Central Geradora Fotovoltaica Tanque dos Padres S.A. - 14.785.829/0001-51 (PIE),,Caetité - BA
2026-10-01,Assuruá 5 I,051784,EOL.CV.BA.051784-4.1,BA,EOL,Operação,Eólica,Cinética do vento,Autorização,Cinética do vento,2023-10-25,"40600,00",40600,"21200,00",Não,"-10,98219659","-42,61010211",2022-01-20,2057-01-20,"73.9000% para CARGILL AGRICOLA S A - 60.498.706/0001-57 (PIE), 24% para ASSURUA 4 E 5 HOLDING ENERGIA S.A. - 38.286.323/0001-66 (PIE), 2.1000% para CARGILL ALIMENTOS LTDA - 01.961.898/0001-27 (PIE)",,Xique-Xique - BA
2026-10-01,Assuruá 5 II,051785,EOL.CV.BA.051785-2.1,BA,EOL,Operação,Eólica,Cinética do vento,Autorização,Cinética do vento,2023-10-11,"46400,00",46400,"24500,00",Não,"-10,99740745","-42,62420222",2022-01-20,2057-01-20,"32.3280% para DIGITAL DC BRASIL LTDA. - 19.291.041/0001-02 (PIE), 26.4220% para COMPANHIA DE SANEAMENTO DO TOCANTINS - SANEATINS - 25.089.509/0001-83 (PIE), 14.4830% para BRK AMBIENTAL  REGIAO METROPOLITANA DO RECIFE / GOIANA SPE S.A. - 17.119.291/0001-34 (PIE), 13.1900% para ASSURUA 4 E 5 HOLDING ENERGIA S.A. - 38.286.323/0001-66 (PIE), 3.5340% para BRK AMBIENTAL - MARANHAO S.A. - 21.480.265/0001-04 (PIE), 3.0170% para BRK AMBIENTAL - REGIAO METROPOLITANA DE MACEIO S.A. - 39.580.673/0001-01 (PIE), 2.5430% para BRK AMBIENTAL - RIO CLARO S.A. - 08.630.227/0001-22 (PIE), 2.4140% para BRK AMBIENTAL - PORTO FERREIRA S.A. - 14.001.255/0001-83 (PIE), 1.0780% para BRK AMBIENTAL  SANTA GERTRUDES S.A - 12.324.465/0001-87 (PIE), 0.9910% para BRK AMBIENTAL - MACAE S/A - 17.002.138/0001-22 (PIE)",,Xique-Xique - BA
2026-10-01,Assuruá 5 III,051786,EOL.CV.BA.051786-0.1,BA,EOL,Operação,Eólica,Cinética do vento,Autorização,Cinética do vento,2023-07-06,"40600,00",40600,"20700,00",Não,"-11,01855191","-42,67649199",2022-01-20,2057-01-20,"93.9000% para CARGILL AGRICOLA S A - 60.498.706/0001-57 (PIE), 4% para ASSURUA 4 E 5 HOLDING ENERGIA S.A. - 38.286.323/0001-66 (PIE), 2.1000% para CARGILL ALIMENTOS LTDA - 01.961.898/0001-27 (PIE)",,Gentio do Ouro - BA
2026-10-01,Assuruá 5 IV,051787,EOL.CV.BA.051787-9.1,BA,EOL,Operação,Eólica,Cinética do vento,Autorização,Cinética do vento,2023-09-16,"46400,00",46400,"24200,00",Não,"-11,02188033","-42,60370852",2022-01-20,2057-01-20,"29.5400% para MANAUS AMBIENTAL S.A. - 03.264.927/0001-27 (PIE), 22.1550% para AGUAS GUARIROBA SA - 04.089.570/0001-50 (PIE), 14.7700% para AGUAS DE TERESINA SANEAMENTO SPE S.A. - 27.157.474/0001-06 (PIE), 8.3080% para RIO NEGRO AMBIENTAL, CAPTACAO, TRATAMENTO E DISTRIBUICAO DE AGUAS SPE S.A - 24.483.032/0001-53 (PIE), 6.4620% para PROLAGOS S/A - CONCESSIONARIA DE SERVICOS PUBLICOS DE AGUA E ESGOTO - 02.382.073/0001-10 (PIE), 3.5080% para AGUAS DE GOVERNADOR VALADARES SPE S.A. - 53.667.104/0001-10 (PIE), 3.4340% para AMBIENTAL CEARA 2 SPE S.A. - 48.569.926/0001-29 (PIE), 3.0090% para AGUAS DO MIRANTE S.A. - 15.384.637/0001-04 (PIE), 1.7540% para AGUAS DE MATAO S.A - 19.190.721/0001-30 (PIE), 1.4770% para AGUAS DE TIMON SANEAMENTO S.A - 21.716.748/0001-65 (PIE), 0.9310% para ASSURUA 4 E 5 HOLDING ENERGIA S.A. - 38.286.323/0001-66 (PIE), 0.9230% para AMBIENTAL METROSUL CONCESSIONARIA DE SANEAMENTO SPE S.A. - 36.641.320/0001-78 (PIE), 0.8310% para AMBIENTAL VILA VELHA CONCESSIONARIA DE SANEAMENTO SPE S.A - 26.795.667/0001-11 (PIE), 0.6090% para AMBIENTAL CEARA 1 SPE S.A. - 48.569.940/0001-22 (PIE), 0.5910% para AGUAS DE SAO FRANCISCO DO SUL SPE S.A - 21.180.700/0001-85 (PIE), 0.5170% para AMBIENTAL SERRA CONCESSIONARIA DE SANEAMENTO S.A - 19.688.648/0001-20 (PIE), 0.4430% para AMBIENTAL MS PANTANAL SPE S.A. - 40.074.069/0001-84 (PIE), 0.3690% para AGUAS DE BOMBINHAS SANEAMENTO SPE S.A - 26.025.075/0001-10 (PIE), 0.3690% para AMBIENTAL CARIACICA CONCESSIONARIA DE SANEAMENTO SPE S.A. - 40.047.352/0001-17 (PIE)",,Xique-Xique - BA
2026-10-01,Assuruá 5 V,051788,EOL.CV.BA.051788-7.1,BA,EOL,Operação,Eólica,Cinética do vento,Autorização,Cinética do vento,2023-06-20,"34800,00",34800,"16600,00",Não,"-11,14133575","-42,63391168",2022-01-20,2057-01-20,"29.5400% para MANAUS AMBIENTAL S.A. - 03.264.927/0001-27 (PIE), 22.1550% para AGUAS GUARIROBA SA - 04.089.570/0001-50 (PIE), 14.7700% para AGUAS DE TERESINA SANEAMENTO SPE S.A. - 27.157.474/0001-06 (PIE), 8.3080% para RIO NEGRO AMBIENTAL, CAPTACAO, TRATAMENTO E DISTRIBUICAO DE AGUAS SPE S.A - 24.483.032/0001-53 (PIE), 6.4620% para PROLAGOS S/A - CONCESSIONARIA DE SERVICOS PUBLICOS DE AGUA E ESGOTO - 02.382.073/0001-10 (PIE), 3.5080% para AGUAS DE GOVERNADOR VALADARES SPE S.A. - 53.667.104/0001-10 (PIE), 3.4340% para AMBIENTAL CEARA 2 SPE S.A. - 48.569.926/0001-29 (PIE), 3.0090% para AGUAS DO MIRANTE S.A. - 15.384.637/0001-04 (PIE), 1.7540% para AGUAS DE MATAO S.A - 19.190.721/0001-30 (PIE), 1.4770% para AGUAS DE TIMON SANEAMENTO S.A - 21.716.748/0001-65 (PIE), 0.9310% para ASSURUA 4 E 5 HOLDING ENERGIA S.A. - 38.286.323/0001-66 (PIE), 0.9230% para AMBIENTAL METROSUL CONCESSIONARIA DE SANEAMENTO SPE S.A. - 36.641.320/0001-78 (PIE), 0.8310% para AMBIENTAL VILA VELHA CONCESSIONARIA DE SANEAMENTO SPE S.A - 26.795.667/0001-11 (PIE), 0.6090% para AMBIENTAL CEARA 1 SPE S.A. - 48.569.940/0001-22 (PIE), 0.5910% para AGUAS DE SAO FRANCISCO DO SUL SPE S.A - 21.180.700/0001-85 (PIE), 0.5170% para AMBIENTAL SERRA CONCESSIONARIA DE SANEAMENTO S.A - 19.688.648/0001-20 (PIE), 0.4430% para AMBIENTAL MS PANTANAL SPE S.A. - 40.074.069/0001-84 (PIE), 0.3690% para AGUAS DE BOMBINHAS SANEAMENTO SPE S.A - 26.025.075/0001-10 (PIE), 0.3690% para AMBIENTAL CARIACICA CONCESSIONARIA DE SANEAMENTO SPE S.A. - 40.047.352/0001-17 (PIE)",,Gentio do Ouro - BA
2026-10-01,Assuruá 5 VI,051789,EOL.CV.BA.051789-5.1,BA,EOL,Operação,Eólica,Cinética do vento,Autorização,Cinética do vento,2023-05-13,"34800,00",34800,"18100,00",Não,"-11,02376103","-42,58903056",2022-01-20,2057-01-20,"29.5400% para MANAUS AMBIENTAL S.A. - 03.264.927/0001-27 (PIE), 22.1550% para AGUAS GUARIROBA SA - 04.089.570/0001-50 (PIE), 14.7700% para AGUAS DE TERESINA SANEAMENTO SPE S.A. - 27.157.474/0001-06 (PIE), 8.3080% para RIO NEGRO AMBIENTAL, CAPTACAO, TRATAMENTO E DISTRIBUICAO DE AGUAS SPE S.A - 24.483.032/0001-53 (PIE), 6.4620% para PROLAGOS S/A - CONCESSIONARIA DE SERVICOS PUBLICOS DE AGUA E ESGOTO - 02.382.073/0001-10 (PIE), 3.5080% para AGUAS DE GOVERNADOR VALADARES SPE S.A. - 53.667.104/0001-10 (PIE), 3.4340% para AMBIENTAL CEARA 2 SPE S.A. - 48.569.926/0001-29 (PIE), 3.0090% para AGUAS DO MIRANTE S.A. - 15.384.637/0001-04 (PIE), 1.7540% para AGUAS DE MATAO S.A - 19.190.721/0001-30 (PIE), 1.4770% para AGUAS DE TIMON SANEAMENTO S.A - 21.716.748/0001-65 (PIE), 0.9310% para ASSURUA 4 E 5 HOLDING ENERGIA S.A. - 38.286.323/0001-66 (PIE), 0.9230% para AMBIENTAL METROSUL CONCESSIONARIA DE SANEAMENTO SPE S.A. - 36.641.320/0001-78 (PIE), 0.8310% para AMBIENTAL VILA VELHA CONCESSIONARIA DE SANEAMENTO SPE S.A - 26.795.667/0001-11 (PIE), 0.6090% para AMBIENTAL CEARA 1 SPE S.A. - 48.569.940/0001-22 (PIE), 0.5910% para AGUAS DE SAO FRANCISCO DO SUL SPE S.A - 21.180.700/0001-85 (PIE), 0.5170% para AMBIENTAL SERRA CONCESSIONARIA DE SANEAMENTO S.A - 19.688.648/0001-20 (PIE), 0.4430% para AMBIENTAL MS PANTANAL SPE S.A. - 40.074.069/0001-84 (PIE), 0.3690% para AGUAS DE BOMBINHAS SANEAMENTO SPE S.A - 26.025.075/0001-10 (PIE), 0.3690% para AMBIENTAL CARIACICA CONCESSIONARIA DE SANEAMENTO SPE S.A. - 40.047.352/0001-17 (PIE)",,"Gentio do Ouro - BA, Xique-Xique - BA"
2026-10-01,Ventos de Santo Orestes 03,051805,EOL.CV.BA.051805-0.1,BA,EOL,Construção não iniciada,Eólica,Cinética do vento,Autorização,Cinética do vento,1900-01-03,"42000,00",0,",00",Não,",00000000",",00000000",2026-04-09,2061-04-09,100% para ENEL GREEN POWER VENTOS DE SANTO ORESTES 1 S.A. - 35.856.526/0001-52 (PIE),,Casa Nova - BA
2026-10-01,Ventos de Santo Orestes 04,051806,EOL.CV.BA.051806-9.1,BA,EOL,Construção não iniciada,Eólica,Cinética do vento,Autorização,Cinética do vento,1900-01-03,"42000,00",0,",00",Não,",00000000",",00000000",2026-04-09,2061-04-09,100% para ENEL GREEN POWER VENTOS DE SANTO ORESTES 2 S.A. - 35.856.367/0001-96 (PIE),,Casa Nova - BA
2026-10-01,Santa Bibiana 01,051967,EOL.CV.BA.051967-7.1,BA,EOL,Construção não iniciada,Eólica,Cinética do vento,Autorização,Cinética do vento,1900-01-03,"58800,00",0,",00",Não,"-10,32142438","-41,53084273",2023-02-06,2058-02-06,100% para VENTOS DE SANTA BIBIANA 01 ENERGIA LTDA - 43.973.055/0001-90 (PIE),,Sento Sé - BA
2026-10-01,Santa Bibiana 02,051968,EOL.CV.BA.051968-5.1,BA,EOL,Construção não iniciada,Eólica,Cinética do vento,Autorização,Cinética do vento,1900-01-03,"58800,00",0,",00",Não,"-10,31118092","-41,54535148",2023-02-06,2058-02-06,100% para VENTOS DE SANTA BIBIANA 02 ENERGIA LTDA - 43.970.792/0001-30 (PIE),,Sento Sé - BA
2026-10-01,Santa Bibiana 03,051969,EOL.CV.BA.051969-3.1,BA,EOL,Construção não iniciada,Eólica,Cinética do vento,Autorização,Cinética do vento,1900-01-03,"58800,00",0,",00",Não,"-10,29293794","-41,55900998",2023-02-06,2058-02-06,100% para VENTOS DE SANTA BIBIANA 03 ENERGIA LTDA - 43.970.822/0001-08 (PIE),,Sento Sé - BA
2026-10-01,Santa Bibiana 04,051970,EOL.CV.BA.051970-7.1,BA,EOL,Construção não iniciada,Eólica,Cinética do vento,Autorização,Cinética do vento,1900-01-03,"58800,00",0,",00",Não,"-10,32549741","-41,56998581",2023-02-06,2058-02-06,100% para VENTOS DE SANTA BIBIANA 04 ENERGIA LTDA - 43.929.379/0001-21 (PIE),,Sento Sé - BA
2026-10-01,Santa Bibiana 05,051971,EOL.CV.BA.051971-5.1,BA,EOL,Construção não iniciada,Eólica,Cinética do vento,Autorização,Cinética do vento,1900-01-03,"58800,00",0,",00",Não,"-10,32314465","-41,58737704",2023-02-06,2058-02-06,100% para VENTOS DE SANTA BIBIANA 05 ENERGIA LTDA - 43.970.810/0001-83 (PIE),,Sento Sé - BA
2026-10-01,Santa Bibiana 06,051972,EOL.CV.BA.051972-3.1,BA,EOL,Construção não iniciada,Eólica,Cinética do vento,Autorização,Cinética do vento,1900-01-03,"58800,00",0,",00",Não,"-10,29196294","-41,60195792",2023-02-06,2058-02-06,100% para VENTOS DE SANTA BIBIANA 06 ENERGIA LTDA. - 43.929.431/0001-40 (PIE),,Sento Sé - BA
2026-10-01,Salitre I,052027,UFV.RS.BA.052027-6.1,BA,UFV,Construção não iniciada,Solar,Radiação solar,Autorização,Radiação solar,1900-01-03,"25000,00",0,",00",Não,"-9,59099444","-40,55718056",2023-05-24,2058-05-24,100% para COC ENERGIA E ENGENHARIA LTDA - 34.867.891/0001-08 (PIE),,Juazeiro - BA
2026-10-01,Salitre II,052028,UFV.RS.BA.052028-4.1,BA,UFV,Construção não iniciada,Solar,Radiação solar,Autorização,Radiação solar,1900-01-03,"25000,00",0,",00",Não,"-9,59014167","-40,54987778",2023-05-24,2058-05-24,100% para COC ENERGIA E ENGENHARIA LTDA - 34.867.891/0001-08 (PIE),,Juazeiro - BA
2026-10-01,Salitre III,052029,UFV.RS.BA.052029-2.1,BA,UFV,Construção não iniciada,Solar,Radiação solar,Autorização,Radiação solar,1900-01-03,"25000,00",0,",00",Não,"-9,58326667","-40,55089444",2023-05-24,2058-05-24,100% para COC ENERGIA E ENGENHARIA LTDA - 34.867.891/0001-08 (PIE),,Juazeiro - BA
2026-10-01,Salitre IV,052030,UFV.RS.BA.052030-6.1,BA,UFV,Construção não iniciada,Solar,Radiação solar,Autorização,Radiação solar,1900-01-03,"25000,00",0,",00",Não,"-9,58393333","-40,55705556",2023-05-24,2058-05-24,100% para COC ENERGIA E ENGENHARIA LTDA - 34.867.891/0001-08 (PIE),,Juazeiro - BA
2026-10-01,Pedra Pintada XVII,052256,EOL.CV.BA.052256-2.1,BA,EOL,Construção não iniciada,Eólica,Cinética do vento,Autorização,Cinética do vento,1900-01-03,"48054,00",0,",00",Não,",00000000",",00000000",2026-03-30,2061-03-30,100% para VOLTALIA ENERGIA DO BRASIL LTDA. - 08.351.042/0001-89 (PIE),,Ourolândia - BA
2026-10-01,Rio Branco I,052355,UFV.RS.BA.052355-0.1,BA,UFV,Construção não iniciada,Solar,Radiação solar,Autorização,Radiação solar,1900-01-03,"44992,00",0,",00",Não,"-12,03577778","-45,00854444",2023-07-03,2058-07-03,100% para LIGHTSOURCE RIO BRANCO GERAÇÃO DE ENERGIA LTDA - 28.483.349/0001-40 (PIE),,Barreiras - BA
2026-10-01,Rio Branco II,052356,UFV.RS.BA.052356-9.1,BA,UFV,Construção não iniciada,Solar,Radiação solar,Autorização,Radiação solar,1900-01-03,"44992,00",0,",00",Não,"-12,03558056","-45,00172778",2023-07-03,2058-07-03,100% para LIGHTSOURCE RIO BRANCO GERAÇÃO DE ENERGIA LTDA - 28.483.349/0001-40 (PIE),,Barreiras - BA
2026-10-01,Rio Branco III,052357,UFV.RS.BA.052357-7.1,BA,UFV,Construção não iniciada,Solar,Radiação solar,Autorização,Radiação solar,1900-01-03,"44992,00",0,",00",Não,"-12,03492778","-44,99605833",2023-07-03,2058-07-03,100% para LIGHTSOURCE RIO BRANCO GERAÇÃO DE ENERGIA LTDA - 28.483.349/0001-40 (PIE),,Barreiras - BA
2026-10-01,Rio Branco IV,052358,UFV.RS.BA.052358-5.1,BA,UFV,Construção não iniciada,Solar,Radiação solar,Autorização,Radiação solar,1900-01-03,"44992,00",0,",00",Não,"-12,02876944","-44,98227778",2023-07-03,2058-07-03,100% para LIGHTSOURCE RIO BRANCO GERAÇÃO DE ENERGIA LTDA - 28.483.349/0001-40 (PIE),,Barreiras - BA
2026-10-01,Rio Branco V,052359,UFV.RS.BA.052359-3.1,BA,UFV,Construção não iniciada,Solar,Radiação solar,Autorização,Radiação solar,1900-01-03,"44992,00",0,",00",Não,"-12,02286389","-44,97525000",2023-07-03,2058-07-03,100% para LIGHTSOURCE RIO BRANCO GERAÇÃO DE ENERGIA LTDA - 28.483.349/0001-40 (PIE),,Barreiras - BA
2026-10-01,Rio Branco VI,052360,UFV.RS.BA.052360-7.1,BA,UFV,Construção não iniciada,Solar,Radiação solar,Autorização,Radiação solar,1900-01-03,"44992,00",0,",00",Não,"-12,01883889","-44,96740556",2023-07-03,2058-07-03,100% para LIGHTSOURCE RIO BRANCO GERAÇÃO DE ENERGIA LTDA - 28.483.349/0001-40 (PIE),,Barreiras - BA
2026-10-01,Rio Branco VII,052361,UFV.RS.BA.052361-5.1,BA,UFV,Construção não iniciada,Solar,Radiação solar,Autorização,Radiação solar,1900-01-03,"44992,00",0,",00",Não,"-12,00974167","-44,98121389",2023-07-03,2058-07-03,100% para LIGHTSOURCE RIO BRANCO GERAÇÃO DE ENERGIA LTDA - 28.483.349/0001-40 (PIE),,Barreiras - BA
2026-10-01,Rio Branco VIII,052362,UFV.RS.BA.052362-3.1,BA,UFV,Construção não iniciada,Solar,Radiação solar,Autorização,Radiação solar,1900-01-03,"44992,00",0,",00",Não,"-12,00857500","-44,96920556",2023-07-03,2058-07-03,100% para LIGHTSOURCE RIO BRANCO GERAÇÃO DE ENERGIA LTDA - 28.483.349/0001-40 (PIE),,Barreiras - BA
2026-10-01,Rio Branco IX,052363,UFV.RS.BA.052363-1.1,BA,UFV,Construção não iniciada,Solar,Radiação solar,Autorização,Radiação solar,1900-01-03,"44992,00",0,",00",Não,"-12,01173889","-44,96708333",2023-07-03,2058-07-03,100% para LIGHTSOURCE RIO BRANCO GERAÇÃO DE ENERGIA LTDA - 28.483.349/0001-40 (PIE),,Barreiras - BA
2026-10-01,Luzeiro 10,052383,UFV.RS.BA.052383-6.1,BA,UFV,Construção não iniciada,Solar,Radiação solar,Autorização,Radiação solar,1900-01-03,"30400,00",0,",00",Não,"-13,37407778","-43,22002222",2022-06-24,2057-06-24,100% para BOM JESUS INVESTIMENTOS FOTOVOLTAICOS 02 LTDA - 45.760.924/0001-24 (PIE),,Bom Jesus da Lapa - BA
2026-10-01,Luzeiro 11,052384,UFV.RS.BA.052384-4.1,BA,UFV,Construção não iniciada,Solar,Radiação solar,Autorização,Radiação solar,1900-01-03,"30400,00",0,",00",Não,"-13,37938611","-43,22267778",2022-06-24,2057-06-24,100% para BOM JESUS INVESTIMENTOS FOTOVOLTAICOS 02 LTDA - 45.760.924/0001-24 (PIE),,Bom Jesus da Lapa - BA
2026-10-01,Luzeiro 12,052385,UFV.RS.BA.052385-2.1,BA,UFV,Construção não iniciada,Solar,Radiação solar,Autorização,Radiação solar,1900-01-03,"30400,00",0,",00",Não,"-13,37933333","-43,21678056",2022-06-24,2057-06-24,100% para BOM JESUS INVESTIMENTOS FOTOVOLTAICOS 02 LTDA - 45.760.924/0001-24 (PIE),,Bom Jesus da Lapa - BA
2026-10-01,Luzeiro 13,052386,UFV.RS.BA.052386-0.1,BA,UFV,Construção não iniciada,Solar,Radiação solar,Autorização,Radiação solar,1900-01-03,"30400,00",0,",00",Não,"-13,37930278","-43,21108333",2022-06-24,2057-06-24,100% para BOM JESUS INVESTIMENTOS FOTOVOLTAICOS 02 LTDA - 45.760.924/0001-24 (PIE),,Bom Jesus da Lapa - BA
2026-10-01,Luzeiro 14,052387,UFV.RS.BA.052387-9.1,BA,UFV,Construção não iniciada,Solar,Radiação solar,Autorização,Radiação solar,1900-01-03,"16720,00",0,",00",Não,"-13,38500833","-43,22024444",2022-06-24,2057-06-24,100% para BOM JESUS INVESTIMENTOS FOTOVOLTAICOS 02 LTDA - 45.760.924/0001-24 (PIE),,Bom Jesus da Lapa - BA
2026-10-01,Luzeiro 15,052388,UFV.RS.BA.052388-7.1,BA,UFV,Construção não iniciada,Solar,Radiação solar,Autorização,Radiação solar,1900-01-03,"30400,00",0,",00",Não,"-13,38576111","-43,21190278",2022-06-24,2057-06-24,100% para BOM JESUS INVESTIMENTOS FOTOVOLTAICOS 02 LTDA - 45.760.924/0001-24 (PIE),,Bom Jesus da Lapa - BA
2026-10-01,Luzeiro 16,052389,UFV.RS.BA.052389-5.1,BA,UFV,Construção não iniciada,Solar,Radiação solar,Autorização,Radiação solar,1900-01-03,"30400,00",0,",00",Não,"-13,39052778","-43,21081666",2022-06-24,2057-06-24,100% para BOM JESUS INVESTIMENTOS FOTOVOLTAICOS 02 LTDA - 45.760.924/0001-24 (PIE),,Bom Jesus da Lapa - BA
2026-10-01,Luzeiro 17,052390,UFV.RS.BA.052390-9.1,BA,UFV,Construção não iniciada,Solar,Radiação solar,Autorização,Radiação solar,1900-01-03,"30400,00",0,",00",Não,"-13,39756111","-43,20971944",2022-06-24,2057-06-24,100% para BOM JESUS INVESTIMENTOS FOTOVOLTAICOS 02 LTDA - 45.760.924/0001-24 (PIE),,Bom Jesus da Lapa - BA
2026-10-01,Luzeiro 18,052391,UFV.RS.BA.052391-7.1,BA,UFV,Construção não iniciada,Solar,Radiação solar,Autorização,Radiação solar,1900-01-03,"16720,00",0,",00",Não,"-13,40513889","-43,21020000",2022-06-24,2057-06-24,100% para BOM JESUS INVESTIMENTOS FOTOVOLTAICOS 02 LTDA - 45.760.924/0001-24 (PIE),,Bom Jesus da Lapa - BA
2026-10-01,Boca do Riacho 20,052392,UFV.RS.BA.052392-5.1,BA,UFV,Construção não iniciada,Solar,Radiação solar,Autorização,Radiação solar,1900-01-03,"48118,00",0,",00",Não,"-13,23600847","-43,27596861",2023-05-29,2058-05-29,100% para COMPLEXO FOTOVOLTAICO BOCA DO RIACHO SPE S/A - 32.015.880/0001-66 (PIE),,Bom Jesus da Lapa - BA
2026-10-01,Boca do Riacho 21,052393,UFV.RS.BA.052393-3.1,BA,UFV,Construção não iniciada,Solar,Radiação solar,Autorização,Radiação solar,1900-01-03,"48118,00",0,",00",Não,"-13,23486050","-43,25939947",2023-05-29,2058-05-29,100% para COMPLEXO FOTOVOLTAICO BOCA DO RIACHO SPE S/A - 32.015.880/0001-66 (PIE),,Bom Jesus da Lapa - BA
2026-10-01,Boca do Riacho 22,052394,UFV.RS.BA.052394-1.1,BA,UFV,Construção não iniciada,Solar,Radiação solar,Autorização,Radiação solar,1900-01-03,"48118,00",0,",00",Não,"-13,23957119","-43,26190150",2023-05-29,2058-05-29,100% para COMPLEXO FOTOVOLTAICO BOCA DO RIACHO SPE S/A - 32.015.880/0001-66 (PIE),,Bom Jesus da Lapa - BA
2026-10-01,Boca do Riacho 23,052395,UFV.RS.BA.052395-0.1,BA,UFV,Construção não iniciada,Solar,Radiação solar,Autorização,Radiação solar,1900-01-03,"48118,00",0,",00",Não,"-13,24219808","-43,25509919",2023-05-29,2058-05-29,100% para COMPLEXO FOTOVOLTAICO BOCA DO RIACHO SPE S/A - 32.015.880/0001-66 (PIE),,Bom Jesus da Lapa - BA
2026-10-01,Boca do Riacho 24,052396,UFV.RS.BA.052396-8.1,BA,UFV,Construção não iniciada,Solar,Radiação solar,Autorização,Radiação solar,1900-01-03,"48118,00",0,",00",Não,"-13,23333306","-43,25018842",2023-05-29,2058-05-29,100% para COMPLEXO FOTOVOLTAICO BOCA DO RIACHO SPE S/A - 32.015.880/0001-66 (PIE),,Bom Jesus da Lapa - BA
2026-10-01,Sol do Vale 01,052412,UFV.RS.BA.052412-3.1,BA,UFV,Construção não iniciada,Solar,Radiação solar,Autorização,Radiação solar,1900-01-03,"30000,00",0,",00",Não,"-9,51052500","-40,42769722",2023-08-21,2058-08-21,100% para UFV SOL DO VALE ENERGIA SPE LTDA - 40.385.225/0001-28 (PIE),,Juazeiro - BA
2026-10-01,Sol do Vale 02,052413,UFV.RS.BA.052413-1.1,BA,UFV,Construção não iniciada,Solar,Radiação solar,Autorização,Radiação solar,1900-01-03,"30000,00",0,",00",Não,"-9,51263889","-40,42733056",2023-08-21,2058-08-21,100% para UFV SOL DO VALE ENERGIA SPE LTDA - 40.385.225/0001-28 (PIE),,Juazeiro - BA
2026-10-01,Sol do Vale 03,052414,UFV.RS.BA.052414-0.1,BA,UFV,Construção não iniciada,Solar,Radiação solar,Autorização,Radiação solar,1900-01-03,"30000,00",0,",00",Não,"-9,51492778","-40,42134167",2023-08-21,2058-08-21,100% para UFV SOL DO VALE ENERGIA SPE LTDA - 40.385.225/0001-28 (PIE),,Juazeiro - BA
2026-10-01,Sol do Vale 04,052415,UFV.RS.BA.052415-8.1,BA,UFV,Construção não iniciada,Solar,Radiação solar,Autorização,Radiação solar,1900-01-03,"30000,00",0,",00",Não,"-9,51686667","-40,42960833",2023-08-21,2058-08-21,100% para UFV SOL DO VALE ENERGIA SPE LTDA - 40.385.225/0001-28 (PIE),,Juazeiro - BA
2026-10-01,Sol do Vale 05,052416,UFV.RS.BA.052416-6.1,BA,UFV,Construção não iniciada,Solar,Radiação solar,Autorização,Radiação solar,1900-01-03,"30000,00",0,",00",Não,"-9,51975278","-40,42398889",2023-08-21,2058-08-21,100% para UFV SOL DO VALE ENERGIA SPE LTDA - 40.385.225/0001-28 (PIE),,Juazeiro - BA
2026-10-01,Sol do Vale 06,052417,UFV.RS.BA.052417-4.1,BA,UFV,Construção não iniciada,Solar,Radiação solar,Autorização,Radiação solar,1900-01-03,"30000,00",0,",00",Não,"-9,52156111","-40,43053056",2023-08-21,2058-08-21,100% para UFV SOL DO VALE ENERGIA SPE LTDA - 40.385.225/0001-28 (PIE),,Juazeiro - BA
2026-10-01,Sol do Vale 07,052418,UFV.RS.BA.052418-2.1,BA,UFV,Construção não iniciada,Solar,Radiação solar,Autorização,Radiação solar,1900-01-03,"30000,00",0,",00",Não,"-9,52363056","-40,42809722",2023-08-21,2058-08-21,100% para UFV SOL DO VALE ENERGIA SPE LTDA - 40.385.225/0001-28 (PIE),,Juazeiro - BA
2026-10-01,Sol do Vale 08,052419,UFV.RS.BA.052419-0.1,BA,UFV,Construção não iniciada,Solar,Radiação solar,Autorização,Radiação solar,1900-01-03,"30000,00",0,",00",Não,"-9,52265833","-40,44608889",2023-08-21,2058-08-21,100% para UFV SOL DO VALE ENERGIA SPE LTDA - 40.385.225/0001-28 (PIE),,Juazeiro - BA
2026-10-01,Sol do Vale 09,052420,UFV.RS.BA.052420-4.1,BA,UFV,Construção não iniciada,Solar,Radiação solar,Autorização,Radiação solar,1900-01-03,"30000,00",0,",00",Não,"-9,52772778","-40,44502778",2023-08-21,2058-08-21,100% para UFV SOL DO VALE ENERGIA SPE LTDA - 40.385.225/0001-28 (PIE),,Juazeiro - BA
2026-10-01,Sol do Vale 10,052421,UFV.RS.BA.052421-2.1,BA,UFV,Construção não iniciada,Solar,Radiação solar,Autorização,Radiação solar,1900-01-03,"30000,00",0,",00",Não,"-9,52639722","-40,43186667",2023-08-21,2058-08-21,100% para UFV SOL DO VALE ENERGIA SPE LTDA - 40.385.225/0001-28 (PIE),,Juazeiro - BA
2026-10-01,Sol do Vale 11,052422,UFV.RS.BA.052422-0.1,BA,UFV,Construção não iniciada,Solar,Radiação solar,Autorização,Radiação solar,1900-01-03,"20000,00",0,",00",Não,"-9,52883611","-40,42922222",2023-08-21,2058-08-21,100% para UFV SOL DO VALE ENERGIA SPE LTDA - 40.385.225/0001-28 (PIE),,Juazeiro - BA
2026-10-01,SDB Solar 1 (Antiga - P. Solar I),053502,UFV.RS.BA.053502-8.1,BA,UFV,Operação,Solar,Radiação solar,Autorização,Radiação solar,2025-12-03,"33000,00",33000,",00",Não,"-11,13741111","-41,33574722",2022-10-21,2057-10-21,100% para SOLAR SÃO CONRADO IV S.A. - 38.427.542/0001-18 (PIE),,Morro do Chapéu - BA
2026-10-01,SDB Solar 2 (Antiga - P. Solar II),053503,UFV.RS.BA.053503-6.1,BA,UFV,Operação,Solar,Radiação solar,Autorização,Radiação solar,2025-12-03,"33000,00",33000,",00",Não,"-11,14764167","-41,33799722",2022-10-21,2057-10-21,100% para SOLAR SAO CONRADO V S.A. - 38.427.653/0001-24 (PIE),,Morro do Chapéu - BA
2026-10-01,SDB Solar 3 (Antiga - P. Solar III),053504,UFV.RS.BA.053504-4.1,BA,UFV,Operação,Solar,Radiação solar,Autorização,Radiação solar,2025-12-03,"33000,00",33000,",00",Não,"-11,15335000","-41,33950000",2022-10-21,2057-10-21,100% para SOLAR SAO CONRADO VI S.A. - 38.426.845/0001-16 (PIE),,Morro do Chapéu - BA
2026-10-01,SDB Solar 4 (Antiga - P. Solar IV),053505,UFV.RS.BA.053505-2.1,BA,UFV,Operação,Solar,Radiação solar,Autorização,Radiação solar,2025-12-03,"24000,00",24000,",00",Não,"-11,14082222","-41,32707222",2022-10-21,2057-10-21,100% para SOLAR SAO CONRADO VII S.A. - 38.427.660/0001-26 (PIE),,Morro do Chapéu - BA
2026-10-01,São Gabriel XII,053516,EOL.CV.BA.053516-8.1,BA,EOL,Construção não iniciada,Eólica,Cinética do vento,Autorização,Cinética do vento,1900-01-03,"30000,00",0,",00",Não,"-11,05158116","-41,72017735",2022-11-11,2057-11-11,100% para EOL SAO GABRIEL XII SPE S.A - 57.200.563/0001-40 (PIE),,São Gabriel - BA
2026-10-01,São Gabriel XIII,053517,EOL.CV.BA.053517-6.1,BA,EOL,Construção não iniciada,Eólica,Cinética do vento,Autorização,Cinética do vento,1900-01-03,"42000,00",0,",00",Não,"-11,05035662","-41,66081781",2022-11-11,2057-11-11,100% para EOL SAO GABRIEL XIII SPE S.A - 57.189.402/0001-01 (PIE),,São Gabriel - BA
2026-10-01,São Gabriel XIV,053518,EOL.CV.BA.053518-4.1,BA,EOL,Construção não iniciada,Eólica,Cinética do vento,Autorização,Cinética do vento,1900-01-03,"42000,00",0,",00",Não,"-11,01104445","-41,65478495",2022-11-11,2057-11-11,100% para EOL SAO GABRIEL XIV SPE S.A - 57.190.864/0001-30 (PIE),,São Gabriel - BA
2026-10-01,São Gabriel XV,053519,EOL.CV.BA.053519-2.1,BA,EOL,Construção não iniciada,Eólica,Cinética do vento,Autorização,Cinética do vento,1900-01-03,"48000,00",0,",00",Não,"-10,98188928","-41,62975235",2022-11-11,2057-11-11,100% para EOL SAO GABRIEL XV SPE S.A - 57.208.034/0001-93 (PIE),,São Gabriel - BA
2026-10-01,BJL 20,053560,UFV.RS.BA.053560-5.1,BA,UFV,Construção não iniciada,Solar,Radiação solar,Autorização,Radiação solar,1900-01-03,"24320,00",0,",00",Não,"-13,33646667","-43,32733333",2026-05-26,2061-05-26,100% para VIMA INVESTIMENTOS FOTOVOLTAICOS LTDA - 46.656.968/0001-71 (PIE),,Bom Jesus da Lapa - BA
2026-10-01,BJL 21,053561,UFV.RS.BA.053561-3.1,BA,UFV,Construção não iniciada,Solar,Radiação solar,Autorização,Radiação solar,1900-01-03,"24320,00",0,",00",Não,"-13,34377500","-43,33489722",2026-05-26,2061-05-26,100% para VIMA INVESTIMENTOS FOTOVOLTAICOS LTDA - 46.656.968/0001-71 (PIE),,Bom Jesus da Lapa - BA
2026-10-01,Pedra Pintada XVI,053675,EOL.CV.BA.053675-0.1,BA,EOL,Construção não iniciada,Eólica,Cinética do vento,Autorização,Cinética do vento,1900-01-03,"48054,00",0,",00",Não,",00000000",",00000000",2026-03-30,2061-03-30,100% para VOLTALIA ENERGIA DO BRASIL LTDA. - 08.351.042/0001-89 (PIE),,Ourolândia - BA
2026-10-01,Pedra Pintada XVIII,053676,EOL.CV.BA.053676-8.1,BA,EOL,Construção não iniciada,Eólica,Cinética do vento,Autorização,Cinética do vento,1900-01-03,"48054,00",0,",00",Não,",00000000",",00000000",2026-03-30,2061-03-30,100% para USINA EOLICA PEDRA PINTADA G LTDA. - 42.277.035/0001-12 (PIE),,Ourolândia - BA
2026-10-01,Colibri 1,053753,UFV.RS.BA.053753-5.1,BA,UFV,Construção não iniciada,Solar,Radiação solar,Autorização,Radiação solar,1900-01-03,"49500,00",0,",00",Não,"-10,70645000","-43,95333889",2023-04-03,2058-04-03,100% para COLIBRI SOLAR ENERGIA LTDA - 35.736.678/0001-11 (PIE),,Mansidão - BA
2026-10-01,Colibri 2,053754,UFV.RS.BA.053754-3.1,BA,UFV,Construção não iniciada,Solar,Radiação solar,Autorização,Radiação solar,1900-01-03,"49500,00",0,",00",Não,"-10,71289722","-43,96000278",2023-04-03,2058-04-03,100% para COLIBRI SOLAR ENERGIA LTDA - 35.736.678/0001-11 (PIE),,Mansidão - BA
2026-10-01,Colibri 3,053755,UFV.RS.BA.053755-1.1,BA,UFV,Construção não iniciada,Solar,Radiação solar,Autorização,Radiação solar,1900-01-03,"49500,00",0,",00",Não,"-10,71598889","-43,96239722",2023-03-04,2058-03-04,100% para COLIBRI SOLAR ENERGIA LTDA - 35.736.678/0001-11 (PIE),,Mansidão - BA
2026-10-01,Colibri 4,053756,UFV.RS.BA.053756-0.1,BA,UFV,Construção não iniciada,Solar,Radiação solar,Autorização,Radiação solar,1900-01-03,"49500,00",0,",00",Não,"-10,71313333","-43,94449444",2023-04-03,2058-04-03,100% para COLIBRI SOLAR ENERGIA LTDA - 35.736.678/0001-11 (PIE),,Mansidão - BA
2026-10-01,Colibri 5,053757,UFV.RS.BA.053757-8.1,BA,UFV,Construção não iniciada,Solar,Radiação solar,Autorização,Radiação solar,1900-01-03,"49500,00",0,",00",Não,"-10,71676389","-43,95656389",2023-04-03,2058-04-03,100% para COLIBRI SOLAR ENERGIA LTDA - 35.736.678/0001-11 (PIE),,Mansidão - BA
2026-10-01,Colibri 6,053758,UFV.RS.BA.053758-6.1,BA,UFV,Construção não iniciada,Solar,Radiação solar,Autorização,Radiação solar,1900-01-03,"49500,00",0,",00",Não,"-10,71870556","-43,94093889",2023-04-03,2058-04-03,100% para COLIBRI SOLAR ENERGIA LTDA - 35.736.678/0001-11 (PIE),,Mansidão - BA
2026-10-01,Colibri 7,053759,UFV.RS.BA.053759-4.1,BA,UFV,Construção não iniciada,Solar,Radiação solar,Autorização,Radiação solar,1900-01-03,"49500,00",0,",00",Não,"-10,72639722","-43,95455556",2023-04-03,2058-04-03,100% para COLIBRI SOLAR ENERGIA LTDA - 35.736.678/0001-11 (PIE),,Mansidão - BA
2026-10-01,Colibri 8,053760,UFV.RS.BA.053760-8.1,BA,UFV,Construção não iniciada,Solar,Radiação solar,Autorização,Radiação solar,1900-01-03,"49500,00",0,",00",Não,"-10,72524444","-43,93875000",2023-04-03,2058-04-03,100% para COLIBRI SOLAR ENERGIA LTDA - 35.736.678/0001-11 (PIE),,Mansidão - BA
2026-10-01,Colibri 9,053761,UFV.RS.BA.053761-6.1,BA,UFV,Construção não iniciada,Solar,Radiação solar,Autorização,Radiação solar,1900-01-03,"49500,00",0,",00",Não,"-10,73210000","-43,96503056",2023-04-03,2058-04-03,100% para COLIBRI SOLAR ENERGIA LTDA - 35.736.678/0001-11 (PIE),,Mansidão - BA
2026-10-01,Colibri 10,053762,UFV.RS.BA.053762-4.1,BA,UFV,Construção não iniciada,Solar,Radiação solar,Autorização,Radiação solar,1900-01-03,"49500,00",0,",00",Não,"-10,73840278","-43,94750556",2023-04-03,2058-04-03,100% para COLIBRI SOLAR ENERGIA LTDA - 35.736.678/0001-11 (PIE),,Mansidão - BA
2026-10-01,Colibri 11,053763,UFV.RS.BA.053763-2.1,BA,UFV,Construção não iniciada,Solar,Radiação solar,Autorização,Radiação solar,1900-01-03,"49500,00",0,",00",Não,"-10,73245000","-43,93731111",2023-04-03,2058-04-03,100% para COLIBRI SOLAR ENERGIA LTDA - 35.736.678/0001-11 (PIE),,Mansidão - BA
2026-10-01,Colibri 12,053764,UFV.RS.BA.053764-0.1,BA,UFV,Construção não iniciada,Solar,Radiação solar,Autorização,Radiação solar,1900-01-03,"49500,00",0,",00",Não,"-10,74312222","-43,93528889",2023-04-03,2058-04-03,100% para COLIBRI SOLAR ENERGIA LTDA - 35.736.678/0001-11 (PIE),,Mansidão - BA
2026-10-01,Colibri 13,053765,UFV.RS.BA.053765-9.1,BA,UFV,Construção não iniciada,Solar,Radiação solar,Autorização,Radiação solar,1900-01-03,"49500,00",0,",00",Não,"-10,74843611","-43,94390556",2023-04-03,2058-04-03,100% para COLIBRI SOLAR ENERGIA LTDA - 35.736.678/0001-11 (PIE),,Mansidão - BA
2026-10-01,Fótons de São Maximiano 01,053778,UFV.RS.BA.053778-0.1,BA,UFV,Construção não iniciada,Solar,Radiação solar,Autorização,Radiação solar,1900-01-03,"78200,00",0,",00",Não,"-10,95744444","-41,69772222",2023-07-27,2058-07-27,100% para FÓTONS DE SÃO MAXIMIANO ENERGIAS RENOVÁVEIS S/A - 38.119.720/0001-43 (PIE),,São Gabriel - BA
2026-10-01,Fótons de São Maximiano 02,053779,UFV.RS.BA.053779-9.1,BA,UFV,Construção não iniciada,Solar,Radiação solar,Autorização,Radiação solar,1900-01-03,"78200,00",0,",00",Não,"-10,95375000","-41,68588889",2023-07-27,2058-07-27,100% para FÓTONS DE SÃO MAXIMIANO ENERGIAS RENOVÁVEIS S/A - 38.119.720/0001-43 (PIE),,São Gabriel - BA
2026-10-01,Fótons de São Maximiano 03,053780,UFV.RS.BA.053780-2.1,BA,UFV,Construção não iniciada,Solar,Radiação solar,Autorização,Radiação solar,1900-01-03,"78200,00",0,",00",Não,"-10,95191667","-41,69730556",2023-07-27,2058-07-27,100% para FÓTONS DE SÃO MAXIMIANO ENERGIAS RENOVÁVEIS S/A - 38.119.720/0001-43 (PIE),,São Gabriel - BA
2026-10-01,Fótons de São Maximiano 04,053781,UFV.RS.BA.053781-0.1,BA,UFV,Construção não iniciada,Solar,Radiação solar,Autorização,Radiação solar,1900-01-03,"78200,00",0,",00",Não,"-10,94822222","-41,69044444",2023-07-27,2058-07-27,100% para FÓTONS DE SÃO MAXIMIANO ENERGIAS RENOVÁVEIS S/A - 38.119.720/0001-43 (PIE),,São Gabriel - BA
2026-10-01,Fótons de São Maximiano 05,053782,UFV.RS.BA.053782-9.1,BA,UFV,Construção não iniciada,Solar,Radiação solar,Autorização,Radiação solar,1900-01-03,"78200,00",0,",00",Não,"-10,94638889","-41,67513889",2023-07-27,2058-07-27,100% para FÓTONS DE SÃO MAXIMIANO ENERGIAS RENOVÁVEIS S/A - 38.119.720/0001-43 (PIE),,São Gabriel - BA
2026-10-01,Icó 1,053783,UFV.RS.BA.053783-7.1,BA,UFV,Construção não iniciada,Solar,Radiação solar,Autorização,Radiação solar,1900-01-03,"50000,00",0,",00",Não,"-9,83841667","-40,56130556",2023-04-19,2058-04-19,100% para ICO ENERGIAS RENOVÁVEIS LTDA - 41.750.171/0001-15 (PIE),,Juazeiro - BA
2026-10-01,Icó 2,053784,UFV.RS.BA.053784-5.1,BA,UFV,Construção não iniciada,Solar,Radiação solar,Autorização,Radiação solar,1900-01-03,"50000,00",0,",00",Não,"-9,83338889","-40,55319444",2023-04-19,2058-04-19,100% para ICO ENERGIAS RENOVÁVEIS LTDA - 41.750.171/0001-15 (PIE),,Juazeiro - BA
2026-10-01,Icó 3,053785,UFV.RS.BA.053785-3.1,BA,UFV,Construção não iniciada,Solar,Radiação solar,Autorização,Radiação solar,1900-01-03,"50000,00",0,",00",Não,"-9,84055556","-40,55358333",2023-04-19,2058-04-19,100% para ICO ENERGIAS RENOVÁVEIS LTDA - 41.750.171/0001-15 (PIE),,Juazeiro - BA
2026-10-01,Icó 4,053786,UFV.RS.BA.053786-1.1,BA,UFV,Construção não iniciada,Solar,Radiação solar,Autorização,Radiação solar,1900-01-03,"50000,00",0,",00",Não,"-9,84763889","-40,55358333",2023-04-19,2058-04-19,100% para ICO ENERGIAS RENOVÁVEIS LTDA - 41.750.171/0001-15 (PIE),,Juazeiro - BA
2026-10-01,Icó 5,053787,UFV.RS.BA.053787-0.1,BA,UFV,Construção não iniciada,Solar,Radiação solar,Autorização,Radiação solar,1900-01-03,"50000,00",0,",00",Não,"-9,85666667","-40,55191667",2023-04-19,2058-04-19,100% para ICO ENERGIAS RENOVÁVEIS LTDA - 41.750.171/0001-15 (PIE),,Juazeiro - BA
2026-10-01,Icó 6,053788,UFV.RS.BA.053788-8.1,BA,UFV,Construção não iniciada,Solar,Radiação solar,Autorização,Radiação solar,1900-01-03,"50000,00",0,",00",Não,"-9,86947222","-40,54250000",2023-04-19,2058-04-19,100% para ICO ENERGIAS RENOVÁVEIS LTDA - 41.750.171/0001-15 (PIE),,Juazeiro - BA
2026-10-01,Icó 7,053789,UFV.RS.BA.053789-6.1,BA,UFV,Construção não iniciada,Solar,Radiação solar,Autorização,Radiação solar,1900-01-03,"50000,00",0,",00",Não,"-9,86261111","-40,54347222",2023-04-19,2058-04-19,100% para ICO ENERGIAS RENOVÁVEIS LTDA - 41.750.171/0001-15 (PIE),,Juazeiro - BA
2026-10-01,Icó 8,053790,UFV.RS.BA.053790-0.1,BA,UFV,Construção não iniciada,Solar,Radiação solar,Autorização,Radiação solar,1900-01-03,"50000,00",0,",00",Não,"-9,85552778","-40,54344444",2023-04-19,2058-04-19,100% para ICO ENERGIAS RENOVÁVEIS LTDA - 41.750.171/0001-15 (PIE),,Juazeiro - BA
2026-10-01,Icó 9,053791,UFV.RS.BA.053791-8.1,BA,UFV,Construção não iniciada,Solar,Radiação solar,Autorização,Radiação solar,1900-01-03,"50000,00",0,",00",Não,"-9,84844444","-40,54341667",2023-04-19,2058-04-19,100% para ICO ENERGIAS RENOVÁVEIS LTDA - 41.750.171/0001-15 (PIE),,Juazeiro - BA
2026-10-01,Icó 10,053792,UFV.RS.BA.053792-6.1,BA,UFV,Construção não iniciada,Solar,Radiação solar,Autorização,Radiação solar,1900-01-03,"50000,00",0,",00",Não,"-9,84136111","-40,54358333",2023-04-19,2058-04-19,100% para ICO ENERGIAS RENOVÁVEIS LTDA - 41.750.171/0001-15 (PIE),,Juazeiro - BA
2026-10-01,Lagoa de Itaparica VI,054109,UFV.RS.BA.054109-5.1,BA,UFV,Construção não iniciada,Solar,Radiação solar,Autorização,Radiação solar,1900-01-03,"79100,00",0,",00",Não,"-10,95900000","-42,68800000",2023-05-02,2058-05-02,100% para ASSURUA 6 ENERGIA S.A - 43.240.763/0001-12 (PIE),,Xique-Xique - BA
2026-10-01,Lagoa de Itaparica VIII,054111,UFV.RS.BA.054111-7.1,BA,UFV,Construção não iniciada,Solar,Radiação solar,Autorização,Radiação solar,1900-01-03,"144800,00",0,",00",Não,"-10,96100000","-42,67000000",2023-05-02,2058-05-02,100% para ASSURUA 6 ENERGIA S.A - 43.240.763/0001-12 (PIE),,Xique-Xique - BA
2026-10-01,Lagoa de Itaparica IX,054112,UFV.RS.BA.054112-5.1,BA,UFV,Construção não iniciada,Solar,Radiação solar,Autorização,Radiação solar,1900-01-03,"110100,00",0,",00",Não,"-10,95400000","-42,65500000",2023-05-02,2058-05-02,100% para ASSURUA 6 ENERGIA S.A - 43.240.763/0001-12 (PIE),,Xique-Xique - BA
2026-10-01,Lagoa de Itaparica X,054113,UFV.RS.BA.054113-3.1,BA,UFV,Construção não iniciada,Solar,Radiação solar,Autorização,Radiação solar,1900-01-03,"61000,00",0,",00",Não,"-10,95100000","-42,62200000",2023-05-02,2058-05-02,100% para ASSURUA 6 ENERGIA S.A - 43.240.763/0001-12 (PIE),,Xique-Xique - BA
2026-10-01,Cirrus,054125,EOL.CV.BA.054125-7.1,BA,EOL,Construção não iniciada,Eólica,Cinética do vento,Autorização,Cinética do vento,1900-01-03,"42000,00",0,",00",Não,"-13,50069716","-42,89120242",2022-12-07,2057-12-07,100% para AZALEA PARTICIPACOES S.A. - 36.178.458/0001-82 (PIE),,Riacho de Santana - BA
2026-10-01,Cumulus,054128,EOL.CV.BA.054128-1.1,BA,EOL,Construção não iniciada,Eólica,Cinética do vento,Autorização,Cinética do vento,1900-01-03,"36000,00",0,",00",Não,"-13,44182268","-42,90103407",2022-12-07,2057-12-07,100% para AZALEA PARTICIPACOES S.A. - 36.178.458/0001-82 (PIE),,Riacho de Santana - BA
2026-10-01,Stratus,054135,EOL.CV.BA.054135-4.1,BA,EOL,Construção não iniciada,Eólica,Cinética do vento,Autorização,Cinética do vento,1900-01-03,"30000,00",0,",00",Não,"-13,47050742","-42,87541002",2022-12-07,2057-12-07,100% para AZALEA PARTICIPACOES S.A. - 36.178.458/0001-82 (PIE),,Riacho de Santana - BA
2026-10-01,Nimbos,054156,EOL.CV.BA.054156-7.1,BA,EOL,Construção não iniciada,Eólica,Cinética do vento,Autorização,Cinética do vento,1900-01-03,"42000,00",0,",00",Não,"-13,47048078","-42,89910380",2022-12-07,2057-12-07,100% para AZALEA PARTICIPACOES S.A. - 36.178.458/0001-82 (PIE),,Riacho de Santana - BA
2026-10-01,Ventos de Santa Diana 01,054336,EOL.CV.BA.054336-5.1,BA,EOL,Construção não iniciada,Eólica,Cinética do vento,Autorização,Cinética do vento,1900-01-03,"46200,00",0,",00",Não,"-11,05409811","-40,67660799",2022-06-13,2057-06-13,100% para PARQUE EOLICO JACOBINA 01 S.A - 51.492.201/0001-94 (PIE),,Jacobina - BA
2026-10-01,Luzeiro 7,054836,UFV.RS.BA.054836-7.1,BA,UFV,Construção não iniciada,Solar,Radiação solar,Autorização,Radiação solar,1900-01-03,"19760,00",0,",00",Não,"-13,35673611","-43,28051944",2026-03-18,2061-03-18,100% para BOM JESUS INVESTIMENTOS FOTOVOLTAICOS 03 LTDA - 45.760.644/0001-16 (PIE),,Bom Jesus da Lapa - BA
2026-10-01,Luzeiro 8,054837,UFV.RS.BA.054837-5.1,BA,UFV,Construção não iniciada,Solar,Radiação solar,Autorização,Radiação solar,1900-01-03,"22800,00",0,",00",Não,"-13,36258889","-43,27207778",2026-03-18,2061-03-18,100% para BOM JESUS INVESTIMENTOS FOTOVOLTAICOS 03 LTDA - 45.760.644/0001-16 (PIE),,Bom Jesus da Lapa - BA
2026-10-01,Humaita Solar I,055374,UFV.RS.BA.055374-3.1,BA,UFV,Construção não iniciada,Solar,Radiação solar,Autorização,Radiação solar,1900-01-03,"36500,00",0,",00",Não,"-9,53771667","-40,43392222",2022-11-17,2057-11-17,100% para HUMAITA SOLAR I EMPREENDIMENTOS S.A. - 55.481.456/0001-02 (PIE),,Juazeiro - BA
2026-10-01,Humaita Solar II,055375,UFV.RS.BA.055375-1.1,BA,UFV,Construção não iniciada,Solar,Radiação solar,Autorização,Radiação solar,1900-01-03,"36500,00",0,",00",Não,"-9,54239167","-40,43395000",2022-11-17,2057-11-17,100% para HUMAITA SOLAR II EMPREENDIMENTOS S.A. - 55.551.938/0001-91 (PIE),,Juazeiro - BA
2026-10-01,Humaita Solar III,055376,UFV.RS.BA.055376-0.1,BA,UFV,Construção não iniciada,Solar,Radiação solar,Autorização,Radiação solar,1900-01-03,"36500,00",0,",00",Não,"-9,54010556","-40,42524167",2022-11-17,2057-11-17,100% para HUMAITA SOLAR III EMPREENDIMENTOS S.A. - 55.463.342/0001-30 (PIE),,Juazeiro - BA
2026-10-01,Humaita Solar IV,055377,UFV.RS.BA.055377-8.1,BA,UFV,Construção não iniciada,Solar,Radiação solar,Autorização,Radiação solar,1900-01-03,"36500,00",0,",00",Não,"-9,54708611","-40,43396944",2022-11-17,2057-11-17,100% para HUMAITA SOLAR IV EMPREENDIMENTOS S.A. - 55.481.459/0001-46 (PIE),,Juazeiro - BA
2026-10-01,Humaita Solar V,055378,UFV.RS.BA.055378-6.1,BA,UFV,Construção não iniciada,Solar,Radiação solar,Autorização,Radiação solar,1900-01-03,"36500,00",0,",00",Não,"-9,55175000","-40,43400833",2022-11-17,2057-11-17,100% para HUMAITA SOLAR V EMPREENDIMENTOS S.A. - 55.479.284/0001-32 (PIE),,Juazeiro - BA
2026-10-01,Humaita Solar VI,055379,UFV.RS.BA.055379-4.1,BA,UFV,Construção não iniciada,Solar,Radiação solar,Autorização,Radiação solar,1900-01-03,"36500,00",0,",00",Não,"-9,55178333","-40,42821389",2022-11-17,2057-11-17,100% para HUMAITA SOLAR VI EMPREENDIMENTOS S.A. - 55.479.446/0001-32 (PIE),,Juazeiro - BA
2026-10-01,Humaita Solar VII,055380,UFV.RS.BA.055380-8.1,BA,UFV,Construção não iniciada,Solar,Radiação solar,Autorização,Radiação solar,1900-01-03,"36500,00",0,",00",Não,"-9,54948333","-40,42236389",2022-11-17,2057-11-17,100% para HUMAITA SOLAR VII EMPREENDIMENTOS S.A. - 55.268.468/0001-53 (PIE),,Juazeiro - BA
2026-10-01,Humaita Solar VIII,055381,UFV.RS.BA.055381-6.1,BA,UFV,Construção não iniciada,Solar,Radiação solar,Autorização,Radiação solar,1900-01-03,"36500,00",0,",00",Não,"-9,54950833","-40,41658056",2022-11-17,2057-11-17,100% para HUMAITA SOLAR VIII EMPREENDIMENTOS S.A. - 55.335.050/0001-11 (PIE),,Juazeiro - BA
2026-10-01,Humaita Solar IX,055382,UFV.RS.BA.055382-4.1,BA,UFV,Construção não iniciada,Solar,Radiação solar,Autorização,Radiação solar,1900-01-03,"36500,00",0,",00",Não,"-9,55878611","-40,43401944",2022-11-17,2057-11-17,100% para HUMAITA SOLAR IX EMPREENDIMENTOS S.A. - 55.376.851/0001-25 (PIE),,Juazeiro - BA
2026-10-01,Humaita Solar X,055383,UFV.RS.BA.055383-2.1,BA,UFV,Construção não iniciada,Solar,Radiação solar,Autorização,Radiação solar,1900-01-03,"36500,00",0,",00",Não,"-9,55648333","-40,42240278",2022-11-17,2057-11-17,100% para HUMAITA SOLAR X EMPREENDIMENTOS S.A. - 55.549.967/0001-19 (PIE),,Juazeiro - BA
2026-10-01,Humaita Solar XI,055384,UFV.RS.BA.055384-0.1,BA,UFV,Construção não iniciada,Solar,Radiação solar,Autorização,Radiação solar,1900-01-03,"36500,00",0,",00",Não,"-9,55419444","-40,41371111",2022-11-17,2057-11-17,100% para HUMAITA SOLAR XI EMPREENDIMENTOS S.A. - 55.481.542/0001-15 (PIE),,Juazeiro - BA
2026-10-01,Humaita Solar XII,055385,UFV.RS.BA.055385-9.1,BA,UFV,Construção não iniciada,Solar,Radiação solar,Autorização,Radiação solar,1900-01-03,"36500,00",0,",00",Não,"-9,56117500","-40,41595556",2022-11-17,2057-11-17,100% para HUMAITA SOLAR XII EMPREENDIMENTOS S.A. - 55.481.461/0001-15 (PIE),,Juazeiro - BA
2026-10-01,Humaita Solar XIII,055386,UFV.RS.BA.055386-7.1,BA,UFV,Construção não iniciada,Solar,Radiação solar,Autorização,Radiação solar,1900-01-03,"36500,00",0,",00",Não,"-9,56347500","-40,42822500",2022-11-17,2057-11-17,100% para HUMAITA SOLAR XIII EMPREENDIMENTOS S.A. - 55.463.487/0001-30 (PIE),,Juazeiro - BA
2026-10-01,Serra de Gentio do Ouro II,055441,EOL.CV.BA.055441-3.1,BA,EOL,Construção não iniciada,Eólica,Cinética do vento,Autorização,Cinética do vento,1900-01-03,"24800,00",0,",00",Não,"-11,61708200","-42,55797600",2024-08-05,2059-08-05,"50% para PEC ENERGIA S.A. - 07.157.459/0001-42 (PIE), 50% para EOLICA SERRA DE GENTIO DO OURO SA - 41.608.565/0001-33 (PIE)",,Gentio do Ouro - BA
2026-10-01,Serra de Gentio do Ouro III,055442,EOL.CV.BA.055442-1.1,BA,EOL,Construção não iniciada,Eólica,Cinética do vento,Autorização,Cinética do vento,1900-01-03,"12400,00",0,",00",Não,"-11,57792402","-42,53407130",2024-08-05,2059-08-05,"50% para PEC ENERGIA S.A. - 07.157.459/0001-42 (PIE), 50% para EOLICA SERRA DE GENTIO DO OURO SA - 41.608.565/0001-33 (PIE)",,Gentio do Ouro - BA
2026-10-01,Serra de Gentio do Ouro VIII,055447,EOL.CV.BA.055447-2.1,BA,EOL,Construção não iniciada,Eólica,Cinética do vento,Autorização,Cinética do vento,1900-01-03,"12400,00",0,",00",Não,"-11,44191700","-42,60678899",2024-08-05,2059-08-05,"50% para PEC ENERGIA S.A. - 07.157.459/0001-42 (PIE), 50% para EOLICA SERRA DE GENTIO DO OURO SA - 41.608.565/0001-33 (PIE)",,Gentio do Ouro - BA
2026-10-01,Serra de Gentio do Ouro IX,055448,EOL.CV.BA.055448-0.1,BA,EOL,Construção não iniciada,Eólica,Cinética do vento,Autorização,Cinética do vento,1900-01-03,"31000,00",0,",00",Não,"-11,45070400","-42,60086000",2024-08-05,2059-08-05,"50% para PEC ENERGIA S.A. - 07.157.459/0001-42 (PIE), 50% para EOLICA SERRA DE GENTIO DO OURO SA - 41.608.565/0001-33 (PIE)",,Gentio do Ouro - BA
2026-10-01,Serra de Gentio do Ouro X,055449,EOL.CV.BA.055449-9.1,BA,EOL,Construção não iniciada,Eólica,Cinética do vento,Autorização,Cinética do vento,1900-01-03,"37200,00",0,",00",Não,"-11,46248500","-42,60755900",2024-08-05,2059-08-05,"50% para PEC ENERGIA S.A. - 07.157.459/0001-42 (PIE), 50% para EOLICA SERRA DE GENTIO DO OURO SA - 41.608.565/0001-33 (PIE)",,Gentio do Ouro - BA
2026-10-01,Serra de Gentio do Ouro XI,055450,EOL.CV.BA.055450-2.1,BA,EOL,Construção não iniciada,Eólica,Cinética do vento,Autorização,Cinética do vento,1900-01-03,"12400,00",0,",00",Não,"-11,45572500","-42,58768299",2024-08-05,2059-08-05,"50% para PEC ENERGIA S.A. - 07.157.459/0001-42 (PIE), 50% para EOLICA SERRA DE GENTIO DO OURO SA - 41.608.565/0001-33 (PIE)",,Gentio do Ouro - BA
2026-10-01,Serra de Gentio do Ouro XII,055451,EOL.CV.BA.055451-0.1,BA,EOL,Construção não iniciada,Eólica,Cinética do vento,Autorização,Cinética do vento,1900-01-03,"24800,00",0,",00",Não,"-11,45785000","-42,57369199",2024-08-05,2059-08-05,"50% para PEC ENERGIA S.A. - 07.157.459/0001-42 (PIE), 50% para EOLICA SERRA DE GENTIO DO OURO SA - 41.608.565/0001-33 (PIE)",,Gentio do Ouro - BA
2026-10-01,Serra de Gentio do Ouro XIII,055452,EOL.CV.BA.055452-9.1,BA,EOL,Construção não iniciada,Eólica,Cinética do vento,Autorização,Cinética do vento,1900-01-03,"18600,00",0,",00",Não,"-11,46263500","-42,55598000",2024-08-05,2059-08-05,"50% para PEC ENERGIA S.A. - 07.157.459/0001-42 (PIE), 50% para EOLICA SERRA DE GENTIO DO OURO SA - 41.608.565/0001-33 (PIE)",,Gentio do Ouro - BA
2026-10-01,Serra de Gentio do Ouro XVI,055454,EOL.CV.BA.055454-5.1,BA,EOL,Construção não iniciada,Eólica,Cinética do vento,Autorização,Cinética do vento,1900-01-03,"18600,00",0,",00",Não,"-11,42508909","-42,55443488",2024-08-05,2059-08-05,"50% para PEC ENERGIA S.A. - 07.157.459/0001-42 (PIE), 50% para EOLICA SERRA DE GENTIO DO OURO SA - 41.608.565/0001-33 (PIE)",,Gentio do Ouro - BA
2026-10-01,Serra de Gentio do Ouro XXI,055455,EOL.CV.BA.055455-3.1,BA,EOL,Construção não iniciada,Eólica,Cinética do vento,Autorização,Cinética do vento,1900-01-03,"37200,00",0,",00",Não,"-11,40252100","-42,59525600",2024-08-05,2059-08-05,"50% para PEC ENERGIA S.A. - 07.157.459/0001-42 (PIE), 50% para EOLICA SERRA DE GENTIO DO OURO SA - 41.608.565/0001-33 (PIE)",,Gentio do Ouro - BA
2026-10-01,Serra de Gentio do Ouro XXII,055456,EOL.CV.BA.055456-1.1,BA,EOL,Construção não iniciada,Eólica,Cinética do vento,Autorização,Cinética do vento,1900-01-03,"43400,00",0,",00",Não,"-11,38624499","-42,58270000",2024-08-05,2059-08-05,"50% para PEC ENERGIA S.A. - 07.157.459/0001-42 (PIE), 50% para EOLICA SERRA DE GENTIO DO OURO SA - 41.608.565/0001-33 (PIE)",,Gentio do Ouro - BA
2026-10-01,Serra de Gentio do Ouro XXIII,055457,EOL.CV.BA.055457-0.1,BA,EOL,Construção não iniciada,Eólica,Cinética do vento,Autorização,Cinética do vento,1900-01-03,"24800,00",0,",00",Não,"-11,41045491","-42,57892345",2024-08-05,2059-08-05,"50% para PEC ENERGIA S.A. - 07.157.459/0001-42 (PIE), 50% para EOLICA SERRA DE GENTIO DO OURO SA - 41.608.565/0001-33 (PIE)",,Gentio do Ouro - BA
2026-10-01,Lapa Solar I-A,056447,UFV.RS.BA.056447-8.1,BA,UFV,Construção não iniciada,Solar,Radiação solar,Autorização,Radiação solar,1900-01-03,"29220,00",0,",00",Não,"-13,21750000","-43,31420000",2026-06-25,2031-06-25,100% para AXIA ENERGIA NORDESTE S.A. - 33.541.368/0001-16 (PIE),,Bom Jesus da Lapa - BA
2026-10-01,Lapa Solar I-B,056448,UFV.RS.BA.056448-6.1,BA,UFV,Construção não iniciada,Solar,Radiação solar,Autorização,Radiação solar,1900-01-03,"29220,00",0,",00",Não,"-13,21820000","-43,30970000",2026-06-25,2061-06-25,100% para AXIA ENERGIA NORDESTE S.A. - 33.541.368/0001-16 (PIE),,Bom Jesus da Lapa - BA
2026-10-01,Lapa Solar I-C,056449,UFV.RS.BA.056449-4.1,BA,UFV,Construção não iniciada,Solar,Radiação solar,Autorização,Radiação solar,1900-01-03,"29220,00",0,",00",Não,"-13,21900000","-43,30510000",2026-06-25,2061-06-25,100% para AXIA ENERGIA NORDESTE S.A. - 33.541.368/0001-16 (PIE),,Bom Jesus da Lapa - BA
2026-10-01,Lapa Solar I-D,056450,UFV.RS.BA.056450-8.1,BA,UFV,Construção não iniciada,Solar,Radiação solar,Autorização,Radiação solar,1900-01-03,"29220,00",0,",00",Não,"-13,22030000","-43,30080000",2026-06-25,2061-06-25,100% para AXIA ENERGIA NORDESTE S.A. - 33.541.368/0001-16 (PIE),,Bom Jesus da Lapa - BA
2026-10-01,Lapa Solar II-A,056451,UFV.RS.BA.056451-6.1,BA,UFV,Construção não iniciada,Solar,Radiação solar,Autorização,Radiação solar,1900-01-03,"29220,00",0,",00",Não,"-13,22060000","-43,29610000",2026-06-25,2061-06-25,100% para AXIA ENERGIA NORDESTE S.A. - 33.541.368/0001-16 (PIE),,Bom Jesus da Lapa - BA
2026-10-01,Lapa Solar II-B,056452,UFV.RS.BA.056452-4.1,BA,UFV,Construção não iniciada,Solar,Radiação solar,Autorização,Radiação solar,1900-01-03,"29220,00",0,",00",Não,"-13,22140000","-43,29150000",2026-06-25,2061-06-25,100% para AXIA ENERGIA NORDESTE S.A. - 33.541.368/0001-16 (PIE),,Bom Jesus da Lapa - BA
2026-10-01,Lapa Solar II-C,056453,UFV.RS.BA.056453-2.1,BA,UFV,Construção não iniciada,Solar,Radiação solar,Autorização,Radiação solar,1900-01-03,"29220,00",0,",00",Não,"-13,22190000","-43,28700000",2026-06-25,2061-06-25,100% para AXIA ENERGIA NORDESTE S.A. - 33.541.368/0001-16 (PIE),,Bom Jesus da Lapa - BA
2026-10-01,Lapa Solar II-D,056454,UFV.RS.BA.056454-0.1,BA,UFV,Construção não iniciada,Solar,Radiação solar,Autorização,Radiação solar,1900-01-03,"29220,00",0,",00",Não,"-13,21460000","-43,28520000",2026-06-25,2061-06-25,100% para AXIA ENERGIA NORDESTE S.A. - 33.541.368/0001-16 (PIE),,Bom Jesus da Lapa - BA
2026-10-01,Lapa Solar III-C,056457,UFV.RS.BA.056457-5.1,BA,UFV,Construção não iniciada,Solar,Radiação solar,Autorização,Radiação solar,1900-01-03,"29220,00",0,",00",Não,"-13,21090000","-43,30560000",2026-06-25,2061-06-25,100% para AXIA ENERGIA NORDESTE S.A. - 33.541.368/0001-16 (PIE),,Bom Jesus da Lapa - BA
2026-10-01,Lapa Solar III-D,056458,UFV.RS.BA.056458-3.1,BA,UFV,Construção não iniciada,Solar,Radiação solar,Autorização,Radiação solar,1900-01-03,"29220,00",0,",00",Não,"-13,21170000","-43,30110000",2026-06-25,2061-06-25,100% para AXIA ENERGIA NORDESTE S.A. - 33.541.368/0001-16 (PIE),,Bom Jesus da Lapa - BA
2026-10-01,Prosperidade IV,056665,UTE.GN.BA.056665-9.1,BA,UTE,Operação,Fóssil,Gás natural,Autorização,Gás Natural,2023-05-30,"9360,00",9360,",00",Não,"-12,49960248","-38,20735191",2022-04-19,2057-04-19,100% para IMETAME TERMELÉTRICA LTDA - 23.857.764/0001-01 (PIE),,Camaçari - BA
2026-10-01,Sol do Agreste I,056918,UFV.RS.BA.056918-6.1,BA,UFV,Construção não iniciada,Solar,Radiação solar,Autorização,Radiação solar,1900-01-03,"30000,00",0,",00",Não,"-9,53367500","-40,42515833",2023-05-31,2058-05-31,100% para PAINITEC ENERGIA II SPE LTDA - 43.541.822/0001-92 (PIE),,Juazeiro - BA
2026-10-01,Sol do Agreste II,056919,UFV.RS.BA.056919-4.1,BA,UFV,Construção não iniciada,Solar,Radiação solar,Autorização,Radiação solar,1900-01-03,"30000,00",0,",00",Não,"-9,53809444","-40,42117778",2023-05-31,2058-05-31,100% para PAINITEC ENERGIA II SPE LTDA - 43.541.822/0001-92 (PIE),,Juazeiro - BA
2026-10-01,Sol do Agreste III,056920,UFV.RS.BA.056920-8.1,BA,UFV,Construção não iniciada,Solar,Radiação solar,Autorização,Radiação solar,1900-01-03,"30000,00",0,",00",Não,"-9,54295556","-40,41772778",2023-05-31,2058-05-31,100% para PAINITEC ENERGIA II SPE LTDA - 43.541.822/0001-92 (PIE),,Juazeiro - BA
2026-10-01,Sol do Agreste IV,056921,UFV.RS.BA.056921-6.1,BA,UFV,Construção não iniciada,Solar,Radiação solar,Autorização,Radiação solar,1900-01-03,"30000,00",0,",00",Não,"-9,54761667","-40,41246389",2023-05-31,2058-05-31,100% para PAINITEC ENERGIA II SPE LTDA - 43.541.822/0001-92 (PIE),,Juazeiro - BA
2026-10-01,Ventos de São Vitorino VI,057142,EOL.CV.BA.057142-3.1,BA,EOL,Construção não iniciada,Eólica,Cinética do vento,Autorização,Cinética do vento,1900-01-03,"51300,00",0,",00",Não,"-11,31086452","-42,21856993",2023-10-03,2058-10-03,100% para VENTOS DE SAO VITORINO ENERGIAS RENOVAVEIS SA - 15.674.425/0001-53 (PIE),,"Ibipeba - BA, Uibaí - BA"
2026-10-01,Pedra do Reino,057317,UFV.RS.BA.057317-5.1,BA,UFV,Construção não iniciada,Solar,Radiação solar,Autorização,Radiação solar,1900-01-03,"6880,00",0,",00",Não,"-9,50988333","-40,88623333",2023-05-19,2058-05-19,100% para VILA ECHOENERGIA EMPREENDIMENTOS E PARTICIPAÇÕES S.A. - 30.356.351/0001-09 (PIE),,Sobradinho - BA
2026-10-01,Ventos de São Carlos 10,057982,EOL.CV.BA.057982-3.1,BA,EOL,Construção não iniciada,Eólica,Cinética do vento,Autorização,Cinética do vento,1900-01-03,"54600,00",0,",00",Não,"-10,13385059","-41,23991004",2023-03-20,2058-03-20,100% para VENTOS DE SAO CARLOS 10 ENERGIA LTDA - 43.929.401/0001-33 (PIE),,Sento Sé - BA
2026-10-01,Ventos de São Carlos 09,057983,EOL.CV.BA.057983-1.1,BA,EOL,Construção não iniciada,Eólica,Cinética do vento,Autorização,Cinética do vento,1900-01-03,"50400,00",0,",00",Não,"-10,11172594","-41,22654015",2023-03-20,2058-03-20,100% para VENTOS DE SAO CARLOS 09 ENERGIA LTDA - 43.929.267/0001-70 (PIE),,Sento Sé - BA
2026-10-01,Ventos de São Carlos 12,057984,EOL.CV.BA.057984-0.1,BA,EOL,Construção não iniciada,Eólica,Cinética do vento,Autorização,Cinética do vento,1900-01-03,"42000,00",0,",00",Não,"-10,11695253","-41,25007229",2023-03-20,2058-03-20,100% para VENTOS DE SAO CARLOS 12 ENERGIA LTDA - 43.929.416/0001-00 (PIE),,Sento Sé - BA
2026-10-01,Ventos de São Carlos 11,057985,EOL.CV.BA.057985-8.1,BA,EOL,Construção não iniciada,Eólica,Cinética do vento,Autorização,Cinética do vento,1900-01-03,"42000,00",0,",00",Não,"-10,13691602","-41,25684292",2023-03-20,2058-03-20,100% para VENTOS DE SAO CARLOS 11 ENERGIA LTDA - 43.970.469/0001-66 (PIE),,Sento Sé - BA
2026-10-01,Assuruá 6 II,058117,EOL.CV.BA.058117-8.1,BA,EOL,Construção não iniciada,Eólica,Cinética do vento,Autorização,Cinética do vento,1900-01-03,"40600,00",0,",00",Não,"-11,19965400","-42,53893109",2023-07-24,2058-07-24,100% para ASSURUA 6 ENERGIA S.A - 43.240.763/0001-12 (PIE),,Gentio do Ouro - BA
2026-10-01,Assuruá 6 III,058118,EOL.CV.BA.058118-6.1,BA,EOL,Construção não iniciada,Eólica,Cinética do vento,Autorização,Cinética do vento,1900-01-03,"34800,00",0,",00",Não,"-11,21429952","-42,55185891",2023-07-24,2058-07-24,100% para ASSURUA 6 ENERGIA S.A - 43.240.763/0001-12 (PIE),,Gentio do Ouro - BA
2026-10-01,Assuruá 6 I,060194,EOL.CV.BA.060194-2.1,BA,EOL,Construção não iniciada,Eólica,Cinética do vento,Autorização,Cinética do vento,1900-01-03,"40600,00",0,",00",Não,"-11,18055061","-42,54100515",2023-07-24,2058-07-24,100% para ASSURUA 6 ENERGIA S.A - 43.240.763/0001-12 (PIE),,Gentio do Ouro - BA
2026-10-01,Assuruá 6 IV,060195,EOL.CV.BA.060195-0.1,BA,EOL,Construção não iniciada,Eólica,Cinética do vento,Autorização,Cinética do vento,1900-01-03,"34800,00",0,",00",Não,"-11,23064921","-42,55335038",2023-07-24,2058-07-24,100% para ASSURUA 6 ENERGIA S.A - 43.240.763/0001-12 (PIE),,Gentio do Ouro - BA
2026-10-01,Assuruá 6 V,060196,EOL.CV.BA.060196-9.1,BA,EOL,Construção não iniciada,Eólica,Cinética do vento,Autorização,Cinética do vento,1900-01-03,"34800,00",0,",00",Não,"-11,25743062","-42,56743228",2023-07-24,2058-07-24,100% para ASSURUA 6 ENERGIA S.A - 43.240.763/0001-12 (PIE),,Gentio do Ouro - BA
2026-10-01,Assuruá 6 VI,060197,EOL.CV.BA.060197-7.1,BA,EOL,Construção não iniciada,Eólica,Cinética do vento,Autorização,Cinética do vento,1900-01-03,"40600,00",0,",00",Não,"-11,27231689","-42,57780757",2023-07-24,2058-07-24,100% para ASSURUA 6 ENERGIA S.A - 43.240.763/0001-12 (PIE),,Gentio do Ouro - BA
2026-10-01,Assuruá 6 VII,060198,EOL.CV.BA.060198-5.1,BA,EOL,Construção não iniciada,Eólica,Cinética do vento,Autorização,Cinética do vento,1900-01-03,"34800,00",0,",00",Não,"-11,29788579","-42,60622279",2023-07-24,2058-07-24,100% para ASSURUA 6 ENERGIA S.A - 43.240.763/0001-12 (PIE),,Gentio do Ouro - BA
2026-10-01,Assuruá 6 VIII,060199,EOL.CV.BA.060199-3.1,BA,EOL,Construção não iniciada,Eólica,Cinética do vento,Autorização,Cinética do vento,1900-01-03,"40600,00",0,",00",Não,"-11,32044527","-42,58233871",2023-07-24,2058-07-24,100% para ASSURUA 6 ENERGIA S.A - 43.240.763/0001-12 (PIE),,Gentio do Ouro - BA
2026-10-01,Assuruá 6 XII,060200,EOL.CV.BA.060200-0.1,BA,EOL,Construção não iniciada,Eólica,Cinética do vento,Autorização,Cinética do vento,1900-01-03,"34800,00",0,",00",Não,"-11,19873214","-42,62824842",2023-07-24,2058-07-24,100% para ASSURUA 6 ENERGIA S.A - 43.240.763/0001-12 (PIE),,Gentio do Ouro - BA
2026-10-01,Assuruá 6 XIII,060201,EOL.CV.BA.060201-9.1,BA,EOL,Construção não iniciada,Eólica,Cinética do vento,Autorização,Cinética do vento,1900-01-03,"40600,00",0,",00",Não,"-11,21597242","-42,63714214",2023-07-24,2058-07-24,100% para ASSURUA 6 ENERGIA S.A - 43.240.763/0001-12 (PIE),,Gentio do Ouro - BA
2026-10-01,Assuruá 6 XIV,060202,EOL.CV.BA.060202-7.1,BA,EOL,Construção não iniciada,Eólica,Cinética do vento,Autorização,Cinética do vento,1900-01-03,"40600,00",0,",00",Não,"-11,24606424","-42,63822452",2023-07-24,2058-07-24,100% para ASSURUA 6 ENERGIA S.A - 43.240.763/0001-12 (PIE),,Gentio do Ouro - BA
2026-10-01,GS Santa Rita 01,060362,UFV.RS.BA.060362-7.1,BA,UFV,Construção não iniciada,Solar,Radiação solar,Autorização,Radiação solar,1900-01-03,"360000,00",0,",00",Não,"-11,24227222","-44,34259167",2023-09-28,2058-09-28,100% para GRANDE SERTAO SANTA RITA DE CASSIA DE ENERGIA FOTOVOLTAICA LTDA - 44.445.544/0001-32 (PIE),,Santa Rita de Cássia - BA
2026-10-01,GS Santa Rita 02,060363,UFV.RS.BA.060363-5.1,BA,UFV,Construção não iniciada,Solar,Radiação solar,Autorização,Radiação solar,1900-01-03,"360000,00",0,",00",Não,"-11,34747500","-44,37766111",2023-09-28,2058-09-28,100% para GRANDE SERTAO SANTA RITA DE CASSIA DE ENERGIA FOTOVOLTAICA LTDA - 44.445.544/0001-32 (PIE),,Santa Rita de Cássia - BA
2026-10-01,Sol do Maribondo I,060596,UFV.RS.BA.060596-4.1,BA,UFV,Construção não iniciada,Solar,Radiação solar,Autorização,Radiação solar,1900-01-03,"45710,00",0,",00",Não,"-9,59000000","-39,05222222",2023-04-25,2058-04-25,100% para UFV SOL DO MARIBONDO SPE LTDA - 44.325.152/0001-30 (PIE),,Macururé - BA
2026-10-01,Sol do Maribondo II,060597,UFV.RS.BA.060597-2.1,BA,UFV,Construção não iniciada,Solar,Radiação solar,Autorização,Radiação solar,1900-01-03,"45710,00",0,",00",Não,"-9,60305556","-39,05888889",2023-04-25,2058-04-25,100% para UFV SOL DO MARIBONDO SPE LTDA - 44.325.152/0001-30 (PIE),,Macururé - BA
2026-10-01,Sol do Maribondo III,060598,UFV.RS.BA.060598-0.1,BA,UFV,Construção não iniciada,Solar,Radiação solar,Autorização,Radiação solar,1900-01-03,"45710,00",0,",00",Não,"-9,61305556","-39,05833333",2023-05-24,2058-04-25,100% para UFV SOL DO MARIBONDO SPE LTDA - 44.325.152/0001-30 (PIE),,Macururé - BA
2026-10-01,Sol do Maribondo IV,060599,UFV.RS.BA.060599-9.1,BA,UFV,Construção não iniciada,Solar,Radiação solar,Autorização,Radiação solar,1900-01-03,"45710,00",0,",00",Não,"-9,62361111","-39,05694444",2023-04-25,2058-04-25,100% para UFV SOL DO MARIBONDO SPE LTDA - 44.325.152/0001-30 (PIE),,Macururé - BA
2026-10-01,Sol do Maribondo V,060600,UFV.RS.BA.060600-6.1,BA,UFV,Construção não iniciada,Solar,Radiação solar,Autorização,Radiação solar,1900-01-03,"45710,00",0,",00",Não,"-9,62944444","-39,05611111",2023-04-25,2058-04-25,100% para UFV SOL DO MARIBONDO SPE LTDA - 44.325.152/0001-30 (PIE),,Macururé - BA
2026-10-01,Sol do Maribondo VI,060601,UFV.RS.BA.060601-4.1,BA,UFV,Construção não iniciada,Solar,Radiação solar,Autorização,Radiação solar,1900-01-03,"45710,00",0,",00",Não,"-9,63666667","-39,05388889",2023-04-25,2058-04-25,100% para UFV SOL DO MARIBONDO SPE LTDA - 44.325.152/0001-30 (PIE),,Macururé - BA
2026-10-01,Sol do Maribondo VII,060602,UFV.RS.BA.060602-2.1,BA,UFV,Construção não iniciada,Solar,Radiação solar,Autorização,Radiação solar,1900-01-03,"32650,00",0,",00",Não,"-9,64222222","-39,04805556",2023-04-25,2058-04-25,100% para UFV SOL DO MARIBONDO SPE LTDA - 44.325.152/0001-30 (PIE),,Macururé - BA
2026-10-01,Plaschio Plásticos Chiacchio,063846,UFV.RS.BA.063846-3.1,BA,UFV,Operação,Solar,Radiação solar,Registro,Radiação solar,2022-04-20,"1700,00",1700,",00",Não,"-14,82002777","-40,80716667",,,100% para Plaschio Plasticos Chiacchio LTDA. - 07.276.075/0001-49 (REG),,Vitória da Conquista - BA
2026-10-01,Ventos de Santa Patrícia 12,066061,EOL.CV.BA.066061-2.1,BA,EOL,Construção não iniciada,Eólica,Cinética do vento,Autorização,Cinética do vento,1900-01-03,"74400,00",0,",00",Não,"-10,96879050","-41,37316357",2023-07-19,2058-07-19,100% para VENTOS DE SÃO JOÃO MARIA ENERGIAS RENOVÁVEIS S.A. - 47.807.943/0001-94 (PIE),,Morro do Chapéu - BA
2026-10-01,Ventos de Santa Patrícia 13,066062,EOL.CV.BA.066062-0.1,BA,EOL,Construção não iniciada,Eólica,Cinética do vento,Autorização,Cinética do vento,1900-01-03,"74400,00",0,",00",Não,"-10,94965154","-41,36606079",2023-07-19,2058-07-19,100% para VENTOS DE SÃO JOÃO GABRIEL ENERGIAS RENOVÁVEIS S.A. - 47.760.256/0001-60 (PIE),,Morro do Chapéu - BA
2026-10-01,Ventos de Santa Patrícia 14,066063,EOL.CV.BA.066063-9.1,BA,EOL,Construção não iniciada,Eólica,Cinética do vento,Autorização,Cinética do vento,1900-01-03,"74400,00",0,",00",Não,"-10,95275357","-41,37853185",2023-07-19,2058-07-19,100% para VENTOS DE SÃO PIO X ENERGIAS RENOVÁVEIS S.A. - 47.760.873/0001-66 (PIE),,Morro do Chapéu - BA
2026-10-01,Alçatec,071744,UFV.RS.BA.071744-4.1,BA,UFV,Operação,Solar,Radiação solar,Registro,Radiação solar,2022-10-07,"225,00",225,",00",Não,"-12,40805556","-38,62194444",,,100% para Alcatec Produtos Sintéticos LTDA. - 05.236.060/0001-21 (REG),,Terra Nova - BA
2026-10-01,Assuruá 8 I e Assuruá 8 II,071984,UFV.RS.BA.071984-6.1,BA,UFV,Construção não iniciada,Solar,Radiação solar,Autorização,Radiação solar,1900-01-03,"7740,00",0,",00",Não,"-11,06509720","-42,66464720",2023-04-25,2058-04-25,100% para SOL 345 ENERGIA S.A - 42.876.976/0001-72 (PIE),,Gentio do Ouro - BA
2026-10-01,Assuruá 8 III e Assuruá 8 IV,071985,UFV.RS.BA.071985-4.1,BA,UFV,Construção não iniciada,Solar,Radiação solar,Autorização,Radiação solar,1900-01-03,"7740,00",0,",00",Não,"-11,06360833","-42,66161111",2023-04-25,2058-04-25,100% para SOL 345 ENERGIA S.A - 42.876.976/0001-72 (PIE),,Gentio do Ouro - BA
2026-10-01,Assuruá 8 V e Assuruá 8 VI,071986,UFV.RS.BA.071986-2.1,BA,UFV,Construção não iniciada,Solar,Radiação solar,Autorização,Radiação solar,1900-01-03,"7740,00",0,",00",Não,"-11,06211666","-42,65998055",2023-04-25,2058-04-25,100% para SOL 345 ENERGIA S.A - 42.876.976/0001-72 (PIE),,Gentio do Ouro - BA
2026-10-01,Assuruá 9 I e Assuruá 9 II,071987,UFV.RS.BA.071987-0.1,BA,UFV,Construção não iniciada,Solar,Radiação solar,Autorização,Radiação solar,1900-01-03,"7740,00",0,",00",Não,"-11,05617222","-42,65516388",2023-04-25,2058-04-25,100% para SOL 345 ENERGIA S.A - 42.876.976/0001-72 (PIE),,Gentio do Ouro - BA
2026-10-01,Assuruá 9 III e Assuruá 9 IV,071988,UFV.RS.BA.071988-9.1,BA,UFV,Construção não iniciada,Solar,Radiação solar,Autorização,Radiação solar,1900-01-03,"7740,00",0,",00",Não,"-11,05344444","-42,65330000",2023-04-25,2058-04-25,100% para SOL 345 ENERGIA S.A - 42.876.976/0001-72 (PIE),,Gentio do Ouro - BA
2026-10-01,Assuruá 9 V e Assuruá 9 VI,071989,UFV.RS.BA.071989-7.1,BA,UFV,Construção não iniciada,Solar,Radiação solar,Autorização,Radiação solar,1900-01-03,"7740,00",0,",00",Não,"-11,06625277","-42,65425277",2023-04-25,2058-04-25,100% para SOL 345 ENERGIA S.A - 42.876.976/0001-72 (PIE),,Gentio do Ouro - BA
2026-10-01,Prime Seafood,072056,UFV.RS.BA.072056-9.1,BA,UFV,Operação,Solar,Radiação solar,Registro,Radiação solar,2020-09-24,"400,00",400,",00",Não,"-17,65361111","-39,43833333",,,100% para PRIME SEAFOOD LTDA - 15.452.593/0001-02 (REG),,Caravelas - BA
2026-10-01,Energia I,072211,UFV.RS.BA.072211-1.1,BA,UFV,Construção não iniciada,Solar,Radiação solar,Autorização,Radiação solar,1900-01-03,"30000,00",0,",00",Não,"-10,58804878","-41,38991947",2023-06-01,2058-06-01,100% para UFV ENERGIA SPE LTDA - 40.332.194/0001-47 (PIE),,Umburanas - BA
2026-10-01,Energia II,072212,UFV.RS.BA.072212-0.1,BA,UFV,Construção não iniciada,Solar,Radiação solar,Autorização,Radiação solar,1900-01-03,"30000,00",0,",00",Não,"-10,59029150","-41,38970850",2023-06-01,2058-06-01,100% para UFV ENERGIA SPE LTDA - 40.332.194/0001-47 (PIE),,Umburanas - BA
2026-10-01,Energia III,072213,UFV.RS.BA.072213-8.1,BA,UFV,Construção não iniciada,Solar,Radiação solar,Autorização,Radiação solar,1900-01-03,"30000,00",0,",00",Não,"-10,59229675","-41,38983364",2023-06-01,2058-06-01,100% para UFV ENERGIA SPE LTDA - 40.332.194/0001-47 (PIE),,Umburanas - BA
2026-10-01,Energia IV,072214,UFV.RS.BA.072214-6.1,BA,UFV,Construção não iniciada,Solar,Radiação solar,Autorização,Radiação solar,1900-01-03,"30000,00",0,",00",Não,"-10,59422997","-41,38992172",2023-06-01,2058-06-01,100% para UFV ENERGIA SPE LTDA - 40.332.194/0001-47 (PIE),,Umburanas - BA
2026-10-01,Energia V,072215,UFV.RS.BA.072215-4.1,BA,UFV,Construção não iniciada,Solar,Radiação solar,Autorização,Radiação solar,1900-01-03,"30000,00",0,",00",Não,"-10,59598889","-41,39068650",2023-06-01,2058-06-01,100% para UFV ENERGIA SPE LTDA - 40.332.194/0001-47 (PIE),,Umburanas - BA
2026-10-01,Energia VI,072216,UFV.RS.BA.072216-2.1,BA,UFV,Construção não iniciada,Solar,Radiação solar,Autorização,Radiação solar,1900-01-03,"30000,00",0,",00",Não,"-10,59825503","-41,39062886",2023-06-01,2058-06-01,100% para UFV ENERGIA SPE LTDA - 40.332.194/0001-47 (PIE),,Umburanas - BA
2026-10-01,Energia VII,072217,UFV.RS.BA.072217-0.1,BA,UFV,Construção não iniciada,Solar,Radiação solar,Autorização,Radiação solar,1900-01-03,"30000,00",0,",00",Não,"-10,60009003","-41,39056092",2023-06-01,2058-06-01,100% para UFV ENERGIA SPE LTDA - 40.332.194/0001-47 (PIE),,Umburanas - BA
2026-10-01,Energia VIII,072218,UFV.RS.BA.072218-9.1,BA,UFV,Construção não iniciada,Solar,Radiação solar,Autorização,Radiação solar,1900-01-03,"30000,00",0,",00",Não,"-10,60212850","-41,39344492",2023-06-01,2058-06-01,100% para UFV ENERGIA SPE LTDA - 40.332.194/0001-47 (PIE),,Umburanas - BA
2026-10-01,Energia IX,072219,UFV.RS.BA.072219-7.1,BA,UFV,Construção não iniciada,Solar,Radiação solar,Autorização,Radiação solar,1900-01-03,"30000,00",0,",00",Não,"-10,60210589","-41,38213642",2023-06-01,2058-06-01,100% para UFV ENERGIA SPE LTDA - 40.332.194/0001-47 (PIE),,Umburanas - BA
2026-10-01,Energia X,072220,UFV.RS.BA.072220-0.1,BA,UFV,Construção não iniciada,Solar,Radiação solar,Autorização,Radiação solar,1900-01-03,"30000,00",0,",00",Não,"-10,60409239","-41,38115614",2023-06-01,2058-06-01,100% para UFV ENERGIA SPE LTDA - 40.332.194/0001-47 (PIE),,Umburanas - BA
2026-10-01,Energia XI,072221,UFV.RS.BA.072221-9.1,BA,UFV,Construção não iniciada,Solar,Radiação solar,Autorização,Radiação solar,1900-01-03,"30000,00",0,",00",Não,"-10,60589400","-41,39144633",2023-06-01,2058-06-01,100% para UFV ENERGIA SPE LTDA - 40.332.194/0001-47 (PIE),,Umburanas - BA
2026-10-01,Energia XII,072222,UFV.RS.BA.072222-7.1,BA,UFV,Construção não iniciada,Solar,Radiação solar,Autorização,Radiação solar,1900-01-03,"30000,00",0,",00",Não,"-10,60715128","-41,38296103",2023-06-01,2058-06-01,100% para UFV ENERGIA SPE LTDA - 40.332.194/0001-47 (PIE),,Umburanas - BA
2026-10-01,Energia XIII,072223,UFV.RS.BA.072223-5.1,BA,UFV,Construção não iniciada,Solar,Radiação solar,Autorização,Radiação solar,1900-01-03,"30000,00",0,",00",Não,"-10,60802094","-41,37671058",2023-06-01,2058-06-01,100% para UFV ENERGIA SPE LTDA - 40.332.194/0001-47 (PIE),,Umburanas - BA
2026-10-01,Castanheira 14,072487,EOL.CV.BA.072487-4.1,BA,EOL,Construção não iniciada,Eólica,Cinética do vento,Autorização,Cinética do vento,1900-01-03,"25200,00",0,",00",Não,"-10,42846727","-41,66077145",2023-06-28,2058-06-28,100% para CASTANHEIRA ENERGIA EOLICA 14 S/A - 34.367.710/0001-76 (PIE),,Sento Sé - BA
2026-10-01,Castanheira 15,072488,EOL.CV.BA.072488-2.1,BA,EOL,Construção não iniciada,Eólica,Cinética do vento,Autorização,Cinética do vento,1900-01-03,"21000,00",0,",00",Não,"-10,39547213","-41,64204683",2023-06-28,2058-06-28,100% para CASTANHEIRA ENERGIA EOLICA 15 S/A - 33.878.361/0001-94 (PIE),,Sento Sé - BA
2026-10-01,Castanheira 16,072489,EOL.CV.BA.072489-0.1,BA,EOL,Construção não iniciada,Eólica,Cinética do vento,Autorização,Cinética do vento,1900-01-03,"21000,00",0,",00",Não,"-10,39274832","-41,64255326",2023-06-28,2058-06-28,100% para CASTANHEIRA ENERGIA EOLICA 16 S/A - 34.193.465/0001-28 (PIE),,Sento Sé - BA
2026-10-01,Castanheira 17,072490,EOL.CV.BA.072490-4.1,BA,EOL,Construção não iniciada,Eólica,Cinética do vento,Autorização,Cinética do vento,1900-01-03,"33600,00",0,",00",Não,"-10,39622260","-41,66924102",2023-06-28,2058-06-28,100% para CASTANHEIRA ENERGIA EOLICA 17 S/A - 34.367.721/0001-56 (PIE),,Sento Sé - BA
2026-10-01,Planalto 2,072787,UFV.RS.BA.072787-3.1,BA,UFV,Construção não iniciada,Solar,Radiação solar,Autorização,Radiação solar,1900-01-03,"30000,00",0,",00",Não,"-12,51708300","-44,14977800",2023-07-11,2058-07-11,100% para USINA FOTOVOLTAICA PLANALTO LTDA. - 29.329.104/0001-26 (PIE),,Tabocas do Brejo Velho - BA
2026-10-01,Planalto 3,072788,UFV.RS.BA.072788-1.1,BA,UFV,Construção não iniciada,Solar,Radiação solar,Autorização,Radiação solar,1900-01-03,"30000,00",0,",00",Não,"-12,51591700","-44,15913900",2023-07-11,2058-07-11,100% para USINA FOTOVOLTAICA PLANALTO LTDA. - 29.329.104/0001-26 (PIE),,Tabocas do Brejo Velho - BA
2026-10-01,Planalto 4,072789,UFV.RS.BA.072789-0.1,BA,UFV,Construção não iniciada,Solar,Radiação solar,Autorização,Radiação solar,1900-01-03,"30000,00",0,",00",Não,"-12,51141700","-44,15250000",2023-07-11,2058-07-11,100% para USINA FOTOVOLTAICA PLANALTO LTDA. - 29.329.104/0001-26 (PIE),,Tabocas do Brejo Velho - BA
2026-10-01,Planalto 5,072790,UFV.RS.BA.072790-3.1,BA,UFV,Construção não iniciada,Solar,Radiação solar,Autorização,Radiação solar,1900-01-03,"30000,00",0,",00",Não,"-12,51141700","-44,16302800",2023-07-11,2058-07-11,100% para USINA FOTOVOLTAICA PLANALTO LTDA. - 29.329.104/0001-26 (PIE),,Tabocas do Brejo Velho - BA
2026-10-01,Planalto 6,072791,UFV.RS.BA.072791-1.1,BA,UFV,Construção não iniciada,Solar,Radiação solar,Autorização,Radiação solar,1900-01-03,"30000,00",0,",00",Não,"-12,50572200","-44,15875000",2023-07-11,2058-07-11,100% para USINA FOTOVOLTAICA PLANALTO LTDA. - 29.329.104/0001-26 (PIE),,Tabocas do Brejo Velho - BA
2026-10-01,Planalto 7,072792,UFV.RS.BA.072792-0.1,BA,UFV,Construção não iniciada,Solar,Radiação solar,Autorização,Radiação solar,1900-01-03,"30000,00",0,",00",Não,"-12,50733300","-44,16755600",2023-07-11,2058-07-11,100% para USINA FOTOVOLTAICA PLANALTO LTDA. - 29.329.104/0001-26 (PIE),,Tabocas do Brejo Velho - BA
2026-10-01,Planalto 8,072793,UFV.RS.BA.072793-8.1,BA,UFV,Construção não iniciada,Solar,Radiação solar,Autorização,Radiação solar,1900-01-03,"30000,00",0,",00",Não,"-12,50305600","-44,16702800",2023-07-11,2058-07-11,100% para USINA FOTOVOLTAICA PLANALTO LTDA. - 29.329.104/0001-26 (PIE),,Tabocas do Brejo Velho - BA
2026-10-01,Planalto 9,072794,UFV.RS.BA.072794-6.1,BA,UFV,Construção não iniciada,Solar,Radiação solar,Autorização,Radiação solar,1900-01-03,"30000,00",0,",00",Não,"-12,49916700","-44,17511100",2023-07-11,2058-07-11,100% para USINA FOTOVOLTAICA PLANALTO LTDA. - 29.329.104/0001-26 (PIE),,Tabocas do Brejo Velho - BA
2026-10-01,Planalto 10,072795,UFV.RS.BA.072795-4.1,BA,UFV,Construção não iniciada,Solar,Radiação solar,Autorização,Radiação solar,1900-01-03,"6000,00",0,",00",Não,"-12,50211100","-44,17255600",2023-07-11,2058-07-11,100% para USINA FOTOVOLTAICA PLANALTO LTDA. - 29.329.104/0001-26 (PIE),,Tabocas do Brejo Velho - BA
2026-10-01,Ape Rafitec Esplanada,072840,UFV.RS.BA.072840-3.1,BA,UFV,Operação,Solar,Radiação solar,Registro,Radiação solar,2023-03-07,"110,00",110,",00",Não,"-11,79555561","-37,94472219",,,100% para RAFITEC S/A INDÚSTRIA E COMÉRCIO DE SACARIAS - 00.763.251/0001-28 (REG),,Esplanada - BA
2026-10-01,BJL I,072896,UFV.RS.BA.072896-9.1,BA,UFV,Construção não iniciada,Solar,Radiação solar,Autorização,Radiação solar,1900-01-03,"48118,00",0,",00",Não,"-13,29166700","-43,22011100",2023-09-25,2058-09-25,100% para BOM JESUS ENERGIA SOLAR LTDA - 41.092.319/0001-71 (PIE),,Bom Jesus da Lapa - BA
2026-10-01,BJL II,072897,UFV.RS.BA.072897-7.1,BA,UFV,Construção não iniciada,Solar,Radiação solar,Autorização,Radiação solar,1900-01-03,"48118,00",0,",00",Não,"-13,29166700","-43,22011100",2023-09-25,2058-09-25,100% para BOM JESUS ENERGIA SOLAR LTDA - 41.092.319/0001-71 (PIE),,Bom Jesus da Lapa - BA
2026-10-01,BJL III,072898,UFV.RS.BA.072898-5.1,BA,UFV,Construção não iniciada,Solar,Radiação solar,Autorização,Radiação solar,1900-01-03,"48118,00",0,",00",Não,"-13,29731600","-43,19442100",2023-09-25,2058-09-25,100% para BOM JESUS ENERGIA SOLAR LTDA - 41.092.319/0001-71 (PIE),,Bom Jesus da Lapa - BA
2026-10-01,BJL IV,072899,UFV.RS.BA.072899-3.1,BA,UFV,Construção não iniciada,Solar,Radiação solar,Autorização,Radiação solar,1900-01-03,"48118,00",0,",00",Não,"-13,29084200","-43,19459300",2023-09-25,2058-09-25,100% para BOM JESUS ENERGIA SOLAR LTDA - 41.092.319/0001-71 (PIE),,Bom Jesus da Lapa - BA
2026-10-01,BJL V,072900,UFV.RS.BA.072900-0.1,BA,UFV,Construção não iniciada,Solar,Radiação solar,Autorização,Radiação solar,1900-01-03,"48118,00",0,",00",Não,"-13,28377200","-43,19491400",2023-09-25,2058-09-25,100% para BOM JESUS ENERGIA SOLAR LTDA - 41.092.319/0001-71 (PIE),,Bom Jesus da Lapa - BA
2026-10-01,BJL VI,072901,UFV.RS.BA.072901-9.1,BA,UFV,Construção não iniciada,Solar,Radiação solar,Autorização,Radiação solar,1900-01-03,"24059,00",0,",00",Não,"-13,28126300","-43,20287200",2023-09-25,2058-09-25,100% para BOM JESUS ENERGIA SOLAR LTDA - 41.092.319/0001-71 (PIE),,Bom Jesus da Lapa - BA
2026-10-01,BJL VII,072902,UFV.RS.BA.072902-7.1,BA,UFV,Construção não iniciada,Solar,Radiação solar,Autorização,Radiação solar,1900-01-03,"24059,00",0,",00",Não,"-13,28516000","-43,21125200",2023-09-25,2058-09-25,100% para BOM JESUS ENERGIA SOLAR LTDA - 41.092.319/0001-71 (PIE),,Bom Jesus da Lapa - BA
2026-10-01,BJL VIII,072903,UFV.RS.BA.072903-5.1,BA,UFV,Construção não iniciada,Solar,Radiação solar,Autorização,Radiação solar,1900-01-03,"48118,00",0,",00",Não,"-13,28862100","-43,21904900",2023-09-25,2058-09-25,100% para BOM JESUS ENERGIA SOLAR LTDA - 41.092.319/0001-71 (PIE),,Bom Jesus da Lapa - BA
2026-10-01,BJL IX,072904,UFV.RS.BA.072904-3.1,BA,UFV,Construção não iniciada,Solar,Radiação solar,Autorização,Radiação solar,1900-01-03,"41244,00",0,",00",Não,"-13,29254800","-43,22379000",2023-09-25,2058-09-25,100% para BOM JESUS ENERGIA SOLAR LTDA - 41.092.319/0001-71 (PIE),,Bom Jesus da Lapa - BA
2026-10-01,BJL X,072905,UFV.RS.BA.072905-1.1,BA,UFV,Construção não iniciada,Solar,Radiação solar,Autorização,Radiação solar,1900-01-03,"37807,00",0,",00",Não,"-13,29604400","-43,22675100",2023-09-25,2058-09-25,100% para BOM JESUS ENERGIA SOLAR LTDA - 41.092.319/0001-71 (PIE),,Bom Jesus da Lapa - BA
2026-10-01,BJL XI,072906,UFV.RS.BA.072906-0.1,BA,UFV,Construção não iniciada,Solar,Radiação solar,Autorização,Radiação solar,1900-01-03,"48118,00",0,",00",Não,"-13,29408900","-43,23135100",2023-09-25,2058-09-25,100% para BOM JESUS ENERGIA SOLAR LTDA - 41.092.319/0001-71 (PIE),,Bom Jesus da Lapa - BA
2026-10-01,BJL XII,072907,UFV.RS.BA.072907-8.1,BA,UFV,Construção não iniciada,Solar,Radiação solar,Autorização,Radiação solar,1900-01-03,"48118,00",0,",00",Não,"-13,29735200","-43,24341500",2023-09-25,2058-09-25,100% para BOM JESUS ENERGIA SOLAR LTDA - 41.092.319/0001-71 (PIE),,Bom Jesus da Lapa - BA
2026-10-01,BJL XIII,072908,UFV.RS.BA.072908-6.1,BA,UFV,Construção não iniciada,Solar,Radiação solar,Autorização,Radiação solar,1900-01-03,"48118,00",0,",00",Não,"-13,28547600","-43,24300700",2023-09-25,2058-09-25,100% para BOM JESUS ENERGIA SOLAR LTDA - 41.092.319/0001-71 (PIE),,Bom Jesus da Lapa - BA
2026-10-01,BJL XIV,072909,UFV.RS.BA.072909-4.1,BA,UFV,Construção não iniciada,Solar,Radiação solar,Autorização,Radiação solar,1900-01-03,"20622,00",0,",00",Não,"-13,27547400","-43,24437700",2023-09-25,2058-09-25,100% para BOM JESUS ENERGIA SOLAR LTDA - 41.092.319/0001-71 (PIE),,Bom Jesus da Lapa - BA
2026-10-01,BJL XV,072910,UFV.RS.BA.072910-8.1,BA,UFV,Construção não iniciada,Solar,Radiação solar,Autorização,Radiação solar,1900-01-03,"48118,00",0,",00",Não,"-13,28181500","-43,24978800",2023-09-25,2058-09-25,100% para BOM JESUS ENERGIA SOLAR LTDA - 41.092.319/0001-71 (PIE),,Bom Jesus da Lapa - BA
2026-10-01,BJL XVI,072911,UFV.RS.BA.072911-6.1,BA,UFV,Construção não iniciada,Solar,Radiação solar,Autorização,Radiação solar,1900-01-03,"48118,00",0,",00",Não,"-13,29152100","-43,24957500",2023-09-25,2058-09-25,100% para BOM JESUS ENERGIA SOLAR LTDA - 41.092.319/0001-71 (PIE),,Bom Jesus da Lapa - BA
2026-10-01,BJL XVII,072912,UFV.RS.BA.072912-4.1,BA,UFV,Construção não iniciada,Solar,Radiação solar,Autorização,Radiação solar,1900-01-03,"48118,00",0,",00",Não,"-13,29533600","-43,25517800",2023-09-25,2058-09-25,100% para BOM JESUS ENERGIA SOLAR LTDA - 41.092.319/0001-71 (PIE),,Bom Jesus da Lapa - BA
2026-10-01,BJL XVIII,072913,UFV.RS.BA.072913-2.1,BA,UFV,Construção não iniciada,Solar,Radiação solar,Autorização,Radiação solar,1900-01-03,"48118,00",0,",00",Não,"-13,27796300","-43,25553700",2023-09-25,2058-09-25,100% para BOM JESUS ENERGIA SOLAR LTDA - 41.092.319/0001-71 (PIE),,Bom Jesus da Lapa - BA
2026-10-01,BJL XIX,072914,UFV.RS.BA.072914-0.1,BA,UFV,Construção não iniciada,Solar,Radiação solar,Autorização,Radiação solar,1900-01-03,"48118,00",0,",00",Não,"-13,27796300","-43,26088300",2023-09-25,2058-09-25,100% para BOM JESUS ENERGIA SOLAR LTDA - 41.092.319/0001-71 (PIE),,Bom Jesus da Lapa - BA
2026-10-01,BJL XX,072915,UFV.RS.BA.072915-9.1,BA,UFV,Construção não iniciada,Solar,Radiação solar,Autorização,Radiação solar,1900-01-03,"48118,00",0,",00",Não,"-13,28811400","-43,26096500",2023-09-25,2058-09-25,100% para BOM JESUS ENERGIA SOLAR LTDA - 41.092.319/0001-71 (PIE),,Bom Jesus da Lapa - BA
2026-10-01,BJL XXI,072916,UFV.RS.BA.072916-7.1,BA,UFV,Construção não iniciada,Solar,Radiação solar,Autorização,Radiação solar,1900-01-03,"37807,00",0,",00",Não,"-13,29678200","-43,26075000",2023-09-25,2058-09-25,100% para BOM JESUS ENERGIA SOLAR LTDA - 41.092.319/0001-71 (PIE),,Bom Jesus da Lapa - BA
2026-10-01,BJL XXII,072917,UFV.RS.BA.072917-5.1,BA,UFV,Construção não iniciada,Solar,Radiação solar,Autorização,Radiação solar,1900-01-03,"34370,00",0,",00",Não,"-13,29072200","-43,26541300",2023-09-25,2058-09-25,100% para BOM JESUS ENERGIA SOLAR LTDA - 41.092.319/0001-71 (PIE),,Bom Jesus da Lapa - BA
2026-10-01,BJL XXIII,072918,UFV.RS.BA.072918-3.1,BA,UFV,Construção não iniciada,Solar,Radiação solar,Autorização,Radiação solar,1900-01-03,"48118,00",0,",00",Não,"-13,28218300","-43,26636400",2023-09-25,2058-09-25,100% para BOM JESUS ENERGIA SOLAR LTDA - 41.092.319/0001-71 (PIE),,Bom Jesus da Lapa - BA
2026-10-01,BJL XXIV,072919,UFV.RS.BA.072919-1.1,BA,UFV,Construção não iniciada,Solar,Radiação solar,Autorização,Radiação solar,1900-01-03,"10311,00",0,",00",Não,"-13,28983500","-43,22724700",2023-09-25,2058-09-25,100% para BOM JESUS ENERGIA SOLAR LTDA - 41.092.319/0001-71 (PIE),,Bom Jesus da Lapa - BA
2026-10-01,Txai Agropecuária e Turismo Fv,072979,UFV.RS.BA.072979-5.1,BA,UFV,Operação,Solar,Radiação solar,Registro,Radiação solar,2023-07-14,"86,00",86,",00",Não,"-14,38333333","-39,01500000",,,100% para TX AGROPECUÁRIA E TURISMO S.A. - 03.961.189/0001-77 (REG),,Itacaré - BA
2026-10-01,Ventos de Santo Orestes 05,073560,EOL.CV.BA.073560-4.1,BA,EOL,Construção não iniciada,Eólica,Cinética do vento,Autorização,Cinética do vento,1900-01-03,"42000,00",0,",00",Não,",00000000",",00000000",2026-04-09,2061-04-09,100% para ENEL BRASIL S.A - 07.523.555/0001-67 (PIE),,Casa Nova - BA
2026-10-01,LUZEIRO 20,073850,UFV.RS.BA.073850-6.1,BA,UFV,Construção não iniciada,Solar,Radiação solar,Autorização,Radiação solar,1900-01-03,"24320,00",0,",00",Não,",00000000",",00000000",2026-03-18,2061-03-18,100% para BOM JESUS INVESTIMENTOS FOTOVOLTAICOS 04 LTDA - 45.760.939/0001-92 (PIE),,Bom Jesus da Lapa - BA
2026-10-01,LUZEIRO 21,073851,UFV.RS.BA.073851-4.1,BA,UFV,Construção não iniciada,Solar,Radiação solar,Autorização,Radiação solar,1900-01-03,"27360,00",0,",00",Não,",00000000",",00000000",2026-03-18,2061-03-18,100% para BOM JESUS INVESTIMENTOS FOTOVOLTAICOS 04 LTDA - 45.760.939/0001-92 (PIE),,Bom Jesus da Lapa - BA
2026-10-01,LUZEIRO 22,073852,UFV.RS.BA.073852-2.1,BA,UFV,Construção não iniciada,Solar,Radiação solar,Autorização,Radiação solar,1900-01-03,"25840,00",0,",00",Não,",00000000",",00000000",2026-03-18,2061-03-18,100% para BOM JESUS INVESTIMENTOS FOTOVOLTAICOS 04 LTDA - 45.760.939/0001-92 (PIE),,Bom Jesus da Lapa - BA
2026-10-01,LUZEIRO 23,073853,UFV.RS.BA.073853-0.1,BA,UFV,Construção não iniciada,Solar,Radiação solar,Autorização,Radiação solar,1900-01-03,"30400,00",0,",00",Não,",00000000",",00000000",2026-03-18,2061-03-18,100% para BOM JESUS INVESTIMENTOS FOTOVOLTAICOS 04 LTDA - 45.760.939/0001-92 (PIE),,Bom Jesus da Lapa - BA
2026-10-01,LUZEIRO 24,073854,UFV.RS.BA.073854-9.1,BA,UFV,Construção não iniciada,Solar,Radiação solar,Autorização,Radiação solar,1900-01-03,"24320,00",0,",00",Não,",00000000",",00000000",2026-03-18,2061-03-18,100% para BOM JESUS INVESTIMENTOS FOTOVOLTAICOS 04 LTDA - 45.760.939/0001-92 (PIE),,Bom Jesus da Lapa - BA
2026-10-01,Dom Basílio I,074002,EOL.CV.BA.074002-0.1,BA,EOL,Construção não iniciada,Eólica,Cinética do vento,Autorização,Cinética do vento,1900-01-03,"48000,00",0,",00",Não,",00000000",",00000000",2026-03-23,2061-03-23,100% para VOLTALIA ENERGIA DO BRASIL LTDA. - 08.351.042/0001-89 (PIE),,Rio de Contas - BA
2026-10-01,Dom Basílio II,074003,EOL.CV.BA.074003-9.1,BA,EOL,Construção não iniciada,Eólica,Cinética do vento,Autorização,Cinética do vento,1900-01-03,"48000,00",0,",00",Não,",00000000",",00000000",2026-03-23,2061-03-23,100% para VOLTALIA ENERGIA DO BRASIL LTDA. - 08.351.042/0001-89 (PIE),,Rio de Contas - BA
2026-10-01,Dom Basílio III,074004,EOL.CV.BA.074004-7.1,BA,EOL,Construção não iniciada,Eólica,Cinética do vento,Autorização,Cinética do vento,1900-01-03,"48000,00",0,",00",Não,",00000000",",00000000",2026-03-23,2061-03-23,100% para VOLTALIA ENERGIA DO BRASIL LTDA. - 08.351.042/0001-89 (PIE),,Rio de Contas - BA
2026-10-01,Dom Basílio IV,074005,EOL.CV.BA.074005-5.1,BA,EOL,Construção não iniciada,Eólica,Cinética do vento,Autorização,Cinética do vento,1900-01-03,"42000,00",0,",00",Não,",00000000",",00000000",2026-03-23,2061-03-23,100% para VOLTALIA ENERGIA DO BRASIL LTDA. - 08.351.042/0001-89 (PIE),,Dom Basílio - BA
2026-10-01,Dom Basílio V,074006,EOL.CV.BA.074006-3.1,BA,EOL,Construção não iniciada,Eólica,Cinética do vento,Autorização,Cinética do vento,1900-01-03,"48000,00",0,",00",Não,",00000000",",00000000",2026-03-23,2061-03-23,100% para VOLTALIA ENERGIA DO BRASIL LTDA. - 08.351.042/0001-89 (PIE),,Dom Basílio - BA
2026-10-01,Dom Basílio VIII,074007,EOL.CV.BA.074007-1.1,BA,EOL,Construção não iniciada,Eólica,Cinética do vento,Autorização,Cinética do vento,1900-01-03,"36000,00",0,",00",Não,",00000000",",00000000",2026-03-23,2061-03-23,100% para VOLTALIA ENERGIA DO BRASIL LTDA. - 08.351.042/0001-89 (PIE),,Dom Basílio - BA
2026-10-01,SANTA PAULA,074694,UFV.RS.BA.074694-0.1,BA,UFV,Operação,Solar,Radiação solar,Registro,Radiação solar,2024-06-24,"1650,00",1650,",00",Não,",00000000",",00000000",,,100% para MICROPOWER ENERGIA S.A. - 30.342.038/0001-03 (REG),,Barreiras - BA
2026-10-01,Inpasa LEM,075297,UTE.FL.BA.075297-5.1,BA,UTE,Operação,Biomassa,Floresta,Autorização,Lenha,2026-03-31,"52360,00",26180,",00",Não,"-12,11250400","-45,95136800",2025-07-01,2060-07-01,100% para INPASA AGROINDUSTRIAL S/A - 29.316.596/0001-15 (APE),,Luís Eduardo Magalhães - BA
2026-10-01,FEANBE I,075390,UFV.RS.BA.075390-4.1,BA,UFV,Operação,Solar,Radiação solar,Registro,Radiação solar,2023-03-13,"220,00",220,",00",Não,",00000000",",00000000",,,100% para FEANBE AGROPECUARIA E PARTICIPACOES LTDA - 40.809.473/0001-59 (REG),,Alagoinhas - BA
2026-10-01,FEANBE II,075391,UFV.RS.BA.075391-2.1,BA,UFV,Operação,Solar,Radiação solar,Registro,Radiação solar,2023-03-09,"110,00",110,",00",Não,",00000000",",00000000",,,100% para FEANBE AGROPECUARIA E PARTICIPACOES LTDA - 40.809.473/0001-59 (REG),,Alagoinhas - BA
2026-10-01,FEANBE III,075392,UFV.RS.BA.075392-0.1,BA,UFV,Operação,Solar,Radiação solar,Registro,Radiação solar,2023-07-07,"90,00",90,",00",Não,",00000000",",00000000",,,100% para FEANBE AGROPECUARIA E PARTICIPACOES LTDA - 40.809.473/0001-59 (REG),,Alagoinhas - BA
2026-10-01,CAMPO FORTE I,075418,UFV.RS.BA.075418-8.1,BA,UFV,Operação,Solar,Radiação solar,Registro,Radiação solar,2022-09-19,"185,00",185,",00",Não,",00000000",",00000000",,,100% para CERAMICA CAMPO FORTE LTDA - 17.490.767/0001-49 (REG),,Campo Alegre de Lourdes - BA
2026-10-01,USINA FERREIRA COSTA BARRIS,075475,UFV.RS.BA.075475-7.1,BA,UFV,Operação,Solar,Radiação solar,Registro,Radiação solar,2025-03-14,"1430,00",1430,",00",Não,",00000000",",00000000",,,100% para FERREIRA COSTA &amp- CIA LTDA - 10.230.480/0001-30 (REG),,Salvador - BA
2026-10-01,USINA FERREIRA COSTA PARALELA,075476,UFV.RS.BA.075476-5.1,BA,UFV,Operação,Solar,Radiação solar,Registro,Radiação solar,2025-03-14,"660,00",660,",00",Não,",00000000",",00000000",,,100% para FERREIRA COSTA &amp- CIA LTDA - 10.230.480/0001-30 (REG),,Salvador - BA
2026-10-01,MALHADA I,076048,UFV.RS.BA.076048-0.1,BA,UFV,Operação,Solar,Radiação solar,Registro,Radiação solar,2025-08-01,"5000,00",5000,",00",Não,",00000000",",00000000",,,100% para OASIS SOLAR MALHADA SPE LTDA - 44.458.064/0001-06 (REG),,Malhada - BA
2026-10-01,MERCADINHO F C LTDA,076074,UFV.RS.BA.076074-9.1,BA,UFV,Operação,Solar,Radiação solar,Registro,Radiação solar,2020-07-15,"81,00",81,",00",Não,",00000000",",00000000",,,100% para MERCADINHO F. C LTDA - 01.768.089/0001-01 (REG),,Salvador - BA
2026-10-01,FAZENDA PRATA,076103,UFV.RS.BA.076103-6.1,BA,UFV,Operação,Solar,Radiação solar,Registro,Radiação solar,2025-11-05,"2000,00",2000,",00",Não,",00000000",",00000000",,,100% para MICROPOWER ENERGIA S.A. - 30.342.038/0001-03 (REG),,Jaborandi - BA
2026-10-01,ASPERBRAS TUBOS E CONEXÕES LTDA,076105,UFV.RS.BA.076105-2.1,BA,UFV,Operação,Solar,Radiação solar,Registro,Radiação solar,2019-12-01,"180,00",180,",00",Não,",00000000",",00000000",,,100% para ASPERBRAS TUBOS E CONEXOES LTDA - 02.271.201/0001-59 (REG),,Simões Filho - BA
2026-10-01,SEDE 1,076714,UFV.RS.BA.076714-0.1,BA,UFV,Operação,Solar,Radiação solar,Registro,Radiação solar,2025-03-11,"75,00",75,",00",Não,",00000000",",00000000",,,100% para SERVICO SOCIAL DA INDUSTRIA -SESI - 03.795.086/0001-84 (REG),,Salvador - BA
2026-10-01,SEDE II,076715,UFV.RS.BA.076715-8.1,BA,UFV,Operação,Solar,Radiação solar,Registro,Radiação solar,2023-03-31,"150,00",150,",00",Não,",00000000",",00000000",,,100% para SERVICO SOCIAL DA INDUSTRIA -SESI - 03.795.086/0001-84 (REG),,Salvador - BA
2026-10-01,ITAPAGIPE-1,076716,UFV.RS.BA.076716-6.1,BA,UFV,Operação,Solar,Radiação solar,Registro,Radiação solar,2023-01-04,"245,01",245,",00",Não,",00000000",",00000000",,,100% para SERVICO SOCIAL DA INDUSTRIA -SESI - 03.795.086/0001-84 (REG),,Salvador - BA
2026-10-01,ITAPAGIPE-1,076717,UFV.RS.BA.076717-4.1,BA,UFV,Operação,Solar,Radiação solar,Registro,Radiação solar,2023-01-04,"245,01",245,",00",Não,",00000000",",00000000",,,100% para SERVICO SOCIAL DA INDUSTRIA -SESI - 03.795.086/0001-84 (REG),,Salvador - BA
2026-10-01,RETIRO-1,076718,UFV.RS.BA.076718-2.1,BA,UFV,Operação,Solar,Radiação solar,Registro,Radiação solar,2020-02-06,"240,00",240,",00",Não,",00000000",",00000000",,,100% para SERVICO SOCIAL DA INDUSTRIA -SESI - 03.795.086/0001-84 (REG),,Salvador - BA
2026-10-01,ILHÉUS-1,076719,UFV.RS.BA.076719-0.1,BA,UFV,Operação,Solar,Radiação solar,Registro,Radiação solar,2022-10-18,"150,00",150,",00",Não,",00000000",",00000000",,,100% para Serviço Nacional de Aprendizagem Industrial - 03.795.071/0001-16 (REG),,Ilhéus - BA
2026-10-01,FEIRA DE SANTANA-1,076721,UFV.RS.BA.076721-2.1,BA,UFV,Operação,Solar,Radiação solar,Registro,Radiação solar,2020-08-04,"120,00",120,",00",Não,",00000000",",00000000",,,100% para SERVICO SOCIAL DA INDUSTRIA -SESI - 03.795.086/0001-84 (REG),,Feira de Santana - BA
2026-10-01,CAMAÇARI-1,076722,UFV.RS.BA.076722-0.1,BA,UFV,Operação,Solar,Radiação solar,Registro,Radiação solar,2020-01-10,"100,00",100,",00",Não,",00000000",",00000000",,,100% para Serviço Nacional de Aprendizagem Industrial - 03.795.071/0001-16 (REG),,Camaçari - BA
2026-10-01,PIATÃ-1,076723,UFV.RS.BA.076723-9.1,BA,UFV,Operação,Solar,Radiação solar,Registro,Radiação solar,2021-05-07,"60,00",60,",00",Não,",00000000",",00000000",,,100% para SERVICO SOCIAL DA INDUSTRIA -SESI - 03.795.086/0001-84 (REG),,Salvador - BA
2026-10-01,PIATÃ-2,076724,UFV.RS.BA.076724-7.1,BA,UFV,Operação,Solar,Radiação solar,Registro,Radiação solar,2023-03-06,"260,00",260,",00",Não,",00000000",",00000000",,,100% para SERVICO SOCIAL DA INDUSTRIA -SESI - 03.795.086/0001-84 (REG),,Salvador - BA
2026-10-01,PIATÃ-3,076725,UFV.RS.BA.076725-5.1,BA,UFV,Operação,Solar,Radiação solar,Registro,Radiação solar,2025-07-04,"332,50",332,",00",Não,",00000000",",00000000",,,100% para SERVICO SOCIAL DA INDUSTRIA -SESI - 03.795.086/0001-84 (REG),,Salvador - BA
2026-10-01,CAMAÇARI-2,076726,UFV.RS.BA.076726-3.1,BA,UFV,Operação,Solar,Radiação solar,Registro,Radiação solar,2023-03-06,"120,00",120,",00",Não,",00000000",",00000000",,,100% para Serviço Nacional de Aprendizagem Industrial - 03.795.071/0001-16 (REG),,Camaçari - BA
2026-10-01,CAMAÇARI-3,076727,UFV.RS.BA.076727-1.1,BA,UFV,Operação,Solar,Radiação solar,Registro,Radiação solar,2025-07-04,"150,00",150,",00",Não,",00000000",",00000000",,,100% para Serviço Nacional de Aprendizagem Industrial - 03.795.071/0001-16 (REG),,Camaçari - BA
2026-10-01,ILHÉUS-2,076728,UFV.RS.BA.076728-0.1,BA,UFV,Operação,Solar,Radiação solar,Registro,Radiação solar,2025-07-04,"190,00",190,",00",Não,",00000000",",00000000",,,100% para Serviço Nacional de Aprendizagem Industrial - 03.795.071/0001-16 (REG),,Ilhéus - BA
2026-10-01,ITAPAGIPE-2,076729,UFV.RS.BA.076729-8.1,BA,UFV,Operação,Solar,Radiação solar,Registro,Radiação solar,2025-05-13,"370,00",370,",00",Não,",00000000",",00000000",,,100% para SERVICO SOCIAL DA INDUSTRIA -SESI - 03.795.086/0001-84 (REG),,Salvador - BA
2026-10-01,RETIRO-2,076730,UFV.RS.BA.076730-1.1,BA,UFV,Operação,Solar,Radiação solar,Registro,Radiação solar,2025-08-05,"235,02",235,",00",Não,",00000000",",00000000",,,100% para SERVICO SOCIAL DA INDUSTRIA -SESI - 03.795.086/0001-84 (REG),,Salvador - BA
2026-10-01,FEIRA DE SANTANA-2,076731,UFV.RS.BA.076731-0.1,BA,UFV,Operação,Solar,Radiação solar,Registro,Radiação solar,2025-09-22,"265,04",265,",00",Não,",00000000",",00000000",,,100% para SERVICO SOCIAL DA INDUSTRIA -SESI - 03.795.086/0001-84 (REG),,Feira de Santana - BA
2026-10-01,LAURO DE FREITAS-1,076732,UFV.RS.BA.076732-8.1,BA,UFV,Operação,Solar,Radiação solar,Registro,Radiação solar,2024-12-06,"270,00",270,",00",Não,",00000000",",00000000",,,100% para Serviço Nacional de Aprendizagem Industrial - 03.795.071/0001-16 (REG),,Lauro de Freitas - BA
2026-10-01,LAURO DE FREITAS-2,076733,UFV.RS.BA.076733-6.1,BA,UFV,Operação,Solar,Radiação solar,Registro,Radiação solar,2025-08-20,"400,00",400,",00",Não,",00000000",",00000000",,,100% para Serviço Nacional de Aprendizagem Industrial - 03.795.071/0001-16 (REG),,Lauro de Freitas - BA
2026-10-01,FEIRA DE SANTANA-1,076734,UFV.RS.BA.076734-4.1,BA,UFV,Operação,Solar,Radiação solar,Registro,Radiação solar,2025-12-04,"200,00",200,",00",Não,",00000000",",00000000",,,100% para Serviço Nacional de Aprendizagem Industrial - 03.795.071/0001-16 (REG),,Feira de Santana - BA
2026-10-01,DENDEZEIROS-1,076735,UFV.RS.BA.076735-2.1,BA,UFV,Operação,Solar,Radiação solar,Registro,Radiação solar,2024-12-19,"387,48",387,",00",Não,",00000000",",00000000",,,100% para Serviço Nacional de Aprendizagem Industrial - 03.795.071/0001-16 (REG),,Salvador - BA
2026-10-01,DENDEZEIROS-2,076736,UFV.RS.BA.076736-0.1,BA,UFV,Operação,Solar,Radiação solar,Registro,Radiação solar,2026-05-07,"450,00",450,",00",Não,",00000000",",00000000",,,100% para Serviço Nacional de Aprendizagem Industrial - 03.795.071/0001-16 (REG),,Salvador - BA
2026-10-01,JUAZEIRO-1,076737,UFV.RS.BA.076737-9.1,BA,UFV,Operação,Solar,Radiação solar,Registro,Radiação solar,2021-06-08,"260,00",260,",00",Não,",00000000",",00000000",,,100% para SERVICO SOCIAL DA INDUSTRIA -SESI - 03.795.086/0001-84 (REG),,Juazeiro - BA
2026-10-01,JUAZEIRO-1,076738,UFV.RS.BA.076738-7.1,BA,UFV,Operação,Solar,Radiação solar,Registro,Radiação solar,2021-06-08,"130,00",130,",00",Não,",00000000",",00000000",,,100% para SERVICO SOCIAL DA INDUSTRIA -SESI - 03.795.086/0001-84 (REG),,Juazeiro - BA
2026-10-01,JUAZEIRO-2,076739,UFV.RS.BA.076739-5.1,BA,UFV,Operação,Solar,Radiação solar,Registro,Radiação solar,2025-08-25,"145,02",145,",00",Não,",00000000",",00000000",,,100% para SERVICO SOCIAL DA INDUSTRIA -SESI - 03.795.086/0001-84 (REG),,Juazeiro - BA
2026-10-01,RIO VERMELHO,076740,UFV.RS.BA.076740-9.1,BA,UFV,Operação,Solar,Radiação solar,Registro,Radiação solar,2022-08-17,"20,00",20,",00",Não,",00000000",",00000000",,,100% para SERVICO SOCIAL DA INDUSTRIA -SESI - 03.795.086/0001-84 (REG),,Salvador - BA
2026-10-01,CETREL ETE,076742,UFV.RS.BA.076742-5.1,BA,UFV,Operação,Solar,Radiação solar,Registro,Radiação solar,2026-06-01,"3500,00",3500,",00",Não,",00000000",",00000000",,,100% para CETREL S.A. - 14.414.973/0001-81 (REG),,Camaçari - BA
2026-10-01,ALAGOINHAS-1,076766,UFV.RS.BA.076766-2.1,BA,UFV,Operação,Solar,Radiação solar,Registro,Radiação solar,2024-11-12,"100,00",100,",00",Não,",00000000",",00000000",,,100% para Serviço Nacional de Aprendizagem Industrial - 03.795.071/0001-16 (REG),,Alagoinhas - BA
2026-10-01,ALAGOINHAS-2,076767,UFV.RS.BA.076767-0.1,BA,UFV,Operação,Solar,Radiação solar,Registro,Radiação solar,2025-12-10,"100,00",100,",00",Não,",00000000",",00000000",,,100% para Serviço Nacional de Aprendizagem Industrial - 03.795.071/0001-16 (REG),,Alagoinhas - BA
2026-10-01,TEIXEIRA DE FREITAS,076771,UFV.RS.BA.076771-9.1,BA,UFV,Operação,Solar,Radiação solar,Registro,Radiação solar,2023-04-18,"100,00",100,",00",Não,",00000000",",00000000",,,100% para Serviço Nacional de Aprendizagem Industrial - 03.795.071/0001-16 (REG),,Teixeira de Freitas - BA
2026-10-01,VITÓRIA DA CONQUISTA-1,076772,UFV.RS.BA.076772-7.1,BA,UFV,Operação,Solar,Radiação solar,Registro,Radiação solar,2022-12-07,"120,00",120,",00",Não,",00000000",",00000000",,,100% para SERVICO SOCIAL DA INDUSTRIA -SESI - 03.795.086/0001-84 (REG),,Vitória da Conquista - BA
2026-10-01,VITÓRIA DA CONQUISTA-2,076773,UFV.RS.BA.076773-5.1,BA,UFV,Operação,Solar,Radiação solar,Registro,Radiação solar,2025-06-18,"120,00",120,",00",Não,",00000000",",00000000",,,100% para SERVICO SOCIAL DA INDUSTRIA -SESI - 03.795.086/0001-84 (REG),,Vitória da Conquista - BA
2026-10-01,BARREIRAS-1,076780,UFV.RS.BA.076780-8.1,BA,UFV,Operação,Solar,Radiação solar,Registro,Radiação solar,2020-02-06,"80,00",80,",00",Não,",00000000",",00000000",,,100% para SERVICO SOCIAL DA INDUSTRIA -SESI - 03.795.086/0001-84 (REG),,Barreiras - BA
2026-10-01,BARREIRAS-2,076781,UFV.RS.BA.076781-6.1,BA,UFV,Operação,Solar,Radiação solar,Registro,Radiação solar,2025-07-04,"95,00",95,",00",Não,",00000000",",00000000",,,100% para SERVICO SOCIAL DA INDUSTRIA -SESI - 03.795.086/0001-84 (REG),,Barreiras - BA
2026-10-01,LUÍS EDUARDO MAGALHÃES-1,076784,UFV.RS.BA.076784-0.1,BA,UFV,Operação,Solar,Radiação solar,Registro,Radiação solar,2022-07-26,"120,00",120,",00",Não,",00000000",",00000000",,,100% para SERVICO SOCIAL DA INDUSTRIA -SESI - 03.795.086/0001-84 (REG),,Luís Eduardo Magalhães - BA
2026-10-01,LUÍS EDUARDO MAGALHÃES-2,076785,UFV.RS.BA.076785-9.1,BA,UFV,Operação,Solar,Radiação solar,Registro,Radiação solar,2025-03-28,"95,01",95,",00",Não,",00000000",",00000000",,,100% para SERVICO SOCIAL DA INDUSTRIA -SESI - 03.795.086/0001-84 (REG),,Luís Eduardo Magalhães - BA
2026-10-01,ITAPAGIPE,076787,UFV.RS.BA.076787-5.1,BA,UFV,Operação,Solar,Radiação solar,Registro,Radiação solar,2023-01-04,"615,01",615,",00",Não,",00000000",",00000000",,,100% para SERVICO SOCIAL DA INDUSTRIA -SESI - 03.795.086/0001-84 (REG),,Salvador - BA
2026-10-01,CAMAÇARI,076788,UFV.RS.BA.076788-3.1,BA,UFV,Operação,Solar,Radiação solar,Registro,Radiação solar,2020-01-10,"370,02",370,",00",Não,",00000000",",00000000",,,100% para Serviço Nacional de Aprendizagem Industrial - 03.795.071/0001-16 (REG),,Camaçari - BA
2026-10-01,DENDEZEIROS,076789,UFV.RS.BA.076789-1.1,BA,UFV,Operação,Solar,Radiação solar,Registro,Radiação solar,2024-12-19,"837,48",837,",00",Não,",00000000",",00000000",,,100% para Serviço Nacional de Aprendizagem Industrial - 03.795.071/0001-16 (REG),,Salvador - BA
2026-10-01,ILHÉUS,076790,UFV.RS.BA.076790-5.1,BA,UFV,Operação,Solar,Radiação solar,Registro,Radiação solar,2022-10-18,"340,02",340,",00",Não,",00000000",",00000000",,,100% para Serviço Nacional de Aprendizagem Industrial - 03.795.071/0001-16 (REG),,Ilhéus - BA
2026-10-01,LAURO DE FREITAS,076791,UFV.RS.BA.076791-3.1,BA,UFV,Operação,Solar,Radiação solar,Registro,Radiação solar,2024-12-06,"670,08",670,",00",Não,",00000000",",00000000",,,100% para Serviço Nacional de Aprendizagem Industrial - 03.795.071/0001-16 (REG),,Lauro de Freitas - BA
2026-10-01,FEIRA DE SANTANA,076792,UFV.RS.BA.076792-1.1,BA,UFV,Operação,Solar,Radiação solar,Registro,Radiação solar,2020-08-04,"385,00",385,",00",Não,",00000000",",00000000",,,100% para SERVICO SOCIAL DA INDUSTRIA -SESI - 03.795.086/0001-84 (REG),,Feira de Santana - BA
2026-10-01,PIATÃ,076793,UFV.RS.BA.076793-0.1,BA,UFV,Operação,Solar,Radiação solar,Registro,Radiação solar,2021-05-07,"652,48",652,",00",Não,",00000000",",00000000",,,100% para SERVICO SOCIAL DA INDUSTRIA -SESI - 03.795.086/0001-84 (REG),,Salvador - BA
2026-10-01,RETIRO,076794,UFV.RS.BA.076794-8.1,BA,UFV,Operação,Solar,Radiação solar,Registro,Radiação solar,2020-02-06,"475,00",475,",00",Não,",00000000",",00000000",,,100% para SERVICO SOCIAL DA INDUSTRIA -SESI - 03.795.086/0001-84 (REG),,Salvador - BA
2026-10-01,CAMAÇARI,076796,UFV.RS.BA.076796-4.1,BA,UFV,Operação,Solar,Radiação solar,Registro,Radiação solar,2020-01-10,"370,00",370,",00",Não,",00000000",",00000000",,,100% para Serviço Nacional de Aprendizagem Industrial - 03.795.071/0001-16 (REG),,Camaçari - BA
2026-10-01,RETIRO,076797,UFV.RS.BA.076797-2.1,BA,UFV,Operação,Solar,Radiação solar,Registro,Radiação solar,2020-02-06,"475,02",475,",00",Não,",00000000",",00000000",,,100% para SERVICO SOCIAL DA INDUSTRIA -SESI - 03.795.086/0001-84 (REG),,Salvador - BA
2026-10-01,PIATÃ,076798,UFV.RS.BA.076798-0.1,BA,UFV,Operação,Solar,Radiação solar,Registro,Radiação solar,2021-05-07,"652,50",652,",00",Não,",00000000",",00000000",,,100% para SERVICO SOCIAL DA INDUSTRIA -SESI - 03.795.086/0001-84 (REG),,Salvador - BA
2026-10-01,FEIRA DE SANTANA,076799,UFV.RS.BA.076799-9.1,BA,UFV,Operação,Solar,Radiação solar,Registro,Radiação solar,2020-08-04,"385,04",385,",00",Não,",00000000",",00000000",,,100% para SERVICO SOCIAL DA INDUSTRIA -SESI - 03.795.086/0001-84 (REG),,Feira de Santana - BA
2026-10-01,LAURO DE FREITAS,076800,UFV.RS.BA.076800-6.1,BA,UFV,Operação,Solar,Radiação solar,Registro,Radiação solar,2024-12-06,"670,00",670,",00",Não,",00000000",",00000000",,,100% para Serviço Nacional de Aprendizagem Industrial - 03.795.071/0001-16 (REG),,Lauro de Freitas - BA
2026-10-01,ILHÉUS,076801,UFV.RS.BA.076801-4.1,BA,UFV,Operação,Solar,Radiação solar,Registro,Radiação solar,2022-10-18,"340,00",340,",00",Não,",00000000",",00000000",,,100% para Serviço Nacional de Aprendizagem Industrial - 03.795.071/0001-16 (REG),,Ilhéus - BA
2026-10-01,DENDEZEIROS,076802,UFV.RS.BA.076802-2.1,BA,UFV,Operação,Solar,Radiação solar,Registro,Radiação solar,2024-12-19,"837,48",837,",00",Não,",00000000",",00000000",,,100% para Serviço Nacional de Aprendizagem Industrial - 03.795.071/0001-16 (REG),,Salvador - BA
2026-10-01,ITAPAGIPE,076803,UFV.RS.BA.076803-0.1,BA,UFV,Operação,Solar,Radiação solar,Registro,Radiação solar,2023-01-04,"615,01",615,",00",Não,",00000000",",00000000",,,100% para SERVICO SOCIAL DA INDUSTRIA -SESI - 03.795.086/0001-84 (REG),,Salvador - BA
2026-10-01,DENDEZEIROS,076806,UFV.RS.BA.076806-5.1,BA,UFV,Operação,Solar,Radiação solar,Registro,Radiação solar,2024-12-19,"837,50",837,",00",Não,",00000000",",00000000",,,100% para Serviço Nacional de Aprendizagem Industrial - 03.795.071/0001-16 (REG),,Salvador - BA
2026-10-01,RETIRO,076807,UFV.RS.BA.076807-3.1,BA,UFV,Operação,Solar,Radiação solar,Registro,Radiação solar,2020-02-06,"475,00",475,",00",Não,",00000000",",00000000",,,100% para SERVICO SOCIAL DA INDUSTRIA -SESI - 03.795.086/0001-84 (REG),,Salvador - BA
2026-10-01,ILHÉUS,076808,UFV.RS.BA.076808-1.1,BA,UFV,Operação,Solar,Radiação solar,Registro,Radiação solar,2022-10-18,"340,00",340,",00",Não,",00000000",",00000000",,,100% para Serviço Nacional de Aprendizagem Industrial - 03.795.071/0001-16 (REG),,Ilhéus - BA
2026-10-01,FEIRA DE SANTANA,076809,UFV.RS.BA.076809-0.1,BA,UFV,Operação,Solar,Radiação solar,Registro,Radiação solar,2020-08-04,"385,00",385,",00",Não,",00000000",",00000000",,,100% para SERVICO SOCIAL DA INDUSTRIA -SESI - 03.795.086/0001-84 (REG),,Feira de Santana - BA
2026-10-01,ITAPAGIPE,076810,UFV.RS.BA.076810-3.1,BA,UFV,Operação,Solar,Radiação solar,Registro,Radiação solar,2023-01-04,"615,00",615,",00",Não,",00000000",",00000000",,,100% para SERVICO SOCIAL DA INDUSTRIA -SESI - 03.795.086/0001-84 (REG),,Salvador - BA
2026-10-01,PIATÃ,076811,UFV.RS.BA.076811-1.1,BA,UFV,Operação,Solar,Radiação solar,Registro,Radiação solar,2021-05-07,"652,50",652,",00",Não,",00000000",",00000000",,,100% para SERVICO SOCIAL DA INDUSTRIA -SESI - 03.795.086/0001-84 (REG),,Salvador - BA
