DatGeracaoConjuntoDados,NumCNPJAgenteDistribuidora,SigAgenteDistribuidora,NomAgenteDistribuidora,NomTipoMercado,DscModalidadeTarifaria,DscSubGrupoTarifario,DscClasseConsumoMercado,DscSubClasseConsumidor,DscDetalheConsumidor,IdeNucleoCeg,NumCNPJAgenteAcessante,NomAgenteAcessante,DscPostoTarifario,DscOpcaoEnergia,DscDetalheMercado,DatCompetencia,VlrMercado
2026-09-15T00:00:00.000,15139629000194,COELBA,COMPANHIA DE ELETRICIDADE DO ESTADO DA BAHIA COELBA,Sistema Individual - Regular,Energia Fotovoltaica (Res. 083/2004),B1,Residencial,Residencial,Não se aplica,0,37121669900.0,Não se aplica,Não se aplica,CATIVO,ICMS (R$),2024-01-01T00:00:00.000,"31581,320000"
2026-09-15T00:00:00.000,15139629000194,COELBA,COMPANHIA DE ELETRICIDADE DO ESTADO DA BAHIA COELBA,Regular,Convencional,B1,Residencial,Residencial baixa renda – faixa 01,Não se aplica,0,37121669900.0,Não se aplica,Não se aplica,CATIVO,ICMS (R$),2024-01-01T00:00:00.000,"10278774,260000"
2026-09-15T00:00:00.000,15139629000194,COELBA,COMPANHIA DE ELETRICIDADE DO ESTADO DA BAHIA COELBA,Refaturamento - Regular,Azul,A3,Industrial,Não se aplica,Fonte incentivada,0,,Não se aplica,Fora ponta,LIVRE,Demanda Faturada (kW),2024-01-01T00:00:00.000,"-12810,000000"
2026-09-15T00:00:00.000,15139629000194,COELBA,COMPANHIA DE ELETRICIDADE DO ESTADO DA BAHIA COELBA,Regular,Geração,A3a,Não se aplica,Não se aplica,Não se aplica,35426,0.0,TAPUIAS,Não se aplica,GERAÇÃO,Demanda Faturada (kW),2024-01-01T00:00:00.000,"1800,000000"
2026-09-15T00:00:00.000,15139629000194,COELBA,COMPANHIA DE ELETRICIDADE DO ESTADO DA BAHIA COELBA,Sistema Individual - Refaturamento,Energia Fotovoltaica (Res. 083/2004),B1,Residencial,Residencial,Não se aplica,0,37121669900.0,Não se aplica,Não se aplica,CATIVO,COFINS (R$),2024-01-01T00:00:00.000,"-22,450000"
2026-09-15T00:00:00.000,15139629000194,COELBA,COMPANHIA DE ELETRICIDADE DO ESTADO DA BAHIA COELBA,Refaturamento - Regular,Convencional,B1,Residencial,Residencial baixa renda – faixa 04,Não se aplica,0,37121669900.0,Não se aplica,Não se aplica,CATIVO,COFINS (R$),2024-01-01T00:00:00.000,"-2060,060000"
2026-09-15T00:00:00.000,15139629000194,COELBA,COMPANHIA DE ELETRICIDADE DO ESTADO DA BAHIA COELBA,Refaturamento - Regular,Azul,A3,Industrial,Não se aplica,Fonte incentivada,0,,Não se aplica,Ponta,LIVRE,Receita Demanda (R$),2024-01-01T00:00:00.000,"-299552,590000"
2026-09-15T00:00:00.000,15139629000194,COELBA,COMPANHIA DE ELETRICIDADE DO ESTADO DA BAHIA COELBA,Regular,Geração,A3a,Não se aplica,Não se aplica,Não se aplica,35426,0.0,TAPUIAS,Não se aplica,GERAÇÃO,Demanda Contratada kW,2024-01-01T00:00:00.000,"1800,000000"
2026-09-15T00:00:00.000,15139629000194,COELBA,COMPANHIA DE ELETRICIDADE DO ESTADO DA BAHIA COELBA,Sistema Individual - Regular,Energia Fotovoltaica (Res. 083/2004),B1,Residencial,Residencial baixa renda – faixa 01,Não se aplica,0,37121669900.0,Não se aplica,Não se aplica,CATIVO,Energia TE (kWh),2024-01-01T00:00:00.000,"20323,000000"
2026-09-15T00:00:00.000,15139629000194,COELBA,COMPANHIA DE ELETRICIDADE DO ESTADO DA BAHIA COELBA,Sistema de Compensação GD I,Convencional,B1,Residencial,Residencial baixa renda – faixa 04,Não se aplica,0,37121669900.0,Não se aplica,Não se aplica,CATIVO,PIS/PASEP (R$),2024-01-01T00:00:00.000,"2828,000000"
2026-09-15T00:00:00.000,15139629000194,COELBA,COMPANHIA DE ELETRICIDADE DO ESTADO DA BAHIA COELBA,Refaturamento - Regular,Azul,A3,Industrial,Não se aplica,Fonte incentivada,0,,Não se aplica,Fora ponta,LIVRE,Desconto Demanda %,2024-01-01T00:00:00.000,"33,073049"
2026-09-15T00:00:00.000,15139629000194,COELBA,COMPANHIA DE ELETRICIDADE DO ESTADO DA BAHIA COELBA,Regular,Geração,A2,Não se aplica,Não se aplica,Não se aplica,31771,0.0,Ventos da Bahia VIII,Não se aplica,GERAÇÃO,Desconto Demanda %,2024-01-01T00:00:00.000,"50,000000"
2026-09-15T00:00:00.000,15139629000194,COELBA,COMPANHIA DE ELETRICIDADE DO ESTADO DA BAHIA COELBA,Sistema Individual - Regular,Energia Fotovoltaica (Res. 083/2004),B1,Residencial,Residencial baixa renda – faixa 01,Não se aplica,0,37121669900.0,Não se aplica,Não se aplica,CATIVO,Receita Energia (R$),2024-01-01T00:00:00.000,"5108,680000"
2026-09-15T00:00:00.000,15139629000194,COELBA,COMPANHIA DE ELETRICIDADE DO ESTADO DA BAHIA COELBA,Refaturamento - Regular,Branca,B1,Residencial,Residencial,Não se aplica,0,37121669900.0,Não se aplica,Ponta,CATIVO,Energia TE (kWh),2024-01-01T00:00:00.000,"-2895,000000"
2026-09-15T00:00:00.000,15139629000194,COELBA,COMPANHIA DE ELETRICIDADE DO ESTADO DA BAHIA COELBA,Refaturamento - Regular,Azul,A3,Industrial,Não se aplica,Fonte incentivada,0,,Não se aplica,Não se aplica,LIVRE,Energia TUSD (kWh),2024-01-01T00:00:00.000,"-6199780,000000"
2026-09-15T00:00:00.000,15139629000194,COELBA,COMPANHIA DE ELETRICIDADE DO ESTADO DA BAHIA COELBA,Regular,Geração,A2,Não se aplica,Não se aplica,Não se aplica,31771,0.0,Ventos da Bahia VIII,Não se aplica,GERAÇÃO,PIS/COFINS (R$),2024-01-01T00:00:00.000,"4167,590000"
2026-09-15T00:00:00.000,15139629000194,COELBA,COMPANHIA DE ELETRICIDADE DO ESTADO DA BAHIA COELBA,Sistema Individual - Regular,Energia Fotovoltaica (Res. 083/2004),B1,Residencial,Residencial baixa renda – faixa 01,Não se aplica,0,37121669900.0,Não se aplica,Não se aplica,CATIVO,ICMS (R$),2024-01-01T00:00:00.000,"37,910000"
2026-09-15T00:00:00.000,15139629000194,COELBA,COMPANHIA DE ELETRICIDADE DO ESTADO DA BAHIA COELBA,Sistema Individual - Regular,Energia Fotovoltaica (Res. 083/2004),B1,Residencial,Residencial,Não se aplica,0,37121669900.0,Não se aplica,Não se aplica,CATIVO,Número de consumidores,2024-01-01T00:00:00.000,"8789,000000"
2026-09-15T00:00:00.000,15139629000194,COELBA,COMPANHIA DE ELETRICIDADE DO ESTADO DA BAHIA COELBA,Refaturamento - Regular,Azul,A4,Industrial,Não se aplica,Fonte incentivada,0,,Não se aplica,Não se aplica,LIVRE,ICMS (R$),2024-01-01T00:00:00.000,"-66174,230000"
2026-09-15T00:00:00.000,15139629000194,COELBA,COMPANHIA DE ELETRICIDADE DO ESTADO DA BAHIA COELBA,Regular,Geração,A2,Não se aplica,Não se aplica,Não se aplica,31771,0.0,Ventos da Bahia VIII,Não se aplica,GERAÇÃO,Demanda Faturada (kW),2024-01-01T00:00:00.000,"26374,000000"
2026-09-15T00:00:00.000,15139629000194,COELBA,COMPANHIA DE ELETRICIDADE DO ESTADO DA BAHIA COELBA,Sistema de Compensação GD I,Branca,B1,Residencial,Residencial,Não se aplica,0,37121669900.0,Não se aplica,Ponta,CATIVO,Energia TE (kWh),2024-01-01T00:00:00.000,"8115,000000"
2026-09-15T00:00:00.000,15139629000194,COELBA,COMPANHIA DE ELETRICIDADE DO ESTADO DA BAHIA COELBA,Sistema Individual - Regular,Energia Fotovoltaica (Res. 083/2004),B1,Residencial,Residencial,Não se aplica,0,37121669900.0,Não se aplica,Não se aplica,CATIVO,PIS/PASEP (R$),2024-01-01T00:00:00.000,"1117,130000"
2026-09-15T00:00:00.000,15139629000194,COELBA,COMPANHIA DE ELETRICIDADE DO ESTADO DA BAHIA COELBA,Refaturamento - Regular,Verde,A4,Industrial,Não se aplica,Fonte incentivada,0,,Não se aplica,Não se aplica,LIVRE,Número de Consumidores,2024-01-01T00:00:00.000,"12,000000"
2026-09-15T00:00:00.000,15139629000194,COELBA,COMPANHIA DE ELETRICIDADE DO ESTADO DA BAHIA COELBA,Regular,Geração,A2,Não se aplica,Não se aplica,Não se aplica,31771,0.0,Ventos da Bahia VIII,Não se aplica,GERAÇÃO,Demanda Contratada kW,2024-01-01T00:00:00.000,"26210,000000"
2026-09-15T00:00:00.000,15139629000194,COELBA,COMPANHIA DE ELETRICIDADE DO ESTADO DA BAHIA COELBA,Sistema de Compensação GD I,Branca,B1,Residencial,Residencial,Não se aplica,0,37121669900.0,Não se aplica,Não se aplica,CATIVO,Número de consumidores,2024-01-01T00:00:00.000,"255,000000"
2026-09-15T00:00:00.000,15139629000194,COELBA,COMPANHIA DE ELETRICIDADE DO ESTADO DA BAHIA COELBA,Sistema Individual - Regular,Energia Fotovoltaica (Res. 083/2004),B1,Residencial,Residencial baixa renda – faixa 01,Não se aplica,0,37121669900.0,Não se aplica,Não se aplica,CATIVO,Número de consumidores,2024-01-01T00:00:00.000,"1544,000000"
2026-09-15T00:00:00.000,15139629000194,COELBA,COMPANHIA DE ELETRICIDADE DO ESTADO DA BAHIA COELBA,Refaturamento - Regular,Verde,A4,Industrial,Não se aplica,Fonte incentivada,0,,Não se aplica,Ponta,LIVRE,Receita Energia (R$),2024-01-01T00:00:00.000,"-264960,430000"
2026-09-15T00:00:00.000,15139629000194,COELBA,COMPANHIA DE ELETRICIDADE DO ESTADO DA BAHIA COELBA,Regular,Geração,A2,Não se aplica,Não se aplica,Não se aplica,31771,0.0,Ventos da Bahia VIII,Não se aplica,GERAÇÃO,Receita Demanda (R$),2024-01-01T00:00:00.000,"75824,820000"
2026-09-15T00:00:00.000,15139629000194,COELBA,COMPANHIA DE ELETRICIDADE DO ESTADO DA BAHIA COELBA,Refaturamento - Regular,Convencional,B1,Residencial,Residencial baixa renda – faixa 04,Não se aplica,0,37121669900.0,Não se aplica,Não se aplica,CATIVO,Receita Bandeiras (R$),2024-01-01T00:00:00.000,"-811,260000"
2026-09-15T00:00:00.000,15139629000194,COELBA,COMPANHIA DE ELETRICIDADE DO ESTADO DA BAHIA COELBA,Refaturamento - Regular,Branca,B1,Residencial,Residencial,Não se aplica,0,37121669900.0,Não se aplica,Não se aplica,CATIVO,Número de consumidores,2024-01-01T00:00:00.000,"7,000000"
2026-09-15T00:00:00.000,15139629000194,COELBA,COMPANHIA DE ELETRICIDADE DO ESTADO DA BAHIA COELBA,Refaturamento - Regular,Verde,A4,Industrial,Não se aplica,Fonte incentivada,0,,Não se aplica,Ponta,LIVRE,Desconto Energia TUSD %,2024-01-01T00:00:00.000,"31,864574"
2026-09-15T00:00:00.000,15139629000194,COELBA,COMPANHIA DE ELETRICIDADE DO ESTADO DA BAHIA COELBA,Regular,Geração,A3,Não se aplica,Não se aplica,Não se aplica,34387,0.0,Sobrado 1,Não se aplica,GERAÇÃO,Demanda Faturada (kW),2024-01-01T00:00:00.000,"29900,000000"
2026-09-15T00:00:00.000,15139629000194,COELBA,COMPANHIA DE ELETRICIDADE DO ESTADO DA BAHIA COELBA,Sistema de Compensação GD II,Convencional,B1,Residencial,Residencial baixa renda – faixa 04,Não se aplica,0,37121669900.0,Não se aplica,Não se aplica,CATIVO,Energia Consumida (kWh),2024-01-01T00:00:00.000,"3123,000000"
2026-09-15T00:00:00.000,15139629000194,COELBA,COMPANHIA DE ELETRICIDADE DO ESTADO DA BAHIA COELBA,Sistema de Compensação GD I,Verde,A4,Residencial,Residencial,Não se aplica,0,37121669900.0,Não se aplica,Fora ponta,CATIVO,Energia compensada (kWh),2024-01-01T00:00:00.000,"1797,000000"
2026-09-15T00:00:00.000,15139629000194,COELBA,COMPANHIA DE ELETRICIDADE DO ESTADO DA BAHIA COELBA,Regular,Verde,A4,Industrial,Não se aplica,Fonte incentivada,0,,Não se aplica,Não se aplica,LIVRE,Número de Consumidores,2024-01-01T00:00:00.000,"898,000000"
2026-09-15T00:00:00.000,15139629000194,COELBA,COMPANHIA DE ELETRICIDADE DO ESTADO DA BAHIA COELBA,Regular,Geração,A3,Não se aplica,Não se aplica,Não se aplica,34387,0.0,Sobrado 1,Não se aplica,GERAÇÃO,Desconto Demanda %,2024-01-01T00:00:00.000,"50,000000"
2026-09-15T00:00:00.000,15139629000194,COELBA,COMPANHIA DE ELETRICIDADE DO ESTADO DA BAHIA COELBA,Sistema de Compensação GD I,Convencional,B1,Residencial,Residencial baixa renda – faixa 04,Não se aplica,0,37121669900.0,Não se aplica,Não se aplica,CATIVO,Energia compensada (kWh),2024-01-01T00:00:00.000,"1197758,000000"
2026-09-15T00:00:00.000,15139629000194,COELBA,COMPANHIA DE ELETRICIDADE DO ESTADO DA BAHIA COELBA,Regular,Branca,B1,Residencial,Residencial,Não se aplica,0,37121669900.0,Não se aplica,Ponta,CATIVO,Energia TE (kWh),2024-01-01T00:00:00.000,"55103,000000"
2026-09-15T00:00:00.000,15139629000194,COELBA,COMPANHIA DE ELETRICIDADE DO ESTADO DA BAHIA COELBA,Regular,Verde,A4,Industrial,Não se aplica,Fonte incentivada,0,,Não se aplica,Não se aplica,LIVRE,PIS/COFINS (R$),2024-01-01T00:00:00.000,"1724444,140000"
2026-09-15T00:00:00.000,15139629000194,COELBA,COMPANHIA DE ELETRICIDADE DO ESTADO DA BAHIA COELBA,Regular,Geração,A3,Não se aplica,Não se aplica,Não se aplica,34387,0.0,Sobrado 1,Não se aplica,GERAÇÃO,PIS/COFINS (R$),2024-01-01T00:00:00.000,"8028,170000"
2026-09-15T00:00:00.000,15139629000194,COELBA,COMPANHIA DE ELETRICIDADE DO ESTADO DA BAHIA COELBA,Sistema de Compensação GD I,Branca,B1,Residencial,Residencial,Não se aplica,0,37121669900.0,Não se aplica,Intermediário,CATIVO,Receita Energia (R$),2024-01-01T00:00:00.000,"3081,000000"
2026-09-15T00:00:00.000,15139629000194,COELBA,COMPANHIA DE ELETRICIDADE DO ESTADO DA BAHIA COELBA,Refaturamento - Regular,Branca,B1,Residencial,Residencial,Não se aplica,0,37121669900.0,Não se aplica,Fora ponta,CATIVO,Energia TE (kWh),2024-01-01T00:00:00.000,"-3311,000000"
2026-09-15T00:00:00.000,15139629000194,COELBA,COMPANHIA DE ELETRICIDADE DO ESTADO DA BAHIA COELBA,Regular,Geração,A3a,Não se aplica,Não se aplica,Não se aplica,,0.0,GD (GRUPO A),Não se aplica,GERAÇÃO,ICMS (R$),2024-01-01T00:00:00.000,"10929,910000"
2026-09-15T00:00:00.000,15139629000194,COELBA,COMPANHIA DE ELETRICIDADE DO ESTADO DA BAHIA COELBA,Regular,Geração,A3,Não se aplica,Não se aplica,Não se aplica,34387,0.0,Sobrado 1,Não se aplica,GERAÇÃO,Demanda Contratada kW,2024-01-01T00:00:00.000,"29900,000000"
2026-09-15T00:00:00.000,15139629000194,COELBA,COMPANHIA DE ELETRICIDADE DO ESTADO DA BAHIA COELBA,Refaturamento - Regular,Branca,B1,Residencial,Residencial,Não se aplica,0,37121669900.0,Não se aplica,Intermediário,CATIVO,Energia TE (kWh),2024-01-01T00:00:00.000,"-1387,000000"
2026-09-15T00:00:00.000,15139629000194,COELBA,COMPANHIA DE ELETRICIDADE DO ESTADO DA BAHIA COELBA,Refaturamento - Regular,Convencional,B1,Residencial,Residencial baixa renda – faixa 04,Não se aplica,0,37121669900.0,Não se aplica,Não se aplica,CATIVO,ICMS (R$),2024-01-01T00:00:00.000,"-14594,450000"
2026-09-15T00:00:00.000,15139629000194,COELBA,COMPANHIA DE ELETRICIDADE DO ESTADO DA BAHIA COELBA,Regular,Distribuição,A4,Não se aplica,Não se aplica,Não se aplica,0,6981180000116.0,CEMIG DISTRIBUIÇÃO S.A,Fora ponta,DISTRIBUIÇÃO,Demanda Faturada (kW),2024-01-01T00:00:00.000,"80,000000"
2026-09-15T00:00:00.000,15139629000194,COELBA,COMPANHIA DE ELETRICIDADE DO ESTADO DA BAHIA COELBA,Regular,Geração,A3,Não se aplica,Não se aplica,Não se aplica,34387,0.0,Sobrado 1,Não se aplica,GERAÇÃO,Receita Demanda (R$),2024-01-01T00:00:00.000,"146063,600000"
2026-09-15T00:00:00.000,15139629000194,COELBA,COMPANHIA DE ELETRICIDADE DO ESTADO DA BAHIA COELBA,Regular,Verde,A4,Comercial,Não se aplica,Não se aplica,0,37121669900.0,Não se aplica,Não se aplica,CATIVO,ICMS (R$),2024-01-01T00:00:00.000,"10478040,820000"
2026-09-15T00:00:00.000,15139629000194,COELBA,COMPANHIA DE ELETRICIDADE DO ESTADO DA BAHIA COELBA,Regular,Convencional,B1,Residencial,Residencial baixa renda – faixa 04,Não se aplica,0,37121669900.0,Não se aplica,Não se aplica,CATIVO,Energia TE (kWh),2024-01-01T00:00:00.000,"12338954,000000"
2026-09-15T00:00:00.000,15139629000194,COELBA,COMPANHIA DE ELETRICIDADE DO ESTADO DA BAHIA COELBA,Regular,Distribuição,A4,Não se aplica,Não se aplica,Não se aplica,0,6981180000116.0,CEMIG DISTRIBUIÇÃO S.A,Ponta,DISTRIBUIÇÃO,Receita Demanda (R$),2024-01-01T00:00:00.000,"3782,390000"
2026-09-15T00:00:00.000,15139629000194,COELBA,COMPANHIA DE ELETRICIDADE DO ESTADO DA BAHIA COELBA,Regular,Geração,A2,Não se aplica,Não se aplica,Não se aplica,31770,0.0,Ventos da Bahia IV,Não se aplica,GERAÇÃO,Receita Demanda (R$),2024-01-01T00:00:00.000,"59443,090000"
2026-09-15T00:00:00.000,15139629000194,COELBA,COMPANHIA DE ELETRICIDADE DO ESTADO DA BAHIA COELBA,Regular,Azul,A3,Industrial,Não se aplica,Não se aplica,0,37121669900.0,Não se aplica,Ponta,CATIVO,Receita Ultrapassagem Demanda (R$),2024-01-01T00:00:00.000,"87936,980000"
2026-09-15T00:00:00.000,15139629000194,COELBA,COMPANHIA DE ELETRICIDADE DO ESTADO DA BAHIA COELBA,Sistema de Compensação GD II,Convencional,B1,Residencial,Residencial baixa renda – faixa 04,Não se aplica,0,37121669900.0,Não se aplica,Não se aplica,CATIVO,Receita Energia (R$),2024-01-01T00:00:00.000,"1045,000000"
2026-09-15T00:00:00.000,15139629000194,COELBA,COMPANHIA DE ELETRICIDADE DO ESTADO DA BAHIA COELBA,Regular,Distribuição,A4,Não se aplica,Não se aplica,Não se aplica,0,6981180000116.0,CEMIG DISTRIBUIÇÃO S.A,Não se aplica,DISTRIBUIÇÃO,PIS/COFINS (R$),2024-01-01T00:00:00.000,"298,640000"
2026-09-15T00:00:00.000,15139629000194,COELBA,COMPANHIA DE ELETRICIDADE DO ESTADO DA BAHIA COELBA,Regular,Geração,A2,Não se aplica,Não se aplica,Não se aplica,31770,0.0,Ventos da Bahia IV,Não se aplica,GERAÇÃO,Demanda Faturada (kW),2024-01-01T00:00:00.000,"11736,000000"
2026-09-15T00:00:00.000,15139629000194,COELBA,COMPANHIA DE ELETRICIDADE DO ESTADO DA BAHIA COELBA,Regular,Azul,A3,Industrial,Não se aplica,Não se aplica,0,37121669900.0,Não se aplica,Fora ponta,CATIVO,Ultrapassagem Demanda (kW),2024-01-01T00:00:00.000,"1465,000000"
2026-09-15T00:00:00.000,15139629000194,COELBA,COMPANHIA DE ELETRICIDADE DO ESTADO DA BAHIA COELBA,Sistema de Compensação GD I,Convencional,B1,Residencial,Residencial baixa renda – faixa 03,Não se aplica,0,37121669900.0,Não se aplica,Não se aplica,CATIVO,Energia Consumida (kWh),2024-01-01T00:00:00.000,"130287,000000"
2026-09-15T00:00:00.000,15139629000194,COELBA,COMPANHIA DE ELETRICIDADE DO ESTADO DA BAHIA COELBA,Regular,Distribuição,A4,Não se aplica,Não se aplica,Não se aplica,0,6981180000116.0,CEMIG DISTRIBUIÇÃO S.A,Ponta,DISTRIBUIÇÃO,Demanda Faturada (kW),2024-01-01T00:00:00.000,"80,000000"
2026-09-15T00:00:00.000,15139629000194,COELBA,COMPANHIA DE ELETRICIDADE DO ESTADO DA BAHIA COELBA,Regular,Geração,A2,Não se aplica,Não se aplica,Não se aplica,31770,0.0,Ventos da Bahia IV,Não se aplica,GERAÇÃO,Demanda Contratada kW,2024-01-01T00:00:00.000,"11650,000000"
2026-09-15T00:00:00.000,15139629000194,COELBA,COMPANHIA DE ELETRICIDADE DO ESTADO DA BAHIA COELBA,Regular,Azul,A3,Industrial,Não se aplica,Não se aplica,0,37121669900.0,Não se aplica,Não se aplica,CATIVO,ICMS (R$),2024-01-01T00:00:00.000,"992725,490000"
2026-09-15T00:00:00.000,15139629000194,COELBA,COMPANHIA DE ELETRICIDADE DO ESTADO DA BAHIA COELBA,Sistema de Compensação GD II,Verde,A4,Comercial,Não se aplica,Não se aplica,0,37121669900.0,Não se aplica,Não se aplica,CATIVO,COFINS (R$),2024-01-01T00:00:00.000,"5373,000000"
2026-09-15T00:00:00.000,15139629000194,COELBA,COMPANHIA DE ELETRICIDADE DO ESTADO DA BAHIA COELBA,Regular,Distribuição,A4,Não se aplica,Não se aplica,Não se aplica,0,6981180000116.0,CEMIG DISTRIBUIÇÃO S.A,Fora ponta,DISTRIBUIÇÃO,Receita Demanda (R$),2024-01-01T00:00:00.000,"1651,200000"
2026-09-15T00:00:00.000,15139629000194,COELBA,COMPANHIA DE ELETRICIDADE DO ESTADO DA BAHIA COELBA,Regular,Geração,A2,Não se aplica,Não se aplica,Não se aplica,31770,0.0,Ventos da Bahia IV,Não se aplica,GERAÇÃO,Desconto Demanda %,2024-01-01T00:00:00.000,"50,000000"
2026-09-15T00:00:00.000,15139629000194,COELBA,COMPANHIA DE ELETRICIDADE DO ESTADO DA BAHIA COELBA,Regular,Azul,A3a,Industrial,Não se aplica,Não se aplica,0,37121669900.0,Não se aplica,Não se aplica,CATIVO,Número de consumidores,2024-01-01T00:00:00.000,"4,000000"
2026-09-15T00:00:00.000,15139629000194,COELBA,COMPANHIA DE ELETRICIDADE DO ESTADO DA BAHIA COELBA,Sistema de Compensação GD I,Verde,A4,Comercial,Não se aplica,Não se aplica,0,37121669900.0,Não se aplica,Fora ponta,CATIVO,Energia compensada (kWh),2024-01-01T00:00:00.000,"2331500,000000"
2026-09-15T00:00:00.000,15139629000194,COELBA,COMPANHIA DE ELETRICIDADE DO ESTADO DA BAHIA COELBA,Regular,Geração,A3a,Não se aplica,Não se aplica,Não se aplica,29698,0.0,Juliana I,Não se aplica,GERAÇÃO,PIS/COFINS (R$),2024-01-01T00:00:00.000,"436,580000"
2026-09-15T00:00:00.000,15139629000194,COELBA,COMPANHIA DE ELETRICIDADE DO ESTADO DA BAHIA COELBA,Regular,Geração,A2,Não se aplica,Não se aplica,Não se aplica,29004,0.0,Colino 1,Não se aplica,GERAÇÃO,PIS/COFINS (R$),2024-01-01T00:00:00.000,"798,060000"
2026-09-15T00:00:00.000,15139629000194,COELBA,COMPANHIA DE ELETRICIDADE DO ESTADO DA BAHIA COELBA,Regular,Azul,A3a,Industrial,Não se aplica,Não se aplica,0,37121669900.0,Não se aplica,Fora ponta,CATIVO,Demanda Faturada (kW),2024-01-01T00:00:00.000,"3566,000000"
2026-09-15T00:00:00.000,15139629000194,COELBA,COMPANHIA DE ELETRICIDADE DO ESTADO DA BAHIA COELBA,Sistema de Compensação GD I,Verde,A4,Comercial,Não se aplica,Não se aplica,0,37121669900.0,Não se aplica,Ponta,CATIVO,Energia compensada (kWh),2024-01-01T00:00:00.000,"160635,000000"
2026-09-15T00:00:00.000,15139629000194,COELBA,COMPANHIA DE ELETRICIDADE DO ESTADO DA BAHIA COELBA,Regular,Geração,A3a,Não se aplica,Não se aplica,Não se aplica,29698,0.0,Juliana I,Não se aplica,GERAÇÃO,Receita Demanda (R$),2024-01-01T00:00:00.000,"7943,250000"
2026-09-15T00:00:00.000,15139629000194,COELBA,COMPANHIA DE ELETRICIDADE DO ESTADO DA BAHIA COELBA,Regular,Geração,A2,Não se aplica,Não se aplica,Não se aplica,29004,0.0,Colino 1,Não se aplica,GERAÇÃO,Demanda Faturada (kW),2024-01-01T00:00:00.000,"11000,000000"
2026-09-15T00:00:00.000,15139629000194,COELBA,COMPANHIA DE ELETRICIDADE DO ESTADO DA BAHIA COELBA,Regular,Azul,A3a,Industrial,Não se aplica,Não se aplica,0,37121669900.0,Não se aplica,Ponta,CATIVO,Energia TE (kWh),2024-01-01T00:00:00.000,"66686,000000"
2026-09-15T00:00:00.000,15139629000194,COELBA,COMPANHIA DE ELETRICIDADE DO ESTADO DA BAHIA COELBA,Sistema de Compensação GD II,Verde,A4,Comercial,Não se aplica,Não se aplica,0,37121669900.0,Não se aplica,Fora ponta,CATIVO,Energia Consumida (kWh),2024-01-01T00:00:00.000,"142593,000000"
2026-09-15T00:00:00.000,15139629000194,COELBA,COMPANHIA DE ELETRICIDADE DO ESTADO DA BAHIA COELBA,Regular,Geração,A3a,Não se aplica,Não se aplica,Não se aplica,29698,0.0,Juliana I,Não se aplica,GERAÇÃO,ICMS (R$),2024-01-01T00:00:00.000,"2160,830000"
2026-09-15T00:00:00.000,15139629000194,COELBA,COMPANHIA DE ELETRICIDADE DO ESTADO DA BAHIA COELBA,Regular,Geração,A2,Não se aplica,Não se aplica,Não se aplica,29004,0.0,Colino 1,Não se aplica,GERAÇÃO,Demanda Contratada kW,2024-01-01T00:00:00.000,"11000,000000"
2026-09-15T00:00:00.000,15139629000194,COELBA,COMPANHIA DE ELETRICIDADE DO ESTADO DA BAHIA COELBA,Regular,Azul,A3a,Industrial,Não se aplica,Não se aplica,0,37121669900.0,Não se aplica,Fora ponta,CATIVO,Receita Demanda (R$),2024-01-01T00:00:00.000,"138901,120000"
2026-09-15T00:00:00.000,15139629000194,COELBA,COMPANHIA DE ELETRICIDADE DO ESTADO DA BAHIA COELBA,Sistema Individual - Regular,Energia Fotovoltaica (Res. 083/2004),B3,Comercial,Não se aplica,Não se aplica,0,37121669900.0,Não se aplica,Não se aplica,CATIVO,ICMS (R$),2024-01-01T00:00:00.000,"293,790000"
2026-09-15T00:00:00.000,15139629000194,COELBA,COMPANHIA DE ELETRICIDADE DO ESTADO DA BAHIA COELBA,Regular,Geração,A3a,Não se aplica,Não se aplica,Não se aplica,29698,0.0,Juliana I,Não se aplica,GERAÇÃO,Desconto Demanda %,2024-01-01T00:00:00.000,"50,000000"
2026-09-15T00:00:00.000,15139629000194,COELBA,COMPANHIA DE ELETRICIDADE DO ESTADO DA BAHIA COELBA,Regular,Geração,A2,Não se aplica,Não se aplica,Não se aplica,29004,0.0,Colino 1,Não se aplica,GERAÇÃO,Desconto Demanda %,2024-01-01T00:00:00.000,"50,000000"
2026-09-15T00:00:00.000,15139629000194,COELBA,COMPANHIA DE ELETRICIDADE DO ESTADO DA BAHIA COELBA,Regular,Azul,A3a,Industrial,Não se aplica,Não se aplica,0,37121669900.0,Não se aplica,Ponta,CATIVO,Receita Energia (R$),2024-01-01T00:00:00.000,"34610,240000"
2026-09-15T00:00:00.000,15139629000194,COELBA,COMPANHIA DE ELETRICIDADE DO ESTADO DA BAHIA COELBA,Sistema Individual - Regular,Energia Fotovoltaica (Res. 083/2004),B3,Comercial,Não se aplica,Não se aplica,0,37121669900.0,Não se aplica,Não se aplica,CATIVO,COFINS (R$),2024-01-01T00:00:00.000,"48,630000"
2026-09-15T00:00:00.000,15139629000194,COELBA,COMPANHIA DE ELETRICIDADE DO ESTADO DA BAHIA COELBA,Regular,Azul,A2,Industrial,Não se aplica,Não se aplica,0,,Não se aplica,Fora ponta,LIVRE,Receita Ultrapassagem Demanda (R$),2024-01-01T00:00:00.000,"63552,800000"
2026-09-15T00:00:00.000,15139629000194,COELBA,COMPANHIA DE ELETRICIDADE DO ESTADO DA BAHIA COELBA,Regular,Geração,A2,Não se aplica,Não se aplica,Não se aplica,29004,0.0,Colino 1,Não se aplica,GERAÇÃO,Receita Demanda (R$),2024-01-01T00:00:00.000,"14520,000000"
2026-09-15T00:00:00.000,15139629000194,COELBA,COMPANHIA DE ELETRICIDADE DO ESTADO DA BAHIA COELBA,Regular,Azul,A3a,Industrial,Não se aplica,Não se aplica,0,37121669900.0,Não se aplica,Fora ponta,CATIVO,Receita Ultrapassagem Demanda (R$),2024-01-01T00:00:00.000,"1101,500000"
2026-09-15T00:00:00.000,15139629000194,COELBA,COMPANHIA DE ELETRICIDADE DO ESTADO DA BAHIA COELBA,Regular,Branca,B3,Comercial,Não se aplica,Não se aplica,0,37121669900.0,Não se aplica,Não se aplica,CATIVO,Número de consumidores,2024-01-01T00:00:00.000,"988,000000"
2026-09-15T00:00:00.000,15139629000194,COELBA,COMPANHIA DE ELETRICIDADE DO ESTADO DA BAHIA COELBA,Regular,Azul,A2,Industrial,Não se aplica,Não se aplica,0,,Não se aplica,Não se aplica,LIVRE,Energia TUSD (kWh),2024-01-01T00:00:00.000,"12614182,000000"
2026-09-15T00:00:00.000,15139629000194,COELBA,COMPANHIA DE ELETRICIDADE DO ESTADO DA BAHIA COELBA,Regular,Geração,A3,Não se aplica,Não se aplica,Não se aplica,33473,0.0,Sertão Solar Barreiras IV,Não se aplica,GERAÇÃO,Receita Demanda (R$),2024-01-01T00:00:00.000,"112630,610000"
2026-09-15T00:00:00.000,15139629000194,COELBA,COMPANHIA DE ELETRICIDADE DO ESTADO DA BAHIA COELBA,Regular,Azul,A3a,Industrial,Não se aplica,Não se aplica,0,37121669900.0,Não se aplica,Não se aplica,CATIVO,PIS/PASEP (R$),2024-01-01T00:00:00.000,"6358,570000"
2026-09-15T00:00:00.000,15139629000194,COELBA,COMPANHIA DE ELETRICIDADE DO ESTADO DA BAHIA COELBA,Sistema de Compensação GD II,Verde,A4,Comercial,Não se aplica,Não se aplica,0,37121669900.0,Não se aplica,Ponta,CATIVO,Energia TE (kWh),2024-01-01T00:00:00.000,"8253,000000"
2026-09-15T00:00:00.000,15139629000194,COELBA,COMPANHIA DE ELETRICIDADE DO ESTADO DA BAHIA COELBA,Regular,Azul,A2,Industrial,Não se aplica,Fonte incentivada,0,,Não se aplica,Não se aplica,LIVRE,Número de Consumidores,2024-01-01T00:00:00.000,"7,000000"
2026-09-15T00:00:00.000,15139629000194,COELBA,COMPANHIA DE ELETRICIDADE DO ESTADO DA BAHIA COELBA,Regular,Geração,A3,Não se aplica,Não se aplica,Não se aplica,33473,0.0,Sertão Solar Barreiras IV,Não se aplica,GERAÇÃO,Demanda Faturada (kW),2024-01-01T00:00:00.000,"23056,000000"
2026-09-15T00:00:00.000,15139629000194,COELBA,COMPANHIA DE ELETRICIDADE DO ESTADO DA BAHIA COELBA,Regular,Azul,A3,Industrial,Não se aplica,Não se aplica,0,37121669900.0,Não se aplica,Não se aplica,CATIVO,Número de consumidores,2024-01-01T00:00:00.000,"10,000000"
2026-09-15T00:00:00.000,15139629000194,COELBA,COMPANHIA DE ELETRICIDADE DO ESTADO DA BAHIA COELBA,Sistema de Compensação GD I,Verde,A4,Comercial,Não se aplica,Não se aplica,0,37121669900.0,Não se aplica,Ponta,CATIVO,Energia TE (kWh),2024-01-01T00:00:00.000,"419721,000000"
2026-09-15T00:00:00.000,15139629000194,COELBA,COMPANHIA DE ELETRICIDADE DO ESTADO DA BAHIA COELBA,Regular,Azul,A2,Industrial,Não se aplica,Fonte incentivada,0,,Não se aplica,Fora ponta,LIVRE,Demanda Faturada (kW),2024-01-01T00:00:00.000,"69047,000000"
2026-09-15T00:00:00.000,15139629000194,COELBA,COMPANHIA DE ELETRICIDADE DO ESTADO DA BAHIA COELBA,Regular,Geração,A3,Não se aplica,Não se aplica,Não se aplica,33473,0.0,Sertão Solar Barreiras IV,Não se aplica,GERAÇÃO,Desconto Demanda %,2024-01-01T00:00:00.000,"50,000000"
2026-09-15T00:00:00.000,15139629000194,COELBA,COMPANHIA DE ELETRICIDADE DO ESTADO DA BAHIA COELBA,Regular,Azul,A3,Industrial,Não se aplica,Não se aplica,0,37121669900.0,Não se aplica,Fora ponta,CATIVO,Demanda Faturada (kW),2024-01-01T00:00:00.000,"24265,000000"
2026-09-15T00:00:00.000,15139629000194,COELBA,COMPANHIA DE ELETRICIDADE DO ESTADO DA BAHIA COELBA,Refaturamento - Regular,Branca,B3,Comercial,Não se aplica,Não se aplica,0,37121669900.0,Não se aplica,Ponta,CATIVO,Energia TE (kWh),2024-01-01T00:00:00.000,"-239,000000"
2026-09-15T00:00:00.000,15139629000194,COELBA,COMPANHIA DE ELETRICIDADE DO ESTADO DA BAHIA COELBA,Regular,Azul,A2,Industrial,Não se aplica,Fonte incentivada,0,,Não se aplica,Ponta,LIVRE,Receita Demanda (R$),2024-01-01T00:00:00.000,"984749,130000"
2026-09-15T00:00:00.000,15139629000194,COELBA,COMPANHIA DE ELETRICIDADE DO ESTADO DA BAHIA COELBA,Regular,Geração,A3,Não se aplica,Não se aplica,Não se aplica,33473,0.0,Sertão Solar Barreiras IV,Não se aplica,GERAÇÃO,Demanda Contratada kW,2024-01-01T00:00:00.000,"23050,000000"
2026-09-15T00:00:00.000,15139629000194,COELBA,COMPANHIA DE ELETRICIDADE DO ESTADO DA BAHIA COELBA,Regular,Azul,A3,Industrial,Não se aplica,Não se aplica,0,37121669900.0,Não se aplica,Ponta,CATIVO,Receita Demanda (R$),2024-01-01T00:00:00.000,"667822,150000"
2026-09-15T00:00:00.000,15139629000194,COELBA,COMPANHIA DE ELETRICIDADE DO ESTADO DA BAHIA COELBA,Refaturamento - Regular,Branca,B3,Comercial,Não se aplica,Não se aplica,0,37121669900.0,Não se aplica,Não se aplica,CATIVO,Número de consumidores,2024-01-01T00:00:00.000,"1,000000"
2026-09-15T00:00:00.000,15139629000194,COELBA,COMPANHIA DE ELETRICIDADE DO ESTADO DA BAHIA COELBA,Regular,Azul,A2,Industrial,Não se aplica,Fonte incentivada,0,,Não se aplica,Não se aplica,LIVRE,PIS/COFINS (R$),2024-01-01T00:00:00.000,"117811,570000"
2026-09-15T00:00:00.000,15139629000194,COELBA,COMPANHIA DE ELETRICIDADE DO ESTADO DA BAHIA COELBA,Regular,Geração,A3,Não se aplica,Não se aplica,Não se aplica,33473,0.0,Sertão Solar Barreiras IV,Não se aplica,GERAÇÃO,PIS/COFINS (R$),2024-01-01T00:00:00.000,"6190,570000"
2026-09-15T00:00:00.000,15139629000194,COELBA,COMPANHIA DE ELETRICIDADE DO ESTADO DA BAHIA COELBA,Regular,Azul,A3,Industrial,Não se aplica,Não se aplica,0,37121669900.0,Não se aplica,Ponta,CATIVO,Energia TE (kWh),2024-01-01T00:00:00.000,"834606,000000"
2026-09-15T00:00:00.000,15139629000194,COELBA,COMPANHIA DE ELETRICIDADE DO ESTADO DA BAHIA COELBA,Refaturamento - Regular,Branca,B3,Comercial,Não se aplica,Não se aplica,0,37121669900.0,Não se aplica,Não se aplica,CATIVO,ICMS (R$),2024-01-01T00:00:00.000,"-1233,840000"
2026-09-15T00:00:00.000,15139629000194,COELBA,COMPANHIA DE ELETRICIDADE DO ESTADO DA BAHIA COELBA,Regular,Azul,A2,Industrial,Não se aplica,Fonte incentivada,0,,Não se aplica,Não se aplica,LIVRE,Energia TUSD (kWh),2024-01-01T00:00:00.000,"12571430,000000"
2026-09-15T00:00:00.000,15139629000194,COELBA,COMPANHIA DE ELETRICIDADE DO ESTADO DA BAHIA COELBA,Regular,Geração,A3a,Não se aplica,Não se aplica,Não se aplica,35446,0.0,Sirivera,Não se aplica,GERAÇÃO,PIS/COFINS (R$),2024-01-01T00:00:00.000,"924,530000"
2026-09-15T00:00:00.000,15139629000194,COELBA,COMPANHIA DE ELETRICIDADE DO ESTADO DA BAHIA COELBA,Sistema de Compensação GD I,Convencional,B3,Industrial,Não se aplica,Não se aplica,0,37121669900.0,Não se aplica,Não se aplica,CATIVO,Energia TE (kWh),2024-01-01T00:00:00.000,"845492,000000"
2026-09-15T00:00:00.000,15139629000194,COELBA,COMPANHIA DE ELETRICIDADE DO ESTADO DA BAHIA COELBA,Refaturamento - Regular,Branca,B3,Comercial,Não se aplica,Não se aplica,0,37121669900.0,Não se aplica,Intermediário,CATIVO,Receita Energia (R$),2024-01-01T00:00:00.000,"-547,330000"
2026-09-15T00:00:00.000,15139629000194,COELBA,COMPANHIA DE ELETRICIDADE DO ESTADO DA BAHIA COELBA,Regular,Azul,A3,Industrial,Não se aplica,Não se aplica,0,,Não se aplica,Não se aplica,LIVRE,Receita Energia (R$),2024-01-01T00:00:00.000,"681864,160000"
2026-09-15T00:00:00.000,15139629000194,COELBA,COMPANHIA DE ELETRICIDADE DO ESTADO DA BAHIA COELBA,Regular,Geração,A3a,Não se aplica,Não se aplica,Não se aplica,35446,0.0,Sirivera,Não se aplica,GERAÇÃO,Receita Demanda (R$),2024-01-01T00:00:00.000,"16821,000000"
2026-09-15T00:00:00.000,15139629000194,COELBA,COMPANHIA DE ELETRICIDADE DO ESTADO DA BAHIA COELBA,Sistema de Compensação GD I,Verde,A3a,Comercial,Não se aplica,Não se aplica,0,37121669900.0,Não se aplica,Não se aplica,CATIVO,Receita Demanda (R$),2024-01-01T00:00:00.000,"663312,000000"
2026-09-15T00:00:00.000,15139629000194,COELBA,COMPANHIA DE ELETRICIDADE DO ESTADO DA BAHIA COELBA,Regular,Convencional,B2,Rural,Não se aplica,Não se aplica,0,37121669900.0,Não se aplica,Não se aplica,CATIVO,Energia TE (kWh),2024-01-01T00:00:00.000,"31063470,000000"
2026-09-15T00:00:00.000,15139629000194,COELBA,COMPANHIA DE ELETRICIDADE DO ESTADO DA BAHIA COELBA,Regular,Azul,A3,Industrial,Não se aplica,Não se aplica,0,,Não se aplica,Não se aplica,LIVRE,PIS/COFINS (R$),2024-01-01T00:00:00.000,"183572,870000"
2026-09-15T00:00:00.000,15139629000194,COELBA,COMPANHIA DE ELETRICIDADE DO ESTADO DA BAHIA COELBA,Regular,Geração,A3a,Não se aplica,Não se aplica,Não se aplica,35446,0.0,Sirivera,Não se aplica,GERAÇÃO,Desconto Demanda %,2024-01-01T00:00:00.000,"50,000000"
2026-09-15T00:00:00.000,15139629000194,COELBA,COMPANHIA DE ELETRICIDADE DO ESTADO DA BAHIA COELBA,Regular,Verde,A3a,Comercial,Não se aplica,Não se aplica,0,37121669900.0,Não se aplica,Não se aplica,CATIVO,Receita Demanda (R$),2024-01-01T00:00:00.000,"508447,910000"
2026-09-15T00:00:00.000,15139629000194,COELBA,COMPANHIA DE ELETRICIDADE DO ESTADO DA BAHIA COELBA,Sistema de Compensação GD I,Convencional,B2,Rural,Não se aplica,Não se aplica,0,37121669900.0,Não se aplica,Não se aplica,CATIVO,Número de consumidores,2024-01-01T00:00:00.000,"8910,000000"
2026-09-15T00:00:00.000,15139629000194,COELBA,COMPANHIA DE ELETRICIDADE DO ESTADO DA BAHIA COELBA,Regular,Azul,A3,Comercial,Não se aplica,Não se aplica,0,,Não se aplica,Não se aplica,LIVRE,ICMS (R$),2024-01-01T00:00:00.000,"58338,330000"
2026-09-15T00:00:00.000,15139629000194,COELBA,COMPANHIA DE ELETRICIDADE DO ESTADO DA BAHIA COELBA,Regular,Geração,A3,Não se aplica,Não se aplica,Não se aplica,34120,0.0,Assuruá,Não se aplica,GERAÇÃO,Receita Demanda (R$),2024-01-01T00:00:00.000,"146476,730000"
2026-09-15T00:00:00.000,15139629000194,COELBA,COMPANHIA DE ELETRICIDADE DO ESTADO DA BAHIA COELBA,Sistema de Compensação GD II,Convencional,B3,Industrial,Não se aplica,Não se aplica,0,37121669900.0,Não se aplica,Não se aplica,CATIVO,PIS/PASEP (R$),2024-01-01T00:00:00.000,"362,000000"
2026-09-15T00:00:00.000,15139629000194,COELBA,COMPANHIA DE ELETRICIDADE DO ESTADO DA BAHIA COELBA,Sistema de Compensação GD I,Branca,B3,Comercial,Não se aplica,Não se aplica,0,37121669900.0,Não se aplica,Intermediário,CATIVO,Desconto de energia compensada %,2024-01-01T00:00:00.000,"100,000000"
2026-09-15T00:00:00.000,15139629000194,COELBA,COMPANHIA DE ELETRICIDADE DO ESTADO DA BAHIA COELBA,Regular,Azul,A3,Industrial,Não se aplica,Fonte incentivada,0,,Não se aplica,Ponta,LIVRE,Demanda Faturada (kW),2024-01-01T00:00:00.000,"325105,000000"
2026-09-15T00:00:00.000,15139629000194,COELBA,COMPANHIA DE ELETRICIDADE DO ESTADO DA BAHIA COELBA,Regular,Geração,A3,Não se aplica,Não se aplica,Não se aplica,34120,0.0,Assuruá,Não se aplica,GERAÇÃO,Demanda Contratada kW,2024-01-01T00:00:00.000,"29985,000000"
2026-09-15T00:00:00.000,15139629000194,COELBA,COMPANHIA DE ELETRICIDADE DO ESTADO DA BAHIA COELBA,Regular,Verde,A3a,Comercial,Não se aplica,Não se aplica,0,37121669900.0,Não se aplica,Fora ponta,CATIVO,Energia TE (kWh),2024-01-01T00:00:00.000,"2767020,000000"
2026-09-15T00:00:00.000,15139629000194,COELBA,COMPANHIA DE ELETRICIDADE DO ESTADO DA BAHIA COELBA,Sistema de Compensação GD I,Branca,B3,Comercial,Não se aplica,Não se aplica,0,37121669900.0,Não se aplica,Intermediário,CATIVO,Energia compensada (kWh),2024-01-01T00:00:00.000,"5686,000000"
2026-09-15T00:00:00.000,15139629000194,COELBA,COMPANHIA DE ELETRICIDADE DO ESTADO DA BAHIA COELBA,Regular,Azul,A3,Industrial,Não se aplica,Fonte incentivada,0,,Não se aplica,Ponta,LIVRE,Ultrapassagem Demanda (kW),2024-01-01T00:00:00.000,"2945,000000"
2026-09-15T00:00:00.000,15139629000194,COELBA,COMPANHIA DE ELETRICIDADE DO ESTADO DA BAHIA COELBA,Regular,Geração,A3,Não se aplica,Não se aplica,Não se aplica,33469,0.0,Sertão Solar Barreiras I,Não se aplica,GERAÇÃO,Demanda Contratada kW,2024-01-01T00:00:00.000,"23050,000000"
2026-09-15T00:00:00.000,15139629000194,COELBA,COMPANHIA DE ELETRICIDADE DO ESTADO DA BAHIA COELBA,Sistema de Compensação GD I,Verde,A3a,Comercial,Não se aplica,Não se aplica,0,37121669900.0,Não se aplica,Não se aplica,CATIVO,Demanda Faturada (kW),2024-01-01T00:00:00.000,"17030,000000"
2026-09-15T00:00:00.000,15139629000194,COELBA,COMPANHIA DE ELETRICIDADE DO ESTADO DA BAHIA COELBA,Sistema de Compensação GD I,Branca,B3,Comercial,Não se aplica,Não se aplica,0,37121669900.0,Não se aplica,Ponta,CATIVO,Desconto de energia compensada %,2024-01-01T00:00:00.000,"100,000000"
2026-09-15T00:00:00.000,15139629000194,COELBA,COMPANHIA DE ELETRICIDADE DO ESTADO DA BAHIA COELBA,Regular,Azul,A3,Industrial,Não se aplica,Fonte incentivada,0,,Não se aplica,Não se aplica,LIVRE,Receita Energia (R$),2024-01-01T00:00:00.000,"7947996,130000"
2026-09-15T00:00:00.000,15139629000194,COELBA,COMPANHIA DE ELETRICIDADE DO ESTADO DA BAHIA COELBA,Regular,Geração,A3,Não se aplica,Não se aplica,Não se aplica,33469,0.0,Sertão Solar Barreiras I,Não se aplica,GERAÇÃO,Demanda Faturada (kW),2024-01-01T00:00:00.000,"23050,000000"
2026-09-15T00:00:00.000,15139629000194,COELBA,COMPANHIA DE ELETRICIDADE DO ESTADO DA BAHIA COELBA,Regular,Verde,A3a,Comercial,Não se aplica,Não se aplica,0,37121669900.0,Não se aplica,Não se aplica,CATIVO,Demanda Faturada (kW),2024-01-01T00:00:00.000,"13054,000000"
2026-09-15T00:00:00.000,15139629000194,COELBA,COMPANHIA DE ELETRICIDADE DO ESTADO DA BAHIA COELBA,Sistema de Compensação GD II,Convencional,B2,Rural,Não se aplica,Não se aplica,0,37121669900.0,Não se aplica,Não se aplica,CATIVO,Energia compensada (kWh),2024-01-01T00:00:00.000,"523987,000000"
2026-09-15T00:00:00.000,15139629000194,COELBA,COMPANHIA DE ELETRICIDADE DO ESTADO DA BAHIA COELBA,Regular,Azul,A3,Industrial,Não se aplica,APE,0,,Não se aplica,Não se aplica,LIVRE,Número de Consumidores,2024-01-01T00:00:00.000,"7,000000"
2026-09-15T00:00:00.000,15139629000194,COELBA,COMPANHIA DE ELETRICIDADE DO ESTADO DA BAHIA COELBA,Regular,Geração,A3,Não se aplica,Não se aplica,Não se aplica,33469,0.0,Sertão Solar Barreiras I,Não se aplica,GERAÇÃO,Desconto Demanda %,2024-01-01T00:00:00.000,"50,000000"
2026-09-15T00:00:00.000,15139629000194,COELBA,COMPANHIA DE ELETRICIDADE DO ESTADO DA BAHIA COELBA,Sistema de Compensação GD I,Verde,A4,Comercial,Não se aplica,Não se aplica,0,37121669900.0,Não se aplica,Não se aplica,CATIVO,Receita Demanda (R$),2024-01-01T00:00:00.000,"1830188,000000"
2026-09-15T00:00:00.000,15139629000194,COELBA,COMPANHIA DE ELETRICIDADE DO ESTADO DA BAHIA COELBA,Regular,Convencional,B2,Rural,Não se aplica,Não se aplica,0,37121669900.0,Não se aplica,Não se aplica,CATIVO,Receita Bandeiras (R$),2024-01-01T00:00:00.000,"589,200000"
2026-09-15T00:00:00.000,15139629000194,COELBA,COMPANHIA DE ELETRICIDADE DO ESTADO DA BAHIA COELBA,Regular,Azul,A3,Industrial,Não se aplica,APE,0,,Não se aplica,Não se aplica,LIVRE,PIS/COFINS (R$),2024-01-01T00:00:00.000,"32361,240000"
2026-09-15T00:00:00.000,15139629000194,COELBA,COMPANHIA DE ELETRICIDADE DO ESTADO DA BAHIA COELBA,Regular,Geração,A3,Não se aplica,Não se aplica,Não se aplica,33469,0.0,Sertão Solar Barreiras I,Não se aplica,GERAÇÃO,PIS/COFINS (R$),2024-01-01T00:00:00.000,"6188,980000"
2026-09-15T00:00:00.000,15139629000194,COELBA,COMPANHIA DE ELETRICIDADE DO ESTADO DA BAHIA COELBA,Regular,Azul,A4,Industrial,Não se aplica,Não se aplica,0,37121669900.0,Não se aplica,Fora ponta,CATIVO,Ultrapassagem Demanda (kW),2024-01-01T00:00:00.000,"30,000000"
2026-09-15T00:00:00.000,15139629000194,COELBA,COMPANHIA DE ELETRICIDADE DO ESTADO DA BAHIA COELBA,Sistema de Compensação GD I,Convencional,B2,Rural,Não se aplica,Não se aplica,0,37121669900.0,Não se aplica,Não se aplica,CATIVO,Desconto de energia compensada %,2024-01-01T00:00:00.000,"100,000000"
2026-09-15T00:00:00.000,15139629000194,COELBA,COMPANHIA DE ELETRICIDADE DO ESTADO DA BAHIA COELBA,Regular,Azul,A3,Industrial,Não se aplica,APE,0,,Não se aplica,Não se aplica,LIVRE,Energia TUSD (kWh),2024-01-01T00:00:00.000,"44376796,000000"
2026-09-15T00:00:00.000,15139629000194,COELBA,COMPANHIA DE ELETRICIDADE DO ESTADO DA BAHIA COELBA,Regular,Geração,A3,Não se aplica,Não se aplica,Não se aplica,33469,0.0,Sertão Solar Barreiras I,Não se aplica,GERAÇÃO,Receita Demanda (R$),2024-01-01T00:00:00.000,"112601,640000"
2026-09-15T00:00:00.000,15139629000194,COELBA,COMPANHIA DE ELETRICIDADE DO ESTADO DA BAHIA COELBA,Sistema de Compensação GD I,Azul,A4,Industrial,Não se aplica,Não se aplica,0,37121669900.0,Não se aplica,Ponta,CATIVO,Receita Demanda (R$),2024-01-01T00:00:00.000,"9647,000000"
2026-09-15T00:00:00.000,15139629000194,COELBA,COMPANHIA DE ELETRICIDADE DO ESTADO DA BAHIA COELBA,Regular,Convencional,B2,Rural,Não se aplica,Não se aplica,0,37121669900.0,Não se aplica,Não se aplica,CATIVO,COFINS (R$),2024-01-01T00:00:00.000,"1131062,690000"
2026-09-15T00:00:00.000,15139629000194,COELBA,COMPANHIA DE ELETRICIDADE DO ESTADO DA BAHIA COELBA,Regular,Azul,A3,Não se aplica,Não se aplica,ERC,0,,Não se aplica,Não se aplica,LIVRE,Número de Consumidores,2024-01-01T00:00:00.000,"2,000000"
2026-09-15T00:00:00.000,15139629000194,COELBA,COMPANHIA DE ELETRICIDADE DO ESTADO DA BAHIA COELBA,Regular,Geração,A3,Não se aplica,Não se aplica,Não se aplica,34120,0.0,Assuruá,Não se aplica,GERAÇÃO,Demanda Faturada (kW),2024-01-01T00:00:00.000,"29985,000000"
2026-09-15T00:00:00.000,15139629000194,COELBA,COMPANHIA DE ELETRICIDADE DO ESTADO DA BAHIA COELBA,Sistema de Compensação GD I,Azul,A4,Industrial,Não se aplica,Não se aplica,0,37121669900.0,Não se aplica,Fora ponta,CATIVO,Ultrapassagem Demanda (kW),2024-01-01T00:00:00.000,"19,000000"
2026-09-15T00:00:00.000,15139629000194,COELBA,COMPANHIA DE ELETRICIDADE DO ESTADO DA BAHIA COELBA,Regular,Geração,A3,Não se aplica,Não se aplica,Não se aplica,27414,0.0,Alto Fêmeas I,Não se aplica,GERAÇÃO,Receita Demanda (R$),2024-01-01T00:00:00.000,"97700,000000"
2026-09-15T00:00:00.000,15139629000194,COELBA,COMPANHIA DE ELETRICIDADE DO ESTADO DA BAHIA COELBA,Regular,Azul,A3,Não se aplica,Não se aplica,ERC,0,,Não se aplica,Fora ponta,LIVRE,Demanda Faturada (kW),2024-01-01T00:00:00.000,"28194,000000"
2026-09-15T00:00:00.000,15139629000194,COELBA,COMPANHIA DE ELETRICIDADE DO ESTADO DA BAHIA COELBA,Regular,Geração,A3,Não se aplica,Não se aplica,Não se aplica,34120,0.0,Assuruá,Não se aplica,GERAÇÃO,Desconto Demanda %,2024-01-01T00:00:00.000,"50,000000"
2026-09-15T00:00:00.000,15139629000194,COELBA,COMPANHIA DE ELETRICIDADE DO ESTADO DA BAHIA COELBA,Regular,Azul,A4,Industrial,Não se aplica,Não se aplica,0,37121669900.0,Não se aplica,Fora ponta,CATIVO,Energia TE (kWh),2024-01-01T00:00:00.000,"1486253,000000"
2026-09-15T00:00:00.000,15139629000194,COELBA,COMPANHIA DE ELETRICIDADE DO ESTADO DA BAHIA COELBA,Refaturamento - Regular,Azul,A3,Industrial,Não se aplica,Fonte incentivada,0,,Não se aplica,Fora ponta,LIVRE,Receita Demanda (R$),2024-01-01T00:00:00.000,"-156377,770000"
2026-09-15T00:00:00.000,15139629000194,COELBA,COMPANHIA DE ELETRICIDADE DO ESTADO DA BAHIA COELBA,Regular,Azul,A3,Não se aplica,Não se aplica,ERC,0,,Não se aplica,Ponta,LIVRE,Receita Demanda (R$),2024-01-01T00:00:00.000,"985082,460000"
2026-09-15T00:00:00.000,15139629000194,COELBA,COMPANHIA DE ELETRICIDADE DO ESTADO DA BAHIA COELBA,Regular,Geração,A3,Não se aplica,Não se aplica,Não se aplica,34120,0.0,Assuruá,Não se aplica,GERAÇÃO,PIS/COFINS (R$),2024-01-01T00:00:00.000,"8050,880000"
2026-09-15T00:00:00.000,15139629000194,COELBA,COMPANHIA DE ELETRICIDADE DO ESTADO DA BAHIA COELBA,Refaturamento - Regular,Verde,A4,Comercial,Não se aplica,Não se aplica,0,37121669900.0,Não se aplica,Ponta,CATIVO,Energia TE (kWh),2024-01-01T00:00:00.000,"-36425,000000"
2026-09-15T00:00:00.000,15139629000194,COELBA,COMPANHIA DE ELETRICIDADE DO ESTADO DA BAHIA COELBA,Refaturamento - Regular,Azul,A4,Industrial,Não se aplica,Fonte incentivada,0,,Não se aplica,Ponta,LIVRE,Demanda Faturada (kW),2024-01-01T00:00:00.000,"-5210,000000"
2026-09-15T00:00:00.000,15139629000194,COELBA,COMPANHIA DE ELETRICIDADE DO ESTADO DA BAHIA COELBA,Regular,Azul,A3,Não se aplica,Não se aplica,ERC,0,,Não se aplica,Não se aplica,LIVRE,Energia TUSD (kWh),2024-01-01T00:00:00.000,"58,000000"
2026-09-15T00:00:00.000,15139629000194,COELBA,COMPANHIA DE ELETRICIDADE DO ESTADO DA BAHIA COELBA,Regular,Geração,A3,Não se aplica,Não se aplica,Não se aplica,33782,0.0,São Pedro II,Não se aplica,GERAÇÃO,Demanda Contratada kW,2024-01-01T00:00:00.000,"26320,000000"
2026-09-15T00:00:00.000,15139629000194,COELBA,COMPANHIA DE ELETRICIDADE DO ESTADO DA BAHIA COELBA,Regular,Azul,A3,Industrial,Não se aplica,Não se aplica,0,37121669900.0,Não se aplica,Fora ponta,CATIVO,Energia TE (kWh),2024-01-01T00:00:00.000,"10569620,000000"
2026-09-15T00:00:00.000,15139629000194,COELBA,COMPANHIA DE ELETRICIDADE DO ESTADO DA BAHIA COELBA,Refaturamento - Regular,Azul,A4,Industrial,Não se aplica,Fonte incentivada,0,,Não se aplica,Ponta,LIVRE,Ultrapassagem Demanda (kW),2024-01-01T00:00:00.000,"-480,000000"
2026-09-15T00:00:00.000,15139629000194,COELBA,COMPANHIA DE ELETRICIDADE DO ESTADO DA BAHIA COELBA,Regular,Azul,A3a,Industrial,Não se aplica,Fonte incentivada,0,,Não se aplica,Fora ponta,LIVRE,Receita Demanda (R$),2024-01-01T00:00:00.000,"359239,370000"
2026-09-15T00:00:00.000,15139629000194,COELBA,COMPANHIA DE ELETRICIDADE DO ESTADO DA BAHIA COELBA,Regular,Geração,A3,Não se aplica,Não se aplica,Não se aplica,33782,0.0,São Pedro II,Não se aplica,GERAÇÃO,Demanda Faturada (kW),2024-01-01T00:00:00.000,"26320,000000"
2026-09-15T00:00:00.000,15139629000194,COELBA,COMPANHIA DE ELETRICIDADE DO ESTADO DA BAHIA COELBA,Regular,Verde,A4,Comercial,Não se aplica,Não se aplica,0,37121669900.0,Não se aplica,Ponta,CATIVO,Energia TE (kWh),2024-01-01T00:00:00.000,"3622183,000000"
2026-09-15T00:00:00.000,15139629000194,COELBA,COMPANHIA DE ELETRICIDADE DO ESTADO DA BAHIA COELBA,Refaturamento - Regular,Azul,A4,Industrial,Não se aplica,Fonte incentivada,0,,Não se aplica,Não se aplica,LIVRE,Receita Energia (R$),2024-01-01T00:00:00.000,"-215153,770000"
2026-09-15T00:00:00.000,15139629000194,COELBA,COMPANHIA DE ELETRICIDADE DO ESTADO DA BAHIA COELBA,Regular,Azul,A3a,Industrial,Não se aplica,Fonte incentivada,0,,Não se aplica,Não se aplica,LIVRE,ICMS (R$),2024-01-01T00:00:00.000,"517420,300000"
2026-09-15T00:00:00.000,15139629000194,COELBA,COMPANHIA DE ELETRICIDADE DO ESTADO DA BAHIA COELBA,Regular,Geração,A3,Não se aplica,Não se aplica,Não se aplica,33782,0.0,São Pedro II,Não se aplica,GERAÇÃO,Desconto Demanda %,2024-01-01T00:00:00.000,"50,000000"
2026-09-15T00:00:00.000,15139629000194,COELBA,COMPANHIA DE ELETRICIDADE DO ESTADO DA BAHIA COELBA,Regular,Azul,A4,Industrial,Não se aplica,Não se aplica,0,37121669900.0,Não se aplica,Fora ponta,CATIVO,Receita Energia (R$),2024-01-01T00:00:00.000,"514658,480000"
2026-09-15T00:00:00.000,15139629000194,COELBA,COMPANHIA DE ELETRICIDADE DO ESTADO DA BAHIA COELBA,Refaturamento - Regular,Verde,A4,Industrial,Não se aplica,Fonte incentivada,0,,Não se aplica,Não se aplica,LIVRE,Demanda Faturada (kW),2024-01-01T00:00:00.000,"-9183,000000"
2026-09-15T00:00:00.000,15139629000194,COELBA,COMPANHIA DE ELETRICIDADE DO ESTADO DA BAHIA COELBA,Regular,Azul,A4,Industrial,Não se aplica,Fonte incentivada,0,,Não se aplica,Não se aplica,LIVRE,Número de Consumidores,2024-01-01T00:00:00.000,"233,000000"
2026-09-15T00:00:00.000,15139629000194,COELBA,COMPANHIA DE ELETRICIDADE DO ESTADO DA BAHIA COELBA,Regular,Geração,A3,Não se aplica,Não se aplica,Não se aplica,33782,0.0,São Pedro II,Não se aplica,GERAÇÃO,PIS/COFINS (R$),2024-01-01T00:00:00.000,"7066,840000"
2026-09-15T00:00:00.000,15139629000194,COELBA,COMPANHIA DE ELETRICIDADE DO ESTADO DA BAHIA COELBA,Regular,Azul,A3,Industrial,Não se aplica,Não se aplica,0,37121669900.0,Não se aplica,Fora ponta,CATIVO,Receita Energia (R$),2024-01-01T00:00:00.000,"3304061,920000"
2026-09-15T00:00:00.000,15139629000194,COELBA,COMPANHIA DE ELETRICIDADE DO ESTADO DA BAHIA COELBA,Refaturamento - Regular,Verde,A4,Industrial,Não se aplica,Fonte incentivada,0,,Não se aplica,Fora ponta,LIVRE,Receita Energia (R$),2024-01-01T00:00:00.000,"-123317,390000"
2026-09-15T00:00:00.000,15139629000194,COELBA,COMPANHIA DE ELETRICIDADE DO ESTADO DA BAHIA COELBA,Regular,Azul,A4,Industrial,Não se aplica,Fonte incentivada,0,,Não se aplica,Fora ponta,LIVRE,Demanda Faturada (kW),2024-01-01T00:00:00.000,"172533,000000"
2026-09-15T00:00:00.000,15139629000194,COELBA,COMPANHIA DE ELETRICIDADE DO ESTADO DA BAHIA COELBA,Regular,Geração,A3,Não se aplica,Não se aplica,Não se aplica,33782,0.0,São Pedro II,Não se aplica,GERAÇÃO,Receita Demanda (R$),2024-01-01T00:00:00.000,"128573,250000"
2026-09-15T00:00:00.000,15139629000194,COELBA,COMPANHIA DE ELETRICIDADE DO ESTADO DA BAHIA COELBA,Sistema de Compensação GD II,Verde,A4,Comercial,Não se aplica,Não se aplica,0,37121669900.0,Não se aplica,Não se aplica,CATIVO,Demanda Faturada (kW),2024-01-01T00:00:00.000,"1099,000000"
2026-09-15T00:00:00.000,15139629000194,COELBA,COMPANHIA DE ELETRICIDADE DO ESTADO DA BAHIA COELBA,Refaturamento - Regular,Azul,A3,Industrial,Não se aplica,Fonte incentivada,0,,Não se aplica,Ponta,LIVRE,Demanda Faturada (kW),2024-01-01T00:00:00.000,"-12810,000000"
2026-09-15T00:00:00.000,15139629000194,COELBA,COMPANHIA DE ELETRICIDADE DO ESTADO DA BAHIA COELBA,Regular,Azul,A4,Industrial,Não se aplica,Fonte incentivada,0,,Não se aplica,Ponta,LIVRE,Receita Demanda (R$),2024-01-01T00:00:00.000,"8436755,900000"
2026-09-15T00:00:00.000,15139629000194,COELBA,COMPANHIA DE ELETRICIDADE DO ESTADO DA BAHIA COELBA,Regular,Geração,A3,Não se aplica,Não se aplica,Não se aplica,33588,0.0,Verde Vale III,Não se aplica,GERAÇÃO,PIS/COFINS (R$),2024-01-01T00:00:00.000,"4024,760000"
2026-09-15T00:00:00.000,15139629000194,COELBA,COMPANHIA DE ELETRICIDADE DO ESTADO DA BAHIA COELBA,Regular,Verde,A4,Comercial,Não se aplica,Não se aplica,0,37121669900.0,Não se aplica,Fora ponta,CATIVO,Receita Energia (R$),2024-01-01T00:00:00.000,"18721172,280000"
2026-09-15T00:00:00.000,15139629000194,COELBA,COMPANHIA DE ELETRICIDADE DO ESTADO DA BAHIA COELBA,Refaturamento - Regular,Azul,A3,Industrial,Não se aplica,Fonte incentivada,0,,Não se aplica,Não se aplica,LIVRE,ICMS (R$),2024-01-01T00:00:00.000,"-77135,910000"
2026-09-15T00:00:00.000,15139629000194,COELBA,COMPANHIA DE ELETRICIDADE DO ESTADO DA BAHIA COELBA,Regular,Azul,A4,Industrial,Não se aplica,Fonte incentivada,0,,Não se aplica,Fora ponta,LIVRE,Desconto Demanda %,2024-01-01T00:00:00.000,"50,536226"
2026-09-15T00:00:00.000,15139629000194,COELBA,COMPANHIA DE ELETRICIDADE DO ESTADO DA BAHIA COELBA,Regular,Geração,A3,Não se aplica,Não se aplica,Não se aplica,33588,0.0,Verde Vale III,Não se aplica,GERAÇÃO,Demanda Contratada kW,2024-01-01T00:00:00.000,"14990,000000"
2026-09-15T00:00:00.000,15139629000194,COELBA,COMPANHIA DE ELETRICIDADE DO ESTADO DA BAHIA COELBA,Refaturamento - Regular,Verde,A4,Comercial,Não se aplica,Não se aplica,0,37121669900.0,Não se aplica,Ponta,CATIVO,Receita Energia (R$),2024-01-01T00:00:00.000,"-110980,710000"
2026-09-15T00:00:00.000,15139629000194,COELBA,COMPANHIA DE ELETRICIDADE DO ESTADO DA BAHIA COELBA,Regular,Geração,A2,Não se aplica,Não se aplica,Não se aplica,27046,0.0,Funil,Não se aplica,GERAÇÃO,Demanda Faturada (kW),2024-01-01T00:00:00.000,"29961,000000"
2026-09-15T00:00:00.000,15139629000194,COELBA,COMPANHIA DE ELETRICIDADE DO ESTADO DA BAHIA COELBA,Regular,Azul,A4,Industrial,Não se aplica,Fonte incentivada,0,,Não se aplica,Não se aplica,LIVRE,Energia TUSD (kWh),2024-01-01T00:00:00.000,"76060852,000000"
2026-09-15T00:00:00.000,15139629000194,COELBA,COMPANHIA DE ELETRICIDADE DO ESTADO DA BAHIA COELBA,Regular,Geração,A3,Não se aplica,Não se aplica,Não se aplica,33588,0.0,Verde Vale III,Não se aplica,GERAÇÃO,Demanda Faturada (kW),2024-01-01T00:00:00.000,"14990,000000"
2026-09-15T00:00:00.000,15139629000194,COELBA,COMPANHIA DE ELETRICIDADE DO ESTADO DA BAHIA COELBA,Sistema de Compensação GD I,Azul,A4,Industrial,Não se aplica,Não se aplica,0,37121669900.0,Não se aplica,Fora ponta,CATIVO,Energia compensada (kWh),2024-01-01T00:00:00.000,"4375,000000"
2026-09-15T00:00:00.000,15139629000194,COELBA,COMPANHIA DE ELETRICIDADE DO ESTADO DA BAHIA COELBA,Regular,Geração,A2,Não se aplica,Não se aplica,Não se aplica,27046,0.0,Funil,Não se aplica,GERAÇÃO,Demanda Contratada kW,2024-01-01T00:00:00.000,"29961,000000"
2026-09-15T00:00:00.000,15139629000194,COELBA,COMPANHIA DE ELETRICIDADE DO ESTADO DA BAHIA COELBA,Regular,Azul,A4,Industrial,Não se aplica,APE,0,,Não se aplica,Não se aplica,LIVRE,ICMS (R$),2024-01-01T00:00:00.000,"10652,180000"
2026-09-15T00:00:00.000,15139629000194,COELBA,COMPANHIA DE ELETRICIDADE DO ESTADO DA BAHIA COELBA,Regular,Geração,A3,Não se aplica,Não se aplica,Não se aplica,33588,0.0,Verde Vale III,Não se aplica,GERAÇÃO,ICMS (R$),2024-01-01T00:00:00.000,"19920,040000"
2026-09-15T00:00:00.000,15139629000194,COELBA,COMPANHIA DE ELETRICIDADE DO ESTADO DA BAHIA COELBA,Sistema de Compensação GD II,Verde,A3a,Industrial,Não se aplica,Não se aplica,0,37121669900.0,Não se aplica,Não se aplica,CATIVO,Número de consumidores,2024-01-01T00:00:00.000,"1,000000"
2026-09-15T00:00:00.000,15139629000194,COELBA,COMPANHIA DE ELETRICIDADE DO ESTADO DA BAHIA COELBA,Regular,Geração,A2,Não se aplica,Não se aplica,Não se aplica,27046,0.0,Funil,Não se aplica,GERAÇÃO,Receita Demanda (R$),2024-01-01T00:00:00.000,"79097,040000"
2026-09-15T00:00:00.000,15139629000194,COELBA,COMPANHIA DE ELETRICIDADE DO ESTADO DA BAHIA COELBA,Regular,Azul,A4,Industrial,Não se aplica,Fonte incentivada,0,,Não se aplica,Ponta,LIVRE,Desconto Demanda %,2024-01-01T00:00:00.000,"50,544566"
2026-09-15T00:00:00.000,15139629000194,COELBA,COMPANHIA DE ELETRICIDADE DO ESTADO DA BAHIA COELBA,Regular,Geração,A3,Não se aplica,Não se aplica,Não se aplica,33471,0.0,Sertão Solar Barreiras III,Não se aplica,GERAÇÃO,Receita Demanda (R$),2024-01-01T00:00:00.000,"112623,580000"
2026-09-15T00:00:00.000,15139629000194,COELBA,COMPANHIA DE ELETRICIDADE DO ESTADO DA BAHIA COELBA,Refaturamento - Regular,Verde,A3a,Industrial,Não se aplica,Não se aplica,0,37121669900.0,Não se aplica,Não se aplica,CATIVO,Número de consumidores,2024-01-01T00:00:00.000,"4,000000"
2026-09-15T00:00:00.000,15139629000194,COELBA,COMPANHIA DE ELETRICIDADE DO ESTADO DA BAHIA COELBA,Regular,Azul,A1,Serviço Público,"Água, esgoto e saneamento",Não se aplica,0,13504675000110.0,"EMPRESA BAIANA DE AGUAS E SANEAMENTO S.A. (Serviço Público (água, esgoto e saneamento)",Não se aplica,LIVRE,Receita Energia (R$),2024-01-01T00:00:00.000,"329279,880000"
2026-09-15T00:00:00.000,15139629000194,COELBA,COMPANHIA DE ELETRICIDADE DO ESTADO DA BAHIA COELBA,Regular,Azul,A4,Industrial,Não se aplica,APE,0,,Não se aplica,Não se aplica,LIVRE,Energia TUSD (kWh),2024-01-01T00:00:00.000,"1122109,000000"
2026-09-15T00:00:00.000,15139629000194,COELBA,COMPANHIA DE ELETRICIDADE DO ESTADO DA BAHIA COELBA,Regular,Geração,A3,Não se aplica,Não se aplica,Não se aplica,33471,0.0,Sertão Solar Barreiras III,Não se aplica,GERAÇÃO,PIS/COFINS (R$),2024-01-01T00:00:00.000,"6190,180000"
2026-09-15T00:00:00.000,15139629000194,COELBA,COMPANHIA DE ELETRICIDADE DO ESTADO DA BAHIA COELBA,Regular,Verde,A3a,Industrial,Não se aplica,Não se aplica,0,37121669900.0,Não se aplica,Fora ponta,CATIVO,Energia TE (kWh),2024-01-01T00:00:00.000,"3555573,000000"
2026-09-15T00:00:00.000,15139629000194,COELBA,COMPANHIA DE ELETRICIDADE DO ESTADO DA BAHIA COELBA,Regular,Azul,A1,Serviço Público,"Água, esgoto e saneamento",Não se aplica,0,13504675000110.0,"EMPRESA BAIANA DE AGUAS E SANEAMENTO S.A. (Serviço Público (água, esgoto e saneamento)",Fora ponta,LIVRE,Receita Demanda (R$),2024-01-01T00:00:00.000,"111810,400000"
2026-09-15T00:00:00.000,15139629000194,COELBA,COMPANHIA DE ELETRICIDADE DO ESTADO DA BAHIA COELBA,Regular,Geração,A3a,Não se aplica,Não se aplica,Não se aplica,29698,0.0,Juliana I,Não se aplica,GERAÇÃO,Demanda Contratada kW,2024-01-01T00:00:00.000,"850,000000"
2026-09-15T00:00:00.000,15139629000194,COELBA,COMPANHIA DE ELETRICIDADE DO ESTADO DA BAHIA COELBA,Regular,Geração,A3,Não se aplica,Não se aplica,Não se aplica,33471,0.0,Sertão Solar Barreiras III,Não se aplica,GERAÇÃO,Demanda Contratada kW,2024-01-01T00:00:00.000,"23050,000000"
2026-09-15T00:00:00.000,15139629000194,COELBA,COMPANHIA DE ELETRICIDADE DO ESTADO DA BAHIA COELBA,Sistema de Compensação GD I,Verde,A3a,Industrial,Não se aplica,Não se aplica,0,37121669900.0,Não se aplica,Não se aplica,CATIVO,Demanda Faturada (kW),2024-01-01T00:00:00.000,"5042,000000"
2026-09-15T00:00:00.000,15139629000194,COELBA,COMPANHIA DE ELETRICIDADE DO ESTADO DA BAHIA COELBA,Regular,Azul,A1,Serviço Público,"Água, esgoto e saneamento",Não se aplica,0,13504675000110.0,"EMPRESA BAIANA DE AGUAS E SANEAMENTO S.A. (Serviço Público (água, esgoto e saneamento)",Não se aplica,LIVRE,Energia TUSD (kWh),2024-01-01T00:00:00.000,"7879394,000000"
2026-09-15T00:00:00.000,15139629000194,COELBA,COMPANHIA DE ELETRICIDADE DO ESTADO DA BAHIA COELBA,Regular,Geração,A3a,Não se aplica,Não se aplica,Não se aplica,29698,0.0,Juliana I,Não se aplica,GERAÇÃO,Demanda Faturada (kW),2024-01-01T00:00:00.000,"850,000000"
2026-09-15T00:00:00.000,15139629000194,COELBA,COMPANHIA DE ELETRICIDADE DO ESTADO DA BAHIA COELBA,Regular,Geração,A3,Não se aplica,Não se aplica,Não se aplica,33471,0.0,Sertão Solar Barreiras III,Não se aplica,GERAÇÃO,Demanda Faturada (kW),2024-01-01T00:00:00.000,"23055,000000"
2026-09-15T00:00:00.000,15139629000194,COELBA,COMPANHIA DE ELETRICIDADE DO ESTADO DA BAHIA COELBA,Sistema de Compensação GD I,Verde,A4,Comercial,Não se aplica,Não se aplica,0,37121669900.0,Não se aplica,Fora ponta,CATIVO,Receita Energia (R$),2024-01-01T00:00:00.000,"1178406,000000"
2026-09-15T00:00:00.000,15139629000194,COELBA,COMPANHIA DE ELETRICIDADE DO ESTADO DA BAHIA COELBA,Regular,Azul,A1,Serviço Público,"Água, esgoto e saneamento",Não se aplica,0,13504675000110.0,"EMPRESA BAIANA DE AGUAS E SANEAMENTO S.A. (Serviço Público (água, esgoto e saneamento)",Ponta,LIVRE,Demanda Faturada (kW),2024-01-01T00:00:00.000,"11448,000000"
2026-09-15T00:00:00.000,15139629000194,COELBA,COMPANHIA DE ELETRICIDADE DO ESTADO DA BAHIA COELBA,Regular,Azul,A2,Industrial,Não se aplica,Não se aplica,0,,Não se aplica,Fora ponta,LIVRE,Ultrapassagem Demanda (kW),2024-01-01T00:00:00.000,"63553,000000"
2026-09-15T00:00:00.000,15139629000194,COELBA,COMPANHIA DE ELETRICIDADE DO ESTADO DA BAHIA COELBA,Regular,Geração,A3,Não se aplica,Não se aplica,Não se aplica,33471,0.0,Sertão Solar Barreiras III,Não se aplica,GERAÇÃO,Desconto Demanda %,2024-01-01T00:00:00.000,"50,000000"
2026-09-15T00:00:00.000,15139629000194,COELBA,COMPANHIA DE ELETRICIDADE DO ESTADO DA BAHIA COELBA,Regular,Convencional,B3,Comercial,Não se aplica,Não se aplica,0,37121669900.0,Não se aplica,Não se aplica,CATIVO,COFINS (R$),2024-01-01T00:00:00.000,"5596231,550000"
2026-09-15T00:00:00.000,15139629000194,COELBA,COMPANHIA DE ELETRICIDADE DO ESTADO DA BAHIA COELBA,Regular,Azul,A1,Serviço Público,"Água, esgoto e saneamento",Não se aplica,0,13504675000110.0,"EMPRESA BAIANA DE AGUAS E SANEAMENTO S.A. (Serviço Público (água, esgoto e saneamento)",Fora ponta,LIVRE,Demanda Faturada (kW),2024-01-01T00:00:00.000,"13232,000000"
2026-09-15T00:00:00.000,15139629000194,COELBA,COMPANHIA DE ELETRICIDADE DO ESTADO DA BAHIA COELBA,Regular,Azul,A2,Industrial,Não se aplica,Não se aplica,0,,Não se aplica,Ponta,LIVRE,Receita Ultrapassagem Demanda (R$),2024-01-01T00:00:00.000,"194300,680000"
2026-09-15T00:00:00.000,15139629000194,COELBA,COMPANHIA DE ELETRICIDADE DO ESTADO DA BAHIA COELBA,Sistema de Compensação GD I,Convencional,B2,Rural,Não se aplica,Não se aplica,0,37121669900.0,Não se aplica,Não se aplica,CATIVO,ICMS (R$),2024-01-01T00:00:00.000,"519851,000000"
2026-09-15T00:00:00.000,15139629000194,COELBA,COMPANHIA DE ELETRICIDADE DO ESTADO DA BAHIA COELBA,Sistema de Compensação GD I,Verde,A3a,Industrial,Não se aplica,Não se aplica,0,37121669900.0,Não se aplica,Ponta,CATIVO,Energia Consumida (kWh),2024-01-01T00:00:00.000,"10387,000000"
2026-09-15T00:00:00.000,15139629000194,COELBA,COMPANHIA DE ELETRICIDADE DO ESTADO DA BAHIA COELBA,Regular,Azul,A1,Serviço Público,"Água, esgoto e saneamento",Não se aplica,0,13504675000110.0,"EMPRESA BAIANA DE AGUAS E SANEAMENTO S.A. (Serviço Público (água, esgoto e saneamento)",Ponta,LIVRE,Receita Demanda (R$),2024-01-01T00:00:00.000,"97422,480000"
2026-09-15T00:00:00.000,15139629000194,COELBA,COMPANHIA DE ELETRICIDADE DO ESTADO DA BAHIA COELBA,Regular,Azul,A2,Industrial,Não se aplica,Não se aplica,0,,Não se aplica,Não se aplica,LIVRE,PIS/COFINS (R$),2024-01-01T00:00:00.000,"107013,700000"
2026-09-15T00:00:00.000,15139629000194,COELBA,COMPANHIA DE ELETRICIDADE DO ESTADO DA BAHIA COELBA,Sistema de Compensação GD I,Convencional,B2,Rural,Não se aplica,Não se aplica,0,37121669900.0,Não se aplica,Não se aplica,CATIVO,COFINS (R$),2024-01-01T00:00:00.000,"103259,000000"
2026-09-15T00:00:00.000,15139629000194,COELBA,COMPANHIA DE ELETRICIDADE DO ESTADO DA BAHIA COELBA,Sistema de Compensação GD II,Verde,A3a,Industrial,Não se aplica,Não se aplica,0,37121669900.0,Não se aplica,Fora ponta,CATIVO,Energia Consumida (kWh),2024-01-01T00:00:00.000,"6510,000000"
2026-09-15T00:00:00.000,15139629000194,COELBA,COMPANHIA DE ELETRICIDADE DO ESTADO DA BAHIA COELBA,Regular,Azul,A1,Serviço Público,"Água, esgoto e saneamento",Não se aplica,0,13504675000110.0,"EMPRESA BAIANA DE AGUAS E SANEAMENTO S.A. (Serviço Público (água, esgoto e saneamento)",Não se aplica,LIVRE,PIS/COFINS (R$),2024-01-01T00:00:00.000,"29908,630000"
2026-09-15T00:00:00.000,15139629000194,COELBA,COMPANHIA DE ELETRICIDADE DO ESTADO DA BAHIA COELBA,Regular,Azul,A2,Industrial,Não se aplica,Fonte incentivada,0,,Não se aplica,Ponta,LIVRE,Demanda Faturada (kW),2024-01-01T00:00:00.000,"58276,000000"
2026-09-15T00:00:00.000,15139629000194,COELBA,COMPANHIA DE ELETRICIDADE DO ESTADO DA BAHIA COELBA,Sistema de Compensação GD I,Verde,A4,Rural,Não se aplica,Não se aplica,0,37121669900.0,Não se aplica,Não se aplica,CATIVO,COFINS (R$),2024-01-01T00:00:00.000,"28007,000000"
2026-09-15T00:00:00.000,15139629000194,COELBA,COMPANHIA DE ELETRICIDADE DO ESTADO DA BAHIA COELBA,Sistema de Compensação GD I,Verde,A3a,Industrial,Não se aplica,Não se aplica,0,37121669900.0,Não se aplica,Fora ponta,CATIVO,Energia compensada (kWh),2024-01-01T00:00:00.000,"276832,000000"
2026-09-15T00:00:00.000,15139629000194,COELBA,COMPANHIA DE ELETRICIDADE DO ESTADO DA BAHIA COELBA,Regular,Geração,A3,Não se aplica,Não se aplica,Dupla contratação,182,0.0,Bahia Pulp (Antiga Bacell),Não se aplica,GERAÇÃO,Número de Consumidores,2024-01-01T00:00:00.000,"1,000000"
2026-09-15T00:00:00.000,15139629000194,COELBA,COMPANHIA DE ELETRICIDADE DO ESTADO DA BAHIA COELBA,Regular,Azul,A2,Industrial,Não se aplica,Fonte incentivada,0,,Não se aplica,Não se aplica,LIVRE,Receita Energia (R$),2024-01-01T00:00:00.000,"650570,970000"
2026-09-15T00:00:00.000,15139629000194,COELBA,COMPANHIA DE ELETRICIDADE DO ESTADO DA BAHIA COELBA,Refaturamento - Regular,Verde,A4,Rural,Não se aplica,Não se aplica,0,37121669900.0,Não se aplica,Não se aplica,CATIVO,PIS/PASEP (R$),2024-01-01T00:00:00.000,"-84,310000"
2026-09-15T00:00:00.000,15139629000194,COELBA,COMPANHIA DE ELETRICIDADE DO ESTADO DA BAHIA COELBA,Sistema de Compensação GD I,Convencional,B1,Residencial,Residencial,Não se aplica,0,37121669900.0,Não se aplica,Não se aplica,CATIVO,ICMS (R$),2024-01-01T00:00:00.000,"4500728,000000"
2026-09-15T00:00:00.000,15139629000194,COELBA,COMPANHIA DE ELETRICIDADE DO ESTADO DA BAHIA COELBA,Regular,Geração,A2,Não se aplica,Não se aplica,Dupla contratação,187,0.0,Suzano Mucuri (Antiga Bahia Sul),Não se aplica,GERAÇÃO,Número de Consumidores,2024-01-01T00:00:00.000,"1,000000"
2026-09-15T00:00:00.000,15139629000194,COELBA,COMPANHIA DE ELETRICIDADE DO ESTADO DA BAHIA COELBA,Regular,Azul,A2,Industrial,Não se aplica,Fonte incentivada,0,,Não se aplica,Ponta,LIVRE,Desconto Demanda %,2024-01-01T00:00:00.000,"53,204351"
2026-09-15T00:00:00.000,15139629000194,COELBA,COMPANHIA DE ELETRICIDADE DO ESTADO DA BAHIA COELBA,Regular,Verde,A4,Rural,Não se aplica,Não se aplica,0,37121669900.0,Não se aplica,Fora ponta,CATIVO,Receita Energia (R$),2024-01-01T00:00:00.000,"2054816,510000"
2026-09-15T00:00:00.000,15139629000194,COELBA,COMPANHIA DE ELETRICIDADE DO ESTADO DA BAHIA COELBA,Refaturamento - Regular,Convencional,B1,Residencial,Residencial,Não se aplica,0,37121669900.0,Não se aplica,Não se aplica,CATIVO,Energia TE (kWh),2024-01-01T00:00:00.000,"-3128117,000000"
2026-09-15T00:00:00.000,15139629000194,COELBA,COMPANHIA DE ELETRICIDADE DO ESTADO DA BAHIA COELBA,Regular,Geração,A3a,Não se aplica,Não se aplica,Dupla contratação,1017,0.0,Galvani,Não se aplica,GERAÇÃO,Número de Consumidores,2024-01-01T00:00:00.000,"1,000000"
2026-09-15T00:00:00.000,15139629000194,COELBA,COMPANHIA DE ELETRICIDADE DO ESTADO DA BAHIA COELBA,Regular,Azul,A2,Industrial,Não se aplica,APE,0,,Não se aplica,Não se aplica,LIVRE,Número de Consumidores,2024-01-01T00:00:00.000,"2,000000"
2026-09-15T00:00:00.000,15139629000194,COELBA,COMPANHIA DE ELETRICIDADE DO ESTADO DA BAHIA COELBA,Sistema de Compensação GD I,Verde,A4,Rural,Não se aplica,Não se aplica,0,37121669900.0,Não se aplica,Fora ponta,CATIVO,Receita Energia (R$),2024-01-01T00:00:00.000,"235689,000000"
2026-09-15T00:00:00.000,15139629000194,COELBA,COMPANHIA DE ELETRICIDADE DO ESTADO DA BAHIA COELBA,Refaturamento - Regular,Convencional,B1,Residencial,Residencial,Não se aplica,0,37121669900.0,Não se aplica,Não se aplica,CATIVO,Número de consumidores,2024-01-01T00:00:00.000,"3340,000000"
2026-09-15T00:00:00.000,15139629000194,COELBA,COMPANHIA DE ELETRICIDADE DO ESTADO DA BAHIA COELBA,Regular,Azul,A3,Não se aplica,Não se aplica,APE,0,10919934000185.0,Cimpor Cimentos do Brasil S.A.,Não se aplica,LIVRE,Número de Consumidores,2024-01-01T00:00:00.000,"1,000000"
2026-09-15T00:00:00.000,15139629000194,COELBA,COMPANHIA DE ELETRICIDADE DO ESTADO DA BAHIA COELBA,Regular,Azul,A2,Industrial,Não se aplica,APE,0,,Não se aplica,Não se aplica,LIVRE,Energia TUSD (kWh),2024-01-01T00:00:00.000,"9041797,000000"
2026-09-15T00:00:00.000,15139629000194,COELBA,COMPANHIA DE ELETRICIDADE DO ESTADO DA BAHIA COELBA,Refaturamento - Regular,Azul,A4,Rural,Não se aplica,Não se aplica,0,37121669900.0,Não se aplica,Não se aplica,CATIVO,PIS/PASEP (R$),2024-01-01T00:00:00.000,",050000"
2026-09-15T00:00:00.000,15139629000194,COELBA,COMPANHIA DE ELETRICIDADE DO ESTADO DA BAHIA COELBA,Refaturamento - Regular,Verde,A3a,Industrial,Não se aplica,Não se aplica,0,37121669900.0,Não se aplica,Ponta,CATIVO,Receita Energia (R$),2024-01-01T00:00:00.000,"-11367,340000"
2026-09-15T00:00:00.000,15139629000194,COELBA,COMPANHIA DE ELETRICIDADE DO ESTADO DA BAHIA COELBA,Regular,Geração,A3a,Não se aplica,Não se aplica,Dupla contratação,1017,0.0,Galvani,Não se aplica,GERAÇÃO,Demanda Contratada kW,2024-01-01T00:00:00.000,"3500,000000"
2026-09-15T00:00:00.000,15139629000194,COELBA,COMPANHIA DE ELETRICIDADE DO ESTADO DA BAHIA COELBA,Regular,Azul,A3,Industrial,Não se aplica,Não se aplica,0,,Não se aplica,Ponta,LIVRE,Demanda Faturada (kW),2024-01-01T00:00:00.000,"49572,000000"
2026-09-15T00:00:00.000,15139629000194,COELBA,COMPANHIA DE ELETRICIDADE DO ESTADO DA BAHIA COELBA,Refaturamento - Regular,Verde,A3a,Rural,Não se aplica,Não se aplica,0,37121669900.0,Não se aplica,Não se aplica,CATIVO,Número de consumidores,2024-01-01T00:00:00.000,"10,000000"
2026-09-15T00:00:00.000,15139629000194,COELBA,COMPANHIA DE ELETRICIDADE DO ESTADO DA BAHIA COELBA,Regular,Branca,B1,Residencial,Residencial,Não se aplica,0,37121669900.0,Não se aplica,Não se aplica,CATIVO,Número de consumidores,2024-01-01T00:00:00.000,"2433,000000"
2026-09-15T00:00:00.000,15139629000194,COELBA,COMPANHIA DE ELETRICIDADE DO ESTADO DA BAHIA COELBA,Regular,Geração,A3,Não se aplica,Não se aplica,Não se aplica,2754,0.0,Sítio Grande,Não se aplica,GERAÇÃO,PIS/COFINS (R$),2024-01-01T00:00:00.000,"6766,120000"
2026-09-15T00:00:00.000,15139629000194,COELBA,COMPANHIA DE ELETRICIDADE DO ESTADO DA BAHIA COELBA,Regular,Azul,A3,Industrial,Não se aplica,Não se aplica,0,,Não se aplica,Não se aplica,LIVRE,ICMS (R$),2024-01-01T00:00:00.000,"668342,680000"
2026-09-15T00:00:00.000,15139629000194,COELBA,COMPANHIA DE ELETRICIDADE DO ESTADO DA BAHIA COELBA,Refaturamento - Regular,Verde,A3a,Rural,Não se aplica,Não se aplica,0,37121669900.0,Não se aplica,Ponta,CATIVO,Energia TE (kWh),2024-01-01T00:00:00.000,"-28720,000000"
2026-09-15T00:00:00.000,15139629000194,COELBA,COMPANHIA DE ELETRICIDADE DO ESTADO DA BAHIA COELBA,Sistema Individual - Regular,Energia Fotovoltaica (Res. 083/2004),B3,Industrial,Não se aplica,Não se aplica,0,37121669900.0,Não se aplica,Não se aplica,CATIVO,Número de consumidores,2024-01-01T00:00:00.000,"1,000000"
2026-09-15T00:00:00.000,15139629000194,COELBA,COMPANHIA DE ELETRICIDADE DO ESTADO DA BAHIA COELBA,Regular,Geração,A3,Não se aplica,Não se aplica,Não se aplica,2754,0.0,Sítio Grande,Não se aplica,GERAÇÃO,Receita Demanda (R$),2024-01-01T00:00:00.000,"123102,000000"
2026-09-15T00:00:00.000,15139629000194,COELBA,COMPANHIA DE ELETRICIDADE DO ESTADO DA BAHIA COELBA,Regular,Azul,A3,Comercial,Não se aplica,Não se aplica,0,,Não se aplica,Fora ponta,LIVRE,Receita Demanda (R$),2024-01-01T00:00:00.000,"58367,990000"
2026-09-15T00:00:00.000,15139629000194,COELBA,COMPANHIA DE ELETRICIDADE DO ESTADO DA BAHIA COELBA,Refaturamento - Regular,Verde,A3a,Rural,Não se aplica,Não se aplica,0,37121669900.0,Não se aplica,Ponta,CATIVO,Receita Energia (R$),2024-01-01T00:00:00.000,"-87505,860000"
2026-09-15T00:00:00.000,15139629000194,COELBA,COMPANHIA DE ELETRICIDADE DO ESTADO DA BAHIA COELBA,Sistema Individual - Regular,Energia Fotovoltaica (Res. 083/2004),B3,Industrial,Não se aplica,Não se aplica,0,37121669900.0,Não se aplica,Não se aplica,CATIVO,PIS/PASEP (R$),2024-01-01T00:00:00.000,",100000"
2026-09-15T00:00:00.000,15139629000194,COELBA,COMPANHIA DE ELETRICIDADE DO ESTADO DA BAHIA COELBA,Regular,Azul,A3,Industrial,Não se aplica,Não se aplica,0,,Não se aplica,Não se aplica,LIVRE,Número de Consumidores,2024-01-01T00:00:00.000,"4,000000"
2026-09-15T00:00:00.000,15139629000194,COELBA,COMPANHIA DE ELETRICIDADE DO ESTADO DA BAHIA COELBA,Regular,Azul,A3,Industrial,Não se aplica,Fonte incentivada,0,,Não se aplica,Não se aplica,LIVRE,ICMS (R$),2024-01-01T00:00:00.000,"3910445,980000"
2026-09-15T00:00:00.000,15139629000194,COELBA,COMPANHIA DE ELETRICIDADE DO ESTADO DA BAHIA COELBA,Sistema de Compensação GD I,Verde,A3a,Rural,Não se aplica,Não se aplica,0,37121669900.0,Não se aplica,Não se aplica,CATIVO,Demanda Faturada (kW),2024-01-01T00:00:00.000,"3602,000000"
2026-09-15T00:00:00.000,15139629000194,COELBA,COMPANHIA DE ELETRICIDADE DO ESTADO DA BAHIA COELBA,Refaturamento - Regular,Convencional,B3,Comercial,Não se aplica,Não se aplica,0,37121669900.0,Não se aplica,Não se aplica,CATIVO,ICMS (R$),2024-01-01T00:00:00.000,"-603381,050000"
2026-09-15T00:00:00.000,15139629000194,COELBA,COMPANHIA DE ELETRICIDADE DO ESTADO DA BAHIA COELBA,Regular,Azul,A3,Industrial,Não se aplica,Não se aplica,0,,Não se aplica,Fora ponta,LIVRE,Demanda Faturada (kW),2024-01-01T00:00:00.000,"50900,000000"
2026-09-15T00:00:00.000,15139629000194,COELBA,COMPANHIA DE ELETRICIDADE DO ESTADO DA BAHIA COELBA,Regular,Geração,A2,Não se aplica,Não se aplica,Não se aplica,27046,0.0,Funil,Não se aplica,GERAÇÃO,PIS/COFINS (R$),2024-01-01T00:00:00.000,"4347,450000"
2026-09-15T00:00:00.000,15139629000194,COELBA,COMPANHIA DE ELETRICIDADE DO ESTADO DA BAHIA COELBA,Regular,Verde,A3a,Rural,Não se aplica,Não se aplica,0,37121669900.0,Não se aplica,Fora ponta,CATIVO,Energia TE (kWh),2024-01-01T00:00:00.000,"21543470,000000"
2026-09-15T00:00:00.000,15139629000194,COELBA,COMPANHIA DE ELETRICIDADE DO ESTADO DA BAHIA COELBA,Regular,Branca,B3,Industrial,Não se aplica,Não se aplica,0,37121669900.0,Não se aplica,Não se aplica,CATIVO,COFINS (R$),2024-01-01T00:00:00.000,"399,480000"
2026-09-15T00:00:00.000,15139629000194,COELBA,COMPANHIA DE ELETRICIDADE DO ESTADO DA BAHIA COELBA,Regular,Azul,A3,Industrial,Não se aplica,Não se aplica,0,,Não se aplica,Ponta,LIVRE,Receita Demanda (R$),2024-01-01T00:00:00.000,"1732031,410000"
2026-09-15T00:00:00.000,15139629000194,COELBA,COMPANHIA DE ELETRICIDADE DO ESTADO DA BAHIA COELBA,Refaturamento - Regular,Azul,A3,Industrial,Não se aplica,Fonte incentivada,0,,Não se aplica,Não se aplica,LIVRE,Número de Consumidores,2024-01-01T00:00:00.000,"2,000000"
2026-09-15T00:00:00.000,15139629000194,COELBA,COMPANHIA DE ELETRICIDADE DO ESTADO DA BAHIA COELBA,Regular,Verde,A3a,Rural,Não se aplica,Não se aplica,0,37121669900.0,Não se aplica,Não se aplica,CATIVO,Demanda Faturada (kW),2024-01-01T00:00:00.000,"95888,000000"
2026-09-15T00:00:00.000,15139629000194,COELBA,COMPANHIA DE ELETRICIDADE DO ESTADO DA BAHIA COELBA,Sistema de Compensação GD I,Branca,B3,Industrial,Não se aplica,Não se aplica,0,37121669900.0,Não se aplica,Fora ponta,CATIVO,Receita Energia (R$),2024-01-01T00:00:00.000,"7826,000000"
2026-09-15T00:00:00.000,15139629000194,COELBA,COMPANHIA DE ELETRICIDADE DO ESTADO DA BAHIA COELBA,Regular,Azul,A3,Industrial,Não se aplica,Não se aplica,0,,Não se aplica,Não se aplica,LIVRE,Energia TUSD (kWh),2024-01-01T00:00:00.000,"12875080,000000"
2026-09-15T00:00:00.000,15139629000194,COELBA,COMPANHIA DE ELETRICIDADE DO ESTADO DA BAHIA COELBA,Refaturamento - Regular,Azul,A4,Industrial,Não se aplica,Fonte incentivada,0,,Não se aplica,Não se aplica,LIVRE,Número de Consumidores,2024-01-01T00:00:00.000,"3,000000"
2026-09-15T00:00:00.000,15139629000194,COELBA,COMPANHIA DE ELETRICIDADE DO ESTADO DA BAHIA COELBA,Refaturamento - Regular,Verde,A4,Rural,Não se aplica,Não se aplica,0,37121669900.0,Não se aplica,Não se aplica,CATIVO,Receita Demanda (R$),2024-01-01T00:00:00.000,"-5540,840000"
2026-09-15T00:00:00.000,15139629000194,COELBA,COMPANHIA DE ELETRICIDADE DO ESTADO DA BAHIA COELBA,Regular,Branca,B3,Industrial,Não se aplica,Não se aplica,0,37121669900.0,Não se aplica,Fora ponta,CATIVO,Receita Energia (R$),2024-01-01T00:00:00.000,"8112,700000"
2026-09-15T00:00:00.000,15139629000194,COELBA,COMPANHIA DE ELETRICIDADE DO ESTADO DA BAHIA COELBA,Regular,Azul,A3,Comercial,Não se aplica,Não se aplica,0,,Não se aplica,Ponta,LIVRE,Demanda Faturada (kW),2024-01-01T00:00:00.000,"3000,000000"
2026-09-15T00:00:00.000,15139629000194,COELBA,COMPANHIA DE ELETRICIDADE DO ESTADO DA BAHIA COELBA,Refaturamento - Regular,Azul,A4,Industrial,Não se aplica,Fonte incentivada,0,,Não se aplica,Fora ponta,LIVRE,Demanda Faturada (kW),2024-01-01T00:00:00.000,"-5210,000000"
2026-09-15T00:00:00.000,15139629000194,COELBA,COMPANHIA DE ELETRICIDADE DO ESTADO DA BAHIA COELBA,Refaturamento - Regular,Verde,A4,Rural,Agropecuária rural,IRRIG./AQUIC. PR,0,37121669900.0,Não se aplica,Fora ponta,CATIVO,Energia TUSD (kWh),2024-01-01T00:00:00.000,"-2473,000000"
2026-09-15T00:00:00.000,15139629000194,COELBA,COMPANHIA DE ELETRICIDADE DO ESTADO DA BAHIA COELBA,Sistema de Compensação GD I,Convencional,B3,Comercial,Não se aplica,Não se aplica,0,37121669900.0,Não se aplica,Não se aplica,CATIVO,ICMS (R$),2024-01-01T00:00:00.000,"4913550,000000"
2026-09-15T00:00:00.000,15139629000194,COELBA,COMPANHIA DE ELETRICIDADE DO ESTADO DA BAHIA COELBA,Regular,Azul,A3,Comercial,Não se aplica,Não se aplica,0,,Não se aplica,Não se aplica,LIVRE,Receita Energia (R$),2024-01-01T00:00:00.000,"51263,780000"
2026-09-15T00:00:00.000,15139629000194,COELBA,COMPANHIA DE ELETRICIDADE DO ESTADO DA BAHIA COELBA,Refaturamento - Regular,Azul,A4,Industrial,Não se aplica,Fonte incentivada,0,,Não se aplica,Ponta,LIVRE,Receita Demanda (R$),2024-01-01T00:00:00.000,"-272552,030000"
2026-09-15T00:00:00.000,15139629000194,COELBA,COMPANHIA DE ELETRICIDADE DO ESTADO DA BAHIA COELBA,Sistema de Compensação GD II,Verde,A4,Rural,Agropecuária rural,IRRIG./AQUIC. PR,0,37121669900.0,Não se aplica,Fora ponta,CATIVO,Desconto Energia TUSD %,2024-01-01T00:00:00.000,"90,000000"
2026-09-15T00:00:00.000,15139629000194,COELBA,COMPANHIA DE ELETRICIDADE DO ESTADO DA BAHIA COELBA,Sistema de Compensação GD I,Branca,B3,Industrial,Não se aplica,Não se aplica,0,37121669900.0,Não se aplica,Fora ponta,CATIVO,Energia TE (kWh),2024-01-01T00:00:00.000,"12156,000000"
2026-09-15T00:00:00.000,15139629000194,COELBA,COMPANHIA DE ELETRICIDADE DO ESTADO DA BAHIA COELBA,Regular,Azul,A3,Industrial,Não se aplica,Fonte incentivada,0,,Não se aplica,Não se aplica,LIVRE,Número de Consumidores,2024-01-01T00:00:00.000,"47,000000"
2026-09-15T00:00:00.000,15139629000194,COELBA,COMPANHIA DE ELETRICIDADE DO ESTADO DA BAHIA COELBA,Refaturamento - Regular,Azul,A4,Industrial,Não se aplica,Fonte incentivada,0,,Não se aplica,Fora ponta,LIVRE,Ultrapassagem Demanda (kW),2024-01-01T00:00:00.000,"-37392,000000"
2026-09-15T00:00:00.000,15139629000194,COELBA,COMPANHIA DE ELETRICIDADE DO ESTADO DA BAHIA COELBA,Regular,Azul,A1,Não se aplica,Não se aplica,Não se aplica,0,20364830000000.0,CONTINENTAL DO BRASIL PRODUTOS  AUTOMOTIVOS LTDA,Ponta,LIVRE,Demanda Faturada (kW),2024-01-01T00:00:00.000,"18200,000000"
2026-09-15T00:00:00.000,15139629000194,COELBA,COMPANHIA DE ELETRICIDADE DO ESTADO DA BAHIA COELBA,Sistema de Compensação GD I,Branca,B3,Industrial,Não se aplica,Não se aplica,0,37121669900.0,Não se aplica,Intermediário,CATIVO,Energia Consumida (kWh),2024-01-01T00:00:00.000,"316,000000"
2026-09-15T00:00:00.000,15139629000194,COELBA,COMPANHIA DE ELETRICIDADE DO ESTADO DA BAHIA COELBA,Regular,Azul,A3,Industrial,Não se aplica,Fonte incentivada,0,,Não se aplica,Fora ponta,LIVRE,Demanda Faturada (kW),2024-01-01T00:00:00.000,"369506,000000"
2026-09-15T00:00:00.000,15139629000194,COELBA,COMPANHIA DE ELETRICIDADE DO ESTADO DA BAHIA COELBA,Refaturamento - Regular,Azul,A4,Industrial,Não se aplica,Fonte incentivada,0,,Não se aplica,Ponta,LIVRE,Receita Ultrapassagem Demanda (R$),2024-01-01T00:00:00.000,"-99859,080000"
2026-09-15T00:00:00.000,15139629000194,COELBA,COMPANHIA DE ELETRICIDADE DO ESTADO DA BAHIA COELBA,Regular,Azul,A1,Não se aplica,Não se aplica,Não se aplica,0,20364830000000.0,CONTINENTAL DO BRASIL PRODUTOS  AUTOMOTIVOS LTDA,Não se aplica,LIVRE,Receita Energia (R$),2024-01-01T00:00:00.000,"281158,800000"
2026-09-15T00:00:00.000,15139629000194,COELBA,COMPANHIA DE ELETRICIDADE DO ESTADO DA BAHIA COELBA,Refaturamento - Regular,Verde,A4,Rural,Agropecuária rural,Não se aplica,0,37121669900.0,Não se aplica,Não se aplica,CATIVO,ICMS (R$),2024-01-01T00:00:00.000,"-75200,180000"
2026-09-15T00:00:00.000,15139629000194,COELBA,COMPANHIA DE ELETRICIDADE DO ESTADO DA BAHIA COELBA,Regular,Azul,A3,Industrial,Não se aplica,Fonte incentivada,0,,Não se aplica,Ponta,LIVRE,Receita Demanda (R$),2024-01-01T00:00:00.000,"8666644,870000"
2026-09-15T00:00:00.000,15139629000194,COELBA,COMPANHIA DE ELETRICIDADE DO ESTADO DA BAHIA COELBA,Refaturamento - Regular,Azul,A4,Industrial,Não se aplica,Fonte incentivada,0,,Não se aplica,Não se aplica,LIVRE,PIS/COFINS (R$),2024-01-01T00:00:00.000,"-44459,390000"
2026-09-15T00:00:00.000,15139629000194,COELBA,COMPANHIA DE ELETRICIDADE DO ESTADO DA BAHIA COELBA,Regular,Azul,A1,Não se aplica,Não se aplica,Não se aplica,0,20364830000000.0,CONTINENTAL DO BRASIL PRODUTOS  AUTOMOTIVOS LTDA,Fora ponta,LIVRE,Receita Demanda (R$),2024-01-01T00:00:00.000,"150149,990000"
2026-09-15T00:00:00.000,15139629000194,COELBA,COMPANHIA DE ELETRICIDADE DO ESTADO DA BAHIA COELBA,Sistema de Compensação GD I,Verde,A4,Rural,Agropecuária rural,Não se aplica,0,37121669900.0,Não se aplica,Não se aplica,CATIVO,Receita Ultrapassagem Demanda (R$),2024-01-01T00:00:00.000,"10546,000000"
2026-09-15T00:00:00.000,15139629000194,COELBA,COMPANHIA DE ELETRICIDADE DO ESTADO DA BAHIA COELBA,Regular,Azul,A3,Industrial,Não se aplica,Fonte incentivada,0,,Não se aplica,Fora ponta,LIVRE,Ultrapassagem Demanda (kW),2024-01-01T00:00:00.000,"11468,000000"
2026-09-15T00:00:00.000,15139629000194,COELBA,COMPANHIA DE ELETRICIDADE DO ESTADO DA BAHIA COELBA,Refaturamento - Regular,Azul,A4,Industrial,Não se aplica,Fonte incentivada,0,,Não se aplica,Ponta,LIVRE,Desconto Demanda %,2024-01-01T00:00:00.000,"49,708469"
2026-09-15T00:00:00.000,15139629000194,COELBA,COMPANHIA DE ELETRICIDADE DO ESTADO DA BAHIA COELBA,Regular,Azul,A1,Não se aplica,Não se aplica,Não se aplica,0,20364830000000.0,CONTINENTAL DO BRASIL PRODUTOS  AUTOMOTIVOS LTDA,Não se aplica,LIVRE,Energia TUSD (kWh),2024-01-01T00:00:00.000,"6727900,000000"
2026-09-15T00:00:00.000,15139629000194,COELBA,COMPANHIA DE ELETRICIDADE DO ESTADO DA BAHIA COELBA,Regular,Verde,A4,Rural,Agropecuária rural,Não se aplica,0,37121669900.0,Não se aplica,Não se aplica,CATIVO,COFINS (R$),2024-01-01T00:00:00.000,"511381,320000"
2026-09-15T00:00:00.000,15139629000194,COELBA,COMPANHIA DE ELETRICIDADE DO ESTADO DA BAHIA COELBA,Regular,Azul,A3,Industrial,Não se aplica,Fonte incentivada,0,,Não se aplica,Ponta,LIVRE,Receita Ultrapassagem Demanda (R$),2024-01-01T00:00:00.000,"205811,950000"
2026-09-15T00:00:00.000,15139629000194,COELBA,COMPANHIA DE ELETRICIDADE DO ESTADO DA BAHIA COELBA,Refaturamento - Regular,Azul,A4,Industrial,Não se aplica,Fonte incentivada,0,,Não se aplica,Não se aplica,LIVRE,Energia TUSD (kWh),2024-01-01T00:00:00.000,"-2505868,000000"
2026-09-15T00:00:00.000,15139629000194,COELBA,COMPANHIA DE ELETRICIDADE DO ESTADO DA BAHIA COELBA,Regular,Azul,A1,Não se aplica,Não se aplica,Não se aplica,0,20364830000000.0,CONTINENTAL DO BRASIL PRODUTOS  AUTOMOTIVOS LTDA,Não se aplica,LIVRE,ICMS (R$),2024-01-01T00:00:00.000,"126811,490000"
2026-09-15T00:00:00.000,15139629000194,COELBA,COMPANHIA DE ELETRICIDADE DO ESTADO DA BAHIA COELBA,Sistema de Compensação GD I,Verde,A4,Rural,Agropecuária rural,Não se aplica,0,37121669900.0,Não se aplica,Não se aplica,CATIVO,PIS/PASEP (R$),2024-01-01T00:00:00.000,"4608,000000"
2026-09-15T00:00:00.000,15139629000194,COELBA,COMPANHIA DE ELETRICIDADE DO ESTADO DA BAHIA COELBA,Regular,Azul,A3,Industrial,Não se aplica,Fonte incentivada,0,,Não se aplica,Não se aplica,LIVRE,PIS/COFINS (R$),2024-01-01T00:00:00.000,"1203346,030000"
2026-09-15T00:00:00.000,15139629000194,COELBA,COMPANHIA DE ELETRICIDADE DO ESTADO DA BAHIA COELBA,Refaturamento - Regular,Verde,A4,Industrial,Não se aplica,Fonte incentivada,0,,Não se aplica,Não se aplica,LIVRE,Receita Demanda (R$),2024-01-01T00:00:00.000,"-163046,700000"
2026-09-15T00:00:00.000,15139629000194,COELBA,COMPANHIA DE ELETRICIDADE DO ESTADO DA BAHIA COELBA,Regular,Azul,A1,Não se aplica,Não se aplica,Não se aplica,0,20364830000000.0,CONTINENTAL DO BRASIL PRODUTOS  AUTOMOTIVOS LTDA,Fora ponta,LIVRE,Demanda Faturada (kW),2024-01-01T00:00:00.000,"18200,000000"
2026-09-15T00:00:00.000,15139629000194,COELBA,COMPANHIA DE ELETRICIDADE DO ESTADO DA BAHIA COELBA,Refaturamento - Regular,Verde,A4,Rural,Agropecuária rural,Não se aplica,0,37121669900.0,Não se aplica,Não se aplica,CATIVO,COFINS (R$),2024-01-01T00:00:00.000,"-6461,750000"
2026-09-15T00:00:00.000,15139629000194,COELBA,COMPANHIA DE ELETRICIDADE DO ESTADO DA BAHIA COELBA,Regular,Azul,A3,Industrial,Não se aplica,Fonte incentivada,0,,Não se aplica,Ponta,LIVRE,Desconto Demanda %,2024-01-01T00:00:00.000,"23,703449"
2026-09-15T00:00:00.000,15139629000194,COELBA,COMPANHIA DE ELETRICIDADE DO ESTADO DA BAHIA COELBA,Refaturamento - Regular,Verde,A4,Industrial,Não se aplica,Fonte incentivada,0,,Não se aplica,Não se aplica,LIVRE,ICMS (R$),2024-01-01T00:00:00.000,"-168132,950000"
2026-09-15T00:00:00.000,15139629000194,COELBA,COMPANHIA DE ELETRICIDADE DO ESTADO DA BAHIA COELBA,Regular,Azul,A1,Não se aplica,Não se aplica,Não se aplica,0,20364830000000.0,CONTINENTAL DO BRASIL PRODUTOS  AUTOMOTIVOS LTDA,Ponta,LIVRE,Receita Demanda (R$),2024-01-01T00:00:00.000,"150331,990000"
2026-09-15T00:00:00.000,15139629000194,COELBA,COMPANHIA DE ELETRICIDADE DO ESTADO DA BAHIA COELBA,Refaturamento - Regular,Azul,A4,Rural,Não se aplica,Não se aplica,0,37121669900.0,Não se aplica,Não se aplica,CATIVO,ICMS (R$),2024-01-01T00:00:00.000,",060000"
2026-09-15T00:00:00.000,15139629000194,COELBA,COMPANHIA DE ELETRICIDADE DO ESTADO DA BAHIA COELBA,Regular,Azul,A3,Não se aplica,Não se aplica,ERC,0,,Não se aplica,Fora ponta,LIVRE,Receita Demanda (R$),2024-01-01T00:00:00.000,"514250,350000"
2026-09-15T00:00:00.000,15139629000194,COELBA,COMPANHIA DE ELETRICIDADE DO ESTADO DA BAHIA COELBA,Refaturamento - Regular,Verde,A4,Industrial,Não se aplica,Fonte incentivada,0,,Não se aplica,Não se aplica,LIVRE,Desconto Demanda %,2024-01-01T00:00:00.000,"54,416350"
2026-09-15T00:00:00.000,15139629000194,COELBA,COMPANHIA DE ELETRICIDADE DO ESTADO DA BAHIA COELBA,Regular,Azul,A1,Não se aplica,Não se aplica,Não se aplica,0,20364830000000.0,CONTINENTAL DO BRASIL PRODUTOS  AUTOMOTIVOS LTDA,Não se aplica,LIVRE,PIS/COFINS (R$),2024-01-01T00:00:00.000,"34831,150000"
2026-09-15T00:00:00.000,15139629000194,COELBA,COMPANHIA DE ELETRICIDADE DO ESTADO DA BAHIA COELBA,Regular,Verde,A3a,Rural,Não se aplica,Não se aplica,0,37121669900.0,Não se aplica,Não se aplica,CATIVO,Número de consumidores,2024-01-01T00:00:00.000,"214,000000"
2026-09-15T00:00:00.000,15139629000194,COELBA,COMPANHIA DE ELETRICIDADE DO ESTADO DA BAHIA COELBA,Regular,Azul,A3a,Industrial,Não se aplica,Fonte incentivada,0,,Não se aplica,Ponta,LIVRE,Demanda Faturada (kW),2024-01-01T00:00:00.000,"24920,000000"
2026-09-15T00:00:00.000,15139629000194,COELBA,COMPANHIA DE ELETRICIDADE DO ESTADO DA BAHIA COELBA,Refaturamento - Regular,Verde,A4,Industrial,Não se aplica,Fonte incentivada,0,,Não se aplica,Ponta,LIVRE,Energia TUSD (kWh),2024-01-01T00:00:00.000,"-148781,000000"
2026-09-15T00:00:00.000,15139629000194,COELBA,COMPANHIA DE ELETRICIDADE DO ESTADO DA BAHIA COELBA,Sistema de Compensação GD II,Convencional,B2,Rural,Não se aplica,Não se aplica,0,37121669900.0,Não se aplica,Não se aplica,CATIVO,Número de consumidores,2024-01-01T00:00:00.000,"1421,000000"
2026-09-15T00:00:00.000,15139629000194,COELBA,COMPANHIA DE ELETRICIDADE DO ESTADO DA BAHIA COELBA,Sistema de Compensação GD I,Verde,A3a,Rural,Não se aplica,Não se aplica,0,37121669900.0,Não se aplica,Não se aplica,CATIVO,Número de consumidores,2024-01-01T00:00:00.000,"33,000000"
2026-09-15T00:00:00.000,15139629000194,COELBA,COMPANHIA DE ELETRICIDADE DO ESTADO DA BAHIA COELBA,Regular,Azul,A3a,Industrial,Não se aplica,Fonte incentivada,0,,Não se aplica,Ponta,LIVRE,Ultrapassagem Demanda (kW),2024-01-01T00:00:00.000,"131,000000"
2026-09-15T00:00:00.000,15139629000194,COELBA,COMPANHIA DE ELETRICIDADE DO ESTADO DA BAHIA COELBA,Regular,Geração,A3,Não se aplica,Não se aplica,Não se aplica,33784,0.0,São Pedro IV,Não se aplica,GERAÇÃO,Receita Demanda (R$),2024-01-01T00:00:00.000,"128573,200000"
2026-09-15T00:00:00.000,15139629000194,COELBA,COMPANHIA DE ELETRICIDADE DO ESTADO DA BAHIA COELBA,Refaturamento - Regular,Convencional,B2,Rural,Não se aplica,Não se aplica,0,37121669900.0,Não se aplica,Não se aplica,CATIVO,Número de consumidores,2024-01-01T00:00:00.000,"162,000000"
2026-09-15T00:00:00.000,15139629000194,COELBA,COMPANHIA DE ELETRICIDADE DO ESTADO DA BAHIA COELBA,Refaturamento - Regular,Verde,A3a,Rural,Não se aplica,Não se aplica,0,37121669900.0,Não se aplica,Não se aplica,CATIVO,Demanda Faturada (kW),2024-01-01T00:00:00.000,"-14,000000"
2026-09-15T00:00:00.000,15139629000194,COELBA,COMPANHIA DE ELETRICIDADE DO ESTADO DA BAHIA COELBA,Regular,Azul,A3a,Industrial,Não se aplica,Fonte incentivada,0,,Não se aplica,Não se aplica,LIVRE,Receita Energia (R$),2024-01-01T00:00:00.000,"1066552,170000"
2026-09-15T00:00:00.000,15139629000194,COELBA,COMPANHIA DE ELETRICIDADE DO ESTADO DA BAHIA COELBA,Regular,Verde,A4,Industrial,Não se aplica,Fonte incentivada,0,,Não se aplica,Não se aplica,LIVRE,Desconto Demanda %,2024-01-01T00:00:00.000,"53,518252"
2026-09-15T00:00:00.000,15139629000194,COELBA,COMPANHIA DE ELETRICIDADE DO ESTADO DA BAHIA COELBA,Sistema de Compensação GD II,Convencional,B2,Rural,Não se aplica,Não se aplica,0,37121669900.0,Não se aplica,Não se aplica,CATIVO,Receita energia compensada (R$),2024-01-01T00:00:00.000,"39517,000000"
2026-09-15T00:00:00.000,15139629000194,COELBA,COMPANHIA DE ELETRICIDADE DO ESTADO DA BAHIA COELBA,Regular,Azul,A3a,Rural,Não se aplica,Não se aplica,0,37121669900.0,Não se aplica,Não se aplica,CATIVO,Número de consumidores,2024-01-01T00:00:00.000,"1,000000"
2026-09-15T00:00:00.000,15139629000194,COELBA,COMPANHIA DE ELETRICIDADE DO ESTADO DA BAHIA COELBA,Regular,Azul,A4,Industrial,Não se aplica,Fonte incentivada,0,,Não se aplica,Fora ponta,LIVRE,Receita Demanda (R$),2024-01-01T00:00:00.000,"3324043,000000"
2026-09-15T00:00:00.000,15139629000194,COELBA,COMPANHIA DE ELETRICIDADE DO ESTADO DA BAHIA COELBA,Regular,Verde,A4,Industrial,Não se aplica,Fonte incentivada,0,,Não se aplica,Ponta,LIVRE,Energia TUSD (kWh),2024-01-01T00:00:00.000,"9965627,000000"
2026-09-15T00:00:00.000,15139629000194,COELBA,COMPANHIA DE ELETRICIDADE DO ESTADO DA BAHIA COELBA,Sistema de Compensação GD I,Verde,A4,Comercial,Não se aplica,Não se aplica,0,37121669900.0,Não se aplica,Fora ponta,CATIVO,Desconto de energia compensada %,2024-01-01T00:00:00.000,"100,000000"
2026-09-15T00:00:00.000,15139629000194,COELBA,COMPANHIA DE ELETRICIDADE DO ESTADO DA BAHIA COELBA,Regular,Azul,A3a,Rural,Não se aplica,Não se aplica,0,37121669900.0,Não se aplica,Fora ponta,CATIVO,Demanda Faturada (kW),2024-01-01T00:00:00.000,"6,000000"
2026-09-15T00:00:00.000,15139629000194,COELBA,COMPANHIA DE ELETRICIDADE DO ESTADO DA BAHIA COELBA,Regular,Azul,A4,Industrial,Não se aplica,Fonte incentivada,0,,Não se aplica,Fora ponta,LIVRE,Receita Ultrapassagem Demanda (R$),2024-01-01T00:00:00.000,"247578,530000"
2026-09-15T00:00:00.000,15139629000194,COELBA,COMPANHIA DE ELETRICIDADE DO ESTADO DA BAHIA COELBA,Regular,Verde,A4,Industrial,Não se aplica,APE,0,,Não se aplica,Fora ponta,LIVRE,Energia TUSD (kWh),2024-01-01T00:00:00.000,"557547,000000"
2026-09-15T00:00:00.000,15139629000194,COELBA,COMPANHIA DE ELETRICIDADE DO ESTADO DA BAHIA COELBA,Sistema de Compensação GD II,Verde,A4,Comercial,Não se aplica,Não se aplica,0,37121669900.0,Não se aplica,Ponta,CATIVO,Energia compensada (kWh),2024-01-01T00:00:00.000,"2426,000000"
2026-09-15T00:00:00.000,15139629000194,COELBA,COMPANHIA DE ELETRICIDADE DO ESTADO DA BAHIA COELBA,Regular,Azul,A3a,Rural,Não se aplica,Não se aplica,0,37121669900.0,Não se aplica,Ponta,CATIVO,Energia TE (kWh),2024-01-01T00:00:00.000,"1764,000000"
2026-09-15T00:00:00.000,15139629000194,COELBA,COMPANHIA DE ELETRICIDADE DO ESTADO DA BAHIA COELBA,Regular,Azul,A4,Industrial,Não se aplica,APE,0,,Não se aplica,Não se aplica,LIVRE,Receita Energia (R$),2024-01-01T00:00:00.000,"39031,970000"
2026-09-15T00:00:00.000,15139629000194,COELBA,COMPANHIA DE ELETRICIDADE DO ESTADO DA BAHIA COELBA,Regular,Geração,A3,Não se aplica,Não se aplica,Não se aplica,33784,0.0,São Pedro IV,Não se aplica,GERAÇÃO,PIS/COFINS (R$),2024-01-01T00:00:00.000,"7066,840000"
2026-09-15T00:00:00.000,15139629000194,COELBA,COMPANHIA DE ELETRICIDADE DO ESTADO DA BAHIA COELBA,Sistema de Compensação GD I,Verde,A4,Comercial,Não se aplica,Não se aplica,0,37121669900.0,Não se aplica,Ponta,CATIVO,Energia Injetada (kWh),2024-01-01T00:00:00.000,"8018,000000"
2026-09-15T00:00:00.000,15139629000194,COELBA,COMPANHIA DE ELETRICIDADE DO ESTADO DA BAHIA COELBA,Regular,Verde,A3a,Rural,Não se aplica,Não se aplica,0,37121669900.0,Não se aplica,Ponta,CATIVO,Energia TE (kWh),2024-01-01T00:00:00.000,"683140,000000"
2026-09-15T00:00:00.000,15139629000194,COELBA,COMPANHIA DE ELETRICIDADE DO ESTADO DA BAHIA COELBA,Regular,Verde,A3a,Industrial,Não se aplica,Fonte incentivada,0,,Não se aplica,Não se aplica,LIVRE,Demanda Faturada (kW),2024-01-01T00:00:00.000,"52565,000000"
2026-09-15T00:00:00.000,15139629000194,COELBA,COMPANHIA DE ELETRICIDADE DO ESTADO DA BAHIA COELBA,Regular,Geração,A3,Não se aplica,Não se aplica,Não se aplica,33784,0.0,São Pedro IV,Não se aplica,GERAÇÃO,Demanda Faturada (kW),2024-01-01T00:00:00.000,"26320,000000"
2026-09-15T00:00:00.000,15139629000194,COELBA,COMPANHIA DE ELETRICIDADE DO ESTADO DA BAHIA COELBA,Regular,Convencional,B2,Rural,Serviço público de irrigação rural,IRRIG./AQUIC.,0,37121669900.0,Não se aplica,Não se aplica,CATIVO,Energia TUSD (kWh),2024-01-01T00:00:00.000,"1292,000000"
2026-09-15T00:00:00.000,15139629000194,COELBA,COMPANHIA DE ELETRICIDADE DO ESTADO DA BAHIA COELBA,Refaturamento - Regular,Verde,A3a,Rural,Não se aplica,Não se aplica,0,37121669900.0,Não se aplica,Fora ponta,CATIVO,Energia TE (kWh),2024-01-01T00:00:00.000,"6208,000000"
2026-09-15T00:00:00.000,15139629000194,COELBA,COMPANHIA DE ELETRICIDADE DO ESTADO DA BAHIA COELBA,Regular,Verde,A3a,Industrial,Não se aplica,Fonte incentivada,0,,Não se aplica,Não se aplica,LIVRE,Ultrapassagem Demanda (kW),2024-01-01T00:00:00.000,"2372,000000"
2026-09-15T00:00:00.000,15139629000194,COELBA,COMPANHIA DE ELETRICIDADE DO ESTADO DA BAHIA COELBA,Regular,Geração,A3,Não se aplica,Não se aplica,Não se aplica,33784,0.0,São Pedro IV,Não se aplica,GERAÇÃO,Desconto Demanda %,2024-01-01T00:00:00.000,"50,000000"
2026-09-15T00:00:00.000,15139629000194,COELBA,COMPANHIA DE ELETRICIDADE DO ESTADO DA BAHIA COELBA,Regular,Azul,A3,Rural,Agropecuária rural,IRRIG./AQUIC. PR,0,37121669900.0,Não se aplica,Fora ponta,CATIVO,Energia TUSD (kWh),2024-01-01T00:00:00.000,"3544302,000000"
2026-09-15T00:00:00.000,15139629000194,COELBA,COMPANHIA DE ELETRICIDADE DO ESTADO DA BAHIA COELBA,Sistema de Compensação GD I,Verde,A4,Comercial,Não se aplica,Não se aplica,0,37121669900.0,Não se aplica,Fora ponta,CATIVO,Energia Consumida (kWh),2024-01-01T00:00:00.000,"5581820,000000"
2026-09-15T00:00:00.000,15139629000194,COELBA,COMPANHIA DE ELETRICIDADE DO ESTADO DA BAHIA COELBA,Regular,Verde,A3a,Industrial,Não se aplica,Fonte incentivada,0,,Não se aplica,Ponta,LIVRE,Desconto Energia TUSD %,2024-01-01T00:00:00.000,"51,099650"
2026-09-15T00:00:00.000,15139629000194,COELBA,COMPANHIA DE ELETRICIDADE DO ESTADO DA BAHIA COELBA,Regular,Geração,A3,Não se aplica,Não se aplica,Não se aplica,33784,0.0,São Pedro IV,Não se aplica,GERAÇÃO,Demanda Contratada kW,2024-01-01T00:00:00.000,"26320,000000"
2026-09-15T00:00:00.000,15139629000194,COELBA,COMPANHIA DE ELETRICIDADE DO ESTADO DA BAHIA COELBA,Regular,Azul,A3,Rural,Agropecuária rural,IRRIG./AQUIC. PR,0,37121669900.0,Não se aplica,Fora ponta,CATIVO,Desconto Energia TUSD %,2024-01-01T00:00:00.000,"90,000000"
2026-09-15T00:00:00.000,15139629000194,COELBA,COMPANHIA DE ELETRICIDADE DO ESTADO DA BAHIA COELBA,Sistema de Compensação GD I,Branca,B1,Residencial,Residencial,Não se aplica,0,37121669900.0,Não se aplica,Intermediário,CATIVO,Desconto de energia compensada %,2024-01-01T00:00:00.000,"100,000000"
2026-09-15T00:00:00.000,15139629000194,COELBA,COMPANHIA DE ELETRICIDADE DO ESTADO DA BAHIA COELBA,Regular,Azul,A3,Industrial,Não se aplica,APE,0,,Não se aplica,Não se aplica,LIVRE,Receita Energia (R$),2024-01-01T00:00:00.000,"625269,050000"
2026-09-15T00:00:00.000,15139629000194,COELBA,COMPANHIA DE ELETRICIDADE DO ESTADO DA BAHIA COELBA,Regular,Geração,A3,Não se aplica,Não se aplica,Não se aplica,32892,0.0,Bom Jesus da Lapa I,Não se aplica,GERAÇÃO,Demanda Contratada kW,2024-01-01T00:00:00.000,"30000,000000"
2026-09-15T00:00:00.000,15139629000194,COELBA,COMPANHIA DE ELETRICIDADE DO ESTADO DA BAHIA COELBA,Regular,Verde,A3a,Rural,Agropecuária rural,Não se aplica,0,37121669900.0,Não se aplica,Fora ponta,CATIVO,Energia TUSD (kWh),2024-01-01T00:00:00.000,"42721843,000000"
2026-09-15T00:00:00.000,15139629000194,COELBA,COMPANHIA DE ELETRICIDADE DO ESTADO DA BAHIA COELBA,Sistema de Compensação GD I,Verde,A4,Comercial,Não se aplica,Não se aplica,0,37121669900.0,Não se aplica,Não se aplica,CATIVO,ICMS (R$),2024-01-01T00:00:00.000,"1174877,000000"
2026-09-15T00:00:00.000,15139629000194,COELBA,COMPANHIA DE ELETRICIDADE DO ESTADO DA BAHIA COELBA,Regular,Azul,A3,Não se aplica,Não se aplica,ERC,0,,Não se aplica,Não se aplica,LIVRE,Receita Energia (R$),2024-01-01T00:00:00.000,"3,070000"
2026-09-15T00:00:00.000,15139629000194,COELBA,COMPANHIA DE ELETRICIDADE DO ESTADO DA BAHIA COELBA,Regular,Geração,A3,Não se aplica,Não se aplica,Não se aplica,32892,0.0,Bom Jesus da Lapa I,Não se aplica,GERAÇÃO,PIS/COFINS (R$),2024-01-01T00:00:00.000,"3221,960000"
2026-09-15T00:00:00.000,15139629000194,COELBA,COMPANHIA DE ELETRICIDADE DO ESTADO DA BAHIA COELBA,Regular,Verde,A4,Rural,Aquicultura,Não se aplica,0,37121669900.0,Não se aplica,Ponta,CATIVO,Energia TUSD (kWh),2024-01-01T00:00:00.000,"11325,000000"
2026-09-15T00:00:00.000,15139629000194,COELBA,COMPANHIA DE ELETRICIDADE DO ESTADO DA BAHIA COELBA,Sistema de Compensação GD I,Convencional,B2,Rural,Agropecuária rural,IRRIG./AQUIC.,0,37121669900.0,Não se aplica,Não se aplica,CATIVO,Receita Energia (R$),2024-01-01T00:00:00.000,"736497,000000"
2026-09-15T00:00:00.000,15139629000194,COELBA,COMPANHIA DE ELETRICIDADE DO ESTADO DA BAHIA COELBA,Regular,Azul,A3,Não se aplica,Não se aplica,ERC,0,,Não se aplica,Não se aplica,LIVRE,PIS/COFINS (R$),2024-01-01T00:00:00.000,"82408,930000"
2026-09-15T00:00:00.000,15139629000194,COELBA,COMPANHIA DE ELETRICIDADE DO ESTADO DA BAHIA COELBA,Regular,Geração,A3,Não se aplica,Não se aplica,Não se aplica,32892,0.0,Bom Jesus da Lapa I,Não se aplica,GERAÇÃO,Demanda Faturada (kW),2024-01-01T00:00:00.000,"30000,000000"
2026-09-15T00:00:00.000,15139629000194,COELBA,COMPANHIA DE ELETRICIDADE DO ESTADO DA BAHIA COELBA,Regular,Verde,A3a,Rural,Aquicultura,Não se aplica,0,37121669900.0,Não se aplica,Fora ponta,CATIVO,Energia TUSD (kWh),2024-01-01T00:00:00.000,"77220,000000"
2026-09-15T00:00:00.000,15139629000194,COELBA,COMPANHIA DE ELETRICIDADE DO ESTADO DA BAHIA COELBA,Regular,Branca,B3,Serviço público,"Água, esgoto e saneamento",Não se aplica,0,37121669900.0,Não se aplica,Não se aplica,CATIVO,PIS/PASEP (R$),2024-01-01T00:00:00.000,"9487,100000"
2026-09-15T00:00:00.000,15139629000194,COELBA,COMPANHIA DE ELETRICIDADE DO ESTADO DA BAHIA COELBA,Regular,Verde,A3a,Industrial,Não se aplica,Fonte incentivada,0,,Não se aplica,Não se aplica,LIVRE,Número de Consumidores,2024-01-01T00:00:00.000,"65,000000"
2026-09-15T00:00:00.000,15139629000194,COELBA,COMPANHIA DE ELETRICIDADE DO ESTADO DA BAHIA COELBA,Regular,Geração,A3,Não se aplica,Não se aplica,Não se aplica,32892,0.0,Bom Jesus da Lapa I,Não se aplica,GERAÇÃO,ICMS (R$),2024-01-01T00:00:00.000,"15946,660000"
2026-09-15T00:00:00.000,15139629000194,COELBA,COMPANHIA DE ELETRICIDADE DO ESTADO DA BAHIA COELBA,Sistema de Compensação GD I,Verde,A4,Serviço público,"Água, esgoto e saneamento",Não se aplica,0,37121669900.0,Não se aplica,Fora ponta,CATIVO,Energia TUSD (kWh),2024-01-01T00:00:00.000,"16856,000000"
2026-09-15T00:00:00.000,15139629000194,COELBA,COMPANHIA DE ELETRICIDADE DO ESTADO DA BAHIA COELBA,Sistema de Compensação GD I,Verde,A4,Serviço público,"Água, esgoto e saneamento",Não se aplica,0,37121669900.0,Não se aplica,Fora ponta,CATIVO,Desconto de energia compensada %,2024-01-01T00:00:00.000,"100,000000"
2026-09-15T00:00:00.000,15139629000194,COELBA,COMPANHIA DE ELETRICIDADE DO ESTADO DA BAHIA COELBA,Regular,Verde,A3a,Industrial,Não se aplica,Fonte incentivada,0,,Não se aplica,Ponta,LIVRE,Receita Energia (R$),2024-01-01T00:00:00.000,"1412368,140000"
2026-09-15T00:00:00.000,15139629000194,COELBA,COMPANHIA DE ELETRICIDADE DO ESTADO DA BAHIA COELBA,Regular,Geração,A3,Não se aplica,Não se aplica,Não se aplica,32892,0.0,Bom Jesus da Lapa I,Não se aplica,GERAÇÃO,Desconto Demanda %,2024-01-01T00:00:00.000,"80,000000"
2026-09-15T00:00:00.000,15139629000194,COELBA,COMPANHIA DE ELETRICIDADE DO ESTADO DA BAHIA COELBA,Sistema de Compensação GD I,Branca,B3,Comercial,Não se aplica,Não se aplica,0,37121669900.0,Não se aplica,Não se aplica,CATIVO,COFINS (R$),2024-01-01T00:00:00.000,"2886,000000"
2026-09-15T00:00:00.000,15139629000194,COELBA,COMPANHIA DE ELETRICIDADE DO ESTADO DA BAHIA COELBA,Sistema de Compensação GD II,Convencional,B3,Comercial,Não se aplica,Não se aplica,0,37121669900.0,Não se aplica,Não se aplica,CATIVO,COFINS (R$),2024-01-01T00:00:00.000,"44143,000000"
2026-09-15T00:00:00.000,15139629000194,COELBA,COMPANHIA DE ELETRICIDADE DO ESTADO DA BAHIA COELBA,Regular,Verde,A3a,Industrial,Não se aplica,Fonte incentivada,0,,Não se aplica,Não se aplica,LIVRE,PIS/COFINS (R$),2024-01-01T00:00:00.000,"223256,570000"
2026-09-15T00:00:00.000,15139629000194,COELBA,COMPANHIA DE ELETRICIDADE DO ESTADO DA BAHIA COELBA,Regular,Geração,A3,Não se aplica,Não se aplica,Não se aplica,32892,0.0,Bom Jesus da Lapa I,Não se aplica,GERAÇÃO,Receita Demanda (R$),2024-01-01T00:00:00.000,"58620,000000"
2026-09-15T00:00:00.000,15139629000194,COELBA,COMPANHIA DE ELETRICIDADE DO ESTADO DA BAHIA COELBA,Regular,Branca,B3,Comercial,Não se aplica,Não se aplica,0,37121669900.0,Não se aplica,Não se aplica,CATIVO,ICMS (R$),2024-01-01T00:00:00.000,"232685,400000"
2026-09-15T00:00:00.000,15139629000194,COELBA,COMPANHIA DE ELETRICIDADE DO ESTADO DA BAHIA COELBA,Sistema de Compensação GD I,Convencional,B3,Comercial,Não se aplica,Não se aplica,0,37121669900.0,Não se aplica,Não se aplica,CATIVO,Energia Injetada (kWh),2024-01-01T00:00:00.000,"34900483,000000"
2026-09-15T00:00:00.000,15139629000194,COELBA,COMPANHIA DE ELETRICIDADE DO ESTADO DA BAHIA COELBA,Regular,Verde,A4,Industrial,Não se aplica,Fonte incentivada,0,,Não se aplica,Não se aplica,LIVRE,Receita Demanda (R$),2024-01-01T00:00:00.000,"7767869,280000"
2026-09-15T00:00:00.000,15139629000194,COELBA,COMPANHIA DE ELETRICIDADE DO ESTADO DA BAHIA COELBA,Regular,Geração,A2,Não se aplica,Não se aplica,Não se aplica,32551,0.0,Piarucum,Não se aplica,GERAÇÃO,PIS/COFINS (R$),2024-01-01T00:00:00.000,"1857,760000"
2026-09-15T00:00:00.000,15139629000194,COELBA,COMPANHIA DE ELETRICIDADE DO ESTADO DA BAHIA COELBA,Sistema de Compensação GD I,Branca,B3,Comercial,Não se aplica,Não se aplica,0,37121669900.0,Não se aplica,Ponta,CATIVO,Receita Energia (R$),2024-01-01T00:00:00.000,"14399,000000"
2026-09-15T00:00:00.000,15139629000194,COELBA,COMPANHIA DE ELETRICIDADE DO ESTADO DA BAHIA COELBA,Sistema de Compensação GD I,Convencional,B1,Residencial,Residencial,Não se aplica,0,37121669900.0,Não se aplica,Não se aplica,CATIVO,Energia debitada do SCEE (kWh),2024-01-01T00:00:00.000,"14043977,000000"
2026-09-15T00:00:00.000,15139629000194,COELBA,COMPANHIA DE ELETRICIDADE DO ESTADO DA BAHIA COELBA,Regular,Verde,A4,Industrial,Não se aplica,Fonte incentivada,0,,Não se aplica,Fora ponta,LIVRE,Energia TUSD (kWh),2024-01-01T00:00:00.000,"124864798,000000"
2026-09-15T00:00:00.000,15139629000194,COELBA,COMPANHIA DE ELETRICIDADE DO ESTADO DA BAHIA COELBA,Regular,Geração,A2,Não se aplica,Não se aplica,Não se aplica,32551,0.0,Piarucum,Não se aplica,GERAÇÃO,Demanda Faturada (kW),2024-01-01T00:00:00.000,"10000,000000"
2026-09-15T00:00:00.000,15139629000194,COELBA,COMPANHIA DE ELETRICIDADE DO ESTADO DA BAHIA COELBA,Refaturamento - Regular,Branca,B3,Comercial,Não se aplica,Não se aplica,0,37121669900.0,Não se aplica,Fora ponta,CATIVO,Receita Energia (R$),2024-01-01T00:00:00.000,"-2121,490000"
2026-09-15T00:00:00.000,15139629000194,COELBA,COMPANHIA DE ELETRICIDADE DO ESTADO DA BAHIA COELBA,Regular,Verde,A4,Comercial,Não se aplica,Não se aplica,0,37121669900.0,Não se aplica,Fora ponta,CATIVO,Energia TE (kWh),2024-01-01T00:00:00.000,"54022883,000000"
2026-09-15T00:00:00.000,15139629000194,COELBA,COMPANHIA DE ELETRICIDADE DO ESTADO DA BAHIA COELBA,Regular,Verde,A4,Industrial,Não se aplica,APE,0,,Não se aplica,Não se aplica,LIVRE,Número de Consumidores,2024-01-01T00:00:00.000,"2,000000"
2026-09-15T00:00:00.000,15139629000194,COELBA,COMPANHIA DE ELETRICIDADE DO ESTADO DA BAHIA COELBA,Regular,Geração,A2,Não se aplica,Não se aplica,Não se aplica,32551,0.0,Piarucum,Não se aplica,GERAÇÃO,Demanda Contratada kW,2024-01-01T00:00:00.000,"10000,000000"
2026-09-15T00:00:00.000,15139629000194,COELBA,COMPANHIA DE ELETRICIDADE DO ESTADO DA BAHIA COELBA,Sistema de Compensação GD I,Verde,A4,Comercial,Não se aplica,Não se aplica,0,37121669900.0,Não se aplica,Ponta,CATIVO,Desconto de energia compensada %,2024-01-01T00:00:00.000,"100,000000"
2026-09-15T00:00:00.000,15139629000194,COELBA,COMPANHIA DE ELETRICIDADE DO ESTADO DA BAHIA COELBA,Refaturamento - Regular,Verde,A4,Comercial,Não se aplica,Não se aplica,0,37121669900.0,Não se aplica,Fora ponta,CATIVO,Receita Energia (R$),2024-01-01T00:00:00.000,"-149961,160000"
2026-09-15T00:00:00.000,15139629000194,COELBA,COMPANHIA DE ELETRICIDADE DO ESTADO DA BAHIA COELBA,Regular,Verde,A4,Industrial,Não se aplica,APE,0,,Não se aplica,Ponta,LIVRE,Receita Energia (R$),2024-01-01T00:00:00.000,"129384,610000"
2026-09-15T00:00:00.000,15139629000194,COELBA,COMPANHIA DE ELETRICIDADE DO ESTADO DA BAHIA COELBA,Regular,Geração,A2,Não se aplica,Não se aplica,Não se aplica,32551,0.0,Piarucum,Não se aplica,GERAÇÃO,Receita Demanda (R$),2024-01-01T00:00:00.000,"33800,000000"
2026-09-15T00:00:00.000,15139629000194,COELBA,COMPANHIA DE ELETRICIDADE DO ESTADO DA BAHIA COELBA,Regular,Geração,A3,Não se aplica,Não se aplica,Não se aplica,30608,0.0,Pedra do Reino III,Não se aplica,GERAÇÃO,ICMS (R$),2024-01-01T00:00:00.000,"23521,330000"
2026-09-15T00:00:00.000,15139629000194,COELBA,COMPANHIA DE ELETRICIDADE DO ESTADO DA BAHIA COELBA,Regular,Verde,A4,Comercial,Não se aplica,Não se aplica,0,37121669900.0,Não se aplica,Não se aplica,CATIVO,Receita Demanda (R$),2024-01-01T00:00:00.000,"9947810,230000"
2026-09-15T00:00:00.000,15139629000194,COELBA,COMPANHIA DE ELETRICIDADE DO ESTADO DA BAHIA COELBA,Regular,Verde,A4,Industrial,Não se aplica,APE,0,,Não se aplica,Não se aplica,LIVRE,PIS/COFINS (R$),2024-01-01T00:00:00.000,"8409,600000"
2026-09-15T00:00:00.000,15139629000194,COELBA,COMPANHIA DE ELETRICIDADE DO ESTADO DA BAHIA COELBA,Regular,Geração,A2,Não se aplica,Não se aplica,Não se aplica,32551,0.0,Piarucum,Não se aplica,GERAÇÃO,ICMS (R$),2024-01-01T00:00:00.000,"9194,770000"
2026-09-15T00:00:00.000,15139629000194,COELBA,COMPANHIA DE ELETRICIDADE DO ESTADO DA BAHIA COELBA,Regular,Geração,A3,Não se aplica,Não se aplica,Não se aplica,30608,0.0,Pedra do Reino III,Não se aplica,GERAÇÃO,Desconto Demanda %,2024-01-01T00:00:00.000,"50,000000"
2026-09-15T00:00:00.000,15139629000194,COELBA,COMPANHIA DE ELETRICIDADE DO ESTADO DA BAHIA COELBA,Regular,Verde,A4,Comercial,Não se aplica,Não se aplica,0,37121669900.0,Não se aplica,Não se aplica,CATIVO,Ultrapassagem Demanda (kW),2024-01-01T00:00:00.000,"12488,000000"
2026-09-15T00:00:00.000,15139629000194,COELBA,COMPANHIA DE ELETRICIDADE DO ESTADO DA BAHIA COELBA,Regular,Geração,A3a,Não se aplica,Não se aplica,Não se aplica,,0.0,GD (GRUPO A),Não se aplica,GERAÇÃO,Demanda Faturada (kW),2024-01-01T00:00:00.000,"2544,000000"
2026-09-15T00:00:00.000,15139629000194,COELBA,COMPANHIA DE ELETRICIDADE DO ESTADO DA BAHIA COELBA,Regular,Geração,A2,Não se aplica,Não se aplica,Não se aplica,32551,0.0,Piarucum,Não se aplica,GERAÇÃO,Desconto Demanda %,2024-01-01T00:00:00.000,"50,000000"
2026-09-15T00:00:00.000,15139629000194,COELBA,COMPANHIA DE ELETRICIDADE DO ESTADO DA BAHIA COELBA,Regular,Geração,A3,Não se aplica,Não se aplica,Não se aplica,30608,0.0,Pedra do Reino III,Não se aplica,GERAÇÃO,Demanda Contratada kW,2024-01-01T00:00:00.000,"17700,000000"
2026-09-15T00:00:00.000,15139629000194,COELBA,COMPANHIA DE ELETRICIDADE DO ESTADO DA BAHIA COELBA,Sistema de Compensação GD II,Verde,A4,Comercial,Não se aplica,Não se aplica,0,37121669900.0,Não se aplica,Ponta,CATIVO,Receita Energia (R$),2024-01-01T00:00:00.000,"25144,000000"
2026-09-15T00:00:00.000,15139629000194,COELBA,COMPANHIA DE ELETRICIDADE DO ESTADO DA BAHIA COELBA,Regular,Geração,A4,Não se aplica,Não se aplica,Não se aplica,,0.0,GD (GRUPO A),Não se aplica,GERAÇÃO,PIS/COFINS (R$),2024-01-01T00:00:00.000,"24024,400000"
2026-09-15T00:00:00.000,15139629000194,COELBA,COMPANHIA DE ELETRICIDADE DO ESTADO DA BAHIA COELBA,Regular,Geração,A3,Não se aplica,Não se aplica,Não se aplica,32893,0.0,Bom Jesus da Lapa II,Não se aplica,GERAÇÃO,Desconto Demanda %,2024-01-01T00:00:00.000,"80,000000"
2026-09-15T00:00:00.000,15139629000194,COELBA,COMPANHIA DE ELETRICIDADE DO ESTADO DA BAHIA COELBA,Regular,Geração,A3a,Não se aplica,Não se aplica,Não se aplica,29804,0.0,Buritirana,Não se aplica,GERAÇÃO,Desconto Demanda %,2024-01-01T00:00:00.000,"50,000000"
2026-09-15T00:00:00.000,15139629000194,COELBA,COMPANHIA DE ELETRICIDADE DO ESTADO DA BAHIA COELBA,Sistema de Compensação GD II,Azul,A4,Comercial,Não se aplica,Não se aplica,0,37121669900.0,Não se aplica,Fora ponta,CATIVO,Desconto de energia compensada %,2024-01-01T00:00:00.000,"100,000000"
2026-09-15T00:00:00.000,15139629000194,COELBA,COMPANHIA DE ELETRICIDADE DO ESTADO DA BAHIA COELBA,Regular,Geração,A4,Não se aplica,Não se aplica,Não se aplica,,0.0,GD (GRUPO A),Não se aplica,GERAÇÃO,Número de Consumidores,2024-01-01T00:00:00.000,"23,000000"
2026-09-15T00:00:00.000,15139629000194,COELBA,COMPANHIA DE ELETRICIDADE DO ESTADO DA BAHIA COELBA,Regular,Geração,A3,Não se aplica,Não se aplica,Não se aplica,32893,0.0,Bom Jesus da Lapa II,Não se aplica,GERAÇÃO,PIS/COFINS (R$),2024-01-01T00:00:00.000,"3221,960000"
2026-09-15T00:00:00.000,15139629000194,COELBA,COMPANHIA DE ELETRICIDADE DO ESTADO DA BAHIA COELBA,Regular,Geração,A3a,Não se aplica,Não se aplica,Não se aplica,29804,0.0,Buritirana,Não se aplica,GERAÇÃO,Demanda Contratada kW,2024-01-01T00:00:00.000,"1120,000000"
2026-09-15T00:00:00.000,15139629000194,COELBA,COMPANHIA DE ELETRICIDADE DO ESTADO DA BAHIA COELBA,Sistema de Compensação GD I,Azul,A4,Comercial,Não se aplica,Não se aplica,0,37121669900.0,Não se aplica,Ponta,CATIVO,Desconto de energia compensada %,2024-01-01T00:00:00.000,"100,000000"
2026-09-15T00:00:00.000,15139629000194,COELBA,COMPANHIA DE ELETRICIDADE DO ESTADO DA BAHIA COELBA,Regular,Geração,A3,Não se aplica,Não se aplica,Não se aplica,2146,0.0,Presidente Goulart,Não se aplica,GERAÇÃO,Receita Demanda (R$),2024-01-01T00:00:00.000,"78160,000000"
2026-09-15T00:00:00.000,15139629000194,COELBA,COMPANHIA DE ELETRICIDADE DO ESTADO DA BAHIA COELBA,Regular,Geração,A3,Não se aplica,Não se aplica,Não se aplica,32893,0.0,Bom Jesus da Lapa II,Não se aplica,GERAÇÃO,Receita Demanda (R$),2024-01-01T00:00:00.000,"58620,000000"
2026-09-15T00:00:00.000,15139629000194,COELBA,COMPANHIA DE ELETRICIDADE DO ESTADO DA BAHIA COELBA,Regular,Geração,A3a,Não se aplica,Não se aplica,Não se aplica,29804,0.0,Buritirana,Não se aplica,GERAÇÃO,Demanda Faturada (kW),2024-01-01T00:00:00.000,"1120,000000"
2026-09-15T00:00:00.000,15139629000194,COELBA,COMPANHIA DE ELETRICIDADE DO ESTADO DA BAHIA COELBA,Sistema de Compensação GD II,Azul,A4,Comercial,Não se aplica,Não se aplica,0,37121669900.0,Não se aplica,Ponta,CATIVO,Energia compensada (kWh),2024-01-01T00:00:00.000,"1021,000000"
2026-09-15T00:00:00.000,15139629000194,COELBA,COMPANHIA DE ELETRICIDADE DO ESTADO DA BAHIA COELBA,Regular,Geração,A3,Não se aplica,Não se aplica,Não se aplica,2146,0.0,Presidente Goulart,Não se aplica,GERAÇÃO,Demanda Contratada kW,2024-01-01T00:00:00.000,"8000,000000"
2026-09-15T00:00:00.000,15139629000194,COELBA,COMPANHIA DE ELETRICIDADE DO ESTADO DA BAHIA COELBA,Regular,Geração,A2,Não se aplica,Não se aplica,Dupla contratação,29634,0.0,Sykué I,Não se aplica,GERAÇÃO,Demanda Contratada kW,2024-01-01T00:00:00.000,"28500,000000"
2026-09-15T00:00:00.000,15139629000194,COELBA,COMPANHIA DE ELETRICIDADE DO ESTADO DA BAHIA COELBA,Regular,Geração,A2,Não se aplica,Não se aplica,Não se aplica,29057,0.0,Lagoa Grande,Não se aplica,GERAÇÃO,Demanda Faturada (kW),2024-01-01T00:00:00.000,"24300,000000"
2026-09-15T00:00:00.000,15139629000194,COELBA,COMPANHIA DE ELETRICIDADE DO ESTADO DA BAHIA COELBA,Sistema de Compensação GD I,Branca,B1,Residencial,Residencial,Não se aplica,0,37121669900.0,Não se aplica,Fora ponta,CATIVO,Energia compensada (kWh),2024-01-01T00:00:00.000,"87433,000000"
2026-09-15T00:00:00.000,15139629000194,COELBA,COMPANHIA DE ELETRICIDADE DO ESTADO DA BAHIA COELBA,Regular,Geração,A3,Não se aplica,Não se aplica,Não se aplica,2146,0.0,Presidente Goulart,Não se aplica,GERAÇÃO,Demanda Faturada (kW),2024-01-01T00:00:00.000,"8000,000000"
2026-09-15T00:00:00.000,15139629000194,COELBA,COMPANHIA DE ELETRICIDADE DO ESTADO DA BAHIA COELBA,Regular,Geração,A3a,Não se aplica,Não se aplica,Não se aplica,31902,0.0,PIABANHA DO TOCANTINS,Não se aplica,GERAÇÃO,Demanda Faturada (kW),2024-01-01T00:00:00.000,"1350,000000"
2026-09-15T00:00:00.000,15139629000194,COELBA,COMPANHIA DE ELETRICIDADE DO ESTADO DA BAHIA COELBA,Regular,Geração,A2,Não se aplica,Não se aplica,Não se aplica,29057,0.0,Lagoa Grande,Não se aplica,GERAÇÃO,Demanda Contratada kW,2024-01-01T00:00:00.000,"24300,000000"
2026-09-15T00:00:00.000,15139629000194,COELBA,COMPANHIA DE ELETRICIDADE DO ESTADO DA BAHIA COELBA,Sistema de Compensação GD I,Azul,A4,Comercial,Não se aplica,Não se aplica,0,37121669900.0,Não se aplica,Fora ponta,CATIVO,Energia Consumida (kWh),2024-01-01T00:00:00.000,"104825,000000"
2026-09-15T00:00:00.000,15139629000194,COELBA,COMPANHIA DE ELETRICIDADE DO ESTADO DA BAHIA COELBA,Regular,Geração,A3,Não se aplica,Não se aplica,Não se aplica,2146,0.0,Presidente Goulart,Não se aplica,GERAÇÃO,PIS/COFINS (R$),2024-01-01T00:00:00.000,"4295,950000"
2026-09-15T00:00:00.000,15139629000194,COELBA,COMPANHIA DE ELETRICIDADE DO ESTADO DA BAHIA COELBA,Regular,Geração,A3a,Não se aplica,Não se aplica,Não se aplica,31902,0.0,PIABANHA DO TOCANTINS,Não se aplica,GERAÇÃO,Demanda Contratada kW,2024-01-01T00:00:00.000,"1350,000000"
2026-09-15T00:00:00.000,15139629000194,COELBA,COMPANHIA DE ELETRICIDADE DO ESTADO DA BAHIA COELBA,Regular,Geração,A2,Não se aplica,Não se aplica,Não se aplica,29057,0.0,Lagoa Grande,Não se aplica,GERAÇÃO,Desconto Demanda %,2024-01-01T00:00:00.000,"50,000000"
2026-09-15T00:00:00.000,15139629000194,COELBA,COMPANHIA DE ELETRICIDADE DO ESTADO DA BAHIA COELBA,Refaturamento - Regular,Azul,A4,Comercial,Não se aplica,Não se aplica,0,37121669900.0,Não se aplica,Não se aplica,CATIVO,COFINS (R$),2024-01-01T00:00:00.000,"-9105,350000"
2026-09-15T00:00:00.000,15139629000194,COELBA,COMPANHIA DE ELETRICIDADE DO ESTADO DA BAHIA COELBA,Regular,Geração,A3,Não se aplica,Não se aplica,Não se aplica,32893,0.0,Bom Jesus da Lapa II,Não se aplica,GERAÇÃO,Demanda Contratada kW,2024-01-01T00:00:00.000,"30000,000000"
2026-09-15T00:00:00.000,15139629000194,COELBA,COMPANHIA DE ELETRICIDADE DO ESTADO DA BAHIA COELBA,Regular,Geração,A3a,Não se aplica,Não se aplica,Não se aplica,31902,0.0,PIABANHA DO TOCANTINS,Não se aplica,GERAÇÃO,PIS/COFINS (R$),2024-01-01T00:00:00.000,"693,400000"
2026-09-15T00:00:00.000,15139629000194,COELBA,COMPANHIA DE ELETRICIDADE DO ESTADO DA BAHIA COELBA,Regular,Geração,A2,Não se aplica,Não se aplica,Não se aplica,29057,0.0,Lagoa Grande,Não se aplica,GERAÇÃO,Receita Demanda (R$),2024-01-01T00:00:00.000,"82134,000000"
2026-09-15T00:00:00.000,15139629000194,COELBA,COMPANHIA DE ELETRICIDADE DO ESTADO DA BAHIA COELBA,Sistema de Compensação GD I,Branca,B1,Residencial,Residencial,Não se aplica,0,37121669900.0,Não se aplica,Fora ponta,CATIVO,Receita Energia (R$),2024-01-01T00:00:00.000,"15049,000000"
2026-09-15T00:00:00.000,15139629000194,COELBA,COMPANHIA DE ELETRICIDADE DO ESTADO DA BAHIA COELBA,Regular,Geração,A3,Não se aplica,Não se aplica,Não se aplica,32893,0.0,Bom Jesus da Lapa II,Não se aplica,GERAÇÃO,Demanda Faturada (kW),2024-01-01T00:00:00.000,"30000,000000"
2026-09-15T00:00:00.000,15139629000194,COELBA,COMPANHIA DE ELETRICIDADE DO ESTADO DA BAHIA COELBA,Regular,Geração,A3a,Não se aplica,Não se aplica,Não se aplica,31902,0.0,PIABANHA DO TOCANTINS,Não se aplica,GERAÇÃO,Receita Demanda (R$),2024-01-01T00:00:00.000,"12615,750000"
2026-09-15T00:00:00.000,15139629000194,COELBA,COMPANHIA DE ELETRICIDADE DO ESTADO DA BAHIA COELBA,Regular,Geração,A2,Não se aplica,Não se aplica,Não se aplica,29057,0.0,Lagoa Grande,Não se aplica,GERAÇÃO,PIS/COFINS (R$),2024-01-01T00:00:00.000,"4514,370000"
2026-09-15T00:00:00.000,15139629000194,COELBA,COMPANHIA DE ELETRICIDADE DO ESTADO DA BAHIA COELBA,Sistema de Compensação GD II,Azul,A4,Comercial,Não se aplica,Não se aplica,0,37121669900.0,Não se aplica,Fora ponta,CATIVO,Energia Consumida (kWh),2024-01-01T00:00:00.000,"8111,000000"
2026-09-15T00:00:00.000,15139629000194,COELBA,COMPANHIA DE ELETRICIDADE DO ESTADO DA BAHIA COELBA,Regular,Geração,A3,Não se aplica,Não se aplica,Não se aplica,32893,0.0,Bom Jesus da Lapa II,Não se aplica,GERAÇÃO,ICMS (R$),2024-01-01T00:00:00.000,"15946,660000"
2026-09-15T00:00:00.000,15139629000194,COELBA,COMPANHIA DE ELETRICIDADE DO ESTADO DA BAHIA COELBA,Regular,Geração,A3a,Não se aplica,Não se aplica,Não se aplica,31902,0.0,PIABANHA DO TOCANTINS,Não se aplica,GERAÇÃO,Desconto Demanda %,2024-01-01T00:00:00.000,"50,000000"
2026-09-15T00:00:00.000,15139629000194,COELBA,COMPANHIA DE ELETRICIDADE DO ESTADO DA BAHIA COELBA,Regular,Geração,A2,Não se aplica,Não se aplica,Não se aplica,28999,0.0,Cachoeira da Lixa,Não se aplica,GERAÇÃO,PIS/COFINS (R$),2024-01-01T00:00:00.000,"1073,760000"
2026-09-15T00:00:00.000,15139629000194,COELBA,COMPANHIA DE ELETRICIDADE DO ESTADO DA BAHIA COELBA,Sistema de Compensação GD I,Azul,A4,Comercial,Não se aplica,Não se aplica,0,37121669900.0,Não se aplica,Fora ponta,CATIVO,Energia compensada (kWh),2024-01-01T00:00:00.000,"24246,000000"
2026-09-15T00:00:00.000,15139629000194,COELBA,COMPANHIA DE ELETRICIDADE DO ESTADO DA BAHIA COELBA,Regular,Geração,A2,Não se aplica,Não se aplica,Não se aplica,31244,0.0,Doido,Não se aplica,GERAÇÃO,Demanda Faturada (kW),2024-01-01T00:00:00.000,"6000,000000"
2026-09-15T00:00:00.000,15139629000194,COELBA,COMPANHIA DE ELETRICIDADE DO ESTADO DA BAHIA COELBA,Regular,Geração,A2,Não se aplica,Não se aplica,Não se aplica,31758,0.0,Ventos da Bahia II,Não se aplica,GERAÇÃO,Desconto Demanda %,2024-01-01T00:00:00.000,"50,000000"
2026-09-15T00:00:00.000,15139629000194,COELBA,COMPANHIA DE ELETRICIDADE DO ESTADO DA BAHIA COELBA,Regular,Geração,A2,Não se aplica,Não se aplica,Não se aplica,28999,0.0,Cachoeira da Lixa,Não se aplica,GERAÇÃO,Demanda Faturada (kW),2024-01-01T00:00:00.000,"14800,000000"
2026-09-15T00:00:00.000,15139629000194,COELBA,COMPANHIA DE ELETRICIDADE DO ESTADO DA BAHIA COELBA,Regular,Branca,B1,Residencial,Residencial,Não se aplica,0,37121669900.0,Não se aplica,Ponta,CATIVO,Receita Energia (R$),2024-01-01T00:00:00.000,"93280,370000"
2026-09-15T00:00:00.000,15139629000194,COELBA,COMPANHIA DE ELETRICIDADE DO ESTADO DA BAHIA COELBA,Regular,Geração,A2,Não se aplica,Não se aplica,Não se aplica,31244,0.0,Doido,Não se aplica,GERAÇÃO,Demanda Contratada kW,2024-01-01T00:00:00.000,"6000,000000"
2026-09-15T00:00:00.000,15139629000194,COELBA,COMPANHIA DE ELETRICIDADE DO ESTADO DA BAHIA COELBA,Regular,Geração,A2,Não se aplica,Não se aplica,Não se aplica,31758,0.0,Ventos da Bahia II,Não se aplica,GERAÇÃO,Receita Demanda (R$),2024-01-01T00:00:00.000,"75422,410000"
2026-09-15T00:00:00.000,15139629000194,COELBA,COMPANHIA DE ELETRICIDADE DO ESTADO DA BAHIA COELBA,Regular,Geração,A2,Não se aplica,Não se aplica,Não se aplica,28999,0.0,Cachoeira da Lixa,Não se aplica,GERAÇÃO,Demanda Contratada kW,2024-01-01T00:00:00.000,"14800,000000"
2026-09-15T00:00:00.000,15139629000194,COELBA,COMPANHIA DE ELETRICIDADE DO ESTADO DA BAHIA COELBA,Regular,Branca,B1,Residencial,Residencial,Não se aplica,0,37121669900.0,Não se aplica,Fora ponta,CATIVO,Energia TE (kWh),2024-01-01T00:00:00.000,"627065,000000"
2026-09-15T00:00:00.000,15139629000194,COELBA,COMPANHIA DE ELETRICIDADE DO ESTADO DA BAHIA COELBA,Regular,Geração,A2,Não se aplica,Não se aplica,Não se aplica,31244,0.0,Doido,Não se aplica,GERAÇÃO,PIS/COFINS (R$),2024-01-01T00:00:00.000,"1114,660000"
2026-09-15T00:00:00.000,15139629000194,COELBA,COMPANHIA DE ELETRICIDADE DO ESTADO DA BAHIA COELBA,Regular,Geração,A2,Não se aplica,Não se aplica,Não se aplica,31758,0.0,Ventos da Bahia II,Não se aplica,GERAÇÃO,Demanda Faturada (kW),2024-01-01T00:00:00.000,"26234,000000"
2026-09-15T00:00:00.000,15139629000194,COELBA,COMPANHIA DE ELETRICIDADE DO ESTADO DA BAHIA COELBA,Regular,Geração,A2,Não se aplica,Não se aplica,Não se aplica,28999,0.0,Cachoeira da Lixa,Não se aplica,GERAÇÃO,Desconto Demanda %,2024-01-01T00:00:00.000,"50,000000"
2026-09-15T00:00:00.000,15139629000194,COELBA,COMPANHIA DE ELETRICIDADE DO ESTADO DA BAHIA COELBA,Sistema de Compensação GD II,Azul,A4,Comercial,Não se aplica,Não se aplica,0,37121669900.0,Não se aplica,Ponta,CATIVO,Desconto de energia compensada %,2024-01-01T00:00:00.000,"100,000000"
2026-09-15T00:00:00.000,15139629000194,COELBA,COMPANHIA DE ELETRICIDADE DO ESTADO DA BAHIA COELBA,Regular,Geração,A2,Não se aplica,Não se aplica,Não se aplica,31244,0.0,Doido,Não se aplica,GERAÇÃO,ICMS (R$),2024-01-01T00:00:00.000,"5516,860000"
2026-09-15T00:00:00.000,15139629000194,COELBA,COMPANHIA DE ELETRICIDADE DO ESTADO DA BAHIA COELBA,Regular,Geração,A2,Não se aplica,Não se aplica,Não se aplica,31758,0.0,Ventos da Bahia II,Não se aplica,GERAÇÃO,Demanda Contratada kW,2024-01-01T00:00:00.000,"26210,000000"
2026-09-15T00:00:00.000,15139629000194,COELBA,COMPANHIA DE ELETRICIDADE DO ESTADO DA BAHIA COELBA,Regular,Geração,A2,Não se aplica,Não se aplica,Não se aplica,28999,0.0,Cachoeira da Lixa,Não se aplica,GERAÇÃO,Receita Demanda (R$),2024-01-01T00:00:00.000,"19536,000000"
2026-09-15T00:00:00.000,15139629000194,COELBA,COMPANHIA DE ELETRICIDADE DO ESTADO DA BAHIA COELBA,Regular,Convencional,B1,Residencial,Residencial,Não se aplica,0,37121669900.0,Não se aplica,Não se aplica,CATIVO,ICMS (R$),2024-01-01T00:00:00.000,"111668533,880000"
2026-09-15T00:00:00.000,15139629000194,COELBA,COMPANHIA DE ELETRICIDADE DO ESTADO DA BAHIA COELBA,Regular,Geração,A2,Não se aplica,Não se aplica,Não se aplica,31244,0.0,Doido,Não se aplica,GERAÇÃO,Desconto Demanda %,2024-01-01T00:00:00.000,"50,000000"
2026-09-15T00:00:00.000,15139629000194,COELBA,COMPANHIA DE ELETRICIDADE DO ESTADO DA BAHIA COELBA,Regular,Geração,A2,Não se aplica,Não se aplica,Não se aplica,31758,0.0,Ventos da Bahia II,Não se aplica,GERAÇÃO,PIS/COFINS (R$),2024-01-01T00:00:00.000,"4145,480000"
2026-09-15T00:00:00.000,15139629000194,COELBA,COMPANHIA DE ELETRICIDADE DO ESTADO DA BAHIA COELBA,Regular,Geração,A4,Não se aplica,Não se aplica,Não se aplica,30590,0.0,Santa Luzia,Não se aplica,GERAÇÃO,Receita Demanda (R$),2024-01-01T00:00:00.000,"4065,080000"
2026-09-15T00:00:00.000,15139629000194,COELBA,COMPANHIA DE ELETRICIDADE DO ESTADO DA BAHIA COELBA,Refaturamento - Regular,Convencional,B3,Comercial,Não se aplica,Não se aplica,0,37121669900.0,Não se aplica,Não se aplica,CATIVO,COFINS (R$),2024-01-01T00:00:00.000,"-83356,900000"
2026-09-15T00:00:00.000,15139629000194,COELBA,COMPANHIA DE ELETRICIDADE DO ESTADO DA BAHIA COELBA,Regular,Geração,A2,Não se aplica,Não se aplica,Não se aplica,31244,0.0,Doido,Não se aplica,GERAÇÃO,Receita Demanda (R$),2024-01-01T00:00:00.000,"20280,000000"
2026-09-15T00:00:00.000,15139629000194,COELBA,COMPANHIA DE ELETRICIDADE DO ESTADO DA BAHIA COELBA,Regular,Geração,A3a,Não se aplica,Não se aplica,Não se aplica,35733,0.0,Sucuri,Não se aplica,GERAÇÃO,PIS/COFINS (R$),2024-01-01T00:00:00.000,"1412,490000"
2026-09-15T00:00:00.000,15139629000194,COELBA,COMPANHIA DE ELETRICIDADE DO ESTADO DA BAHIA COELBA,Regular,Geração,A4,Não se aplica,Não se aplica,Não se aplica,30590,0.0,Santa Luzia,Não se aplica,GERAÇÃO,ICMS (R$),2024-01-01T00:00:00.000,"1105,830000"
2026-09-15T00:00:00.000,15139629000194,COELBA,COMPANHIA DE ELETRICIDADE DO ESTADO DA BAHIA COELBA,Sistema de Compensação GD II,Verde,A3a,Industrial,Não se aplica,Não se aplica,0,37121669900.0,Não se aplica,Fora ponta,CATIVO,Desconto de energia compensada %,2024-01-01T00:00:00.000,"100,000000"
2026-09-15T00:00:00.000,15139629000194,COELBA,COMPANHIA DE ELETRICIDADE DO ESTADO DA BAHIA COELBA,Regular,Geração,A3,Não se aplica,Não se aplica,Não se aplica,34153,0.0,BJL 11,Não se aplica,GERAÇÃO,Receita Demanda (R$),2024-01-01T00:00:00.000,"97016,100000"
2026-09-15T00:00:00.000,15139629000194,COELBA,COMPANHIA DE ELETRICIDADE DO ESTADO DA BAHIA COELBA,Regular,Geração,A3a,Não se aplica,Não se aplica,Não se aplica,35733,0.0,Sucuri,Não se aplica,GERAÇÃO,Receita Demanda (R$),2024-01-01T00:00:00.000,"25698,750000"
2026-09-15T00:00:00.000,15139629000194,COELBA,COMPANHIA DE ELETRICIDADE DO ESTADO DA BAHIA COELBA,Regular,Geração,A4,Não se aplica,Não se aplica,Não se aplica,30590,0.0,Santa Luzia,Não se aplica,GERAÇÃO,Desconto Demanda %,2024-01-01T00:00:00.000,"50,000000"
2026-09-15T00:00:00.000,15139629000194,COELBA,COMPANHIA DE ELETRICIDADE DO ESTADO DA BAHIA COELBA,Refaturamento - Regular,Verde,A4,Industrial,Não se aplica,Não se aplica,0,37121669900.0,Não se aplica,Não se aplica,CATIVO,Número de consumidores,2024-01-01T00:00:00.000,"17,000000"
2026-09-15T00:00:00.000,15139629000194,COELBA,COMPANHIA DE ELETRICIDADE DO ESTADO DA BAHIA COELBA,Regular,Geração,A3,Não se aplica,Não se aplica,Não se aplica,34153,0.0,BJL 11,Não se aplica,GERAÇÃO,PIS/COFINS (R$),2024-01-01T00:00:00.000,"5332,350000"
2026-09-15T00:00:00.000,15139629000194,COELBA,COMPANHIA DE ELETRICIDADE DO ESTADO DA BAHIA COELBA,Regular,Geração,A3a,Não se aplica,Não se aplica,Não se aplica,35733,0.0,Sucuri,Não se aplica,GERAÇÃO,Demanda Contratada kW,2024-01-01T00:00:00.000,"2750,000000"
2026-09-15T00:00:00.000,15139629000194,COELBA,COMPANHIA DE ELETRICIDADE DO ESTADO DA BAHIA COELBA,Regular,Geração,A4,Não se aplica,Não se aplica,Não se aplica,30590,0.0,Santa Luzia,Não se aplica,GERAÇÃO,PIS/COFINS (R$),2024-01-01T00:00:00.000,"223,420000"
2026-09-15T00:00:00.000,15139629000194,COELBA,COMPANHIA DE ELETRICIDADE DO ESTADO DA BAHIA COELBA,Sistema de Compensação GD II,Verde,A3a,Industrial,Não se aplica,Não se aplica,0,37121669900.0,Não se aplica,Ponta,CATIVO,Energia compensada (kWh),2024-01-01T00:00:00.000,"615,000000"
2026-09-15T00:00:00.000,15139629000194,COELBA,COMPANHIA DE ELETRICIDADE DO ESTADO DA BAHIA COELBA,Regular,Geração,A3,Não se aplica,Não se aplica,Não se aplica,34153,0.0,BJL 11,Não se aplica,GERAÇÃO,Demanda Faturada (kW),2024-01-01T00:00:00.000,"19860,000000"
2026-09-15T00:00:00.000,15139629000194,COELBA,COMPANHIA DE ELETRICIDADE DO ESTADO DA BAHIA COELBA,Regular,Geração,A3a,Não se aplica,Não se aplica,Não se aplica,35733,0.0,Sucuri,Não se aplica,GERAÇÃO,Demanda Faturada (kW),2024-01-01T00:00:00.000,"2750,000000"
2026-09-15T00:00:00.000,15139629000194,COELBA,COMPANHIA DE ELETRICIDADE DO ESTADO DA BAHIA COELBA,Regular,Geração,A4,Não se aplica,Não se aplica,Não se aplica,30590,0.0,Santa Luzia,Não se aplica,GERAÇÃO,Demanda Contratada kW,2024-01-01T00:00:00.000,"435,000000"
2026-09-15T00:00:00.000,15139629000194,COELBA,COMPANHIA DE ELETRICIDADE DO ESTADO DA BAHIA COELBA,Sistema de Compensação GD I,Verde,A3a,Industrial,Não se aplica,Não se aplica,0,37121669900.0,Não se aplica,Ponta,CATIVO,Desconto de energia compensada %,2024-01-01T00:00:00.000,"100,000000"
2026-09-15T00:00:00.000,15139629000194,COELBA,COMPANHIA DE ELETRICIDADE DO ESTADO DA BAHIA COELBA,Regular,Geração,A3,Não se aplica,Não se aplica,Não se aplica,34153,0.0,BJL 11,Não se aplica,GERAÇÃO,ICMS (R$),2024-01-01T00:00:00.000,"26391,730000"
2026-09-15T00:00:00.000,15139629000194,COELBA,COMPANHIA DE ELETRICIDADE DO ESTADO DA BAHIA COELBA,Regular,Geração,A3a,Não se aplica,Não se aplica,Não se aplica,35446,0.0,Sirivera,Não se aplica,GERAÇÃO,Demanda Contratada kW,2024-01-01T00:00:00.000,"1800,000000"
2026-09-15T00:00:00.000,15139629000194,COELBA,COMPANHIA DE ELETRICIDADE DO ESTADO DA BAHIA COELBA,Regular,Geração,A4,Não se aplica,Não se aplica,Não se aplica,30590,0.0,Santa Luzia,Não se aplica,GERAÇÃO,Demanda Faturada (kW),2024-01-01T00:00:00.000,"435,000000"
2026-09-15T00:00:00.000,15139629000194,COELBA,COMPANHIA DE ELETRICIDADE DO ESTADO DA BAHIA COELBA,Refaturamento - Regular,Verde,A4,Industrial,Não se aplica,Não se aplica,0,37121669900.0,Não se aplica,Fora ponta,CATIVO,Receita Energia (R$),2024-01-01T00:00:00.000,"-150740,370000"
2026-09-15T00:00:00.000,15139629000194,COELBA,COMPANHIA DE ELETRICIDADE DO ESTADO DA BAHIA COELBA,Regular,Geração,A3,Não se aplica,Não se aplica,Não se aplica,34153,0.0,BJL 11,Não se aplica,GERAÇÃO,Desconto Demanda %,2024-01-01T00:00:00.000,"50,000000"
2026-09-15T00:00:00.000,15139629000194,COELBA,COMPANHIA DE ELETRICIDADE DO ESTADO DA BAHIA COELBA,Regular,Geração,A3a,Não se aplica,Não se aplica,Não se aplica,35446,0.0,Sirivera,Não se aplica,GERAÇÃO,Demanda Faturada (kW),2024-01-01T00:00:00.000,"1800,000000"
2026-09-15T00:00:00.000,15139629000194,COELBA,COMPANHIA DE ELETRICIDADE DO ESTADO DA BAHIA COELBA,Regular,Geração,A2,Não se aplica,Não se aplica,Não se aplica,29059,0.0,Porto Franco,Não se aplica,GERAÇÃO,ICMS (R$),2024-01-01T00:00:00.000,"27317,660000"
2026-09-15T00:00:00.000,15139629000194,COELBA,COMPANHIA DE ELETRICIDADE DO ESTADO DA BAHIA COELBA,Regular,Verde,A4,Rural,Agropecuária rural,IRRIG./AQUIC. PR,0,37121669900.0,Não se aplica,Fora ponta,CATIVO,Desconto Energia TE %,2024-01-01T00:00:00.000,"90,000000"
2026-09-15T00:00:00.000,15139629000194,COELBA,COMPANHIA DE ELETRICIDADE DO ESTADO DA BAHIA COELBA,Regular,Geração,A3,Não se aplica,Não se aplica,Não se aplica,34153,0.0,BJL 11,Não se aplica,GERAÇÃO,Demanda Contratada kW,2024-01-01T00:00:00.000,"19860,000000"
2026-09-15T00:00:00.000,15139629000194,COELBA,COMPANHIA DE ELETRICIDADE DO ESTADO DA BAHIA COELBA,Regular,Geração,A4,Não se aplica,Não se aplica,Dupla contratação,49251,0.0,Aeroporto De Salvador,Não se aplica,GERAÇÃO,PIS/COFINS (R$),2024-01-01T00:00:00.000,"102,710000"
2026-09-15T00:00:00.000,15139629000194,COELBA,COMPANHIA DE ELETRICIDADE DO ESTADO DA BAHIA COELBA,Regular,Geração,A2,Não se aplica,Não se aplica,Não se aplica,29059,0.0,Porto Franco,Não se aplica,GERAÇÃO,Desconto Demanda %,2024-01-01T00:00:00.000,"50,000000"
2026-09-15T00:00:00.000,15139629000194,COELBA,COMPANHIA DE ELETRICIDADE DO ESTADO DA BAHIA COELBA,Sistema de Compensação GD I,Verde,A4,Rural,Agropecuária rural,Não se aplica,0,37121669900.0,Não se aplica,Não se aplica,CATIVO,COFINS (R$),2024-01-01T00:00:00.000,"21207,000000"
2026-09-15T00:00:00.000,15139629000194,COELBA,COMPANHIA DE ELETRICIDADE DO ESTADO DA BAHIA COELBA,Regular,Geração,A3a,Não se aplica,Não se aplica,Não se aplica,29804,0.0,Buritirana,Não se aplica,GERAÇÃO,PIS/COFINS (R$),2024-01-01T00:00:00.000,"575,260000"
2026-09-15T00:00:00.000,15139629000194,COELBA,COMPANHIA DE ELETRICIDADE DO ESTADO DA BAHIA COELBA,Regular,Geração,A4,Não se aplica,Não se aplica,Dupla contratação,49251,0.0,Aeroporto De Salvador,Não se aplica,GERAÇÃO,Demanda Contratada kW,2024-01-01T00:00:00.000,"3300,000000"
2026-09-15T00:00:00.000,15139629000194,COELBA,COMPANHIA DE ELETRICIDADE DO ESTADO DA BAHIA COELBA,Regular,Geração,A2,Não se aplica,Não se aplica,Não se aplica,29059,0.0,Porto Franco,Não se aplica,GERAÇÃO,Receita Demanda (R$),2024-01-01T00:00:00.000,"100419,800000"
2026-09-15T00:00:00.000,15139629000194,COELBA,COMPANHIA DE ELETRICIDADE DO ESTADO DA BAHIA COELBA,Refaturamento - Regular,Verde,A4,Rural,Agropecuária rural,Não se aplica,0,37121669900.0,Não se aplica,Não se aplica,CATIVO,PIS/PASEP (R$),2024-01-01T00:00:00.000,"-1399,130000"
2026-09-15T00:00:00.000,15139629000194,COELBA,COMPANHIA DE ELETRICIDADE DO ESTADO DA BAHIA COELBA,Regular,Geração,A3a,Não se aplica,Não se aplica,Não se aplica,29804,0.0,Buritirana,Não se aplica,GERAÇÃO,Receita Demanda (R$),2024-01-01T00:00:00.000,"10466,400000"
2026-09-15T00:00:00.000,15139629000194,COELBA,COMPANHIA DE ELETRICIDADE DO ESTADO DA BAHIA COELBA,Regular,Geração,A4,Não se aplica,Não se aplica,Dupla contratação,49251,0.0,Aeroporto De Salvador,Não se aplica,GERAÇÃO,Demanda Faturada (kW),2024-01-01T00:00:00.000,"200,000000"
2026-09-15T00:00:00.000,15139629000194,COELBA,COMPANHIA DE ELETRICIDADE DO ESTADO DA BAHIA COELBA,Regular,Geração,A2,Não se aplica,Não se aplica,Não se aplica,29059,0.0,Porto Franco,Não se aplica,GERAÇÃO,Demanda Faturada (kW),2024-01-01T00:00:00.000,"29710,000000"
2026-09-15T00:00:00.000,15139629000194,COELBA,COMPANHIA DE ELETRICIDADE DO ESTADO DA BAHIA COELBA,Sistema de Compensação GD II,Verde,A4,Rural,Agropecuária rural,Não se aplica,0,37121669900.0,Não se aplica,Não se aplica,CATIVO,PIS/PASEP (R$),2024-01-01T00:00:00.000,"131,000000"
2026-09-15T00:00:00.000,15139629000194,COELBA,COMPANHIA DE ELETRICIDADE DO ESTADO DA BAHIA COELBA,Regular,Geração,A3,Não se aplica,Não se aplica,Não se aplica,37069,0.0,Pedra do Reino V,Não se aplica,GERAÇÃO,Receita Demanda (R$),2024-01-01T00:00:00.000,"77427,250000"
2026-09-15T00:00:00.000,15139629000194,COELBA,COMPANHIA DE ELETRICIDADE DO ESTADO DA BAHIA COELBA,Regular,Geração,A4,Não se aplica,Não se aplica,Dupla contratação,49251,0.0,Aeroporto De Salvador,Não se aplica,GERAÇÃO,ICMS (R$),2024-01-01T00:00:00.000,"508,430000"
2026-09-15T00:00:00.000,15139629000194,COELBA,COMPANHIA DE ELETRICIDADE DO ESTADO DA BAHIA COELBA,Regular,Geração,A3a,Não se aplica,Não se aplica,Não se aplica,,0.0,GD (GRUPO A),Não se aplica,GERAÇÃO,Receita Demanda (R$),2024-01-01T00:00:00.000,"47542,250000"
2026-09-15T00:00:00.000,15139629000194,COELBA,COMPANHIA DE ELETRICIDADE DO ESTADO DA BAHIA COELBA,Regular,Convencional,B1,Residencial,Residencial baixa renda – faixa 01,Não se aplica,0,37121669900.0,Não se aplica,Não se aplica,CATIVO,Número de consumidores,2024-01-01T00:00:00.000,"319918,000000"
2026-09-15T00:00:00.000,15139629000194,COELBA,COMPANHIA DE ELETRICIDADE DO ESTADO DA BAHIA COELBA,Regular,Geração,A3,Não se aplica,Não se aplica,Não se aplica,37069,0.0,Pedra do Reino V,Não se aplica,GERAÇÃO,ICMS (R$),2024-01-01T00:00:00.000,"21062,890000"
2026-09-15T00:00:00.000,15139629000194,COELBA,COMPANHIA DE ELETRICIDADE DO ESTADO DA BAHIA COELBA,Regular,Geração,A4,Não se aplica,Não se aplica,Dupla contratação,49251,0.0,Aeroporto De Salvador,Não se aplica,GERAÇÃO,Desconto Demanda %,2024-01-01T00:00:00.000,"50,000000"
2026-09-15T00:00:00.000,15139629000194,COELBA,COMPANHIA DE ELETRICIDADE DO ESTADO DA BAHIA COELBA,Regular,Geração,A4,Não se aplica,Não se aplica,Não se aplica,,0.0,GD (GRUPO A),Não se aplica,GERAÇÃO,Demanda Faturada (kW),2024-01-01T00:00:00.000,"5465,000000"
2026-09-15T00:00:00.000,15139629000194,COELBA,COMPANHIA DE ELETRICIDADE DO ESTADO DA BAHIA COELBA,Sistema de Compensação GD II,Convencional,B1,Residencial,Residencial baixa renda – faixa 01,Não se aplica,0,37121669900.0,Não se aplica,Não se aplica,CATIVO,Receita Energia (R$),2024-01-01T00:00:00.000,"8,000000"
2026-09-15T00:00:00.000,15139629000194,COELBA,COMPANHIA DE ELETRICIDADE DO ESTADO DA BAHIA COELBA,Regular,Geração,A3,Não se aplica,Não se aplica,Não se aplica,37069,0.0,Pedra do Reino V,Não se aplica,GERAÇÃO,Desconto Demanda %,2024-01-01T00:00:00.000,"50,000000"
2026-09-15T00:00:00.000,15139629000194,COELBA,COMPANHIA DE ELETRICIDADE DO ESTADO DA BAHIA COELBA,Regular,Geração,A4,Não se aplica,Não se aplica,Dupla contratação,49251,0.0,Aeroporto De Salvador,Não se aplica,GERAÇÃO,Receita Demanda (R$),2024-01-01T00:00:00.000,"1869,000000"
2026-09-15T00:00:00.000,15139629000194,COELBA,COMPANHIA DE ELETRICIDADE DO ESTADO DA BAHIA COELBA,Regular,Geração,A4,Não se aplica,Não se aplica,Não se aplica,,0.0,GD (GRUPO A),Não se aplica,GERAÇÃO,ICMS (R$),2024-01-01T00:00:00.000,"28907,930000"
2026-09-15T00:00:00.000,15139629000194,COELBA,COMPANHIA DE ELETRICIDADE DO ESTADO DA BAHIA COELBA,Regular,Azul,A3,Serviço público,"Água, esgoto e saneamento",Não se aplica,0,37121669900.0,Não se aplica,Ponta,CATIVO,Energia TUSD (kWh),2024-01-01T00:00:00.000,"137196,000000"
2026-09-15T00:00:00.000,15139629000194,COELBA,COMPANHIA DE ELETRICIDADE DO ESTADO DA BAHIA COELBA,Regular,Geração,A3,Não se aplica,Não se aplica,Não se aplica,34777,0.0,Pedra do Reino IV,Não se aplica,GERAÇÃO,Receita Demanda (R$),2024-01-01T00:00:00.000,"97700,000000"
2026-09-15T00:00:00.000,15139629000194,COELBA,COMPANHIA DE ELETRICIDADE DO ESTADO DA BAHIA COELBA,Regular,Azul,A4,Consumo próprio,Não se aplica,Não se aplica,0,37121669900.0,Não se aplica,Fora ponta,CATIVO,Energia TUSD (kWh),2024-01-01T00:00:00.000,"26019,000000"
2026-09-15T00:00:00.000,15139629000194,COELBA,COMPANHIA DE ELETRICIDADE DO ESTADO DA BAHIA COELBA,Regular,Geração,A2,Não se aplica,Não se aplica,Não se aplica,29060,0.0,Boa Sorte,Não se aplica,GERAÇÃO,PIS/COFINS (R$),2024-01-01T00:00:00.000,"2953,850000"
2026-09-15T00:00:00.000,15139629000194,COELBA,COMPANHIA DE ELETRICIDADE DO ESTADO DA BAHIA COELBA,Regular,Azul,A4,Serviço público,"Água, esgoto e saneamento",Não se aplica,0,37121669900.0,Não se aplica,Ponta,CATIVO,Energia TUSD (kWh),2024-01-01T00:00:00.000,"386551,000000"
2026-09-15T00:00:00.000,15139629000194,COELBA,COMPANHIA DE ELETRICIDADE DO ESTADO DA BAHIA COELBA,Regular,Geração,A3,Não se aplica,Não se aplica,Não se aplica,34777,0.0,Pedra do Reino IV,Não se aplica,GERAÇÃO,Demanda Faturada (kW),2024-01-01T00:00:00.000,"20000,000000"
2026-09-15T00:00:00.000,15139629000194,COELBA,COMPANHIA DE ELETRICIDADE DO ESTADO DA BAHIA COELBA,Refaturamento - Regular,Convencional,B3,Consumo próprio,Não se aplica,Não se aplica,0,37121669900.0,Não se aplica,Não se aplica,CATIVO,Energia TUSD (kWh),2024-01-01T00:00:00.000,"-1984,000000"
2026-09-15T00:00:00.000,15139629000194,COELBA,COMPANHIA DE ELETRICIDADE DO ESTADO DA BAHIA COELBA,Regular,Geração,A4,Não se aplica,Não se aplica,Dupla contratação,33901,0.0,Candengo,Não se aplica,GERAÇÃO,PIS/COFINS (R$),2024-01-01T00:00:00.000,"3171,170000"
2026-09-15T00:00:00.000,15139629000194,COELBA,COMPANHIA DE ELETRICIDADE DO ESTADO DA BAHIA COELBA,Regular,Azul,A3a,Serviço público,"Água, esgoto e saneamento",Não se aplica,0,37121669900.0,Não se aplica,Fora ponta,CATIVO,Energia TUSD (kWh),2024-01-01T00:00:00.000,"439042,000000"
2026-09-15T00:00:00.000,15139629000194,COELBA,COMPANHIA DE ELETRICIDADE DO ESTADO DA BAHIA COELBA,Regular,Geração,A3,Não se aplica,Não se aplica,Não se aplica,34777,0.0,Pedra do Reino IV,Não se aplica,GERAÇÃO,Desconto Demanda %,2024-01-01T00:00:00.000,"50,000000"
2026-09-15T00:00:00.000,15139629000194,COELBA,COMPANHIA DE ELETRICIDADE DO ESTADO DA BAHIA COELBA,Regular,Verde,A4,Consumo próprio,Não se aplica,Não se aplica,0,37121669900.0,Não se aplica,Ponta,CATIVO,Energia TUSD (kWh),2024-01-01T00:00:00.000,"41268,000000"
2026-09-15T00:00:00.000,15139629000194,COELBA,COMPANHIA DE ELETRICIDADE DO ESTADO DA BAHIA COELBA,Regular,Geração,A4,Não se aplica,Não se aplica,Dupla contratação,33901,0.0,Candengo,Não se aplica,GERAÇÃO,Demanda Contratada kW,2024-01-01T00:00:00.000,"10750,000000"
2026-09-15T00:00:00.000,15139629000194,COELBA,COMPANHIA DE ELETRICIDADE DO ESTADO DA BAHIA COELBA,Regular,Verde,A3a,Serviço público,"Água, esgoto e saneamento",Não se aplica,0,37121669900.0,Não se aplica,Ponta,CATIVO,Energia TUSD (kWh),2024-01-01T00:00:00.000,"161623,000000"
2026-09-15T00:00:00.000,15139629000194,COELBA,COMPANHIA DE ELETRICIDADE DO ESTADO DA BAHIA COELBA,Regular,Geração,A3a,Não se aplica,Não se aplica,Não se aplica,35747,0.0,Palmeiras,Não se aplica,GERAÇÃO,Demanda Faturada (kW),2024-01-01T00:00:00.000,"2750,000000"
2026-09-15T00:00:00.000,15139629000194,COELBA,COMPANHIA DE ELETRICIDADE DO ESTADO DA BAHIA COELBA,Sistema de Compensação GD II,Verde,A4,Comercial,Não se aplica,Não se aplica,0,37121669900.0,Não se aplica,Ponta,CATIVO,Energia Consumida (kWh),2024-01-01T00:00:00.000,"10477,000000"
2026-09-15T00:00:00.000,15139629000194,COELBA,COMPANHIA DE ELETRICIDADE DO ESTADO DA BAHIA COELBA,Regular,Geração,A4,Não se aplica,Não se aplica,Dupla contratação,33901,0.0,Candengo,Não se aplica,GERAÇÃO,Demanda Faturada (kW),2024-01-01T00:00:00.000,"6174,000000"
2026-09-15T00:00:00.000,15139629000194,COELBA,COMPANHIA DE ELETRICIDADE DO ESTADO DA BAHIA COELBA,Sistema de Compensação GD I,Convencional,B2,Rural,Agropecuária rural,IRRIG./AQUIC. PR,0,37121669900.0,Não se aplica,Não se aplica,CATIVO,Desconto Energia TUSD %,2024-01-01T00:00:00.000,"73,000000"
2026-09-15T00:00:00.000,15139629000194,COELBA,COMPANHIA DE ELETRICIDADE DO ESTADO DA BAHIA COELBA,Regular,Geração,A3a,Não se aplica,Não se aplica,Não se aplica,35747,0.0,Palmeiras,Não se aplica,GERAÇÃO,Demanda Contratada kW,2024-01-01T00:00:00.000,"2750,000000"
2026-09-15T00:00:00.000,15139629000194,COELBA,COMPANHIA DE ELETRICIDADE DO ESTADO DA BAHIA COELBA,Sistema de Compensação GD I,Verde,A4,Comercial,Não se aplica,Não se aplica,0,37121669900.0,Não se aplica,Ponta,CATIVO,Energia debitada do SCEE (kWh),2024-01-01T00:00:00.000,"349,000000"
2026-09-15T00:00:00.000,15139629000194,COELBA,COMPANHIA DE ELETRICIDADE DO ESTADO DA BAHIA COELBA,Regular,Geração,A4,Não se aplica,Não se aplica,Dupla contratação,33901,0.0,Candengo,Não se aplica,GERAÇÃO,ICMS (R$),2024-01-01T00:00:00.000,"15695,310000"
2026-09-15T00:00:00.000,15139629000194,COELBA,COMPANHIA DE ELETRICIDADE DO ESTADO DA BAHIA COELBA,Sistema de Compensação GD I,Convencional,B2,Rural,Agropecuária rural,IRRIG./AQUIC.,0,37121669900.0,Não se aplica,Não se aplica,CATIVO,Energia TUSD (kWh),2024-01-01T00:00:00.000,"898683,000000"
2026-09-15T00:00:00.000,15139629000194,COELBA,COMPANHIA DE ELETRICIDADE DO ESTADO DA BAHIA COELBA,Regular,Geração,A3a,Não se aplica,Não se aplica,Não se aplica,35747,0.0,Palmeiras,Não se aplica,GERAÇÃO,Receita Demanda (R$),2024-01-01T00:00:00.000,"25698,750000"
2026-09-15T00:00:00.000,15139629000194,COELBA,COMPANHIA DE ELETRICIDADE DO ESTADO DA BAHIA COELBA,Sistema de Compensação GD I,Verde,A4,Comercial,Não se aplica,Não se aplica,0,37121669900.0,Não se aplica,Fora ponta,CATIVO,Energia Injetada (kWh),2024-01-01T00:00:00.000,"10974236,000000"
2026-09-15T00:00:00.000,15139629000194,COELBA,COMPANHIA DE ELETRICIDADE DO ESTADO DA BAHIA COELBA,Regular,Geração,A4,Não se aplica,Não se aplica,Dupla contratação,33901,0.0,Candengo,Não se aplica,GERAÇÃO,Desconto Demanda %,2024-01-01T00:00:00.000,"50,000000"
2026-09-15T00:00:00.000,15139629000194,COELBA,COMPANHIA DE ELETRICIDADE DO ESTADO DA BAHIA COELBA,Regular,Azul,A4,Comercial,Não se aplica,Não se aplica,0,37121669900.0,Não se aplica,Fora ponta,CATIVO,Demanda Faturada (kW),2024-01-01T00:00:00.000,"8768,000000"
2026-09-15T00:00:00.000,15139629000194,COELBA,COMPANHIA DE ELETRICIDADE DO ESTADO DA BAHIA COELBA,Regular,Geração,A3a,Não se aplica,Não se aplica,Não se aplica,35747,0.0,Palmeiras,Não se aplica,GERAÇÃO,Desconto Demanda %,2024-01-01T00:00:00.000,"50,000000"
2026-09-15T00:00:00.000,15139629000194,COELBA,COMPANHIA DE ELETRICIDADE DO ESTADO DA BAHIA COELBA,Sistema de Compensação GD I,Branca,B3,Comercial,Não se aplica,Não se aplica,0,37121669900.0,Não se aplica,Fora ponta,CATIVO,Energia TE (kWh),2024-01-01T00:00:00.000,"60522,000000"
2026-09-15T00:00:00.000,15139629000194,COELBA,COMPANHIA DE ELETRICIDADE DO ESTADO DA BAHIA COELBA,Regular,Geração,A4,Não se aplica,Não se aplica,Dupla contratação,33901,0.0,Candengo,Não se aplica,GERAÇÃO,Receita Demanda (R$),2024-01-01T00:00:00.000,"57696,030000"
2026-09-15T00:00:00.000,15139629000194,COELBA,COMPANHIA DE ELETRICIDADE DO ESTADO DA BAHIA COELBA,Regular,Verde,A4,Residencial,Residencial,Não se aplica,0,37121669900.0,Não se aplica,Não se aplica,CATIVO,Número de consumidores,2024-01-01T00:00:00.000,"8,000000"
2026-09-15T00:00:00.000,15139629000194,COELBA,COMPANHIA DE ELETRICIDADE DO ESTADO DA BAHIA COELBA,Regular,Verde,A4,Industrial,Não se aplica,Não se aplica,0,37121669900.0,Não se aplica,Fora ponta,CATIVO,Receita Energia (R$),2024-01-01T00:00:00.000,"8041486,410000"
2026-09-15T00:00:00.000,15139629000194,COELBA,COMPANHIA DE ELETRICIDADE DO ESTADO DA BAHIA COELBA,Sistema de Compensação GD I,Branca,B3,Comercial,Não se aplica,Não se aplica,0,37121669900.0,Não se aplica,Fora ponta,CATIVO,Energia compensada (kWh),2024-01-01T00:00:00.000,"63814,000000"
2026-09-15T00:00:00.000,15139629000194,COELBA,COMPANHIA DE ELETRICIDADE DO ESTADO DA BAHIA COELBA,Regular,Geração,A3,Não se aplica,Não se aplica,Dupla contratação,182,0.0,Bahia Pulp (Antiga Bacell),Não se aplica,GERAÇÃO,PIS/COFINS (R$),2024-01-01T00:00:00.000,"1610,970000"
2026-09-15T00:00:00.000,15139629000194,COELBA,COMPANHIA DE ELETRICIDADE DO ESTADO DA BAHIA COELBA,Sistema de Compensação GD I,Branca,B1,Residencial,Residencial,Não se aplica,0,37121669900.0,Não se aplica,Não se aplica,CATIVO,COFINS (R$),2024-01-01T00:00:00.000,"1469,000000"
2026-09-15T00:00:00.000,15139629000194,COELBA,COMPANHIA DE ELETRICIDADE DO ESTADO DA BAHIA COELBA,Sistema de Compensação GD I,Verde,A4,Industrial,Não se aplica,Não se aplica,0,37121669900.0,Não se aplica,Fora ponta,CATIVO,Receita Energia (R$),2024-01-01T00:00:00.000,"609717,000000"
2026-09-15T00:00:00.000,15139629000194,COELBA,COMPANHIA DE ELETRICIDADE DO ESTADO DA BAHIA COELBA,Sistema de Compensação GD I,Branca,B3,Comercial,Não se aplica,Não se aplica,0,37121669900.0,Não se aplica,Ponta,CATIVO,Energia compensada (kWh),2024-01-01T00:00:00.000,"2541,000000"
2026-09-15T00:00:00.000,15139629000194,COELBA,COMPANHIA DE ELETRICIDADE DO ESTADO DA BAHIA COELBA,Regular,Geração,A3,Não se aplica,Não se aplica,Dupla contratação,182,0.0,Bahia Pulp (Antiga Bacell),Não se aplica,GERAÇÃO,Demanda Contratada kW,2024-01-01T00:00:00.000,"30000,000000"
2026-09-15T00:00:00.000,15139629000194,COELBA,COMPANHIA DE ELETRICIDADE DO ESTADO DA BAHIA COELBA,Refaturamento - Regular,Branca,B1,Residencial,Residencial,Não se aplica,0,37121669900.0,Não se aplica,Não se aplica,CATIVO,COFINS (R$),2024-01-01T00:00:00.000,"-456,490000"
2026-09-15T00:00:00.000,15139629000194,COELBA,COMPANHIA DE ELETRICIDADE DO ESTADO DA BAHIA COELBA,Regular,Verde,A4,Industrial,Não se aplica,Não se aplica,0,37121669900.0,Não se aplica,Fora ponta,CATIVO,Energia TE (kWh),2024-01-01T00:00:00.000,"23230304,000000"
2026-09-15T00:00:00.000,15139629000194,COELBA,COMPANHIA DE ELETRICIDADE DO ESTADO DA BAHIA COELBA,Sistema de Compensação GD I,Verde,A4,Comercial,Não se aplica,Não se aplica,0,37121669900.0,Não se aplica,Ponta,CATIVO,Energia Consumida (kWh),2024-01-01T00:00:00.000,"562536,000000"
2026-09-15T00:00:00.000,15139629000194,COELBA,COMPANHIA DE ELETRICIDADE DO ESTADO DA BAHIA COELBA,Regular,Geração,A3,Não se aplica,Não se aplica,Dupla contratação,182,0.0,Bahia Pulp (Antiga Bacell),Não se aplica,GERAÇÃO,Receita Demanda (R$),2024-01-01T00:00:00.000,"29310,000000"
2026-09-15T00:00:00.000,15139629000194,COELBA,COMPANHIA DE ELETRICIDADE DO ESTADO DA BAHIA COELBA,Regular,Azul,A3,Industrial,Não se aplica,Não se aplica,0,37121669900.0,Não se aplica,Ponta,CATIVO,Demanda Faturada (kW),2024-01-01T00:00:00.000,"19113,000000"
2026-09-15T00:00:00.000,15139629000194,COELBA,COMPANHIA DE ELETRICIDADE DO ESTADO DA BAHIA COELBA,Refaturamento - Regular,Verde,A4,Industrial,Não se aplica,Não se aplica,0,37121669900.0,Não se aplica,Fora ponta,CATIVO,Energia TE (kWh),2024-01-01T00:00:00.000,"-435306,000000"
2026-09-15T00:00:00.000,15139629000194,COELBA,COMPANHIA DE ELETRICIDADE DO ESTADO DA BAHIA COELBA,Sistema de Compensação GD I,Verde,A4,Comercial,Não se aplica,Não se aplica,0,37121669900.0,Não se aplica,Fora ponta,CATIVO,Energia debitada do SCEE (kWh),2024-01-01T00:00:00.000,"198075,000000"
2026-09-15T00:00:00.000,15139629000194,COELBA,COMPANHIA DE ELETRICIDADE DO ESTADO DA BAHIA COELBA,Regular,Geração,A3,Não se aplica,Não se aplica,Dupla contratação,182,0.0,Bahia Pulp (Antiga Bacell),Não se aplica,GERAÇÃO,ICMS (R$),2024-01-01T00:00:00.000,"5865,180000"
2026-09-15T00:00:00.000,15139629000194,COELBA,COMPANHIA DE ELETRICIDADE DO ESTADO DA BAHIA COELBA,Sistema de Compensação GD II,Verde,A3a,Comercial,Não se aplica,Não se aplica,0,37121669900.0,Não se aplica,Não se aplica,CATIVO,Demanda Faturada (kW),2024-01-01T00:00:00.000,"128,000000"
2026-09-15T00:00:00.000,15139629000194,COELBA,COMPANHIA DE ELETRICIDADE DO ESTADO DA BAHIA COELBA,Refaturamento - Regular,Verde,A4,Industrial,Não se aplica,Não se aplica,0,37121669900.0,Não se aplica,Não se aplica,CATIVO,Receita Demanda (R$),2024-01-01T00:00:00.000,"-145046,010000"
2026-09-15T00:00:00.000,15139629000194,COELBA,COMPANHIA DE ELETRICIDADE DO ESTADO DA BAHIA COELBA,Sistema de Compensação GD II,Azul,A4,Comercial,Não se aplica,Não se aplica,0,37121669900.0,Não se aplica,Ponta,CATIVO,Energia Consumida (kWh),2024-01-01T00:00:00.000,"1021,000000"
2026-09-15T00:00:00.000,15139629000194,COELBA,COMPANHIA DE ELETRICIDADE DO ESTADO DA BAHIA COELBA,Regular,Geração,A3,Não se aplica,Não se aplica,Dupla contratação,182,0.0,Bahia Pulp (Antiga Bacell),Não se aplica,GERAÇÃO,Desconto Demanda %,2024-01-01T00:00:00.000,"50,000000"
2026-09-15T00:00:00.000,15139629000194,COELBA,COMPANHIA DE ELETRICIDADE DO ESTADO DA BAHIA COELBA,Sistema de Compensação GD I,Verde,A3a,Comercial,Não se aplica,Não se aplica,0,37121669900.0,Não se aplica,Não se aplica,CATIVO,Número de consumidores,2024-01-01T00:00:00.000,"52,000000"
2026-09-15T00:00:00.000,15139629000194,COELBA,COMPANHIA DE ELETRICIDADE DO ESTADO DA BAHIA COELBA,Sistema de Compensação GD II,Verde,A4,Industrial,Não se aplica,Não se aplica,0,37121669900.0,Não se aplica,Não se aplica,CATIVO,Demanda Faturada (kW),2024-01-01T00:00:00.000,"413,000000"
2026-09-15T00:00:00.000,15139629000194,COELBA,COMPANHIA DE ELETRICIDADE DO ESTADO DA BAHIA COELBA,Sistema de Compensação GD I,Azul,A4,Comercial,Não se aplica,Não se aplica,0,37121669900.0,Não se aplica,Ponta,CATIVO,Energia compensada (kWh),2024-01-01T00:00:00.000,"15801,000000"
2026-09-15T00:00:00.000,15139629000194,COELBA,COMPANHIA DE ELETRICIDADE DO ESTADO DA BAHIA COELBA,Regular,Geração,A3,Não se aplica,Não se aplica,Dupla contratação,182,0.0,Bahia Pulp (Antiga Bacell),Não se aplica,GERAÇÃO,Demanda Faturada (kW),2024-01-01T00:00:00.000,"6000,000000"
2026-09-15T00:00:00.000,15139629000194,COELBA,COMPANHIA DE ELETRICIDADE DO ESTADO DA BAHIA COELBA,Regular,Branca,B1,Residencial,Residencial,Não se aplica,0,37121669900.0,Não se aplica,Não se aplica,CATIVO,ICMS (R$),2024-01-01T00:00:00.000,"140950,610000"
2026-09-15T00:00:00.000,15139629000194,COELBA,COMPANHIA DE ELETRICIDADE DO ESTADO DA BAHIA COELBA,Sistema de Compensação GD I,Verde,A4,Industrial,Não se aplica,Não se aplica,0,37121669900.0,Não se aplica,Não se aplica,CATIVO,Número de consumidores,2024-01-01T00:00:00.000,"127,000000"
2026-09-15T00:00:00.000,15139629000194,COELBA,COMPANHIA DE ELETRICIDADE DO ESTADO DA BAHIA COELBA,Sistema de Compensação GD I,Azul,A4,Comercial,Não se aplica,Não se aplica,0,37121669900.0,Não se aplica,Fora ponta,CATIVO,Energia TE (kWh),2024-01-01T00:00:00.000,"83200,000000"
2026-09-15T00:00:00.000,15139629000194,COELBA,COMPANHIA DE ELETRICIDADE DO ESTADO DA BAHIA COELBA,Regular,Geração,A4,Não se aplica,Não se aplica,Não se aplica,28615,0.0,Curumim (Antiga Bahia I - Camarari),Não se aplica,GERAÇÃO,Demanda Faturada (kW),2024-01-01T00:00:00.000,"9400,000000"
2026-09-15T00:00:00.000,15139629000194,COELBA,COMPANHIA DE ELETRICIDADE DO ESTADO DA BAHIA COELBA,Regular,Verde,A3a,Comercial,Não se aplica,Não se aplica,0,37121669900.0,Não se aplica,Não se aplica,CATIVO,Número de consumidores,2024-01-01T00:00:00.000,"154,000000"
2026-09-15T00:00:00.000,15139629000194,COELBA,COMPANHIA DE ELETRICIDADE DO ESTADO DA BAHIA COELBA,Refaturamento - Regular,Verde,A4,Industrial,Não se aplica,Não se aplica,0,37121669900.0,Não se aplica,Não se aplica,CATIVO,Demanda Faturada (kW),2024-01-01T00:00:00.000,"-4209,000000"
2026-09-15T00:00:00.000,15139629000194,COELBA,COMPANHIA DE ELETRICIDADE DO ESTADO DA BAHIA COELBA,Sistema de Compensação GD I,Branca,B1,Residencial,Residencial,Não se aplica,0,37121669900.0,Não se aplica,Fora ponta,CATIVO,Desconto de energia compensada %,2024-01-01T00:00:00.000,"100,000000"
2026-09-15T00:00:00.000,15139629000194,COELBA,COMPANHIA DE ELETRICIDADE DO ESTADO DA BAHIA COELBA,Regular,Geração,A2,Não se aplica,Não se aplica,Dupla contratação,187,0.0,Suzano Mucuri (Antiga Bahia Sul),Não se aplica,GERAÇÃO,Receita Demanda (R$),2024-01-01T00:00:00.000,"57750,000000"
2026-09-15T00:00:00.000,15139629000194,COELBA,COMPANHIA DE ELETRICIDADE DO ESTADO DA BAHIA COELBA,Regular,Branca,B1,Residencial,Residencial,Não se aplica,0,37121669900.0,Não se aplica,Intermediário,CATIVO,Energia TE (kWh),2024-01-01T00:00:00.000,"37720,000000"
2026-09-15T00:00:00.000,15139629000194,COELBA,COMPANHIA DE ELETRICIDADE DO ESTADO DA BAHIA COELBA,Regular,Verde,A4,Rural,Agropecuária rural,Não se aplica,0,37121669900.0,Não se aplica,Fora ponta,CATIVO,Receita Energia (R$),2024-01-01T00:00:00.000,"6000172,740000"
2026-09-15T00:00:00.000,15139629000194,COELBA,COMPANHIA DE ELETRICIDADE DO ESTADO DA BAHIA COELBA,Refaturamento - Regular,Verde,A4,Comercial,Não se aplica,Não se aplica,0,37121669900.0,Não se aplica,Não se aplica,CATIVO,ICMS (R$),2024-01-01T00:00:00.000,"-129159,790000"
2026-09-15T00:00:00.000,15139629000194,COELBA,COMPANHIA DE ELETRICIDADE DO ESTADO DA BAHIA COELBA,Regular,Geração,A2,Não se aplica,Não se aplica,Dupla contratação,187,0.0,Suzano Mucuri (Antiga Bahia Sul),Não se aplica,GERAÇÃO,ICMS (R$),2024-01-01T00:00:00.000,"16800,850000"
2026-09-15T00:00:00.000,15139629000194,COELBA,COMPANHIA DE ELETRICIDADE DO ESTADO DA BAHIA COELBA,Sistema de Compensação GD I,Convencional,B3,Industrial,Não se aplica,Não se aplica,0,37121669900.0,Não se aplica,Não se aplica,CATIVO,Energia Consumida (kWh),2024-01-01T00:00:00.000,"2965345,000000"
2026-09-15T00:00:00.000,15139629000194,COELBA,COMPANHIA DE ELETRICIDADE DO ESTADO DA BAHIA COELBA,Sistema de Compensação GD I,Azul,A4,Industrial,Não se aplica,Não se aplica,0,37121669900.0,Não se aplica,Ponta,CATIVO,Energia Consumida (kWh),2024-01-01T00:00:00.000,"3371,000000"
2026-09-15T00:00:00.000,15139629000194,COELBA,COMPANHIA DE ELETRICIDADE DO ESTADO DA BAHIA COELBA,Regular,Verde,A4,Comercial,Não se aplica,Não se aplica,0,37121669900.0,Não se aplica,Não se aplica,CATIVO,PIS/PASEP (R$),2024-01-01T00:00:00.000,"397772,060000"
2026-09-15T00:00:00.000,15139629000194,COELBA,COMPANHIA DE ELETRICIDADE DO ESTADO DA BAHIA COELBA,Regular,Geração,A2,Não se aplica,Não se aplica,Dupla contratação,187,0.0,Suzano Mucuri (Antiga Bahia Sul),Não se aplica,GERAÇÃO,Desconto Demanda %,2024-01-01T00:00:00.000,"37,500000"
2026-09-15T00:00:00.000,15139629000194,COELBA,COMPANHIA DE ELETRICIDADE DO ESTADO DA BAHIA COELBA,Sistema de Compensação GD II,Convencional,B3,Industrial,Não se aplica,Não se aplica,0,37121669900.0,Não se aplica,Não se aplica,CATIVO,Desconto de energia compensada %,2024-01-01T00:00:00.000,"81,000000"
2026-09-15T00:00:00.000,15139629000194,COELBA,COMPANHIA DE ELETRICIDADE DO ESTADO DA BAHIA COELBA,Regular,Azul,A4,Industrial,Não se aplica,Não se aplica,0,37121669900.0,Não se aplica,Não se aplica,CATIVO,PIS/PASEP (R$),2024-01-01T00:00:00.000,"12278,510000"
2026-09-15T00:00:00.000,15139629000194,COELBA,COMPANHIA DE ELETRICIDADE DO ESTADO DA BAHIA COELBA,Regular,Verde,A3a,Comercial,Não se aplica,Não se aplica,0,37121669900.0,Não se aplica,Ponta,CATIVO,Energia TE (kWh),2024-01-01T00:00:00.000,"148541,000000"
2026-09-15T00:00:00.000,15139629000194,COELBA,COMPANHIA DE ELETRICIDADE DO ESTADO DA BAHIA COELBA,Regular,Geração,A2,Não se aplica,Não se aplica,Dupla contratação,187,0.0,Suzano Mucuri (Antiga Bahia Sul),Não se aplica,GERAÇÃO,PIS/COFINS (R$),2024-01-01T00:00:00.000,"3394,540000"
2026-09-15T00:00:00.000,15139629000194,COELBA,COMPANHIA DE ELETRICIDADE DO ESTADO DA BAHIA COELBA,Sistema de Compensação GD II,Verde,A4,Rural,Agropecuária rural,IRRIG./AQUIC. PR,0,37121669900.0,Não se aplica,Fora ponta,CATIVO,Energia Consumida (kWh),2024-01-01T00:00:00.000,"15850,000000"
2026-09-15T00:00:00.000,15139629000194,COELBA,COMPANHIA DE ELETRICIDADE DO ESTADO DA BAHIA COELBA,Sistema de Compensação GD I,Azul,A4,Industrial,Não se aplica,Não se aplica,0,37121669900.0,Não se aplica,Fora ponta,CATIVO,Receita Ultrapassagem Demanda (R$),2024-01-01T00:00:00.000,"8324,000000"
2026-09-15T00:00:00.000,15139629000194,COELBA,COMPANHIA DE ELETRICIDADE DO ESTADO DA BAHIA COELBA,Refaturamento - Regular,Verde,A3a,Comercial,Não se aplica,Não se aplica,0,37121669900.0,Não se aplica,Ponta,CATIVO,Receita Energia (R$),2024-01-01T00:00:00.000,"-3079,500000"
2026-09-15T00:00:00.000,15139629000194,COELBA,COMPANHIA DE ELETRICIDADE DO ESTADO DA BAHIA COELBA,Regular,Geração,A2,Não se aplica,Não se aplica,Dupla contratação,187,0.0,Suzano Mucuri (Antiga Bahia Sul),Não se aplica,GERAÇÃO,Demanda Faturada (kW),2024-01-01T00:00:00.000,"35000,000000"
2026-09-15T00:00:00.000,15139629000194,COELBA,COMPANHIA DE ELETRICIDADE DO ESTADO DA BAHIA COELBA,Sistema de Compensação GD I,Verde,A4,Rural,Agropecuária rural,IRRIG./AQUIC. PR,0,37121669900.0,Não se aplica,Fora ponta,CATIVO,Energia compensada (kWh),2024-01-01T00:00:00.000,"124793,000000"
2026-09-15T00:00:00.000,15139629000194,COELBA,COMPANHIA DE ELETRICIDADE DO ESTADO DA BAHIA COELBA,Sistema de Compensação GD II,Verde,A4,Industrial,Não se aplica,Não se aplica,0,37121669900.0,Não se aplica,Não se aplica,CATIVO,ICMS (R$),2024-01-01T00:00:00.000,"7403,000000"
2026-09-15T00:00:00.000,15139629000194,COELBA,COMPANHIA DE ELETRICIDADE DO ESTADO DA BAHIA COELBA,Regular,Verde,A3a,Comercial,Não se aplica,Não se aplica,0,37121669900.0,Não se aplica,Não se aplica,CATIVO,ICMS (R$),2024-01-01T00:00:00.000,"533257,510000"
2026-09-15T00:00:00.000,15139629000194,COELBA,COMPANHIA DE ELETRICIDADE DO ESTADO DA BAHIA COELBA,Regular,Geração,A2,Não se aplica,Não se aplica,Dupla contratação,187,0.0,Suzano Mucuri (Antiga Bahia Sul),Não se aplica,GERAÇÃO,Demanda Contratada kW,2024-01-01T00:00:00.000,"50000,000000"
2026-09-15T00:00:00.000,15139629000194,COELBA,COMPANHIA DE ELETRICIDADE DO ESTADO DA BAHIA COELBA,Sistema de Compensação GD I,Verde,A4,Rural,Agropecuária rural,Não se aplica,0,37121669900.0,Não se aplica,Fora ponta,CATIVO,Energia compensada (kWh),2024-01-01T00:00:00.000,"192463,000000"
2026-09-15T00:00:00.000,15139629000194,COELBA,COMPANHIA DE ELETRICIDADE DO ESTADO DA BAHIA COELBA,Refaturamento - Regular,Verde,A4,Industrial,Não se aplica,Não se aplica,0,37121669900.0,Não se aplica,Não se aplica,CATIVO,ICMS (R$),2024-01-01T00:00:00.000,"-199034,530000"
2026-09-15T00:00:00.000,15139629000194,COELBA,COMPANHIA DE ELETRICIDADE DO ESTADO DA BAHIA COELBA,Regular,Branca,B2,Rural,Agropecuária rural,IRRIG./AQUIC.,0,37121669900.0,Não se aplica,Fora ponta,CATIVO,Energia TUSD (kWh),2024-01-01T00:00:00.000,"3790,000000"
2026-09-15T00:00:00.000,15139629000194,COELBA,COMPANHIA DE ELETRICIDADE DO ESTADO DA BAHIA COELBA,Regular,Azul,A3,Não se aplica,Não se aplica,APE,0,10919934000185.0,Cimpor Cimentos do Brasil S.A.,Não se aplica,LIVRE,Receita Energia (R$),2024-01-01T00:00:00.000,"21835,950000"
2026-09-15T00:00:00.000,15139629000194,COELBA,COMPANHIA DE ELETRICIDADE DO ESTADO DA BAHIA COELBA,Sistema de Compensação GD II,Convencional,B2,Rural,Agropecuária rural,IRRIG./AQUIC. PR,0,37121669900.0,Não se aplica,Não se aplica,CATIVO,Energia TUSD (kWh),2024-01-01T00:00:00.000,"42,000000"
2026-09-15T00:00:00.000,15139629000194,COELBA,COMPANHIA DE ELETRICIDADE DO ESTADO DA BAHIA COELBA,Sistema de Compensação GD I,Verde,A4,Industrial,Não se aplica,Não se aplica,0,37121669900.0,Não se aplica,Fora ponta,CATIVO,Energia Consumida (kWh),2024-01-01T00:00:00.000,"2919077,000000"
2026-09-15T00:00:00.000,15139629000194,COELBA,COMPANHIA DE ELETRICIDADE DO ESTADO DA BAHIA COELBA,Regular,Convencional,B2,Rural,Aquicultura,IRRIG./AQUIC.,0,37121669900.0,Não se aplica,Não se aplica,CATIVO,Energia TUSD (kWh),2024-01-01T00:00:00.000,"212095,000000"
2026-09-15T00:00:00.000,15139629000194,COELBA,COMPANHIA DE ELETRICIDADE DO ESTADO DA BAHIA COELBA,Regular,Azul,A3,Não se aplica,Não se aplica,Não se aplica,0,10919934000185.0,Cimpor Cimentos do Brasil S.A.,Ponta,LIVRE,Demanda Faturada (kW),2024-01-01T00:00:00.000,"17500,000000"
2026-09-15T00:00:00.000,15139629000194,COELBA,COMPANHIA DE ELETRICIDADE DO ESTADO DA BAHIA COELBA,Refaturamento - Regular,Verde,A3a,Rural,Agropecuária rural,Não se aplica,0,37121669900.0,Não se aplica,Ponta,CATIVO,Energia TUSD (kWh),2024-01-01T00:00:00.000,"-91556,000000"
2026-09-15T00:00:00.000,15139629000194,COELBA,COMPANHIA DE ELETRICIDADE DO ESTADO DA BAHIA COELBA,Sistema de Compensação GD I,Branca,B1,Residencial,Residencial,Não se aplica,0,37121669900.0,Não se aplica,Ponta,CATIVO,Energia compensada (kWh),2024-01-01T00:00:00.000,"5606,000000"
2026-09-15T00:00:00.000,15139629000194,COELBA,COMPANHIA DE ELETRICIDADE DO ESTADO DA BAHIA COELBA,Sistema de Compensação GD I,Verde,A4,Rural,Agropecuária rural,Não se aplica,0,37121669900.0,Não se aplica,Fora ponta,CATIVO,Energia TUSD (kWh),2024-01-01T00:00:00.000,"281908,000000"
2026-09-15T00:00:00.000,15139629000194,COELBA,COMPANHIA DE ELETRICIDADE DO ESTADO DA BAHIA COELBA,Regular,Azul,A3,Não se aplica,Não se aplica,Não se aplica,0,10919934000185.0,Cimpor Cimentos do Brasil S.A.,Não se aplica,LIVRE,Receita Energia (R$),2024-01-01T00:00:00.000,"199842,950000"
2026-09-15T00:00:00.000,15139629000194,COELBA,COMPANHIA DE ELETRICIDADE DO ESTADO DA BAHIA COELBA,Sistema de Compensação GD I,Convencional,B2,Rural,Agropecuária rural,IRRIG./AQUIC. PR,0,37121669900.0,Não se aplica,Não se aplica,CATIVO,Energia TUSD (kWh),2024-01-01T00:00:00.000,"1606710,000000"
2026-09-15T00:00:00.000,15139629000194,COELBA,COMPANHIA DE ELETRICIDADE DO ESTADO DA BAHIA COELBA,Sistema de Compensação GD II,Azul,A4,Comercial,Não se aplica,Não se aplica,0,37121669900.0,Não se aplica,Fora ponta,CATIVO,Ultrapassagem Demanda (kW),2024-01-01T00:00:00.000,"10,000000"
2026-09-15T00:00:00.000,15139629000194,COELBA,COMPANHIA DE ELETRICIDADE DO ESTADO DA BAHIA COELBA,Sistema de Compensação GD I,Verde,A4,Rural,Agropecuária rural,IRRIG./AQUIC. PR,0,37121669900.0,Não se aplica,Fora ponta,CATIVO,Energia TUSD (kWh),2024-01-01T00:00:00.000,"512136,000000"
2026-09-15T00:00:00.000,15139629000194,COELBA,COMPANHIA DE ELETRICIDADE DO ESTADO DA BAHIA COELBA,Regular,Azul,A3a,Industrial,Não se aplica,Fonte incentivada,0,,Não se aplica,Fora ponta,LIVRE,Receita Ultrapassagem Demanda (R$),2024-01-01T00:00:00.000,"47705,160000"
2026-09-15T00:00:00.000,15139629000194,COELBA,COMPANHIA DE ELETRICIDADE DO ESTADO DA BAHIA COELBA,Regular,Convencional,B2,Rural,Serviço público de irrigação rural,IRRIG./AQUIC. PR,0,37121669900.0,Não se aplica,Não se aplica,CATIVO,Desconto Energia TUSD %,2024-01-01T00:00:00.000,"73,000000"
2026-09-15T00:00:00.000,15139629000194,COELBA,COMPANHIA DE ELETRICIDADE DO ESTADO DA BAHIA COELBA,Regular,Convencional,B2,Rural,Agropecuária rural,IRRIG./AQUIC.,0,37121669900.0,Não se aplica,Não se aplica,CATIVO,COFINS (R$),2024-01-01T00:00:00.000,"382772,640000"
2026-09-15T00:00:00.000,15139629000194,COELBA,COMPANHIA DE ELETRICIDADE DO ESTADO DA BAHIA COELBA,Sistema de Compensação GD II,Convencional,B3,Industrial,Não se aplica,Não se aplica,0,37121669900.0,Não se aplica,Não se aplica,CATIVO,Energia compensada (kWh),2024-01-01T00:00:00.000,"87246,000000"
2026-09-15T00:00:00.000,15139629000194,COELBA,COMPANHIA DE ELETRICIDADE DO ESTADO DA BAHIA COELBA,Regular,Azul,A3a,Industrial,Não se aplica,Fonte incentivada,0,,Não se aplica,Fora ponta,LIVRE,Desconto Demanda %,2024-01-01T00:00:00.000,"63,952392"
2026-09-15T00:00:00.000,15139629000194,COELBA,COMPANHIA DE ELETRICIDADE DO ESTADO DA BAHIA COELBA,Regular,Azul,A3,Rural,Agropecuária rural,Não se aplica,0,37121669900.0,Não se aplica,Ponta,CATIVO,Energia TUSD (kWh),2024-01-01T00:00:00.000,"26303,000000"
2026-09-15T00:00:00.000,15139629000194,COELBA,COMPANHIA DE ELETRICIDADE DO ESTADO DA BAHIA COELBA,Sistema de Compensação GD I,Convencional,B2,Rural,Agropecuária rural,IRRIG./AQUIC.,0,37121669900.0,Não se aplica,Não se aplica,CATIVO,COFINS (R$),2024-01-01T00:00:00.000,"48956,000000"
2026-09-15T00:00:00.000,15139629000194,COELBA,COMPANHIA DE ELETRICIDADE DO ESTADO DA BAHIA COELBA,Sistema de Compensação GD I,Verde,A3a,Comercial,Não se aplica,Não se aplica,0,37121669900.0,Não se aplica,Não se aplica,CATIVO,PIS/PASEP (R$),2024-01-01T00:00:00.000,"9298,000000"
2026-09-15T00:00:00.000,15139629000194,COELBA,COMPANHIA DE ELETRICIDADE DO ESTADO DA BAHIA COELBA,Regular,Azul,A3a,Industrial,Não se aplica,Fonte incentivada,0,,Não se aplica,Não se aplica,LIVRE,Energia TUSD (kWh),2024-01-01T00:00:00.000,"12422001,000000"
2026-09-15T00:00:00.000,15139629000194,COELBA,COMPANHIA DE ELETRICIDADE DO ESTADO DA BAHIA COELBA,Sistema de Compensação GD II,Convencional,B2,Rural,Agropecuária rural,IRRIG./AQUIC.,0,37121669900.0,Não se aplica,Não se aplica,CATIVO,Energia TUSD (kWh),2024-01-01T00:00:00.000,"143,000000"
2026-09-15T00:00:00.000,15139629000194,COELBA,COMPANHIA DE ELETRICIDADE DO ESTADO DA BAHIA COELBA,Sistema de Compensação GD I,Convencional,B1,Residencial,Residencial,Não se aplica,0,37121669900.0,Não se aplica,Não se aplica,CATIVO,Energia TE (kWh),2024-01-01T00:00:00.000,"20360644,000000"
2026-09-15T00:00:00.000,15139629000194,COELBA,COMPANHIA DE ELETRICIDADE DO ESTADO DA BAHIA COELBA,Sistema de Compensação GD II,Convencional,B3,Industrial,Não se aplica,Não se aplica,0,37121669900.0,Não se aplica,Não se aplica,CATIVO,Energia debitada do SCEE (kWh),2024-01-01T00:00:00.000,"1592,000000"
2026-09-15T00:00:00.000,15139629000194,COELBA,COMPANHIA DE ELETRICIDADE DO ESTADO DA BAHIA COELBA,Regular,Azul,A4,Industrial,Não se aplica,Fonte incentivada,0,,Não se aplica,Fora ponta,LIVRE,Ultrapassagem Demanda (kW),2024-01-01T00:00:00.000,"247579,000000"
2026-09-15T00:00:00.000,15139629000194,COELBA,COMPANHIA DE ELETRICIDADE DO ESTADO DA BAHIA COELBA,Refaturamento - Regular,Verde,A3a,Rural,Agropecuária rural,IRRIG./AQUIC. PR,0,37121669900.0,Não se aplica,Fora ponta,CATIVO,Energia TUSD (kWh),2024-01-01T00:00:00.000,"30449,000000"
2026-09-15T00:00:00.000,15139629000194,COELBA,COMPANHIA DE ELETRICIDADE DO ESTADO DA BAHIA COELBA,Sistema de Compensação GD I,Convencional,B1,Residencial,Residencial,Não se aplica,0,37121669900.0,Não se aplica,Não se aplica,CATIVO,Energia Injetada (kWh),2024-01-01T00:00:00.000,"59827908,000000"
2026-09-15T00:00:00.000,15139629000194,COELBA,COMPANHIA DE ELETRICIDADE DO ESTADO DA BAHIA COELBA,Sistema de Compensação GD I,Convencional,B3,Industrial,Não se aplica,Não se aplica,0,37121669900.0,Não se aplica,Não se aplica,CATIVO,Energia Injetada (kWh),2024-01-01T00:00:00.000,"3235652,000000"
2026-09-15T00:00:00.000,15139629000194,COELBA,COMPANHIA DE ELETRICIDADE DO ESTADO DA BAHIA COELBA,Regular,Azul,A4,Industrial,Não se aplica,Fonte incentivada,0,,Não se aplica,Ponta,LIVRE,Receita Ultrapassagem Demanda (R$),2024-01-01T00:00:00.000,"641555,140000"
2026-09-15T00:00:00.000,15139629000194,COELBA,COMPANHIA DE ELETRICIDADE DO ESTADO DA BAHIA COELBA,Regular,Branca,B2,Rural,Agropecuária rural,IRRIG./AQUIC. PR,0,37121669900.0,Não se aplica,Não se aplica,CATIVO,Energia TUSD (kWh),2024-01-01T00:00:00.000,"723445,000000"
2026-09-15T00:00:00.000,15139629000194,COELBA,COMPANHIA DE ELETRICIDADE DO ESTADO DA BAHIA COELBA,Sistema de Compensação GD I,Convencional,B1,Residencial,Residencial baixa renda – faixa 03,Não se aplica,0,37121669900.0,Não se aplica,Não se aplica,CATIVO,COFINS (R$),2024-01-01T00:00:00.000,"1177,000000"
2026-09-15T00:00:00.000,15139629000194,COELBA,COMPANHIA DE ELETRICIDADE DO ESTADO DA BAHIA COELBA,Refaturamento - Regular,Verde,A3a,Comercial,Não se aplica,Não se aplica,0,37121669900.0,Não se aplica,Não se aplica,CATIVO,COFINS (R$),2024-01-01T00:00:00.000,"-2095,780000"
2026-09-15T00:00:00.000,15139629000194,COELBA,COMPANHIA DE ELETRICIDADE DO ESTADO DA BAHIA COELBA,Regular,Azul,A4,Industrial,Não se aplica,Fonte incentivada,0,,Não se aplica,Não se aplica,LIVRE,Receita Energia (R$),2024-01-01T00:00:00.000,"6549437,570000"
2026-09-15T00:00:00.000,15139629000194,COELBA,COMPANHIA DE ELETRICIDADE DO ESTADO DA BAHIA COELBA,Refaturamento - Regular,Verde,A4,Comercial,Não se aplica,Não se aplica,0,37121669900.0,Não se aplica,Não se aplica,CATIVO,Ultrapassagem Demanda (kW),2024-01-01T00:00:00.000,"-129,000000"
2026-09-15T00:00:00.000,15139629000194,COELBA,COMPANHIA DE ELETRICIDADE DO ESTADO DA BAHIA COELBA,Sistema de Compensação GD I,Convencional,B1,Residencial,Residencial,Não se aplica,0,37121669900.0,Não se aplica,Não se aplica,CATIVO,COFINS (R$),2024-01-01T00:00:00.000,"748892,000000"
2026-09-15T00:00:00.000,15139629000194,COELBA,COMPANHIA DE ELETRICIDADE DO ESTADO DA BAHIA COELBA,Refaturamento - Regular,Verde,A3a,Comercial,Não se aplica,Não se aplica,0,37121669900.0,Não se aplica,Fora ponta,CATIVO,Receita Energia (R$),2024-01-01T00:00:00.000,"-36790,960000"
2026-09-15T00:00:00.000,15139629000194,COELBA,COMPANHIA DE ELETRICIDADE DO ESTADO DA BAHIA COELBA,Regular,Azul,A4,Industrial,Não se aplica,Fonte incentivada,0,,Não se aplica,Não se aplica,LIVRE,PIS/COFINS (R$),2024-01-01T00:00:00.000,"1133955,900000"
2026-09-15T00:00:00.000,15139629000194,COELBA,COMPANHIA DE ELETRICIDADE DO ESTADO DA BAHIA COELBA,Sistema de Compensação GD II,Verde,A4,Comercial,Não se aplica,Não se aplica,0,37121669900.0,Não se aplica,Não se aplica,CATIVO,Ultrapassagem Demanda (kW),2024-01-01T00:00:00.000,"88,000000"
2026-09-15T00:00:00.000,15139629000194,COELBA,COMPANHIA DE ELETRICIDADE DO ESTADO DA BAHIA COELBA,Sistema de Compensação GD I,Convencional,B1,Residencial,Residencial baixa renda – faixa 01,Não se aplica,0,37121669900.0,Não se aplica,Não se aplica,CATIVO,Receita Energia (R$),2024-01-01T00:00:00.000,"63587,000000"
2026-09-15T00:00:00.000,15139629000194,COELBA,COMPANHIA DE ELETRICIDADE DO ESTADO DA BAHIA COELBA,Regular,Verde,A3a,Comercial,Não se aplica,Não se aplica,0,37121669900.0,Não se aplica,Não se aplica,CATIVO,Ultrapassagem Demanda (kW),2024-01-01T00:00:00.000,"1720,000000"
2026-09-15T00:00:00.000,15139629000194,COELBA,COMPANHIA DE ELETRICIDADE DO ESTADO DA BAHIA COELBA,Regular,Azul,A2,Industrial,Não se aplica,Não se aplica,0,,Não se aplica,Fora ponta,LIVRE,Receita Demanda (R$),2024-01-01T00:00:00.000,"332556,400000"
2026-09-15T00:00:00.000,15139629000194,COELBA,COMPANHIA DE ELETRICIDADE DO ESTADO DA BAHIA COELBA,Sistema de Compensação GD II,Convencional,B2,Rural,Não se aplica,Não se aplica,0,37121669900.0,Não se aplica,Não se aplica,CATIVO,Energia debitada do SCEE (kWh),2024-01-01T00:00:00.000,"69951,000000"
2026-09-15T00:00:00.000,15139629000194,COELBA,COMPANHIA DE ELETRICIDADE DO ESTADO DA BAHIA COELBA,Sistema de Compensação GD I,Convencional,B3,Comercial,Não se aplica,Não se aplica,0,37121669900.0,Não se aplica,Não se aplica,CATIVO,Energia debitada do SCEE (kWh),2024-01-01T00:00:00.000,"6011742,000000"
2026-09-15T00:00:00.000,15139629000194,COELBA,COMPANHIA DE ELETRICIDADE DO ESTADO DA BAHIA COELBA,Sistema de Compensação GD I,Verde,A3a,Comercial,Não se aplica,Não se aplica,0,37121669900.0,Não se aplica,Fora ponta,CATIVO,Energia Consumida (kWh),2024-01-01T00:00:00.000,"539866,000000"
2026-09-15T00:00:00.000,15139629000194,COELBA,COMPANHIA DE ELETRICIDADE DO ESTADO DA BAHIA COELBA,Regular,Azul,A2,Industrial,Não se aplica,Não se aplica,0,,Não se aplica,Não se aplica,LIVRE,ICMS (R$),2024-01-01T00:00:00.000,"389610,030000"
2026-09-15T00:00:00.000,15139629000194,COELBA,COMPANHIA DE ELETRICIDADE DO ESTADO DA BAHIA COELBA,Sistema de Compensação GD I,Convencional,B2,Rural,Não se aplica,Não se aplica,0,37121669900.0,Não se aplica,Não se aplica,CATIVO,Energia TE (kWh),2024-01-01T00:00:00.000,"2805547,000000"
2026-09-15T00:00:00.000,15139629000194,COELBA,COMPANHIA DE ELETRICIDADE DO ESTADO DA BAHIA COELBA,Sistema de Compensação GD I,Convencional,B1,Residencial,Residencial baixa renda – faixa 02,Não se aplica,0,37121669900.0,Não se aplica,Não se aplica,CATIVO,Energia debitada do SCEE (kWh),2024-01-01T00:00:00.000,"21864,000000"
2026-09-15T00:00:00.000,15139629000194,COELBA,COMPANHIA DE ELETRICIDADE DO ESTADO DA BAHIA COELBA,Refaturamento - Regular,Verde,A3a,Comercial,Não se aplica,Não se aplica,0,37121669900.0,Não se aplica,Não se aplica,CATIVO,ICMS (R$),2024-01-01T00:00:00.000,"-15662,780000"
2026-09-15T00:00:00.000,15139629000194,COELBA,COMPANHIA DE ELETRICIDADE DO ESTADO DA BAHIA COELBA,Regular,Azul,A2,Industrial,Não se aplica,Fonte incentivada,0,,Não se aplica,Fora ponta,LIVRE,Receita Demanda (R$),2024-01-01T00:00:00.000,"462918,010000"
2026-09-15T00:00:00.000,15139629000194,COELBA,COMPANHIA DE ELETRICIDADE DO ESTADO DA BAHIA COELBA,Sistema de Compensação GD I,Convencional,B2,Rural,Não se aplica,Não se aplica,0,37121669900.0,Não se aplica,Não se aplica,CATIVO,Energia Injetada (kWh),2024-01-01T00:00:00.000,"8050762,000000"
2026-09-15T00:00:00.000,15139629000194,COELBA,COMPANHIA DE ELETRICIDADE DO ESTADO DA BAHIA COELBA,Regular,Convencional,B1,Residencial,Residencial baixa renda – faixa 02,Não se aplica,0,37121669900.0,Não se aplica,Não se aplica,CATIVO,Número de consumidores,2024-01-01T00:00:00.000,"709810,000000"
2026-09-15T00:00:00.000,15139629000194,COELBA,COMPANHIA DE ELETRICIDADE DO ESTADO DA BAHIA COELBA,Sistema de Compensação GD I,Verde,A3a,Comercial,Não se aplica,Não se aplica,0,37121669900.0,Não se aplica,Ponta,CATIVO,Receita Energia (R$),2024-01-01T00:00:00.000,"63059,000000"
2026-09-15T00:00:00.000,15139629000194,COELBA,COMPANHIA DE ELETRICIDADE DO ESTADO DA BAHIA COELBA,Regular,Azul,A2,Industrial,Não se aplica,Fonte incentivada,0,,Não se aplica,Fora ponta,LIVRE,Desconto Demanda %,2024-01-01T00:00:00.000,"59,878094"
2026-09-15T00:00:00.000,15139629000194,COELBA,COMPANHIA DE ELETRICIDADE DO ESTADO DA BAHIA COELBA,Regular,Azul,A4,Poder público,Não se aplica,Não se aplica,0,37121669900.0,Não se aplica,Ponta,CATIVO,Receita Energia (R$),2024-01-01T00:00:00.000,"384977,050000"
2026-09-15T00:00:00.000,15139629000194,COELBA,COMPANHIA DE ELETRICIDADE DO ESTADO DA BAHIA COELBA,Refaturamento - Regular,Convencional,B1,Residencial,Residencial baixa renda – faixa 02,Não se aplica,0,37121669900.0,Não se aplica,Não se aplica,CATIVO,COFINS (R$),2024-01-01T00:00:00.000,"-871,980000"
2026-09-15T00:00:00.000,15139629000194,COELBA,COMPANHIA DE ELETRICIDADE DO ESTADO DA BAHIA COELBA,Regular,Verde,A3a,Comercial,Não se aplica,Não se aplica,0,37121669900.0,Não se aplica,Não se aplica,CATIVO,Receita Ultrapassagem Demanda (R$),2024-01-01T00:00:00.000,"133957,550000"
2026-09-15T00:00:00.000,15139629000194,COELBA,COMPANHIA DE ELETRICIDADE DO ESTADO DA BAHIA COELBA,Regular,Azul,A2,Industrial,Não se aplica,APE,0,,Não se aplica,Não se aplica,LIVRE,ICMS (R$),2024-01-01T00:00:00.000,"22170,580000"
2026-09-15T00:00:00.000,15139629000194,COELBA,COMPANHIA DE ELETRICIDADE DO ESTADO DA BAHIA COELBA,Sistema de Compensação GD I,Azul,A4,Poder público,Não se aplica,Não se aplica,0,37121669900.0,Não se aplica,Ponta,CATIVO,Receita Energia (R$),2024-01-01T00:00:00.000,"430,000000"
2026-09-15T00:00:00.000,15139629000194,COELBA,COMPANHIA DE ELETRICIDADE DO ESTADO DA BAHIA COELBA,Sistema de Compensação GD I,Convencional,B1,Residencial,Residencial baixa renda – faixa 02,Não se aplica,0,37121669900.0,Não se aplica,Não se aplica,CATIVO,Energia compensada (kWh),2024-01-01T00:00:00.000,"214598,000000"
2026-09-15T00:00:00.000,15139629000194,COELBA,COMPANHIA DE ELETRICIDADE DO ESTADO DA BAHIA COELBA,Sistema de Compensação GD II,Verde,A3a,Comercial,Não se aplica,Não se aplica,0,37121669900.0,Não se aplica,Não se aplica,CATIVO,ICMS (R$),2024-01-01T00:00:00.000,"1387,000000"
2026-09-15T00:00:00.000,15139629000194,COELBA,COMPANHIA DE ELETRICIDADE DO ESTADO DA BAHIA COELBA,Regular,Verde,A3a,Industrial,Não se aplica,Fonte incentivada,0,,Não se aplica,Fora ponta,LIVRE,Energia TUSD (kWh),2024-01-01T00:00:00.000,"17324959,000000"
2026-09-15T00:00:00.000,15139629000194,COELBA,COMPANHIA DE ELETRICIDADE DO ESTADO DA BAHIA COELBA,Regular,Azul,A4,Poder público,Não se aplica,Não se aplica,0,37121669900.0,Não se aplica,Fora ponta,CATIVO,Receita Demanda (R$),2024-01-01T00:00:00.000,"941370,420000"
2026-09-15T00:00:00.000,15139629000194,COELBA,COMPANHIA DE ELETRICIDADE DO ESTADO DA BAHIA COELBA,Sistema de Compensação GD II,Convencional,B1,Residencial,Residencial,Não se aplica,0,37121669900.0,Não se aplica,Não se aplica,CATIVO,Energia TE (kWh),2024-01-01T00:00:00.000,"1772633,000000"
2026-09-15T00:00:00.000,15139629000194,COELBA,COMPANHIA DE ELETRICIDADE DO ESTADO DA BAHIA COELBA,Sistema de Compensação GD I,Azul,A4,Comercial,Não se aplica,Não se aplica,0,37121669900.0,Não se aplica,Fora ponta,CATIVO,Demanda Faturada (kW),2024-01-01T00:00:00.000,"365,000000"
2026-09-15T00:00:00.000,15139629000194,COELBA,COMPANHIA DE ELETRICIDADE DO ESTADO DA BAHIA COELBA,Regular,Verde,A4,Industrial,Não se aplica,Fonte incentivada,0,,Não se aplica,Não se aplica,LIVRE,Receita Ultrapassagem Demanda (R$),2024-01-01T00:00:00.000,"671027,850000"
2026-09-15T00:00:00.000,15139629000194,COELBA,COMPANHIA DE ELETRICIDADE DO ESTADO DA BAHIA COELBA,Sistema de Compensação GD I,Azul,A4,Poder público,Não se aplica,Não se aplica,0,37121669900.0,Não se aplica,Fora ponta,CATIVO,Receita Demanda (R$),2024-01-01T00:00:00.000,"11522,000000"
2026-09-15T00:00:00.000,15139629000194,COELBA,COMPANHIA DE ELETRICIDADE DO ESTADO DA BAHIA COELBA,Regular,Convencional,B1,Residencial,Residencial baixa renda – faixa 02,Não se aplica,0,37121669900.0,Não se aplica,Não se aplica,CATIVO,COFINS (R$),2024-01-01T00:00:00.000,"1741727,990000"
2026-09-15T00:00:00.000,15139629000194,COELBA,COMPANHIA DE ELETRICIDADE DO ESTADO DA BAHIA COELBA,Regular,Azul,A3a,Comercial,Não se aplica,Não se aplica,0,37121669900.0,Não se aplica,Fora ponta,CATIVO,Energia TE (kWh),2024-01-01T00:00:00.000,"95269,000000"
2026-09-15T00:00:00.000,15139629000194,COELBA,COMPANHIA DE ELETRICIDADE DO ESTADO DA BAHIA COELBA,Regular,Verde,A4,Industrial,Não se aplica,Fonte incentivada,0,,Não se aplica,Não se aplica,LIVRE,ICMS (R$),2024-01-01T00:00:00.000,"6661326,180000"
2026-09-15T00:00:00.000,15139629000194,COELBA,COMPANHIA DE ELETRICIDADE DO ESTADO DA BAHIA COELBA,Regular,Azul,A4,Poder público,Não se aplica,Não se aplica,0,37121669900.0,Não se aplica,Fora ponta,CATIVO,Ultrapassagem Demanda (kW),2024-01-01T00:00:00.000,"2443,000000"
2026-09-15T00:00:00.000,15139629000194,COELBA,COMPANHIA DE ELETRICIDADE DO ESTADO DA BAHIA COELBA,Sistema de Compensação GD II,Convencional,B3,Comercial,Não se aplica,Não se aplica,0,37121669900.0,Não se aplica,Não se aplica,CATIVO,Energia Injetada (kWh),2024-01-01T00:00:00.000,"2961326,000000"
2026-09-15T00:00:00.000,15139629000194,COELBA,COMPANHIA DE ELETRICIDADE DO ESTADO DA BAHIA COELBA,Regular,Azul,A3a,Comercial,Não se aplica,Não se aplica,0,37121669900.0,Não se aplica,Não se aplica,CATIVO,ICMS (R$),2024-01-01T00:00:00.000,"20539,780000"
2026-09-15T00:00:00.000,15139629000194,COELBA,COMPANHIA DE ELETRICIDADE DO ESTADO DA BAHIA COELBA,Regular,Verde,A4,Industrial,Não se aplica,Fonte incentivada,0,,Não se aplica,Fora ponta,LIVRE,Receita Energia (R$),2024-01-01T00:00:00.000,"10772211,780000"
2026-09-15T00:00:00.000,15139629000194,COELBA,COMPANHIA DE ELETRICIDADE DO ESTADO DA BAHIA COELBA,Sistema de Compensação GD I,Azul,A4,Poder público,Não se aplica,Não se aplica,0,37121669900.0,Não se aplica,Ponta,CATIVO,Demanda Faturada (kW),2024-01-01T00:00:00.000,"295,000000"
2026-09-15T00:00:00.000,15139629000194,COELBA,COMPANHIA DE ELETRICIDADE DO ESTADO DA BAHIA COELBA,Regular,Convencional,B1,Residencial,Residencial baixa renda – faixa 04,Não se aplica,0,37121669900.0,Não se aplica,Não se aplica,CATIVO,PIS/PASEP (R$),2024-01-01T00:00:00.000,"106902,310000"
2026-09-15T00:00:00.000,15139629000194,COELBA,COMPANHIA DE ELETRICIDADE DO ESTADO DA BAHIA COELBA,Regular,Azul,A4,Comercial,Não se aplica,Não se aplica,0,37121669900.0,Não se aplica,Não se aplica,CATIVO,Número de consumidores,2024-01-01T00:00:00.000,"107,000000"
2026-09-15T00:00:00.000,15139629000194,COELBA,COMPANHIA DE ELETRICIDADE DO ESTADO DA BAHIA COELBA,Regular,Geração,A3a,Não se aplica,Não se aplica,Não se aplica,35747,0.0,Palmeiras,Não se aplica,GERAÇÃO,PIS/COFINS (R$),2024-01-01T00:00:00.000,"1412,490000"
2026-09-15T00:00:00.000,15139629000194,COELBA,COMPANHIA DE ELETRICIDADE DO ESTADO DA BAHIA COELBA,Regular,Azul,A4,Poder público,Não se aplica,Não se aplica,0,37121669900.0,Não se aplica,Ponta,CATIVO,Receita Demanda (R$),2024-01-01T00:00:00.000,"1917145,980000"
2026-09-15T00:00:00.000,15139629000194,COELBA,COMPANHIA DE ELETRICIDADE DO ESTADO DA BAHIA COELBA,Sistema de Compensação GD I,Convencional,B1,Residencial,Residencial baixa renda – faixa 04,Não se aplica,0,37121669900.0,Não se aplica,Não se aplica,CATIVO,Energia Consumida (kWh),2024-01-01T00:00:00.000,"1707722,000000"
2026-09-15T00:00:00.000,15139629000194,COELBA,COMPANHIA DE ELETRICIDADE DO ESTADO DA BAHIA COELBA,Regular,Azul,A4,Comercial,Não se aplica,Não se aplica,0,37121669900.0,Não se aplica,Fora ponta,CATIVO,Receita Demanda (R$),2024-01-01T00:00:00.000,"341511,300000"
2026-09-15T00:00:00.000,15139629000194,COELBA,COMPANHIA DE ELETRICIDADE DO ESTADO DA BAHIA COELBA,Regular,Verde,A4,Industrial,Não se aplica,APE,0,,Não se aplica,Fora ponta,LIVRE,Receita Energia (R$),2024-01-01T00:00:00.000,"19402,630000"
2026-09-15T00:00:00.000,15139629000194,COELBA,COMPANHIA DE ELETRICIDADE DO ESTADO DA BAHIA COELBA,Regular,Convencional,B3,Serviço público,"Água, esgoto e saneamento",Não se aplica,0,37121669900.0,Não se aplica,Não se aplica,CATIVO,Energia TE (kWh),2024-01-01T00:00:00.000,"15039485,000000"
2026-09-15T00:00:00.000,15139629000194,COELBA,COMPANHIA DE ELETRICIDADE DO ESTADO DA BAHIA COELBA,Sistema de Compensação GD II,Convencional,B1,Residencial,Residencial baixa renda – faixa 04,Não se aplica,0,37121669900.0,Não se aplica,Não se aplica,CATIVO,Energia TE (kWh),2024-01-01T00:00:00.000,"1403,000000"
2026-09-15T00:00:00.000,15139629000194,COELBA,COMPANHIA DE ELETRICIDADE DO ESTADO DA BAHIA COELBA,Regular,Azul,A4,Comercial,Não se aplica,Não se aplica,0,37121669900.0,Não se aplica,Ponta,CATIVO,Energia TE (kWh),2024-01-01T00:00:00.000,"290356,000000"
2026-09-15T00:00:00.000,15139629000194,COELBA,COMPANHIA DE ELETRICIDADE DO ESTADO DA BAHIA COELBA,Regular,Verde,A4,Industrial,Não se aplica,APE,0,,Não se aplica,Ponta,LIVRE,Energia TUSD (kWh),2024-01-01T00:00:00.000,"50488,000000"
2026-09-15T00:00:00.000,15139629000194,COELBA,COMPANHIA DE ELETRICIDADE DO ESTADO DA BAHIA COELBA,Sistema de Compensação GD I,Verde,A4,Poder público,Não se aplica,Não se aplica,0,37121669900.0,Não se aplica,Ponta,CATIVO,Energia compensada (kWh),2024-01-01T00:00:00.000,"48674,000000"
2026-09-15T00:00:00.000,15139629000194,COELBA,COMPANHIA DE ELETRICIDADE DO ESTADO DA BAHIA COELBA,Sistema de Compensação GD I,Convencional,B1,Residencial,Residencial baixa renda – faixa 03,Não se aplica,0,37121669900.0,Não se aplica,Não se aplica,CATIVO,Energia compensada (kWh),2024-01-01T00:00:00.000,"81859,000000"
2026-09-15T00:00:00.000,15139629000194,COELBA,COMPANHIA DE ELETRICIDADE DO ESTADO DA BAHIA COELBA,Sistema de Compensação GD I,Azul,A4,Comercial,Não se aplica,Não se aplica,0,37121669900.0,Não se aplica,Ponta,CATIVO,Demanda Faturada (kW),2024-01-01T00:00:00.000,"329,000000"
2026-09-15T00:00:00.000,15139629000194,COELBA,COMPANHIA DE ELETRICIDADE DO ESTADO DA BAHIA COELBA,Regular,Verde,A4,Industrial,Não se aplica,Fonte incentivada,0,,Não se aplica,Não se aplica,LIVRE,Demanda Faturada (kW),2024-01-01T00:00:00.000,"429054,000000"
2026-09-15T00:00:00.000,15139629000194,COELBA,COMPANHIA DE ELETRICIDADE DO ESTADO DA BAHIA COELBA,Sistema de Compensação GD I,Verde,A4,Poder público,Não se aplica,Não se aplica,0,37121669900.0,Não se aplica,Fora ponta,CATIVO,Energia compensada (kWh),2024-01-01T00:00:00.000,"824406,000000"
2026-09-15T00:00:00.000,15139629000194,COELBA,COMPANHIA DE ELETRICIDADE DO ESTADO DA BAHIA COELBA,Sistema de Compensação GD I,Convencional,B1,Residencial,Residencial baixa renda – faixa 03,Não se aplica,0,37121669900.0,Não se aplica,Não se aplica,CATIVO,Energia debitada do SCEE (kWh),2024-01-01T00:00:00.000,"4117,000000"
2026-09-15T00:00:00.000,15139629000194,COELBA,COMPANHIA DE ELETRICIDADE DO ESTADO DA BAHIA COELBA,Regular,Verde,A4,Residencial,Residencial,Não se aplica,0,37121669900.0,Não se aplica,Ponta,CATIVO,Receita Energia (R$),2024-01-01T00:00:00.000,"20044,200000"
2026-09-15T00:00:00.000,15139629000194,COELBA,COMPANHIA DE ELETRICIDADE DO ESTADO DA BAHIA COELBA,Regular,Verde,A4,Industrial,Não se aplica,Fonte incentivada,0,,Não se aplica,Não se aplica,LIVRE,Ultrapassagem Demanda (kW),2024-01-01T00:00:00.000,"8614,000000"
2026-09-15T00:00:00.000,15139629000194,COELBA,COMPANHIA DE ELETRICIDADE DO ESTADO DA BAHIA COELBA,Sistema de Compensação GD II,Verde,A4,Poder público,Não se aplica,Não se aplica,0,37121669900.0,Não se aplica,Não se aplica,CATIVO,COFINS (R$),2024-01-01T00:00:00.000,"4505,000000"
2026-09-15T00:00:00.000,15139629000194,COELBA,COMPANHIA DE ELETRICIDADE DO ESTADO DA BAHIA COELBA,Sistema de Compensação GD I,Convencional,B1,Residencial,Residencial baixa renda – faixa 01,Não se aplica,0,37121669900.0,Não se aplica,Não se aplica,CATIVO,ICMS (R$),2024-01-01T00:00:00.000,"212,000000"
2026-09-15T00:00:00.000,15139629000194,COELBA,COMPANHIA DE ELETRICIDADE DO ESTADO DA BAHIA COELBA,Sistema de Compensação GD I,Convencional,B1,Residencial,Residencial baixa renda – faixa 04,Não se aplica,0,37121669900.0,Não se aplica,Não se aplica,CATIVO,Energia debitada do SCEE (kWh),2024-01-01T00:00:00.000,"87684,000000"
2026-09-15T00:00:00.000,15139629000194,COELBA,COMPANHIA DE ELETRICIDADE DO ESTADO DA BAHIA COELBA,Regular,Verde,A4,Industrial,Não se aplica,Fonte incentivada,0,,Não se aplica,Ponta,LIVRE,Receita Energia (R$),2024-01-01T00:00:00.000,"12491349,580000"
2026-09-15T00:00:00.000,15139629000194,COELBA,COMPANHIA DE ELETRICIDADE DO ESTADO DA BAHIA COELBA,Refaturamento - Regular,Verde,A4,Poder público,Não se aplica,Não se aplica,0,37121669900.0,Não se aplica,Não se aplica,CATIVO,COFINS (R$),2024-01-01T00:00:00.000,"-305,920000"
2026-09-15T00:00:00.000,15139629000194,COELBA,COMPANHIA DE ELETRICIDADE DO ESTADO DA BAHIA COELBA,Sistema de Compensação GD I,Convencional,B1,Residencial,Residencial baixa renda – faixa 01,Não se aplica,0,37121669900.0,Não se aplica,Não se aplica,CATIVO,PIS/PASEP (R$),2024-01-01T00:00:00.000,"216,000000"
2026-09-15T00:00:00.000,15139629000194,COELBA,COMPANHIA DE ELETRICIDADE DO ESTADO DA BAHIA COELBA,Sistema de Compensação GD II,Verde,A3a,Comercial,Não se aplica,Não se aplica,0,37121669900.0,Não se aplica,Não se aplica,CATIVO,Número de consumidores,2024-01-01T00:00:00.000,"1,000000"
2026-09-15T00:00:00.000,15139629000194,COELBA,COMPANHIA DE ELETRICIDADE DO ESTADO DA BAHIA COELBA,Regular,Verde,A4,Industrial,Não se aplica,Fonte incentivada,0,,Não se aplica,Ponta,LIVRE,Desconto Energia TUSD %,2024-01-01T00:00:00.000,"52,043883"
2026-09-15T00:00:00.000,15139629000194,COELBA,COMPANHIA DE ELETRICIDADE DO ESTADO DA BAHIA COELBA,Sistema de Compensação GD I,Verde,A4,Poder público,Não se aplica,Não se aplica,0,37121669900.0,Não se aplica,Não se aplica,CATIVO,Demanda Faturada (kW),2024-01-01T00:00:00.000,"22127,000000"
2026-09-15T00:00:00.000,15139629000194,COELBA,COMPANHIA DE ELETRICIDADE DO ESTADO DA BAHIA COELBA,Sistema de Compensação GD II,Convencional,B1,Residencial,Residencial,Não se aplica,0,37121669900.0,Não se aplica,Não se aplica,CATIVO,Energia compensada (kWh),2024-01-01T00:00:00.000,"7470210,000000"
2026-09-15T00:00:00.000,15139629000194,COELBA,COMPANHIA DE ELETRICIDADE DO ESTADO DA BAHIA COELBA,Refaturamento - Regular,Verde,A3a,Comercial,Não se aplica,Não se aplica,0,37121669900.0,Não se aplica,Ponta,CATIVO,Energia TE (kWh),2024-01-01T00:00:00.000,"-1011,000000"
2026-09-15T00:00:00.000,15139629000194,COELBA,COMPANHIA DE ELETRICIDADE DO ESTADO DA BAHIA COELBA,Regular,Verde,A4,Industrial,Não se aplica,APE,0,,Não se aplica,Não se aplica,LIVRE,ICMS (R$),2024-01-01T00:00:00.000,"39897,450000"
2026-09-15T00:00:00.000,15139629000194,COELBA,COMPANHIA DE ELETRICIDADE DO ESTADO DA BAHIA COELBA,Regular,Verde,A4,Poder público,Não se aplica,Não se aplica,0,37121669900.0,Não se aplica,Fora ponta,CATIVO,Energia TE (kWh),2024-01-01T00:00:00.000,"22399212,000000"
2026-09-15T00:00:00.000,15139629000194,COELBA,COMPANHIA DE ELETRICIDADE DO ESTADO DA BAHIA COELBA,Regular,Convencional,B1,Residencial,Residencial,Não se aplica,0,37121669900.0,Não se aplica,Não se aplica,CATIVO,Receita Bandeiras (R$),2024-01-01T00:00:00.000,"3706,390000"
2026-09-15T00:00:00.000,15139629000194,COELBA,COMPANHIA DE ELETRICIDADE DO ESTADO DA BAHIA COELBA,Refaturamento - Regular,Convencional,B3,Industrial,Não se aplica,Não se aplica,0,37121669900.0,Não se aplica,Não se aplica,CATIVO,COFINS (R$),2024-01-01T00:00:00.000,"-10137,010000"
2026-09-15T00:00:00.000,15139629000194,COELBA,COMPANHIA DE ELETRICIDADE DO ESTADO DA BAHIA COELBA,Sistema de Compensação GD I,Branca,B1,Residencial,Residencial,Não se aplica,0,37121669900.0,Não se aplica,Não se aplica,CATIVO,ICMS (R$),2024-01-01T00:00:00.000,"8812,000000"
2026-09-15T00:00:00.000,15139629000194,COELBA,COMPANHIA DE ELETRICIDADE DO ESTADO DA BAHIA COELBA,Sistema de Compensação GD I,Verde,A4,Poder público,Não se aplica,Não se aplica,0,37121669900.0,Não se aplica,Não se aplica,CATIVO,Receita Demanda (R$),2024-01-01T00:00:00.000,"861834,000000"
2026-09-15T00:00:00.000,15139629000194,COELBA,COMPANHIA DE ELETRICIDADE DO ESTADO DA BAHIA COELBA,Sistema de Compensação GD I,Verde,A4,Industrial,Não se aplica,Não se aplica,0,37121669900.0,Não se aplica,Ponta,CATIVO,Energia TE (kWh),2024-01-01T00:00:00.000,"94523,000000"
2026-09-15T00:00:00.000,15139629000194,COELBA,COMPANHIA DE ELETRICIDADE DO ESTADO DA BAHIA COELBA,Regular,Verde,A4,Residencial,Residencial,Não se aplica,0,37121669900.0,Não se aplica,Não se aplica,CATIVO,ICMS (R$),2024-01-01T00:00:00.000,"16176,820000"
2026-09-15T00:00:00.000,15139629000194,COELBA,COMPANHIA DE ELETRICIDADE DO ESTADO DA BAHIA COELBA,Regular,Azul,A3a,Industrial,Não se aplica,Não se aplica,0,37121669900.0,Não se aplica,Não se aplica,CATIVO,COFINS (R$),2024-01-01T00:00:00.000,"29263,030000"
2026-09-15T00:00:00.000,15139629000194,COELBA,COMPANHIA DE ELETRICIDADE DO ESTADO DA BAHIA COELBA,Refaturamento - Regular,Convencional,B2,Rural,Aquicultura,IRRIG./AQUIC.,0,37121669900.0,Não se aplica,Não se aplica,CATIVO,COFINS (R$),2024-01-01T00:00:00.000,"24,190000"
2026-09-15T00:00:00.000,15139629000194,COELBA,COMPANHIA DE ELETRICIDADE DO ESTADO DA BAHIA COELBA,Refaturamento - Regular,Verde,A3a,Industrial,Não se aplica,Não se aplica,0,37121669900.0,Não se aplica,Não se aplica,CATIVO,PIS/PASEP (R$),2024-01-01T00:00:00.000,"-943,100000"
2026-09-15T00:00:00.000,15139629000194,COELBA,COMPANHIA DE ELETRICIDADE DO ESTADO DA BAHIA COELBA,Sistema de Compensação GD I,Convencional,B1,Residencial,Residencial baixa renda – faixa 03,Não se aplica,0,37121669900.0,Não se aplica,Não se aplica,CATIVO,Energia TE (kWh),2024-01-01T00:00:00.000,"122381,000000"
2026-09-15T00:00:00.000,15139629000194,COELBA,COMPANHIA DE ELETRICIDADE DO ESTADO DA BAHIA COELBA,Regular,Azul,A3,Industrial,Não se aplica,Não se aplica,0,37121669900.0,Não se aplica,Fora ponta,CATIVO,Receita Ultrapassagem Demanda (R$),2024-01-01T00:00:00.000,"53457,770000"
2026-09-15T00:00:00.000,15139629000194,COELBA,COMPANHIA DE ELETRICIDADE DO ESTADO DA BAHIA COELBA,Regular,Verde,A3a,Rural,Aquicultura,Não se aplica,0,37121669900.0,Não se aplica,Não se aplica,CATIVO,Demanda Faturada (kW),2024-01-01T00:00:00.000,"522,000000"
2026-09-15T00:00:00.000,15139629000194,COELBA,COMPANHIA DE ELETRICIDADE DO ESTADO DA BAHIA COELBA,Sistema de Compensação GD I,Verde,A3a,Industrial,Não se aplica,Não se aplica,0,37121669900.0,Não se aplica,Fora ponta,CATIVO,Energia TE (kWh),2024-01-01T00:00:00.000,"276012,000000"
2026-09-15T00:00:00.000,15139629000194,COELBA,COMPANHIA DE ELETRICIDADE DO ESTADO DA BAHIA COELBA,Refaturamento - Regular,Verde,A4,Comercial,Não se aplica,Não se aplica,0,37121669900.0,Não se aplica,Não se aplica,CATIVO,Receita Demanda (R$),2024-01-01T00:00:00.000,"-115342,660000"
2026-09-15T00:00:00.000,15139629000194,COELBA,COMPANHIA DE ELETRICIDADE DO ESTADO DA BAHIA COELBA,Regular,Azul,A3,Industrial,Não se aplica,Não se aplica,0,37121669900.0,Não se aplica,Não se aplica,CATIVO,PIS/PASEP (R$),2024-01-01T00:00:00.000,"48672,500000"
2026-09-15T00:00:00.000,15139629000194,COELBA,COMPANHIA DE ELETRICIDADE DO ESTADO DA BAHIA COELBA,Regular,Verde,A3a,Rural,Aquicultura,Não se aplica,0,37121669900.0,Não se aplica,Fora ponta,CATIVO,Energia TE (kWh),2024-01-01T00:00:00.000,"77220,000000"
2026-09-15T00:00:00.000,15139629000194,COELBA,COMPANHIA DE ELETRICIDADE DO ESTADO DA BAHIA COELBA,Sistema de Compensação GD I,Verde,A3a,Industrial,Não se aplica,Não se aplica,0,37121669900.0,Não se aplica,Não se aplica,CATIVO,COFINS (R$),2024-01-01T00:00:00.000,"15804,000000"
2026-09-15T00:00:00.000,15139629000194,COELBA,COMPANHIA DE ELETRICIDADE DO ESTADO DA BAHIA COELBA,Regular,Verde,A4,Comercial,Não se aplica,Não se aplica,0,37121669900.0,Não se aplica,Ponta,CATIVO,Receita Energia (R$),2024-01-01T00:00:00.000,"11046361,580000"
2026-09-15T00:00:00.000,15139629000194,COELBA,COMPANHIA DE ELETRICIDADE DO ESTADO DA BAHIA COELBA,Regular,Azul,A3a,Industrial,Não se aplica,Não se aplica,0,37121669900.0,Não se aplica,Fora ponta,CATIVO,Energia TE (kWh),2024-01-01T00:00:00.000,"704970,000000"
2026-09-15T00:00:00.000,15139629000194,COELBA,COMPANHIA DE ELETRICIDADE DO ESTADO DA BAHIA COELBA,Regular,Verde,A4,Rural,Agropecuária rural,Não se aplica,0,37121669900.0,Não se aplica,Não se aplica,CATIVO,ICMS (R$),2024-01-01T00:00:00.000,"100012,740000"
2026-09-15T00:00:00.000,15139629000194,COELBA,COMPANHIA DE ELETRICIDADE DO ESTADO DA BAHIA COELBA,Sistema de Compensação GD II,Verde,A3a,Industrial,Não se aplica,Não se aplica,0,37121669900.0,Não se aplica,Ponta,CATIVO,Desconto de energia compensada %,2024-01-01T00:00:00.000,"75,000000"
2026-09-15T00:00:00.000,15139629000194,COELBA,COMPANHIA DE ELETRICIDADE DO ESTADO DA BAHIA COELBA,Sistema de Compensação GD II,Verde,A4,Comercial,Não se aplica,Não se aplica,0,37121669900.0,Não se aplica,Não se aplica,CATIVO,Receita Demanda (R$),2024-01-01T00:00:00.000,"42786,000000"
2026-09-15T00:00:00.000,15139629000194,COELBA,COMPANHIA DE ELETRICIDADE DO ESTADO DA BAHIA COELBA,Regular,Azul,A3a,Industrial,Não se aplica,Não se aplica,0,37121669900.0,Não se aplica,Fora ponta,CATIVO,Receita Energia (R$),2024-01-01T00:00:00.000,"244116,760000"
2026-09-15T00:00:00.000,15139629000194,COELBA,COMPANHIA DE ELETRICIDADE DO ESTADO DA BAHIA COELBA,Refaturamento - Regular,Verde,A4,Rural,Agropecuária rural,Não se aplica,0,37121669900.0,Não se aplica,Não se aplica,CATIVO,Ultrapassagem Demanda (kW),2024-01-01T00:00:00.000,"-167,000000"
2026-09-15T00:00:00.000,15139629000194,COELBA,COMPANHIA DE ELETRICIDADE DO ESTADO DA BAHIA COELBA,Regular,Verde,A3a,Industrial,Não se aplica,Não se aplica,0,37121669900.0,Não se aplica,Não se aplica,CATIVO,ICMS (R$),2024-01-01T00:00:00.000,"644268,600000"
2026-09-15T00:00:00.000,15139629000194,COELBA,COMPANHIA DE ELETRICIDADE DO ESTADO DA BAHIA COELBA,Sistema de Compensação GD I,Azul,A4,Industrial,Não se aplica,Não se aplica,0,37121669900.0,Não se aplica,Ponta,CATIVO,Energia TE (kWh),2024-01-01T00:00:00.000,"3371,000000"
2026-09-15T00:00:00.000,15139629000194,COELBA,COMPANHIA DE ELETRICIDADE DO ESTADO DA BAHIA COELBA,Sistema Individual - Regular,Energia Fotovoltaica (Res. 083/2004),B1,Residencial,Residencial,Não se aplica,0,37121669900.0,Não se aplica,Não se aplica,CATIVO,Energia TE (kWh),2024-01-01T00:00:00.000,"144413,000000"
2026-09-15T00:00:00.000,15139629000194,COELBA,COMPANHIA DE ELETRICIDADE DO ESTADO DA BAHIA COELBA,Sistema de Compensação GD I,Verde,A4,Rural,Agropecuária rural,Não se aplica,0,37121669900.0,Não se aplica,Fora ponta,CATIVO,Receita Energia (R$),2024-01-01T00:00:00.000,"97619,000000"
2026-09-15T00:00:00.000,15139629000194,COELBA,COMPANHIA DE ELETRICIDADE DO ESTADO DA BAHIA COELBA,Regular,Verde,A3a,Industrial,Não se aplica,Não se aplica,0,37121669900.0,Não se aplica,Não se aplica,CATIVO,COFINS (R$),2024-01-01T00:00:00.000,"134532,430000"
2026-09-15T00:00:00.000,15139629000194,COELBA,COMPANHIA DE ELETRICIDADE DO ESTADO DA BAHIA COELBA,Sistema de Compensação GD I,Azul,A4,Industrial,Não se aplica,Não se aplica,0,37121669900.0,Não se aplica,Fora ponta,CATIVO,Energia Injetada (kWh),2024-01-01T00:00:00.000,"3532,000000"
2026-09-15T00:00:00.000,15139629000194,COELBA,COMPANHIA DE ELETRICIDADE DO ESTADO DA BAHIA COELBA,Sistema Individual - Regular,Energia Fotovoltaica (Res. 083/2004),B1,Residencial,Residencial,Não se aplica,0,37121669900.0,Não se aplica,Não se aplica,CATIVO,Receita Energia (R$),2024-01-01T00:00:00.000,"116302,360000"
2026-09-15T00:00:00.000,15139629000194,COELBA,COMPANHIA DE ELETRICIDADE DO ESTADO DA BAHIA COELBA,Refaturamento - Regular,Verde,A4,Rural,Agropecuária rural,Não se aplica,0,37121669900.0,Não se aplica,Ponta,CATIVO,Receita Energia (R$),2024-01-01T00:00:00.000,"-24933,540000"
2026-09-15T00:00:00.000,15139629000194,COELBA,COMPANHIA DE ELETRICIDADE DO ESTADO DA BAHIA COELBA,Regular,Verde,A3a,Industrial,Não se aplica,Não se aplica,0,37121669900.0,Não se aplica,Não se aplica,CATIVO,Receita Ultrapassagem Demanda (R$),2024-01-01T00:00:00.000,"66202,710000"
2026-09-15T00:00:00.000,15139629000194,COELBA,COMPANHIA DE ELETRICIDADE DO ESTADO DA BAHIA COELBA,Regular,Azul,A4,Industrial,Não se aplica,Não se aplica,0,37121669900.0,Não se aplica,Ponta,CATIVO,Energia TE (kWh),2024-01-01T00:00:00.000,"133276,000000"
2026-09-15T00:00:00.000,15139629000194,COELBA,COMPANHIA DE ELETRICIDADE DO ESTADO DA BAHIA COELBA,Sistema de Compensação GD I,Branca,B1,Residencial,Residencial,Não se aplica,0,37121669900.0,Não se aplica,Fora ponta,CATIVO,Energia Injetada (kWh),2024-01-01T00:00:00.000,"1202890,000000"
2026-09-15T00:00:00.000,15139629000194,COELBA,COMPANHIA DE ELETRICIDADE DO ESTADO DA BAHIA COELBA,Sistema de Compensação GD I,Verde,A4,Rural,Agropecuária rural,Não se aplica,0,37121669900.0,Não se aplica,Não se aplica,CATIVO,Receita Demanda (R$),2024-01-01T00:00:00.000,"211849,000000"
2026-09-15T00:00:00.000,15139629000194,COELBA,COMPANHIA DE ELETRICIDADE DO ESTADO DA BAHIA COELBA,Sistema de Compensação GD I,Verde,A3a,Industrial,Não se aplica,Não se aplica,0,37121669900.0,Não se aplica,Não se aplica,CATIVO,Receita Ultrapassagem Demanda (R$),2024-01-01T00:00:00.000,"9773,000000"
2026-09-15T00:00:00.000,15139629000194,COELBA,COMPANHIA DE ELETRICIDADE DO ESTADO DA BAHIA COELBA,Regular,Azul,A4,Industrial,Não se aplica,Não se aplica,0,37121669900.0,Não se aplica,Fora ponta,CATIVO,Demanda Faturada (kW),2024-01-01T00:00:00.000,"5204,000000"
2026-09-15T00:00:00.000,15139629000194,COELBA,COMPANHIA DE ELETRICIDADE DO ESTADO DA BAHIA COELBA,Sistema de Compensação GD I,Verde,A4,Residencial,Residencial,Não se aplica,0,37121669900.0,Não se aplica,Fora ponta,CATIVO,Desconto de energia compensada %,2024-01-01T00:00:00.000,"100,000000"
2026-09-15T00:00:00.000,15139629000194,COELBA,COMPANHIA DE ELETRICIDADE DO ESTADO DA BAHIA COELBA,Regular,Azul,A4,Serviço público,"Água, esgoto e saneamento",Não se aplica,0,37121669900.0,Não se aplica,Fora ponta,CATIVO,Energia TE (kWh),2024-01-01T00:00:00.000,"4352878,000000"
2026-09-15T00:00:00.000,15139629000194,COELBA,COMPANHIA DE ELETRICIDADE DO ESTADO DA BAHIA COELBA,Refaturamento - Regular,Verde,A3a,Industrial,Não se aplica,Não se aplica,0,37121669900.0,Não se aplica,Não se aplica,CATIVO,ICMS (R$),2024-01-01T00:00:00.000,"-18179,770000"
2026-09-15T00:00:00.000,15139629000194,COELBA,COMPANHIA DE ELETRICIDADE DO ESTADO DA BAHIA COELBA,Sistema de Compensação GD I,Verde,A3a,Comercial,Não se aplica,Não se aplica,0,37121669900.0,Não se aplica,Ponta,CATIVO,Desconto de energia compensada %,2024-01-01T00:00:00.000,"100,000000"
2026-09-15T00:00:00.000,15139629000194,COELBA,COMPANHIA DE ELETRICIDADE DO ESTADO DA BAHIA COELBA,Regular,Azul,A3,Industrial,Não se aplica,Não se aplica,0,37121669900.0,Não se aplica,Ponta,CATIVO,Receita Energia (R$),2024-01-01T00:00:00.000,"405050,700000"
2026-09-15T00:00:00.000,15139629000194,COELBA,COMPANHIA DE ELETRICIDADE DO ESTADO DA BAHIA COELBA,Regular,Geração,A2,Não se aplica,Não se aplica,Não se aplica,29057,0.0,Lagoa Grande,Não se aplica,GERAÇÃO,Número de Consumidores,2024-01-01T00:00:00.000,"1,000000"
2026-09-15T00:00:00.000,15139629000194,COELBA,COMPANHIA DE ELETRICIDADE DO ESTADO DA BAHIA COELBA,Sistema de Compensação GD II,Verde,A3a,Industrial,Não se aplica,Não se aplica,0,37121669900.0,Não se aplica,Não se aplica,CATIVO,ICMS (R$),2024-01-01T00:00:00.000,"2586,000000"
2026-09-15T00:00:00.000,15139629000194,COELBA,COMPANHIA DE ELETRICIDADE DO ESTADO DA BAHIA COELBA,Sistema de Compensação GD II,Verde,A3a,Comercial,Não se aplica,Não se aplica,0,37121669900.0,Não se aplica,Ponta,CATIVO,Energia compensada (kWh),2024-01-01T00:00:00.000,"309,000000"
2026-09-15T00:00:00.000,15139629000194,COELBA,COMPANHIA DE ELETRICIDADE DO ESTADO DA BAHIA COELBA,Refaturamento - Regular,Branca,B1,Residencial,Residencial,Não se aplica,0,37121669900.0,Não se aplica,Não se aplica,CATIVO,PIS/PASEP (R$),2024-01-01T00:00:00.000,"-99,070000"
2026-09-15T00:00:00.000,15139629000194,COELBA,COMPANHIA DE ELETRICIDADE DO ESTADO DA BAHIA COELBA,Regular,Geração,A2,Não se aplica,Não se aplica,Não se aplica,29059,0.0,Porto Franco,Não se aplica,GERAÇÃO,Número de Consumidores,2024-01-01T00:00:00.000,"1,000000"
2026-09-15T00:00:00.000,15139629000194,COELBA,COMPANHIA DE ELETRICIDADE DO ESTADO DA BAHIA COELBA,Sistema de Compensação GD I,Verde,A3a,Industrial,Não se aplica,Não se aplica,0,37121669900.0,Não se aplica,Não se aplica,CATIVO,PIS/PASEP (R$),2024-01-01T00:00:00.000,"3434,000000"
2026-09-15T00:00:00.000,15139629000194,COELBA,COMPANHIA DE ELETRICIDADE DO ESTADO DA BAHIA COELBA,Sistema de Compensação GD I,Azul,A4,Industrial,Não se aplica,Não se aplica,0,37121669900.0,Não se aplica,Ponta,CATIVO,Demanda Faturada (kW),2024-01-01T00:00:00.000,"93,000000"
2026-09-15T00:00:00.000,15139629000194,COELBA,COMPANHIA DE ELETRICIDADE DO ESTADO DA BAHIA COELBA,Sistema de Compensação GD I,Verde,A4,Residencial,Residencial,Não se aplica,0,37121669900.0,Não se aplica,Não se aplica,CATIVO,PIS/PASEP (R$),2024-01-01T00:00:00.000,"204,000000"
2026-09-15T00:00:00.000,15139629000194,COELBA,COMPANHIA DE ELETRICIDADE DO ESTADO DA BAHIA COELBA,Regular,Geração,A3a,Não se aplica,Não se aplica,Não se aplica,29698,0.0,Juliana I,Não se aplica,GERAÇÃO,Número de Consumidores,2024-01-01T00:00:00.000,"1,000000"
2026-09-15T00:00:00.000,15139629000194,COELBA,COMPANHIA DE ELETRICIDADE DO ESTADO DA BAHIA COELBA,Regular,Verde,A3a,Industrial,Não se aplica,Não se aplica,0,37121669900.0,Não se aplica,Fora ponta,CATIVO,Receita Energia (R$),2024-01-01T00:00:00.000,"1231218,450000"
2026-09-15T00:00:00.000,15139629000194,COELBA,COMPANHIA DE ELETRICIDADE DO ESTADO DA BAHIA COELBA,Sistema de Compensação GD I,Verde,A3a,Comercial,Não se aplica,Não se aplica,0,37121669900.0,Não se aplica,Fora ponta,CATIVO,Energia TE (kWh),2024-01-01T00:00:00.000,"439837,000000"
2026-09-15T00:00:00.000,15139629000194,COELBA,COMPANHIA DE ELETRICIDADE DO ESTADO DA BAHIA COELBA,Regular,Verde,A4,Residencial,Residencial,Não se aplica,0,37121669900.0,Não se aplica,Não se aplica,CATIVO,COFINS (R$),2024-01-01T00:00:00.000,"2685,150000"
2026-09-15T00:00:00.000,15139629000194,COELBA,COMPANHIA DE ELETRICIDADE DO ESTADO DA BAHIA COELBA,Regular,Geração,A3a,Não se aplica,Não se aplica,Não se aplica,31902,0.0,PIABANHA DO TOCANTINS,Não se aplica,GERAÇÃO,Número de Consumidores,2024-01-01T00:00:00.000,"1,000000"
2026-09-15T00:00:00.000,15139629000194,COELBA,COMPANHIA DE ELETRICIDADE DO ESTADO DA BAHIA COELBA,Sistema de Compensação GD I,Verde,A3a,Industrial,Não se aplica,Não se aplica,0,37121669900.0,Não se aplica,Ponta,CATIVO,Energia Injetada (kWh),2024-01-01T00:00:00.000,"27,000000"
2026-09-15T00:00:00.000,15139629000194,COELBA,COMPANHIA DE ELETRICIDADE DO ESTADO DA BAHIA COELBA,Sistema de Compensação GD I,Verde,A3a,Comercial,Não se aplica,Não se aplica,0,37121669900.0,Não se aplica,Não se aplica,CATIVO,COFINS (R$),2024-01-01T00:00:00.000,"42793,000000"
2026-09-15T00:00:00.000,15139629000194,COELBA,COMPANHIA DE ELETRICIDADE DO ESTADO DA BAHIA COELBA,Sistema de Compensação GD I,Verde,A4,Residencial,Residencial,Não se aplica,0,37121669900.0,Não se aplica,Ponta,CATIVO,Energia compensada (kWh),2024-01-01T00:00:00.000,"68,000000"
2026-09-15T00:00:00.000,15139629000194,COELBA,COMPANHIA DE ELETRICIDADE DO ESTADO DA BAHIA COELBA,Regular,Geração,A2,Não se aplica,Não se aplica,Não se aplica,32551,0.0,Piarucum,Não se aplica,GERAÇÃO,Número de Consumidores,2024-01-01T00:00:00.000,"1,000000"
2026-09-15T00:00:00.000,15139629000194,COELBA,COMPANHIA DE ELETRICIDADE DO ESTADO DA BAHIA COELBA,Sistema de Compensação GD I,Verde,A3a,Industrial,Não se aplica,Não se aplica,0,37121669900.0,Não se aplica,Não se aplica,CATIVO,ICMS (R$),2024-01-01T00:00:00.000,"71631,000000"
2026-09-15T00:00:00.000,15139629000194,COELBA,COMPANHIA DE ELETRICIDADE DO ESTADO DA BAHIA COELBA,Regular,Azul,A4,Industrial,Não se aplica,Não se aplica,0,37121669900.0,Não se aplica,Não se aplica,CATIVO,Número de consumidores,2024-01-01T00:00:00.000,"24,000000"
2026-09-15T00:00:00.000,15139629000194,COELBA,COMPANHIA DE ELETRICIDADE DO ESTADO DA BAHIA COELBA,Regular,Verde,A3a,Industrial,Não se aplica,Não se aplica,0,37121669900.0,Não se aplica,Não se aplica,CATIVO,Demanda Faturada (kW),2024-01-01T00:00:00.000,"31235,000000"
2026-09-15T00:00:00.000,15139629000194,COELBA,COMPANHIA DE ELETRICIDADE DO ESTADO DA BAHIA COELBA,Regular,Geração,A3,Não se aplica,Não se aplica,Não se aplica,32892,0.0,Bom Jesus da Lapa I,Não se aplica,GERAÇÃO,Número de Consumidores,2024-01-01T00:00:00.000,"1,000000"
2026-09-15T00:00:00.000,15139629000194,COELBA,COMPANHIA DE ELETRICIDADE DO ESTADO DA BAHIA COELBA,Sistema de Compensação GD II,Verde,A3a,Industrial,Não se aplica,Não se aplica,0,37121669900.0,Não se aplica,Não se aplica,CATIVO,PIS/PASEP (R$),2024-01-01T00:00:00.000,"127,000000"
2026-09-15T00:00:00.000,15139629000194,COELBA,COMPANHIA DE ELETRICIDADE DO ESTADO DA BAHIA COELBA,Sistema de Compensação GD II,Convencional,B3,Industrial,Não se aplica,Não se aplica,0,37121669900.0,Não se aplica,Não se aplica,CATIVO,Energia Injetada (kWh),2024-01-01T00:00:00.000,"139281,000000"
2026-09-15T00:00:00.000,15139629000194,COELBA,COMPANHIA DE ELETRICIDADE DO ESTADO DA BAHIA COELBA,Sistema de Compensação GD I,Azul,A4,Industrial,Não se aplica,Não se aplica,0,37121669900.0,Não se aplica,Fora ponta,CATIVO,Energia TE (kWh),2024-01-01T00:00:00.000,"30177,000000"
2026-09-15T00:00:00.000,15139629000194,COELBA,COMPANHIA DE ELETRICIDADE DO ESTADO DA BAHIA COELBA,Regular,Geração,A3,Não se aplica,Não se aplica,Não se aplica,33470,0.0,Sertão Solar Barreiras II,Não se aplica,GERAÇÃO,Número de Consumidores,2024-01-01T00:00:00.000,"1,000000"
2026-09-15T00:00:00.000,15139629000194,COELBA,COMPANHIA DE ELETRICIDADE DO ESTADO DA BAHIA COELBA,Sistema de Compensação GD II,Verde,A3a,Industrial,Não se aplica,Não se aplica,0,37121669900.0,Não se aplica,Fora ponta,CATIVO,Energia Injetada (kWh),2024-01-01T00:00:00.000,"34720,000000"
2026-09-15T00:00:00.000,15139629000194,COELBA,COMPANHIA DE ELETRICIDADE DO ESTADO DA BAHIA COELBA,Sistema de Compensação GD I,Verde,A4,Rural,Não se aplica,Não se aplica,0,37121669900.0,Não se aplica,Ponta,CATIVO,Energia compensada (kWh),2024-01-01T00:00:00.000,"10612,000000"
2026-09-15T00:00:00.000,15139629000194,COELBA,COMPANHIA DE ELETRICIDADE DO ESTADO DA BAHIA COELBA,Sistema de Compensação GD I,Azul,A4,Industrial,Não se aplica,Não se aplica,0,37121669900.0,Não se aplica,Não se aplica,CATIVO,COFINS (R$),2024-01-01T00:00:00.000,"1715,000000"
2026-09-15T00:00:00.000,15139629000194,COELBA,COMPANHIA DE ELETRICIDADE DO ESTADO DA BAHIA COELBA,Regular,Geração,A3,Não se aplica,Não se aplica,Não se aplica,34777,0.0,Pedra do Reino IV,Não se aplica,GERAÇÃO,Número de Consumidores,2024-01-01T00:00:00.000,"1,000000"
2026-09-15T00:00:00.000,15139629000194,COELBA,COMPANHIA DE ELETRICIDADE DO ESTADO DA BAHIA COELBA,Sistema de Compensação GD I,Verde,A3a,Industrial,Não se aplica,Não se aplica,0,37121669900.0,Não se aplica,Fora ponta,CATIVO,Energia debitada do SCEE (kWh),2024-01-01T00:00:00.000,"58423,000000"
2026-09-15T00:00:00.000,15139629000194,COELBA,COMPANHIA DE ELETRICIDADE DO ESTADO DA BAHIA COELBA,Sistema de Compensação GD I,Verde,A4,Rural,Não se aplica,Não se aplica,0,37121669900.0,Não se aplica,Não se aplica,CATIVO,Receita Demanda (R$),2024-01-01T00:00:00.000,"167368,000000"
2026-09-15T00:00:00.000,15139629000194,COELBA,COMPANHIA DE ELETRICIDADE DO ESTADO DA BAHIA COELBA,Sistema de Compensação GD I,Verde,A3a,Industrial,Não se aplica,Não se aplica,0,37121669900.0,Não se aplica,Não se aplica,CATIVO,Número de consumidores,2024-01-01T00:00:00.000,"24,000000"
2026-09-15T00:00:00.000,15139629000194,COELBA,COMPANHIA DE ELETRICIDADE DO ESTADO DA BAHIA COELBA,Regular,Geração,A3a,Não se aplica,Não se aplica,Não se aplica,35446,0.0,Sirivera,Não se aplica,GERAÇÃO,Número de Consumidores,2024-01-01T00:00:00.000,"1,000000"
2026-09-15T00:00:00.000,15139629000194,COELBA,COMPANHIA DE ELETRICIDADE DO ESTADO DA BAHIA COELBA,Sistema de Compensação GD I,Branca,B3,Industrial,Não se aplica,Não se aplica,0,37121669900.0,Não se aplica,Não se aplica,CATIVO,ICMS (R$),2024-01-01T00:00:00.000,"2659,000000"
2026-09-15T00:00:00.000,15139629000194,COELBA,COMPANHIA DE ELETRICIDADE DO ESTADO DA BAHIA COELBA,Sistema de Compensação GD I,Verde,A4,Rural,Não se aplica,Não se aplica,0,37121669900.0,Não se aplica,Não se aplica,CATIVO,ICMS (R$),2024-01-01T00:00:00.000,"140600,000000"
2026-09-15T00:00:00.000,15139629000194,COELBA,COMPANHIA DE ELETRICIDADE DO ESTADO DA BAHIA COELBA,Sistema de Compensação GD I,Azul,A4,Industrial,Não se aplica,Não se aplica,0,37121669900.0,Não se aplica,Fora ponta,CATIVO,Desconto de energia compensada %,2024-01-01T00:00:00.000,"100,000000"
2026-09-15T00:00:00.000,15139629000194,COELBA,COMPANHIA DE ELETRICIDADE DO ESTADO DA BAHIA COELBA,Regular,Geração,A3a,Não se aplica,Não se aplica,Não se aplica,35747,0.0,Palmeiras,Não se aplica,GERAÇÃO,Número de Consumidores,2024-01-01T00:00:00.000,"1,000000"
2026-09-15T00:00:00.000,15139629000194,COELBA,COMPANHIA DE ELETRICIDADE DO ESTADO DA BAHIA COELBA,Sistema de Compensação GD I,Branca,B3,Industrial,Não se aplica,Não se aplica,0,37121669900.0,Não se aplica,Fora ponta,CATIVO,Energia compensada (kWh),2024-01-01T00:00:00.000,"688,000000"
2026-09-15T00:00:00.000,15139629000194,COELBA,COMPANHIA DE ELETRICIDADE DO ESTADO DA BAHIA COELBA,Regular,Convencional,B2,Rural,Não se aplica,Não se aplica,0,37121669900.0,Não se aplica,Não se aplica,CATIVO,PIS/PASEP (R$),2024-01-01T00:00:00.000,"244530,720000"
2026-09-15T00:00:00.000,15139629000194,COELBA,COMPANHIA DE ELETRICIDADE DO ESTADO DA BAHIA COELBA,Sistema de Compensação GD I,Azul,A4,Industrial,Não se aplica,Não se aplica,0,37121669900.0,Não se aplica,Ponta,CATIVO,Energia compensada (kWh),2024-01-01T00:00:00.000,"84,000000"
2026-09-15T00:00:00.000,15139629000194,COELBA,COMPANHIA DE ELETRICIDADE DO ESTADO DA BAHIA COELBA,Regular,Geração,A3,Não se aplica,Não se aplica,Não se aplica,37069,0.0,Pedra do Reino V,Não se aplica,GERAÇÃO,Número de Consumidores,2024-01-01T00:00:00.000,"1,000000"
2026-09-15T00:00:00.000,15139629000194,COELBA,COMPANHIA DE ELETRICIDADE DO ESTADO DA BAHIA COELBA,Sistema de Compensação GD I,Branca,B3,Industrial,Não se aplica,Não se aplica,0,37121669900.0,Não se aplica,Não se aplica,CATIVO,COFINS (R$),2024-01-01T00:00:00.000,"441,000000"
2026-09-15T00:00:00.000,15139629000194,COELBA,COMPANHIA DE ELETRICIDADE DO ESTADO DA BAHIA COELBA,Regular,Geração,A3,Não se aplica,Não se aplica,Não se aplica,32893,0.0,Bom Jesus da Lapa II,Não se aplica,GERAÇÃO,Número de Consumidores,2024-01-01T00:00:00.000,"1,000000"
2026-09-15T00:00:00.000,15139629000194,COELBA,COMPANHIA DE ELETRICIDADE DO ESTADO DA BAHIA COELBA,Sistema de Compensação GD I,Verde,A3a,Comercial,Não se aplica,Não se aplica,0,37121669900.0,Não se aplica,Não se aplica,CATIVO,Ultrapassagem Demanda (kW),2024-01-01T00:00:00.000,"104,000000"
2026-09-15T00:00:00.000,15139629000194,COELBA,COMPANHIA DE ELETRICIDADE DO ESTADO DA BAHIA COELBA,Regular,Geração,A4,Não se aplica,Não se aplica,Dupla contratação,49251,0.0,Aeroporto De Salvador,Não se aplica,GERAÇÃO,Número de Consumidores,2024-01-01T00:00:00.000,"1,000000"
2026-09-15T00:00:00.000,15139629000194,COELBA,COMPANHIA DE ELETRICIDADE DO ESTADO DA BAHIA COELBA,Sistema de Compensação GD I,Branca,B3,Industrial,Não se aplica,Não se aplica,0,37121669900.0,Não se aplica,Intermediário,CATIVO,Energia TE (kWh),2024-01-01T00:00:00.000,"300,000000"
2026-09-15T00:00:00.000,15139629000194,COELBA,COMPANHIA DE ELETRICIDADE DO ESTADO DA BAHIA COELBA,Regular,Geração,A3,Não se aplica,Não se aplica,Não se aplica,33469,0.0,Sertão Solar Barreiras I,Não se aplica,GERAÇÃO,Número de Consumidores,2024-01-01T00:00:00.000,"1,000000"
2026-09-15T00:00:00.000,15139629000194,COELBA,COMPANHIA DE ELETRICIDADE DO ESTADO DA BAHIA COELBA,Refaturamento - Regular,Verde,A3a,Comercial,Não se aplica,Não se aplica,0,37121669900.0,Não se aplica,Não se aplica,CATIVO,Receita Ultrapassagem Demanda (R$),2024-01-01T00:00:00.000,",010000"
2026-09-15T00:00:00.000,15139629000194,COELBA,COMPANHIA DE ELETRICIDADE DO ESTADO DA BAHIA COELBA,Regular,Azul,A3,Não se aplica,Não se aplica,Não se aplica,0,10919934000185.0,Cimpor Cimentos do Brasil S.A.,Não se aplica,LIVRE,Número de Consumidores,2024-01-01T00:00:00.000,"1,000000"
2026-09-15T00:00:00.000,15139629000194,COELBA,COMPANHIA DE ELETRICIDADE DO ESTADO DA BAHIA COELBA,Sistema de Compensação GD II,Verde,A4,Comercial,Não se aplica,Não se aplica,0,37121669900.0,Não se aplica,Fora ponta,CATIVO,Energia TE (kWh),2024-01-01T00:00:00.000,"113583,000000"
2026-09-15T00:00:00.000,15139629000194,COELBA,COMPANHIA DE ELETRICIDADE DO ESTADO DA BAHIA COELBA,Regular,Geração,A3,Não se aplica,Não se aplica,Não se aplica,33588,0.0,Verde Vale III,Não se aplica,GERAÇÃO,Número de Consumidores,2024-01-01T00:00:00.000,"1,000000"
2026-09-15T00:00:00.000,15139629000194,COELBA,COMPANHIA DE ELETRICIDADE DO ESTADO DA BAHIA COELBA,Regular,Verde,A3a,Comercial,Não se aplica,Não se aplica,0,37121669900.0,Não se aplica,Não se aplica,CATIVO,PIS/PASEP (R$),2024-01-01T00:00:00.000,"19561,290000"
2026-09-15T00:00:00.000,15139629000194,COELBA,COMPANHIA DE ELETRICIDADE DO ESTADO DA BAHIA COELBA,Regular,Azul,A1,Não se aplica,Não se aplica,Não se aplica,0,20364830000000.0,CONTINENTAL DO BRASIL PRODUTOS  AUTOMOTIVOS LTDA,Não se aplica,LIVRE,Número de Consumidores,2024-01-01T00:00:00.000,"1,000000"
2026-09-15T00:00:00.000,15139629000194,COELBA,COMPANHIA DE ELETRICIDADE DO ESTADO DA BAHIA COELBA,Refaturamento - Regular,Verde,A4,Industrial,Não se aplica,Não se aplica,0,37121669900.0,Não se aplica,Ponta,CATIVO,Receita Energia (R$),2024-01-01T00:00:00.000,"-430939,370000"
2026-09-15T00:00:00.000,15139629000194,COELBA,COMPANHIA DE ELETRICIDADE DO ESTADO DA BAHIA COELBA,Regular,Geração,A3,Não se aplica,Não se aplica,Não se aplica,34120,0.0,Assuruá,Não se aplica,GERAÇÃO,Número de Consumidores,2024-01-01T00:00:00.000,"1,000000"
2026-09-15T00:00:00.000,15139629000194,COELBA,COMPANHIA DE ELETRICIDADE DO ESTADO DA BAHIA COELBA,Regular,Azul,A3a,Industrial,Não se aplica,Não se aplica,0,37121669900.0,Não se aplica,Ponta,CATIVO,Demanda Faturada (kW),2024-01-01T00:00:00.000,"2205,000000"
2026-09-15T00:00:00.000,15139629000194,COELBA,COMPANHIA DE ELETRICIDADE DO ESTADO DA BAHIA COELBA,Regular,Azul,A1,Não se aplica,Não se aplica,Não se aplica,0,3470727000120.0,FORD MOTOR COMPANY BRASIL LTDA,Não se aplica,LIVRE,Número de Consumidores,2024-01-01T00:00:00.000,"1,000000"
2026-09-15T00:00:00.000,15139629000194,COELBA,COMPANHIA DE ELETRICIDADE DO ESTADO DA BAHIA COELBA,Sistema de Compensação GD II,Verde,A4,Industrial,Não se aplica,Não se aplica,0,37121669900.0,Não se aplica,Ponta,CATIVO,Receita Energia (R$),2024-01-01T00:00:00.000,"10154,000000"
2026-09-15T00:00:00.000,15139629000194,COELBA,COMPANHIA DE ELETRICIDADE DO ESTADO DA BAHIA COELBA,Regular,Geração,A3a,Não se aplica,Não se aplica,Não se aplica,35426,0.0,TAPUIAS,Não se aplica,GERAÇÃO,Número de Consumidores,2024-01-01T00:00:00.000,"1,000000"
2026-09-15T00:00:00.000,15139629000194,COELBA,COMPANHIA DE ELETRICIDADE DO ESTADO DA BAHIA COELBA,Regular,Azul,A3a,Industrial,Não se aplica,Não se aplica,0,37121669900.0,Não se aplica,Ponta,CATIVO,Receita Demanda (R$),2024-01-01T00:00:00.000,"229363,710000"
2026-09-15T00:00:00.000,15139629000194,COELBA,COMPANHIA DE ELETRICIDADE DO ESTADO DA BAHIA COELBA,Regular,Geração,A3,Não se aplica,Não se aplica,Não se aplica,2146,0.0,Presidente Goulart,Não se aplica,GERAÇÃO,Número de Consumidores,2024-01-01T00:00:00.000,"1,000000"
2026-09-15T00:00:00.000,15139629000194,COELBA,COMPANHIA DE ELETRICIDADE DO ESTADO DA BAHIA COELBA,Sistema de Compensação GD II,Verde,A4,Industrial,Não se aplica,Não se aplica,0,37121669900.0,Não se aplica,Não se aplica,CATIVO,Número de consumidores,2024-01-01T00:00:00.000,"3,000000"
2026-09-15T00:00:00.000,15139629000194,COELBA,COMPANHIA DE ELETRICIDADE DO ESTADO DA BAHIA COELBA,Regular,Geração,A3a,Não se aplica,Não se aplica,Não se aplica,35733,0.0,Sucuri,Não se aplica,GERAÇÃO,Número de Consumidores,2024-01-01T00:00:00.000,"1,000000"
2026-09-15T00:00:00.000,15139629000194,COELBA,COMPANHIA DE ELETRICIDADE DO ESTADO DA BAHIA COELBA,Regular,Azul,A3,Industrial,Não se aplica,Não se aplica,0,37121669900.0,Não se aplica,Fora ponta,CATIVO,Receita Demanda (R$),2024-01-01T00:00:00.000,"442600,820000"
2026-09-15T00:00:00.000,15139629000194,COELBA,COMPANHIA DE ELETRICIDADE DO ESTADO DA BAHIA COELBA,Regular,Geração,A4,Não se aplica,Não se aplica,Não se aplica,28696,0.0,Agrovale,Não se aplica,GERAÇÃO,Número de Consumidores,2024-01-01T00:00:00.000,"1,000000"
2026-09-15T00:00:00.000,15139629000194,COELBA,COMPANHIA DE ELETRICIDADE DO ESTADO DA BAHIA COELBA,Refaturamento - Regular,Verde,A4,Industrial,Não se aplica,Não se aplica,0,37121669900.0,Não se aplica,Ponta,CATIVO,Energia TE (kWh),2024-01-01T00:00:00.000,"-141437,000000"
2026-09-15T00:00:00.000,15139629000194,COELBA,COMPANHIA DE ELETRICIDADE DO ESTADO DA BAHIA COELBA,Sistema de Compensação GD I,Branca,B3,Comercial,Não se aplica,Não se aplica,0,37121669900.0,Não se aplica,Ponta,CATIVO,Energia Consumida (kWh),2024-01-01T00:00:00.000,"10422,000000"
2026-09-15T00:00:00.000,15139629000194,COELBA,COMPANHIA DE ELETRICIDADE DO ESTADO DA BAHIA COELBA,Regular,Azul,A4,Industrial,Não se aplica,Não se aplica,0,37121669900.0,Não se aplica,Ponta,CATIVO,Receita Demanda (R$),2024-01-01T00:00:00.000,"462774,590000"
2026-09-15T00:00:00.000,15139629000194,COELBA,COMPANHIA DE ELETRICIDADE DO ESTADO DA BAHIA COELBA,Regular,Geração,A2,Não se aplica,Não se aplica,Não se aplica,28999,0.0,Cachoeira da Lixa,Não se aplica,GERAÇÃO,Número de Consumidores,2024-01-01T00:00:00.000,"1,000000"
2026-09-15T00:00:00.000,15139629000194,COELBA,COMPANHIA DE ELETRICIDADE DO ESTADO DA BAHIA COELBA,Sistema de Compensação GD II,Convencional,B1,Residencial,Residencial,Não se aplica,0,37121669900.0,Não se aplica,Não se aplica,CATIVO,Receita Energia (R$),2024-01-01T00:00:00.000,"1430717,000000"
2026-09-15T00:00:00.000,15139629000194,COELBA,COMPANHIA DE ELETRICIDADE DO ESTADO DA BAHIA COELBA,Regular,Convencional,B2,Rural,Não se aplica,Não se aplica,0,37121669900.0,Não se aplica,Não se aplica,CATIVO,Número de consumidores,2024-01-01T00:00:00.000,"163824,000000"
2026-09-15T00:00:00.000,15139629000194,COELBA,COMPANHIA DE ELETRICIDADE DO ESTADO DA BAHIA COELBA,Sistema de Compensação GD II,Verde,A3a,Comercial,Não se aplica,Não se aplica,0,37121669900.0,Não se aplica,Fora ponta,CATIVO,Energia Injetada (kWh),2024-01-01T00:00:00.000,"6150,000000"
2026-09-15T00:00:00.000,15139629000194,COELBA,COMPANHIA DE ELETRICIDADE DO ESTADO DA BAHIA COELBA,Regular,Geração,A2,Não se aplica,Não se aplica,Não se aplica,29004,0.0,Colino 1,Não se aplica,GERAÇÃO,Número de Consumidores,2024-01-01T00:00:00.000,"1,000000"
2026-09-15T00:00:00.000,15139629000194,COELBA,COMPANHIA DE ELETRICIDADE DO ESTADO DA BAHIA COELBA,Regular,Convencional,B1,Residencial,Residencial,Não se aplica,0,37121669900.0,Não se aplica,Não se aplica,CATIVO,Receita Energia (R$),2024-01-01T00:00:00.000,"411254419,960000"
2026-09-15T00:00:00.000,15139629000194,COELBA,COMPANHIA DE ELETRICIDADE DO ESTADO DA BAHIA COELBA,Sistema de Compensação GD I,Branca,B3,Comercial,Não se aplica,Não se aplica,0,37121669900.0,Não se aplica,Intermediário,CATIVO,Energia Consumida (kWh),2024-01-01T00:00:00.000,"14163,000000"
2026-09-15T00:00:00.000,15139629000194,COELBA,COMPANHIA DE ELETRICIDADE DO ESTADO DA BAHIA COELBA,Regular,Azul,A4,Industrial,Não se aplica,Não se aplica,0,37121669900.0,Não se aplica,Ponta,CATIVO,Demanda Faturada (kW),2024-01-01T00:00:00.000,"4449,000000"
2026-09-15T00:00:00.000,15139629000194,COELBA,COMPANHIA DE ELETRICIDADE DO ESTADO DA BAHIA COELBA,Regular,Geração,A3,Não se aplica,Não se aplica,Não se aplica,30288,0.0,Pedra do Reino,Não se aplica,GERAÇÃO,Número de Consumidores,2024-01-01T00:00:00.000,"1,000000"
2026-09-15T00:00:00.000,15139629000194,COELBA,COMPANHIA DE ELETRICIDADE DO ESTADO DA BAHIA COELBA,Sistema de Compensação GD I,Verde,A4,Industrial,Não se aplica,Não se aplica,0,37121669900.0,Não se aplica,Fora ponta,CATIVO,Energia Injetada (kWh),2024-01-01T00:00:00.000,"1138756,000000"
2026-09-15T00:00:00.000,15139629000194,COELBA,COMPANHIA DE ELETRICIDADE DO ESTADO DA BAHIA COELBA,Regular,Geração,A3,Não se aplica,Não se aplica,Não se aplica,27414,0.0,Alto Fêmeas I,Não se aplica,GERAÇÃO,PIS/COFINS (R$),2024-01-01T00:00:00.000,"5369,940000"
2026-09-15T00:00:00.000,15139629000194,COELBA,COMPANHIA DE ELETRICIDADE DO ESTADO DA BAHIA COELBA,Sistema de Compensação GD I,Verde,A3a,Comercial,Não se aplica,Não se aplica,0,37121669900.0,Não se aplica,Ponta,CATIVO,Energia Injetada (kWh),2024-01-01T00:00:00.000,"1498,000000"
2026-09-15T00:00:00.000,15139629000194,COELBA,COMPANHIA DE ELETRICIDADE DO ESTADO DA BAHIA COELBA,Regular,Geração,A3,Não se aplica,Não se aplica,Não se aplica,30608,0.0,Pedra do Reino III,Não se aplica,GERAÇÃO,Número de Consumidores,2024-01-01T00:00:00.000,"1,000000"
2026-09-15T00:00:00.000,15139629000194,COELBA,COMPANHIA DE ELETRICIDADE DO ESTADO DA BAHIA COELBA,Sistema de Compensação GD II,Verde,A4,Industrial,Não se aplica,Não se aplica,0,37121669900.0,Não se aplica,Não se aplica,CATIVO,COFINS (R$),2024-01-01T00:00:00.000,"1670,000000"
2026-09-15T00:00:00.000,15139629000194,COELBA,COMPANHIA DE ELETRICIDADE DO ESTADO DA BAHIA COELBA,Regular,Geração,A3,Não se aplica,Não se aplica,Não se aplica,27414,0.0,Alto Fêmeas I,Não se aplica,GERAÇÃO,Demanda Faturada (kW),2024-01-01T00:00:00.000,"10000,000000"
2026-09-15T00:00:00.000,15139629000194,COELBA,COMPANHIA DE ELETRICIDADE DO ESTADO DA BAHIA COELBA,Sistema de Compensação GD II,Verde,A3a,Comercial,Não se aplica,Não se aplica,0,37121669900.0,Não se aplica,Não se aplica,CATIVO,PIS/PASEP (R$),2024-01-01T00:00:00.000,"50,000000"
2026-09-15T00:00:00.000,15139629000194,COELBA,COMPANHIA DE ELETRICIDADE DO ESTADO DA BAHIA COELBA,Regular,Geração,A2,Não se aplica,Não se aplica,Não se aplica,31770,0.0,Ventos da Bahia IV,Não se aplica,GERAÇÃO,Número de Consumidores,2024-01-01T00:00:00.000,"1,000000"
2026-09-15T00:00:00.000,15139629000194,COELBA,COMPANHIA DE ELETRICIDADE DO ESTADO DA BAHIA COELBA,Sistema de Compensação GD I,Verde,A4,Industrial,Não se aplica,Não se aplica,0,37121669900.0,Não se aplica,Não se aplica,CATIVO,Receita Demanda (R$),2024-01-01T00:00:00.000,"969858,000000"
2026-09-15T00:00:00.000,15139629000194,COELBA,COMPANHIA DE ELETRICIDADE DO ESTADO DA BAHIA COELBA,Regular,Geração,A3,Não se aplica,Não se aplica,Não se aplica,27414,0.0,Alto Fêmeas I,Não se aplica,GERAÇÃO,Demanda Contratada kW,2024-01-01T00:00:00.000,"10000,000000"
2026-09-15T00:00:00.000,15139629000194,COELBA,COMPANHIA DE ELETRICIDADE DO ESTADO DA BAHIA COELBA,Refaturamento - Regular,Verde,A3a,Comercial,Não se aplica,Não se aplica,0,37121669900.0,Não se aplica,Não se aplica,CATIVO,PIS/PASEP (R$),2024-01-01T00:00:00.000,"-455,320000"
2026-09-15T00:00:00.000,15139629000194,COELBA,COMPANHIA DE ELETRICIDADE DO ESTADO DA BAHIA COELBA,Regular,Geração,A2,Não se aplica,Não se aplica,Não se aplica,31771,0.0,Ventos da Bahia VIII,Não se aplica,GERAÇÃO,Número de Consumidores,2024-01-01T00:00:00.000,"1,000000"
2026-09-15T00:00:00.000,15139629000194,COELBA,COMPANHIA DE ELETRICIDADE DO ESTADO DA BAHIA COELBA,Refaturamento - Regular,Convencional,B1,Residencial,Residencial,Não se aplica,0,37121669900.0,Não se aplica,Não se aplica,CATIVO,ICMS (R$),2024-01-01T00:00:00.000,"-943601,450000"
2026-09-15T00:00:00.000,15139629000194,COELBA,COMPANHIA DE ELETRICIDADE DO ESTADO DA BAHIA COELBA,Refaturamento - Regular,Azul,A3,Industrial,Não se aplica,Fonte incentivada,0,,Não se aplica,Não se aplica,LIVRE,Receita Energia (R$),2024-01-01T00:00:00.000,"-328340,200000"
2026-09-15T00:00:00.000,15139629000194,COELBA,COMPANHIA DE ELETRICIDADE DO ESTADO DA BAHIA COELBA,Sistema de Compensação GD I,Verde,A3a,Comercial,Não se aplica,Não se aplica,0,37121669900.0,Não se aplica,Não se aplica,CATIVO,ICMS (R$),2024-01-01T00:00:00.000,"256383,000000"
2026-09-15T00:00:00.000,15139629000194,COELBA,COMPANHIA DE ELETRICIDADE DO ESTADO DA BAHIA COELBA,Regular,Geração,A3,Não se aplica,Não se aplica,Não se aplica,2754,0.0,Sítio Grande,Não se aplica,GERAÇÃO,Número de Consumidores,2024-01-01T00:00:00.000,"1,000000"
2026-09-15T00:00:00.000,15139629000194,COELBA,COMPANHIA DE ELETRICIDADE DO ESTADO DA BAHIA COELBA,Regular,Convencional,B1,Residencial,Residencial baixa renda – faixa 02,Não se aplica,0,37121669900.0,Não se aplica,Não se aplica,CATIVO,ICMS (R$),2024-01-01T00:00:00.000,"10276104,260000"
2026-09-15T00:00:00.000,15139629000194,COELBA,COMPANHIA DE ELETRICIDADE DO ESTADO DA BAHIA COELBA,Refaturamento - Regular,Azul,A3,Industrial,Não se aplica,Fonte incentivada,0,,Não se aplica,Não se aplica,LIVRE,PIS/COFINS (R$),2024-01-01T00:00:00.000,"-44974,540000"
2026-09-15T00:00:00.000,15139629000194,COELBA,COMPANHIA DE ELETRICIDADE DO ESTADO DA BAHIA COELBA,Regular,Verde,A3a,Industrial,Não se aplica,Não se aplica,0,37121669900.0,Não se aplica,Não se aplica,CATIVO,Receita Demanda (R$),2024-01-01T00:00:00.000,"1216571,360000"
2026-09-15T00:00:00.000,15139629000194,COELBA,COMPANHIA DE ELETRICIDADE DO ESTADO DA BAHIA COELBA,Regular,Geração,A3,Não se aplica,Não se aplica,Não se aplica,27052,0.0,Pedra,Não se aplica,GERAÇÃO,Número de Consumidores,2024-01-01T00:00:00.000,"1,000000"
2026-09-15T00:00:00.000,15139629000194,COELBA,COMPANHIA DE ELETRICIDADE DO ESTADO DA BAHIA COELBA,Regular,Convencional,B1,Residencial,Residencial baixa renda – faixa 03,Não se aplica,0,37121669900.0,Não se aplica,Não se aplica,CATIVO,ICMS (R$),2024-01-01T00:00:00.000,"10271769,260000"
2026-09-15T00:00:00.000,15139629000194,COELBA,COMPANHIA DE ELETRICIDADE DO ESTADO DA BAHIA COELBA,Refaturamento - Regular,Azul,A3,Industrial,Não se aplica,Fonte incentivada,0,,Não se aplica,Ponta,LIVRE,Desconto Demanda %,2024-01-01T00:00:00.000,"33,073049"
2026-09-15T00:00:00.000,15139629000194,COELBA,COMPANHIA DE ELETRICIDADE DO ESTADO DA BAHIA COELBA,Regular,Verde,A4,Comercial,Não se aplica,Não se aplica,0,37121669900.0,Não se aplica,Não se aplica,CATIVO,Demanda Faturada (kW),2024-01-01T00:00:00.000,"255401,000000"
2026-09-15T00:00:00.000,15139629000194,COELBA,COMPANHIA DE ELETRICIDADE DO ESTADO DA BAHIA COELBA,Regular,Geração,A3,Não se aplica,Não se aplica,Não se aplica,27414,0.0,Alto Fêmeas I,Não se aplica,GERAÇÃO,Número de Consumidores,2024-01-01T00:00:00.000,"1,000000"
2026-09-15T00:00:00.000,15139629000194,COELBA,COMPANHIA DE ELETRICIDADE DO ESTADO DA BAHIA COELBA,Sistema de Compensação GD I,Convencional,B1,Residencial,Residencial baixa renda – faixa 03,Não se aplica,0,37121669900.0,Não se aplica,Não se aplica,CATIVO,Receita Energia (R$),2024-01-01T00:00:00.000,"82006,000000"
2026-09-15T00:00:00.000,15139629000194,COELBA,COMPANHIA DE ELETRICIDADE DO ESTADO DA BAHIA COELBA,Refaturamento - Regular,Azul,A4,Industrial,Não se aplica,Fonte incentivada,0,,Não se aplica,Fora ponta,LIVRE,Receita Demanda (R$),2024-01-01T00:00:00.000,"-102056,350000"
2026-09-15T00:00:00.000,15139629000194,COELBA,COMPANHIA DE ELETRICIDADE DO ESTADO DA BAHIA COELBA,Refaturamento - Regular,Verde,A3a,Industrial,Não se aplica,Não se aplica,0,37121669900.0,Não se aplica,Ponta,CATIVO,Energia TE (kWh),2024-01-01T00:00:00.000,"-3731,000000"
2026-09-15T00:00:00.000,15139629000194,COELBA,COMPANHIA DE ELETRICIDADE DO ESTADO DA BAHIA COELBA,Regular,Geração,A4,Não se aplica,Não se aplica,Não se aplica,28615,0.0,Curumim (Antiga Bahia I - Camarari),Não se aplica,GERAÇÃO,Número de Consumidores,2024-01-01T00:00:00.000,"1,000000"
2026-09-15T00:00:00.000,15139629000194,COELBA,COMPANHIA DE ELETRICIDADE DO ESTADO DA BAHIA COELBA,Regular,Verde,A4,Consumo próprio,Não se aplica,Não se aplica,0,37121669900.0,Não se aplica,Não se aplica,CATIVO,Receita Demanda (R$),2024-01-01T00:00:00.000,"89117,100000"
2026-09-15T00:00:00.000,15139629000194,COELBA,COMPANHIA DE ELETRICIDADE DO ESTADO DA BAHIA COELBA,Refaturamento - Regular,Azul,A4,Industrial,Não se aplica,Fonte incentivada,0,,Não se aplica,Fora ponta,LIVRE,Receita Ultrapassagem Demanda (R$),2024-01-01T00:00:00.000,"-37391,990000"
2026-09-15T00:00:00.000,15139629000194,COELBA,COMPANHIA DE ELETRICIDADE DO ESTADO DA BAHIA COELBA,Sistema de Compensação GD II,Verde,A4,Comercial,Não se aplica,Não se aplica,0,37121669900.0,Não se aplica,Não se aplica,CATIVO,Número de consumidores,2024-01-01T00:00:00.000,"8,000000"
2026-09-15T00:00:00.000,15139629000194,COELBA,COMPANHIA DE ELETRICIDADE DO ESTADO DA BAHIA COELBA,Regular,Geração,A2,Não se aplica,Não se aplica,Não se aplica,28997,0.0,Colino 2,Não se aplica,GERAÇÃO,Número de Consumidores,2024-01-01T00:00:00.000,"1,000000"
2026-09-15T00:00:00.000,15139629000194,COELBA,COMPANHIA DE ELETRICIDADE DO ESTADO DA BAHIA COELBA,Regular,Verde,A4,Consumo próprio,Não se aplica,Não se aplica,0,37121669900.0,Não se aplica,Fora ponta,CATIVO,Energia TE (kWh),2024-01-01T00:00:00.000,"621969,000000"
2026-09-15T00:00:00.000,15139629000194,COELBA,COMPANHIA DE ELETRICIDADE DO ESTADO DA BAHIA COELBA,Refaturamento - Regular,Azul,A4,Industrial,Não se aplica,Fonte incentivada,0,,Não se aplica,Fora ponta,LIVRE,Desconto Demanda %,2024-01-01T00:00:00.000,"49,708469"
2026-09-15T00:00:00.000,15139629000194,COELBA,COMPANHIA DE ELETRICIDADE DO ESTADO DA BAHIA COELBA,Sistema de Compensação GD I,Verde,A3a,Comercial,Não se aplica,Não se aplica,0,37121669900.0,Não se aplica,Fora ponta,CATIVO,Desconto de energia compensada %,2024-01-01T00:00:00.000,"100,000000"
2026-09-15T00:00:00.000,15139629000194,COELBA,COMPANHIA DE ELETRICIDADE DO ESTADO DA BAHIA COELBA,Regular,Geração,A2,Não se aplica,Não se aplica,Não se aplica,29058,0.0,Riacho Preto,Não se aplica,GERAÇÃO,Número de Consumidores,2024-01-01T00:00:00.000,"1,000000"
2026-09-15T00:00:00.000,15139629000194,COELBA,COMPANHIA DE ELETRICIDADE DO ESTADO DA BAHIA COELBA,Regular,Verde,A4,Consumo próprio,Não se aplica,Não se aplica,0,37121669900.0,Não se aplica,Não se aplica,CATIVO,Demanda Faturada (kW),2024-01-01T00:00:00.000,"2288,000000"
2026-09-15T00:00:00.000,15139629000194,COELBA,COMPANHIA DE ELETRICIDADE DO ESTADO DA BAHIA COELBA,Refaturamento - Regular,Verde,A4,Industrial,Não se aplica,Fonte incentivada,0,,Não se aplica,Não se aplica,LIVRE,PIS/COFINS (R$),2024-01-01T00:00:00.000,"-38687,250000"
2026-09-15T00:00:00.000,15139629000194,COELBA,COMPANHIA DE ELETRICIDADE DO ESTADO DA BAHIA COELBA,Sistema de Compensação GD I,Verde,A3a,Comercial,Não se aplica,Não se aplica,0,37121669900.0,Não se aplica,Fora ponta,CATIVO,Energia Injetada (kWh),2024-01-01T00:00:00.000,"4058871,000000"
2026-09-15T00:00:00.000,15139629000194,COELBA,COMPANHIA DE ELETRICIDADE DO ESTADO DA BAHIA COELBA,Regular,Geração,A2,Não se aplica,Não se aplica,Não se aplica,29060,0.0,Boa Sorte,Não se aplica,GERAÇÃO,Número de Consumidores,2024-01-01T00:00:00.000,"1,000000"
2026-09-15T00:00:00.000,15139629000194,COELBA,COMPANHIA DE ELETRICIDADE DO ESTADO DA BAHIA COELBA,Sistema de Compensação GD I,Convencional,B2,Rural,Agropecuária rural,IRRIG./AQUIC.,0,37121669900.0,Não se aplica,Não se aplica,CATIVO,Número de consumidores,2024-01-01T00:00:00.000,"1103,000000"
2026-09-15T00:00:00.000,15139629000194,COELBA,COMPANHIA DE ELETRICIDADE DO ESTADO DA BAHIA COELBA,Refaturamento - Regular,Verde,A4,Industrial,Não se aplica,Fonte incentivada,0,,Não se aplica,Fora ponta,LIVRE,Energia TUSD (kWh),2024-01-01T00:00:00.000,"-1436263,000000"
2026-09-15T00:00:00.000,15139629000194,COELBA,COMPANHIA DE ELETRICIDADE DO ESTADO DA BAHIA COELBA,Sistema de Compensação GD I,Verde,A3a,Comercial,Não se aplica,Não se aplica,0,37121669900.0,Não se aplica,Ponta,CATIVO,Energia TE (kWh),2024-01-01T00:00:00.000,"20696,000000"
2026-09-15T00:00:00.000,15139629000194,COELBA,COMPANHIA DE ELETRICIDADE DO ESTADO DA BAHIA COELBA,Regular,Geração,A2,Não se aplica,Não se aplica,Não se aplica,31758,0.0,Ventos da Bahia II,Não se aplica,GERAÇÃO,Número de Consumidores,2024-01-01T00:00:00.000,"1,000000"
2026-09-15T00:00:00.000,15139629000194,COELBA,COMPANHIA DE ELETRICIDADE DO ESTADO DA BAHIA COELBA,Refaturamento - Regular,Convencional,B1,Residencial,Residencial,Não se aplica,0,37121669900.0,Não se aplica,Não se aplica,CATIVO,Receita Bandeiras (R$),2024-01-01T00:00:00.000,"-18600,560000"
2026-09-15T00:00:00.000,15139629000194,COELBA,COMPANHIA DE ELETRICIDADE DO ESTADO DA BAHIA COELBA,Regular,Geração,A2,Não se aplica,Não se aplica,Não se aplica,28997,0.0,Colino 2,Não se aplica,GERAÇÃO,Receita Demanda (R$),2024-01-01T00:00:00.000,"21120,000000"
2026-09-15T00:00:00.000,15139629000194,COELBA,COMPANHIA DE ELETRICIDADE DO ESTADO DA BAHIA COELBA,Sistema de Compensação GD II,Verde,A3a,Comercial,Não se aplica,Não se aplica,0,37121669900.0,Não se aplica,Ponta,CATIVO,Receita energia compensada (R$),2024-01-01T00:00:00.000,"102,000000"
2026-09-15T00:00:00.000,15139629000194,COELBA,COMPANHIA DE ELETRICIDADE DO ESTADO DA BAHIA COELBA,Regular,Geração,A3,Não se aplica,Não se aplica,Não se aplica,33471,0.0,Sertão Solar Barreiras III,Não se aplica,GERAÇÃO,Número de Consumidores,2024-01-01T00:00:00.000,"1,000000"
2026-09-15T00:00:00.000,15139629000194,COELBA,COMPANHIA DE ELETRICIDADE DO ESTADO DA BAHIA COELBA,Regular,Convencional,B1,Residencial,Residencial baixa renda – faixa 01,Não se aplica,0,37121669900.0,Não se aplica,Não se aplica,CATIVO,Receita Energia (R$),2024-01-01T00:00:00.000,"13540867,210000"
2026-09-15T00:00:00.000,15139629000194,COELBA,COMPANHIA DE ELETRICIDADE DO ESTADO DA BAHIA COELBA,Regular,Geração,A2,Não se aplica,Não se aplica,Não se aplica,28997,0.0,Colino 2,Não se aplica,GERAÇÃO,Desconto Demanda %,2024-01-01T00:00:00.000,"50,000000"
2026-09-15T00:00:00.000,15139629000194,COELBA,COMPANHIA DE ELETRICIDADE DO ESTADO DA BAHIA COELBA,Sistema de Compensação GD I,Verde,A3a,Comercial,Não se aplica,Não se aplica,0,37121669900.0,Não se aplica,Ponta,CATIVO,Energia Consumida (kWh),2024-01-01T00:00:00.000,"34277,000000"
2026-09-15T00:00:00.000,15139629000194,COELBA,COMPANHIA DE ELETRICIDADE DO ESTADO DA BAHIA COELBA,Regular,Geração,A3,Não se aplica,Não se aplica,Não se aplica,34158,0.0,BJL 4,Não se aplica,GERAÇÃO,Número de Consumidores,2024-01-01T00:00:00.000,"1,000000"
2026-09-15T00:00:00.000,15139629000194,COELBA,COMPANHIA DE ELETRICIDADE DO ESTADO DA BAHIA COELBA,Sistema de Compensação GD II,Convencional,B1,Residencial,Residencial,Não se aplica,0,37121669900.0,Não se aplica,Não se aplica,CATIVO,Energia Injetada (kWh),2024-01-01T00:00:00.000,"11223912,000000"
2026-09-15T00:00:00.000,15139629000194,COELBA,COMPANHIA DE ELETRICIDADE DO ESTADO DA BAHIA COELBA,Regular,Geração,A2,Não se aplica,Não se aplica,Não se aplica,28997,0.0,Colino 2,Não se aplica,GERAÇÃO,Demanda Faturada (kW),2024-01-01T00:00:00.000,"16000,000000"
2026-09-15T00:00:00.000,15139629000194,COELBA,COMPANHIA DE ELETRICIDADE DO ESTADO DA BAHIA COELBA,Sistema de Compensação GD I,Verde,A3a,Comercial,Não se aplica,Não se aplica,0,37121669900.0,Não se aplica,Fora ponta,CATIVO,Energia debitada do SCEE (kWh),2024-01-01T00:00:00.000,"1728,000000"
2026-09-15T00:00:00.000,15139629000194,COELBA,COMPANHIA DE ELETRICIDADE DO ESTADO DA BAHIA COELBA,Regular,Geração,A3,Não se aplica,Não se aplica,Não se aplica,34387,0.0,Sobrado 1,Não se aplica,GERAÇÃO,Número de Consumidores,2024-01-01T00:00:00.000,"1,000000"
2026-09-15T00:00:00.000,15139629000194,COELBA,COMPANHIA DE ELETRICIDADE DO ESTADO DA BAHIA COELBA,Regular,Convencional,B3,Consumo próprio,Não se aplica,Não se aplica,0,37121669900.0,Não se aplica,Não se aplica,CATIVO,Número de consumidores,2024-01-01T00:00:00.000,"581,000000"
2026-09-15T00:00:00.000,15139629000194,COELBA,COMPANHIA DE ELETRICIDADE DO ESTADO DA BAHIA COELBA,Regular,Geração,A2,Não se aplica,Não se aplica,Não se aplica,28997,0.0,Colino 2,Não se aplica,GERAÇÃO,Demanda Contratada kW,2024-01-01T00:00:00.000,"16000,000000"
2026-09-15T00:00:00.000,15139629000194,COELBA,COMPANHIA DE ELETRICIDADE DO ESTADO DA BAHIA COELBA,Sistema de Compensação GD II,Verde,A3a,Comercial,Não se aplica,Não se aplica,0,37121669900.0,Não se aplica,Ponta,CATIVO,Desconto de energia compensada %,2024-01-01T00:00:00.000,"75,000000"
2026-09-15T00:00:00.000,15139629000194,COELBA,COMPANHIA DE ELETRICIDADE DO ESTADO DA BAHIA COELBA,Regular,Geração,A3,Não se aplica,Não se aplica,Não se aplica,27052,0.0,Pedra,Não se aplica,GERAÇÃO,Demanda Contratada kW,2024-01-01T00:00:00.000,"19900,000000"
2026-09-15T00:00:00.000,15139629000194,COELBA,COMPANHIA DE ELETRICIDADE DO ESTADO DA BAHIA COELBA,Regular,Convencional,B1,Residencial,Residencial,Não se aplica,0,37121669900.0,Não se aplica,Não se aplica,CATIVO,Energia TE (kWh),2024-01-01T00:00:00.000,"509339862,000000"
2026-09-15T00:00:00.000,15139629000194,COELBA,COMPANHIA DE ELETRICIDADE DO ESTADO DA BAHIA COELBA,Regular,Geração,A2,Não se aplica,Não se aplica,Não se aplica,28997,0.0,Colino 2,Não se aplica,GERAÇÃO,PIS/COFINS (R$),2024-01-01T00:00:00.000,"1160,820000"
2026-09-15T00:00:00.000,15139629000194,COELBA,COMPANHIA DE ELETRICIDADE DO ESTADO DA BAHIA COELBA,Sistema de Compensação GD II,Verde,A3a,Comercial,Não se aplica,Não se aplica,0,37121669900.0,Não se aplica,Não se aplica,CATIVO,COFINS (R$),2024-01-01T00:00:00.000,"230,000000"
2026-09-15T00:00:00.000,15139629000194,COELBA,COMPANHIA DE ELETRICIDADE DO ESTADO DA BAHIA COELBA,Regular,Geração,A3,Não se aplica,Não se aplica,Não se aplica,27052,0.0,Pedra,Não se aplica,GERAÇÃO,Demanda Faturada (kW),2024-01-01T00:00:00.000,"19900,000000"
2026-09-15T00:00:00.000,15139629000194,COELBA,COMPANHIA DE ELETRICIDADE DO ESTADO DA BAHIA COELBA,Sistema de Compensação GD II,Convencional,B1,Residencial,Residencial,Não se aplica,0,37121669900.0,Não se aplica,Não se aplica,CATIVO,Número de consumidores,2024-01-01T00:00:00.000,"28105,000000"
2026-09-15T00:00:00.000,15139629000194,COELBA,COMPANHIA DE ELETRICIDADE DO ESTADO DA BAHIA COELBA,Regular,Geração,A2,Não se aplica,Não se aplica,Não se aplica,31770,0.0,Ventos da Bahia IV,Não se aplica,GERAÇÃO,PIS/COFINS (R$),2024-01-01T00:00:00.000,"3267,200000"
2026-09-15T00:00:00.000,15139629000194,COELBA,COMPANHIA DE ELETRICIDADE DO ESTADO DA BAHIA COELBA,Sistema de Compensação GD II,Verde,A3a,Comercial,Não se aplica,Não se aplica,0,37121669900.0,Não se aplica,Fora ponta,CATIVO,Energia Consumida (kWh),2024-01-01T00:00:00.000,"1408,000000"
2026-09-15T00:00:00.000,15139629000194,COELBA,COMPANHIA DE ELETRICIDADE DO ESTADO DA BAHIA COELBA,Regular,Geração,A3,Não se aplica,Não se aplica,Não se aplica,27052,0.0,Pedra,Não se aplica,GERAÇÃO,PIS/COFINS (R$),2024-01-01T00:00:00.000,"10686,180000"
2026-09-15T00:00:00.000,15139629000194,COELBA,COMPANHIA DE ELETRICIDADE DO ESTADO DA BAHIA COELBA,Refaturamento - Regular,Convencional,B1,Residencial,Residencial,Não se aplica,0,37121669900.0,Não se aplica,Não se aplica,CATIVO,Receita Energia (R$),2024-01-01T00:00:00.000,"-2423399,970000"
2026-09-15T00:00:00.000,15139629000194,COELBA,COMPANHIA DE ELETRICIDADE DO ESTADO DA BAHIA COELBA,Regular,Geração,A3,Não se aplica,Não se aplica,Não se aplica,30608,0.0,Pedra do Reino III,Não se aplica,GERAÇÃO,Receita Demanda (R$),2024-01-01T00:00:00.000,"86464,500000"
2026-09-15T00:00:00.000,15139629000194,COELBA,COMPANHIA DE ELETRICIDADE DO ESTADO DA BAHIA COELBA,Sistema de Compensação GD I,Verde,A3a,Comercial,Não se aplica,Não se aplica,0,37121669900.0,Não se aplica,Fora ponta,CATIVO,Energia compensada (kWh),2024-01-01T00:00:00.000,"113525,000000"
2026-09-15T00:00:00.000,15139629000194,COELBA,COMPANHIA DE ELETRICIDADE DO ESTADO DA BAHIA COELBA,Regular,Geração,A3,Não se aplica,Não se aplica,Não se aplica,27052,0.0,Pedra,Não se aplica,GERAÇÃO,Receita Demanda (R$),2024-01-01T00:00:00.000,"194423,000000"
2026-09-15T00:00:00.000,15139629000194,COELBA,COMPANHIA DE ELETRICIDADE DO ESTADO DA BAHIA COELBA,Sistema de Compensação GD II,Verde,A3a,Industrial,Não se aplica,Não se aplica,0,37121669900.0,Não se aplica,Ponta,CATIVO,Receita energia compensada (R$),2024-01-01T00:00:00.000,"204,000000"
2026-09-15T00:00:00.000,15139629000194,COELBA,COMPANHIA DE ELETRICIDADE DO ESTADO DA BAHIA COELBA,Regular,Geração,A3,Não se aplica,Não se aplica,Não se aplica,30608,0.0,Pedra do Reino III,Não se aplica,GERAÇÃO,PIS/COFINS (R$),2024-01-01T00:00:00.000,"4752,390000"
2026-09-15T00:00:00.000,15139629000194,COELBA,COMPANHIA DE ELETRICIDADE DO ESTADO DA BAHIA COELBA,Sistema de Compensação GD I,Azul,A4,Industrial,Não se aplica,Não se aplica,0,37121669900.0,Não se aplica,Fora ponta,CATIVO,Demanda Faturada (kW),2024-01-01T00:00:00.000,"199,000000"
2026-09-15T00:00:00.000,15139629000194,COELBA,COMPANHIA DE ELETRICIDADE DO ESTADO DA BAHIA COELBA,Sistema de Compensação GD I,Branca,B3,Comercial,Não se aplica,Não se aplica,0,37121669900.0,Não se aplica,Não se aplica,CATIVO,ICMS (R$),2024-01-01T00:00:00.000,"17061,000000"
2026-09-15T00:00:00.000,15139629000194,COELBA,COMPANHIA DE ELETRICIDADE DO ESTADO DA BAHIA COELBA,Sistema de Compensação GD I,Verde,A3a,Industrial,Não se aplica,Não se aplica,0,37121669900.0,Não se aplica,Fora ponta,CATIVO,Desconto de energia compensada %,2024-01-01T00:00:00.000,"100,000000"
2026-09-15T00:00:00.000,15139629000194,COELBA,COMPANHIA DE ELETRICIDADE DO ESTADO DA BAHIA COELBA,Regular,Geração,A3,Não se aplica,Não se aplica,Não se aplica,30608,0.0,Pedra do Reino III,Não se aplica,GERAÇÃO,Demanda Faturada (kW),2024-01-01T00:00:00.000,"17700,000000"
2026-09-15T00:00:00.000,15139629000194,COELBA,COMPANHIA DE ELETRICIDADE DO ESTADO DA BAHIA COELBA,Regular,Azul,A3a,Industrial,Não se aplica,Não se aplica,0,37121669900.0,Não se aplica,Fora ponta,CATIVO,Ultrapassagem Demanda (kW),2024-01-01T00:00:00.000,"14,000000"
2026-09-15T00:00:00.000,15139629000194,COELBA,COMPANHIA DE ELETRICIDADE DO ESTADO DA BAHIA COELBA,Refaturamento - Regular,Branca,B3,Comercial,Não se aplica,Não se aplica,0,37121669900.0,Não se aplica,Não se aplica,CATIVO,PIS/PASEP (R$),2024-01-01T00:00:00.000,"-37,580000"
2026-09-15T00:00:00.000,15139629000194,COELBA,COMPANHIA DE ELETRICIDADE DO ESTADO DA BAHIA COELBA,Sistema de Compensação GD II,Verde,A3a,Industrial,Não se aplica,Não se aplica,0,37121669900.0,Não se aplica,Ponta,CATIVO,Energia Consumida (kWh),2024-01-01T00:00:00.000,"615,000000"
2026-09-15T00:00:00.000,15139629000194,COELBA,COMPANHIA DE ELETRICIDADE DO ESTADO DA BAHIA COELBA,Regular,Geração,A2,Não se aplica,Não se aplica,Não se aplica,29059,0.0,Porto Franco,Não se aplica,GERAÇÃO,PIS/COFINS (R$),2024-01-01T00:00:00.000,"5519,420000"
2026-09-15T00:00:00.000,15139629000194,COELBA,COMPANHIA DE ELETRICIDADE DO ESTADO DA BAHIA COELBA,Regular,Azul,A3a,Industrial,Não se aplica,Não se aplica,0,37121669900.0,Não se aplica,Não se aplica,CATIVO,ICMS (R$),2024-01-01T00:00:00.000,"129689,230000"
2026-09-15T00:00:00.000,15139629000194,COELBA,COMPANHIA DE ELETRICIDADE DO ESTADO DA BAHIA COELBA,Sistema de Compensação GD II,Verde,A4,Comercial,Não se aplica,Não se aplica,0,37121669900.0,Não se aplica,Fora ponta,CATIVO,Desconto de energia compensada %,2024-01-01T00:00:00.000,"100,000000"
2026-09-15T00:00:00.000,15139629000194,COELBA,COMPANHIA DE ELETRICIDADE DO ESTADO DA BAHIA COELBA,Sistema de Compensação GD I,Verde,A3a,Industrial,Não se aplica,Não se aplica,0,37121669900.0,Não se aplica,Ponta,CATIVO,Energia compensada (kWh),2024-01-01T00:00:00.000,"4958,000000"
2026-09-15T00:00:00.000,15139629000194,COELBA,COMPANHIA DE ELETRICIDADE DO ESTADO DA BAHIA COELBA,Regular,Geração,A2,Não se aplica,Não se aplica,Não se aplica,29059,0.0,Porto Franco,Não se aplica,GERAÇÃO,Demanda Contratada kW,2024-01-01T00:00:00.000,"29710,000000"
2026-09-15T00:00:00.000,15139629000194,COELBA,COMPANHIA DE ELETRICIDADE DO ESTADO DA BAHIA COELBA,Sistema de Compensação GD I,Azul,A4,Industrial,Não se aplica,Não se aplica,0,37121669900.0,Não se aplica,Não se aplica,CATIVO,Número de consumidores,2024-01-01T00:00:00.000,"1,000000"
2026-09-15T00:00:00.000,15139629000194,COELBA,COMPANHIA DE ELETRICIDADE DO ESTADO DA BAHIA COELBA,Regular,Branca,B3,Comercial,Não se aplica,Não se aplica,0,37121669900.0,Não se aplica,Intermediário,CATIVO,Receita Energia (R$),2024-01-01T00:00:00.000,"133429,510000"
2026-09-15T00:00:00.000,15139629000194,COELBA,COMPANHIA DE ELETRICIDADE DO ESTADO DA BAHIA COELBA,Regular,Verde,A3a,Poder público,Não se aplica,Não se aplica,0,37121669900.0,Não se aplica,Não se aplica,CATIVO,Demanda Faturada (kW),2024-01-01T00:00:00.000,"1944,000000"
2026-09-15T00:00:00.000,15139629000194,COELBA,COMPANHIA DE ELETRICIDADE DO ESTADO DA BAHIA COELBA,Regular,Azul,A1,Não se aplica,Não se aplica,Não se aplica,0,3470727000120.0,FORD MOTOR COMPANY BRASIL LTDA,Fora ponta,LIVRE,Demanda Faturada (kW),2024-01-01T00:00:00.000,"1624,000000"
2026-09-15T00:00:00.000,15139629000194,COELBA,COMPANHIA DE ELETRICIDADE DO ESTADO DA BAHIA COELBA,Regular,Convencional,B3,Industrial,Não se aplica,Não se aplica,0,37121669900.0,Não se aplica,Não se aplica,CATIVO,Energia TE (kWh),2024-01-01T00:00:00.000,"6227702,000000"
2026-09-15T00:00:00.000,15139629000194,COELBA,COMPANHIA DE ELETRICIDADE DO ESTADO DA BAHIA COELBA,Sistema de Compensação GD II,Verde,A4,Comercial,Não se aplica,Não se aplica,0,37121669900.0,Não se aplica,Ponta,CATIVO,Desconto de energia compensada %,2024-01-01T00:00:00.000,"75,000000"
2026-09-15T00:00:00.000,15139629000194,COELBA,COMPANHIA DE ELETRICIDADE DO ESTADO DA BAHIA COELBA,Regular,Verde,A3a,Poder público,Não se aplica,Não se aplica,0,37121669900.0,Não se aplica,Fora ponta,CATIVO,Energia TE (kWh),2024-01-01T00:00:00.000,"299759,000000"
2026-09-15T00:00:00.000,15139629000194,COELBA,COMPANHIA DE ELETRICIDADE DO ESTADO DA BAHIA COELBA,Regular,Azul,A1,Não se aplica,Não se aplica,Não se aplica,0,3470727000120.0,FORD MOTOR COMPANY BRASIL LTDA,Ponta,LIVRE,Receita Demanda (R$),2024-01-01T00:00:00.000,"12483,830000"
2026-09-15T00:00:00.000,15139629000194,COELBA,COMPANHIA DE ELETRICIDADE DO ESTADO DA BAHIA COELBA,Sistema de Compensação GD II,Convencional,B3,Industrial,Não se aplica,Não se aplica,0,37121669900.0,Não se aplica,Não se aplica,CATIVO,Número de consumidores,2024-01-01T00:00:00.000,"108,000000"
2026-09-15T00:00:00.000,15139629000194,COELBA,COMPANHIA DE ELETRICIDADE DO ESTADO DA BAHIA COELBA,Regular,Branca,B3,Comercial,Não se aplica,Não se aplica,0,37121669900.0,Não se aplica,Ponta,CATIVO,Energia TE (kWh),2024-01-01T00:00:00.000,"61421,000000"
2026-09-15T00:00:00.000,15139629000194,COELBA,COMPANHIA DE ELETRICIDADE DO ESTADO DA BAHIA COELBA,Regular,Verde,A3a,Poder público,Não se aplica,Não se aplica,0,37121669900.0,Não se aplica,Não se aplica,CATIVO,Receita Demanda (R$),2024-01-01T00:00:00.000,"75728,720000"
2026-09-15T00:00:00.000,15139629000194,COELBA,COMPANHIA DE ELETRICIDADE DO ESTADO DA BAHIA COELBA,Regular,Azul,A1,Não se aplica,Não se aplica,Não se aplica,0,3470727000120.0,FORD MOTOR COMPANY BRASIL LTDA,Fora ponta,LIVRE,Ultrapassagem Demanda (kW),2024-01-01T00:00:00.000,"2044,000000"
2026-09-15T00:00:00.000,15139629000194,COELBA,COMPANHIA DE ELETRICIDADE DO ESTADO DA BAHIA COELBA,Regular,Geração,A4,Não se aplica,Não se aplica,Dupla contratação,33901,0.0,Candengo,Não se aplica,GERAÇÃO,Número de Consumidores,2024-01-01T00:00:00.000,"1,000000"
2026-09-15T00:00:00.000,15139629000194,COELBA,COMPANHIA DE ELETRICIDADE DO ESTADO DA BAHIA COELBA,Regular,Branca,B3,Comercial,Não se aplica,Não se aplica,0,37121669900.0,Não se aplica,Intermediário,CATIVO,Energia TE (kWh),2024-01-01T00:00:00.000,"115807,000000"
2026-09-15T00:00:00.000,15139629000194,COELBA,COMPANHIA DE ELETRICIDADE DO ESTADO DA BAHIA COELBA,Sistema de Compensação GD I,Verde,A3a,Poder público,Não se aplica,Não se aplica,0,37121669900.0,Não se aplica,Não se aplica,CATIVO,Receita Demanda (R$),2024-01-01T00:00:00.000,"4284,000000"
2026-09-15T00:00:00.000,15139629000194,COELBA,COMPANHIA DE ELETRICIDADE DO ESTADO DA BAHIA COELBA,Regular,Azul,A1,Não se aplica,Não se aplica,Não se aplica,0,3470727000120.0,FORD MOTOR COMPANY BRASIL LTDA,Não se aplica,LIVRE,ICMS (R$),2024-01-01T00:00:00.000,"12489,690000"
2026-09-15T00:00:00.000,15139629000194,COELBA,COMPANHIA DE ELETRICIDADE DO ESTADO DA BAHIA COELBA,Sistema de Compensação GD I,Branca,B1,Residencial,Residencial,Não se aplica,0,37121669900.0,Não se aplica,Ponta,CATIVO,Receita Energia (R$),2024-01-01T00:00:00.000,"13656,000000"
2026-09-15T00:00:00.000,15139629000194,COELBA,COMPANHIA DE ELETRICIDADE DO ESTADO DA BAHIA COELBA,Sistema Individual - Regular,Energia Fotovoltaica (Res. 083/2004),B3,Comercial,Não se aplica,Não se aplica,0,37121669900.0,Não se aplica,Não se aplica,CATIVO,Número de consumidores,2024-01-01T00:00:00.000,"95,000000"
2026-09-15T00:00:00.000,15139629000194,COELBA,COMPANHIA DE ELETRICIDADE DO ESTADO DA BAHIA COELBA,Regular,Verde,A3a,Poder público,Não se aplica,Não se aplica,0,37121669900.0,Não se aplica,Fora ponta,CATIVO,Receita Energia (R$),2024-01-01T00:00:00.000,"103799,840000"
2026-09-15T00:00:00.000,15139629000194,COELBA,COMPANHIA DE ELETRICIDADE DO ESTADO DA BAHIA COELBA,Regular,Azul,A1,Não se aplica,Não se aplica,Não se aplica,0,3470727000120.0,FORD MOTOR COMPANY BRASIL LTDA,Fora ponta,LIVRE,Receita Demanda (R$),2024-01-01T00:00:00.000,"13397,000000"
2026-09-15T00:00:00.000,15139629000194,COELBA,COMPANHIA DE ELETRICIDADE DO ESTADO DA BAHIA COELBA,Sistema de Compensação GD II,Convencional,B1,Residencial,Residencial baixa renda – faixa 03,Não se aplica,0,37121669900.0,Não se aplica,Não se aplica,CATIVO,Receita Energia (R$),2024-01-01T00:00:00.000,"80,000000"
2026-09-15T00:00:00.000,15139629000194,COELBA,COMPANHIA DE ELETRICIDADE DO ESTADO DA BAHIA COELBA,Sistema Individual - Regular,Energia Fotovoltaica (Res. 083/2004),B3,Comercial,Não se aplica,Não se aplica,0,37121669900.0,Não se aplica,Não se aplica,CATIVO,PIS/PASEP (R$),2024-01-01T00:00:00.000,"10,340000"
2026-09-15T00:00:00.000,15139629000194,COELBA,COMPANHIA DE ELETRICIDADE DO ESTADO DA BAHIA COELBA,Regular,Verde,A3a,Poder público,Não se aplica,Não se aplica,0,37121669900.0,Não se aplica,Não se aplica,CATIVO,Receita Ultrapassagem Demanda (R$),2024-01-01T00:00:00.000,"4324,980000"
2026-09-15T00:00:00.000,15139629000194,COELBA,COMPANHIA DE ELETRICIDADE DO ESTADO DA BAHIA COELBA,Regular,Azul,A1,Não se aplica,Não se aplica,Não se aplica,0,3470727000120.0,FORD MOTOR COMPANY BRASIL LTDA,Fora ponta,LIVRE,Receita Ultrapassagem Demanda (R$),2024-01-01T00:00:00.000,"2044,010000"
2026-09-15T00:00:00.000,15139629000194,COELBA,COMPANHIA DE ELETRICIDADE DO ESTADO DA BAHIA COELBA,Sistema de Compensação GD II,Convencional,B3,Comercial,Não se aplica,Não se aplica,0,37121669900.0,Não se aplica,Não se aplica,CATIVO,Desconto de energia compensada %,2024-01-01T00:00:00.000,"81,000000"
2026-09-15T00:00:00.000,15139629000194,COELBA,COMPANHIA DE ELETRICIDADE DO ESTADO DA BAHIA COELBA,Refaturamento - Regular,Branca,B3,Comercial,Não se aplica,Não se aplica,0,37121669900.0,Não se aplica,Não se aplica,CATIVO,COFINS (R$),2024-01-01T00:00:00.000,"-173,240000"
2026-09-15T00:00:00.000,15139629000194,COELBA,COMPANHIA DE ELETRICIDADE DO ESTADO DA BAHIA COELBA,Sistema de Compensação GD I,Verde,A3a,Rural,Não se aplica,Não se aplica,0,37121669900.0,Não se aplica,Não se aplica,CATIVO,ICMS (R$),2024-01-01T00:00:00.000,"62948,000000"
2026-09-15T00:00:00.000,15139629000194,COELBA,COMPANHIA DE ELETRICIDADE DO ESTADO DA BAHIA COELBA,Regular,Azul,A1,Não se aplica,Não se aplica,Não se aplica,0,3470727000120.0,FORD MOTOR COMPANY BRASIL LTDA,Não se aplica,LIVRE,Energia TUSD (kWh),2024-01-01T00:00:00.000,"728287,000000"
2026-09-15T00:00:00.000,15139629000194,COELBA,COMPANHIA DE ELETRICIDADE DO ESTADO DA BAHIA COELBA,Refaturamento - Regular,Convencional,B1,Residencial,Residencial baixa renda – faixa 03,Não se aplica,0,37121669900.0,Não se aplica,Não se aplica,CATIVO,Receita Energia (R$),2024-01-01T00:00:00.000,"-164438,690000"
2026-09-15T00:00:00.000,15139629000194,COELBA,COMPANHIA DE ELETRICIDADE DO ESTADO DA BAHIA COELBA,Sistema de Compensação GD II,Verde,A4,Comercial,Não se aplica,Não se aplica,0,37121669900.0,Não se aplica,Ponta,CATIVO,Receita energia compensada (R$),2024-01-01T00:00:00.000,"803,000000"
2026-09-15T00:00:00.000,15139629000194,COELBA,COMPANHIA DE ELETRICIDADE DO ESTADO DA BAHIA COELBA,Refaturamento - Regular,Verde,A3a,Rural,Não se aplica,Não se aplica,0,37121669900.0,Não se aplica,Não se aplica,CATIVO,PIS/PASEP (R$),2024-01-01T00:00:00.000,"-2115,660000"
2026-09-15T00:00:00.000,15139629000194,COELBA,COMPANHIA DE ELETRICIDADE DO ESTADO DA BAHIA COELBA,Regular,Azul,A1,Não se aplica,Não se aplica,Não se aplica,0,3470727000120.0,FORD MOTOR COMPANY BRASIL LTDA,Ponta,LIVRE,Demanda Faturada (kW),2024-01-01T00:00:00.000,"1511,000000"
2026-09-15T00:00:00.000,15139629000194,COELBA,COMPANHIA DE ELETRICIDADE DO ESTADO DA BAHIA COELBA,Sistema de Compensação GD I,Verde,A4,Residencial,Residencial,Não se aplica,0,37121669900.0,Não se aplica,Ponta,CATIVO,Energia Consumida (kWh),2024-01-01T00:00:00.000,"66,000000"
2026-09-15T00:00:00.000,15139629000194,COELBA,COMPANHIA DE ELETRICIDADE DO ESTADO DA BAHIA COELBA,Sistema de Compensação GD I,Branca,B3,Comercial,Não se aplica,Não se aplica,0,37121669900.0,Não se aplica,Intermediário,CATIVO,Receita Energia (R$),2024-01-01T00:00:00.000,"10095,000000"
2026-09-15T00:00:00.000,15139629000194,COELBA,COMPANHIA DE ELETRICIDADE DO ESTADO DA BAHIA COELBA,Sistema de Compensação GD I,Verde,A3a,Rural,Não se aplica,Não se aplica,0,37121669900.0,Não se aplica,Não se aplica,CATIVO,Ultrapassagem Demanda (kW),2024-01-01T00:00:00.000,"143,000000"
2026-09-15T00:00:00.000,15139629000194,COELBA,COMPANHIA DE ELETRICIDADE DO ESTADO DA BAHIA COELBA,Regular,Azul,A1,Não se aplica,Não se aplica,Não se aplica,0,3470727000120.0,FORD MOTOR COMPANY BRASIL LTDA,Não se aplica,LIVRE,Receita Energia (R$),2024-01-01T00:00:00.000,"30435,020000"
2026-09-15T00:00:00.000,15139629000194,COELBA,COMPANHIA DE ELETRICIDADE DO ESTADO DA BAHIA COELBA,Sistema Individual - Refaturamento,Energia Fotovoltaica (Res. 083/2004),B1,Residencial,Residencial,Não se aplica,0,37121669900.0,Não se aplica,Não se aplica,CATIVO,PIS/PASEP (R$),2024-01-01T00:00:00.000,"-4,850000"
2026-09-15T00:00:00.000,15139629000194,COELBA,COMPANHIA DE ELETRICIDADE DO ESTADO DA BAHIA COELBA,Sistema de Compensação GD I,Verde,A4,Comercial,Não se aplica,Não se aplica,0,37121669900.0,Não se aplica,Não se aplica,CATIVO,PIS/PASEP (R$),2024-01-01T00:00:00.000,"44440,000000"
2026-09-15T00:00:00.000,15139629000194,COELBA,COMPANHIA DE ELETRICIDADE DO ESTADO DA BAHIA COELBA,Regular,Verde,A3a,Rural,Não se aplica,Não se aplica,0,37121669900.0,Não se aplica,Não se aplica,CATIVO,Receita Ultrapassagem Demanda (R$),2024-01-01T00:00:00.000,"956726,910000"
2026-09-15T00:00:00.000,15139629000194,COELBA,COMPANHIA DE ELETRICIDADE DO ESTADO DA BAHIA COELBA,Regular,Geração,A3,Não se aplica,Não se aplica,Não se aplica,2754,0.0,Sítio Grande,Não se aplica,GERAÇÃO,Demanda Contratada kW,2024-01-01T00:00:00.000,"25200,000000"
2026-09-15T00:00:00.000,15139629000194,COELBA,COMPANHIA DE ELETRICIDADE DO ESTADO DA BAHIA COELBA,Sistema Individual - Regular,Energia Fotovoltaica (Res. 083/2004),B1,Residencial,Residencial,Não se aplica,0,37121669900.0,Não se aplica,Não se aplica,CATIVO,COFINS (R$),2024-01-01T00:00:00.000,"5229,530000"
2026-09-15T00:00:00.000,15139629000194,COELBA,COMPANHIA DE ELETRICIDADE DO ESTADO DA BAHIA COELBA,Regular,Verde,A4,Comercial,Não se aplica,Não se aplica,0,37121669900.0,Não se aplica,Não se aplica,CATIVO,COFINS (R$),2024-01-01T00:00:00.000,"1831416,260000"
2026-09-15T00:00:00.000,15139629000194,COELBA,COMPANHIA DE ELETRICIDADE DO ESTADO DA BAHIA COELBA,Refaturamento - Regular,Verde,A3a,Rural,Não se aplica,Não se aplica,0,37121669900.0,Não se aplica,Não se aplica,CATIVO,ICMS (R$),2024-01-01T00:00:00.000,"-30383,010000"
2026-09-15T00:00:00.000,15139629000194,COELBA,COMPANHIA DE ELETRICIDADE DO ESTADO DA BAHIA COELBA,Regular,Geração,A3,Não se aplica,Não se aplica,Não se aplica,2754,0.0,Sítio Grande,Não se aplica,GERAÇÃO,Demanda Faturada (kW),2024-01-01T00:00:00.000,"25200,000000"
2026-09-15T00:00:00.000,15139629000194,COELBA,COMPANHIA DE ELETRICIDADE DO ESTADO DA BAHIA COELBA,Sistema Individual - Regular,Energia Fotovoltaica (Res. 083/2004),B1,Residencial,Residencial baixa renda – faixa 01,Não se aplica,0,37121669900.0,Não se aplica,Não se aplica,CATIVO,COFINS (R$),2024-01-01T00:00:00.000,"6,790000"
2026-09-15T00:00:00.000,15139629000194,COELBA,COMPANHIA DE ELETRICIDADE DO ESTADO DA BAHIA COELBA,Sistema de Compensação GD I,Verde,A4,Comercial,Não se aplica,Não se aplica,0,37121669900.0,Não se aplica,Não se aplica,CATIVO,COFINS (R$),2024-01-01T00:00:00.000,"203718,000000"
2026-09-15T00:00:00.000,15139629000194,COELBA,COMPANHIA DE ELETRICIDADE DO ESTADO DA BAHIA COELBA,Sistema de Compensação GD I,Verde,A3a,Rural,Não se aplica,Não se aplica,0,37121669900.0,Não se aplica,Não se aplica,CATIVO,PIS/PASEP (R$),2024-01-01T00:00:00.000,"3685,000000"
2026-09-15T00:00:00.000,15139629000194,COELBA,COMPANHIA DE ELETRICIDADE DO ESTADO DA BAHIA COELBA,Regular,Geração,A3,Não se aplica,Não se aplica,Não se aplica,2754,0.0,Sítio Grande,Não se aplica,GERAÇÃO,Desconto Demanda %,2024-01-01T00:00:00.000,"50,000000"
2026-09-15T00:00:00.000,15139629000194,COELBA,COMPANHIA DE ELETRICIDADE DO ESTADO DA BAHIA COELBA,Sistema de Compensação GD I,Verde,A4,Residencial,Residencial,Não se aplica,0,37121669900.0,Não se aplica,Ponta,CATIVO,Desconto de energia compensada %,2024-01-01T00:00:00.000,"100,000000"
2026-09-15T00:00:00.000,15139629000194,COELBA,COMPANHIA DE ELETRICIDADE DO ESTADO DA BAHIA COELBA,Sistema de Compensação GD I,Branca,B3,Comercial,Não se aplica,Não se aplica,0,37121669900.0,Não se aplica,Não se aplica,CATIVO,PIS/PASEP (R$),2024-01-01T00:00:00.000,"627,000000"
2026-09-15T00:00:00.000,15139629000194,COELBA,COMPANHIA DE ELETRICIDADE DO ESTADO DA BAHIA COELBA,Regular,Verde,A3a,Rural,Não se aplica,Não se aplica,0,37121669900.0,Não se aplica,Não se aplica,CATIVO,PIS/PASEP (R$),2024-01-01T00:00:00.000,"139457,650000"
2026-09-15T00:00:00.000,15139629000194,COELBA,COMPANHIA DE ELETRICIDADE DO ESTADO DA BAHIA COELBA,Regular,Azul,A1,Não se aplica,Não se aplica,Não se aplica,0,3470727000120.0,FORD MOTOR COMPANY BRASIL LTDA,Não se aplica,LIVRE,PIS/COFINS (R$),2024-01-01T00:00:00.000,"3430,530000"
2026-09-15T00:00:00.000,15139629000194,COELBA,COMPANHIA DE ELETRICIDADE DO ESTADO DA BAHIA COELBA,Regular,Verde,A4,Residencial,Residencial,Não se aplica,0,37121669900.0,Não se aplica,Não se aplica,CATIVO,PIS/PASEP (R$),2024-01-01T00:00:00.000,"583,280000"
2026-09-15T00:00:00.000,15139629000194,COELBA,COMPANHIA DE ELETRICIDADE DO ESTADO DA BAHIA COELBA,Regular,Branca,B3,Comercial,Não se aplica,Não se aplica,0,37121669900.0,Não se aplica,Não se aplica,CATIVO,COFINS (R$),2024-01-01T00:00:00.000,"40763,880000"
2026-09-15T00:00:00.000,15139629000194,COELBA,COMPANHIA DE ELETRICIDADE DO ESTADO DA BAHIA COELBA,Regular,Verde,A3a,Rural,Não se aplica,Não se aplica,0,37121669900.0,Não se aplica,Não se aplica,CATIVO,Receita Demanda (R$),2024-01-01T00:00:00.000,"3723584,240000"
2026-09-15T00:00:00.000,15139629000194,COELBA,COMPANHIA DE ELETRICIDADE DO ESTADO DA BAHIA COELBA,Regular,Azul,A3,Não se aplica,Não se aplica,Não se aplica,0,10919934000185.0,Cimpor Cimentos do Brasil S.A.,Fora ponta,LIVRE,Receita Demanda (R$),2024-01-01T00:00:00.000,"145224,990000"
2026-09-15T00:00:00.000,15139629000194,COELBA,COMPANHIA DE ELETRICIDADE DO ESTADO DA BAHIA COELBA,Sistema de Compensação GD I,Verde,A4,Residencial,Residencial,Não se aplica,0,37121669900.0,Não se aplica,Fora ponta,CATIVO,Energia Injetada (kWh),2024-01-01T00:00:00.000,"46535,000000"
2026-09-15T00:00:00.000,15139629000194,COELBA,COMPANHIA DE ELETRICIDADE DO ESTADO DA BAHIA COELBA,Sistema de Compensação GD I,Verde,A4,Rural,Agropecuária rural,IRRIG./AQUIC. PR,0,37121669900.0,Não se aplica,Fora ponta,CATIVO,Desconto Energia TUSD %,2024-01-01T00:00:00.000,"90,000000"
2026-09-15T00:00:00.000,15139629000194,COELBA,COMPANHIA DE ELETRICIDADE DO ESTADO DA BAHIA COELBA,Sistema de Compensação GD I,Verde,A3a,Rural,Não se aplica,Não se aplica,0,37121669900.0,Não se aplica,Não se aplica,CATIVO,Receita Demanda (R$),2024-01-01T00:00:00.000,"140298,000000"
2026-09-15T00:00:00.000,15139629000194,COELBA,COMPANHIA DE ELETRICIDADE DO ESTADO DA BAHIA COELBA,Regular,Azul,A3,Não se aplica,Não se aplica,APE,0,10919934000185.0,Cimpor Cimentos do Brasil S.A.,Não se aplica,LIVRE,PIS/COFINS (R$),2024-01-01T00:00:00.000,"1535,280000"
2026-09-15T00:00:00.000,15139629000194,COELBA,COMPANHIA DE ELETRICIDADE DO ESTADO DA BAHIA COELBA,Sistema de Compensação GD I,Verde,A4,Residencial,Residencial,Não se aplica,0,37121669900.0,Não se aplica,Fora ponta,CATIVO,Energia Consumida (kWh),2024-01-01T00:00:00.000,"24129,000000"
2026-09-15T00:00:00.000,15139629000194,COELBA,COMPANHIA DE ELETRICIDADE DO ESTADO DA BAHIA COELBA,Sistema de Compensação GD I,Verde,A4,Rural,Agropecuária rural,Não se aplica,0,37121669900.0,Não se aplica,Ponta,CATIVO,Energia TUSD (kWh),2024-01-01T00:00:00.000,"14312,000000"
2026-09-15T00:00:00.000,15139629000194,COELBA,COMPANHIA DE ELETRICIDADE DO ESTADO DA BAHIA COELBA,Regular,Verde,A3a,Rural,Não se aplica,Não se aplica,0,37121669900.0,Não se aplica,Fora ponta,CATIVO,Receita Energia (R$),2024-01-01T00:00:00.000,"7460062,620000"
2026-09-15T00:00:00.000,15139629000194,COELBA,COMPANHIA DE ELETRICIDADE DO ESTADO DA BAHIA COELBA,Regular,Azul,A3,Não se aplica,Não se aplica,Não se aplica,0,10919934000185.0,Cimpor Cimentos do Brasil S.A.,Fora ponta,LIVRE,Demanda Faturada (kW),2024-01-01T00:00:00.000,"18500,000000"
2026-09-15T00:00:00.000,15139629000194,COELBA,COMPANHIA DE ELETRICIDADE DO ESTADO DA BAHIA COELBA,Regular,Convencional,B1,Residencial,Residencial baixa renda – faixa 03,Não se aplica,0,37121669900.0,Não se aplica,Não se aplica,CATIVO,COFINS (R$),2024-01-01T00:00:00.000,"1741406,990000"
2026-09-15T00:00:00.000,15139629000194,COELBA,COMPANHIA DE ELETRICIDADE DO ESTADO DA BAHIA COELBA,Regular,Verde,A4,Rural,Agropecuária rural,Não se aplica,0,37121669900.0,Não se aplica,Ponta,CATIVO,Energia TUSD (kWh),2024-01-01T00:00:00.000,"185393,000000"
2026-09-15T00:00:00.000,15139629000194,COELBA,COMPANHIA DE ELETRICIDADE DO ESTADO DA BAHIA COELBA,Sistema de Compensação GD I,Verde,A3a,Rural,Não se aplica,Não se aplica,0,37121669900.0,Não se aplica,Ponta,CATIVO,Energia Consumida (kWh),2024-01-01T00:00:00.000,"41435,000000"
2026-09-15T00:00:00.000,15139629000194,COELBA,COMPANHIA DE ELETRICIDADE DO ESTADO DA BAHIA COELBA,Regular,Azul,A3,Não se aplica,Não se aplica,Não se aplica,0,10919934000185.0,Cimpor Cimentos do Brasil S.A.,Ponta,LIVRE,Receita Demanda (R$),2024-01-01T00:00:00.000,"142624,990000"
2026-09-15T00:00:00.000,15139629000194,COELBA,COMPANHIA DE ELETRICIDADE DO ESTADO DA BAHIA COELBA,Sistema de Compensação GD I,Verde,A4,Residencial,Residencial,Não se aplica,0,37121669900.0,Não se aplica,Não se aplica,CATIVO,COFINS (R$),2024-01-01T00:00:00.000,"938,000000"
2026-09-15T00:00:00.000,15139629000194,COELBA,COMPANHIA DE ELETRICIDADE DO ESTADO DA BAHIA COELBA,Sistema de Compensação GD I,Verde,A3a,Rural,Agropecuária rural,Não se aplica,0,37121669900.0,Não se aplica,Ponta,CATIVO,Energia TUSD (kWh),2024-01-01T00:00:00.000,"21197,000000"
2026-09-15T00:00:00.000,15139629000194,COELBA,COMPANHIA DE ELETRICIDADE DO ESTADO DA BAHIA COELBA,Sistema de Compensação GD I,Verde,A3a,Rural,Não se aplica,Não se aplica,0,37121669900.0,Não se aplica,Fora ponta,CATIVO,Receita Energia (R$),2024-01-01T00:00:00.000,"94498,000000"
2026-09-15T00:00:00.000,15139629000194,COELBA,COMPANHIA DE ELETRICIDADE DO ESTADO DA BAHIA COELBA,Regular,Azul,A3,Não se aplica,Não se aplica,Não se aplica,0,10919934000185.0,Cimpor Cimentos do Brasil S.A.,Não se aplica,LIVRE,PIS/COFINS (R$),2024-01-01T00:00:00.000,"34289,520000"
2026-09-15T00:00:00.000,15139629000194,COELBA,COMPANHIA DE ELETRICIDADE DO ESTADO DA BAHIA COELBA,Sistema de Compensação GD I,Convencional,B3,Industrial,Não se aplica,Não se aplica,0,37121669900.0,Não se aplica,Não se aplica,CATIVO,Desconto de energia compensada %,2024-01-01T00:00:00.000,"100,000000"
2026-09-15T00:00:00.000,15139629000194,COELBA,COMPANHIA DE ELETRICIDADE DO ESTADO DA BAHIA COELBA,Regular,Verde,A3a,Rural,Agropecuária rural,IRRIG./AQUIC. PR,0,37121669900.0,Não se aplica,Fora ponta,CATIVO,Energia TUSD (kWh),2024-01-01T00:00:00.000,"67763375,000000"
2026-09-15T00:00:00.000,15139629000194,COELBA,COMPANHIA DE ELETRICIDADE DO ESTADO DA BAHIA COELBA,Sistema de Compensação GD I,Verde,A3a,Rural,Não se aplica,Não se aplica,0,37121669900.0,Não se aplica,Não se aplica,CATIVO,Receita Ultrapassagem Demanda (R$),2024-01-01T00:00:00.000,"11123,000000"
2026-09-15T00:00:00.000,15139629000194,COELBA,COMPANHIA DE ELETRICIDADE DO ESTADO DA BAHIA COELBA,Regular,Azul,A3,Não se aplica,Não se aplica,Não se aplica,0,10919934000185.0,Cimpor Cimentos do Brasil S.A.,Não se aplica,LIVRE,Energia TUSD (kWh),2024-01-01T00:00:00.000,"4528507,000000"
2026-09-15T00:00:00.000,15139629000194,COELBA,COMPANHIA DE ELETRICIDADE DO ESTADO DA BAHIA COELBA,Sistema de Compensação GD II,Convencional,B3,Industrial,Não se aplica,Não se aplica,0,37121669900.0,Não se aplica,Não se aplica,CATIVO,COFINS (R$),2024-01-01T00:00:00.000,"1669,000000"
2026-09-15T00:00:00.000,15139629000194,COELBA,COMPANHIA DE ELETRICIDADE DO ESTADO DA BAHIA COELBA,Regular,Verde,A3a,Rural,Agropecuária rural,IRRIG./AQUIC. PR,0,37121669900.0,Não se aplica,Fora ponta,CATIVO,Desconto Energia TUSD %,2024-01-01T00:00:00.000,"90,000000"
2026-09-15T00:00:00.000,15139629000194,COELBA,COMPANHIA DE ELETRICIDADE DO ESTADO DA BAHIA COELBA,Sistema de Compensação GD I,Verde,A3a,Rural,Não se aplica,Não se aplica,0,37121669900.0,Não se aplica,Fora ponta,CATIVO,Energia debitada do SCEE (kWh),2024-01-01T00:00:00.000,"15402,000000"
2026-09-15T00:00:00.000,15139629000194,COELBA,COMPANHIA DE ELETRICIDADE DO ESTADO DA BAHIA COELBA,Regular,Azul,A3,Não se aplica,Não se aplica,APE,0,10919934000185.0,Cimpor Cimentos do Brasil S.A.,Não se aplica,LIVRE,ICMS (R$),2024-01-01T00:00:00.000,"5589,560000"
2026-09-15T00:00:00.000,15139629000194,COELBA,COMPANHIA DE ELETRICIDADE DO ESTADO DA BAHIA COELBA,Sistema de Compensação GD II,Convencional,B3,Industrial,Não se aplica,Não se aplica,0,37121669900.0,Não se aplica,Não se aplica,CATIVO,Energia TE (kWh),2024-01-01T00:00:00.000,"35567,000000"
2026-09-15T00:00:00.000,15139629000194,COELBA,COMPANHIA DE ELETRICIDADE DO ESTADO DA BAHIA COELBA,Sistema de Compensação GD I,Branca,B3,Comercial,Não se aplica,Não se aplica,0,37121669900.0,Não se aplica,Fora ponta,CATIVO,Desconto de energia compensada %,2024-01-01T00:00:00.000,"100,000000"
2026-09-15T00:00:00.000,15139629000194,COELBA,COMPANHIA DE ELETRICIDADE DO ESTADO DA BAHIA COELBA,Sistema de Compensação GD II,Verde,A4,Poder público,Não se aplica,Não se aplica,0,37121669900.0,Não se aplica,Ponta,CATIVO,Energia TUSD (kWh),2024-01-01T00:00:00.000,"6841,000000"
2026-09-15T00:00:00.000,15139629000194,COELBA,COMPANHIA DE ELETRICIDADE DO ESTADO DA BAHIA COELBA,Regular,Azul,A3,Não se aplica,Não se aplica,Não se aplica,0,10919934000185.0,Cimpor Cimentos do Brasil S.A.,Não se aplica,LIVRE,ICMS (R$),2024-01-01T00:00:00.000,"124839,530000"
2026-09-15T00:00:00.000,15139629000194,COELBA,COMPANHIA DE ELETRICIDADE DO ESTADO DA BAHIA COELBA,Regular,Azul,A2,Industrial,Não se aplica,Não se aplica,0,37121669900.0,Não se aplica,Não se aplica,CATIVO,Número de consumidores,2024-01-01T00:00:00.000,"1,000000"
2026-09-15T00:00:00.000,15139629000194,COELBA,COMPANHIA DE ELETRICIDADE DO ESTADO DA BAHIA COELBA,Refaturamento - Regular,Convencional,B2,Rural,Não se aplica,Não se aplica,0,37121669900.0,Não se aplica,Não se aplica,CATIVO,COFINS (R$),2024-01-01T00:00:00.000,"-18264,850000"
2026-09-15T00:00:00.000,15139629000194,COELBA,COMPANHIA DE ELETRICIDADE DO ESTADO DA BAHIA COELBA,Regular,Verde,A3a,Poder público,Não se aplica,Não se aplica,0,37121669900.0,Não se aplica,Ponta,CATIVO,Energia TUSD (kWh),2024-01-01T00:00:00.000,"24565,000000"
2026-09-15T00:00:00.000,15139629000194,COELBA,COMPANHIA DE ELETRICIDADE DO ESTADO DA BAHIA COELBA,Regular,Azul,A3,Não se aplica,Não se aplica,APE,0,10919934000185.0,Cimpor Cimentos do Brasil S.A.,Não se aplica,LIVRE,Energia TUSD (kWh),2024-01-01T00:00:00.000,"4151321,000000"
2026-09-15T00:00:00.000,15139629000194,COELBA,COMPANHIA DE ELETRICIDADE DO ESTADO DA BAHIA COELBA,Sistema de Compensação GD I,Verde,A4,Comercial,Não se aplica,Não se aplica,0,37121669900.0,Não se aplica,Fora ponta,CATIVO,Energia TE (kWh),2024-01-01T00:00:00.000,"3444199,000000"
2026-09-15T00:00:00.000,15139629000194,COELBA,COMPANHIA DE ELETRICIDADE DO ESTADO DA BAHIA COELBA,Sistema de Compensação GD I,Convencional,B2,Rural,Não se aplica,Não se aplica,0,37121669900.0,Não se aplica,Não se aplica,CATIVO,PIS/PASEP (R$),2024-01-01T00:00:00.000,"22976,000000"
2026-09-15T00:00:00.000,15139629000194,COELBA,COMPANHIA DE ELETRICIDADE DO ESTADO DA BAHIA COELBA,Refaturamento - Regular,Verde,A4,Poder público,Não se aplica,Não se aplica,0,37121669900.0,Não se aplica,Ponta,CATIVO,Energia TUSD (kWh),2024-01-01T00:00:00.000,"-1412,000000"
2026-09-15T00:00:00.000,15139629000194,COELBA,COMPANHIA DE ELETRICIDADE DO ESTADO DA BAHIA COELBA,Regular,Geração,A4,Não se aplica,Não se aplica,Não se aplica,28615,0.0,Curumim (Antiga Bahia I - Camarari),Não se aplica,GERAÇÃO,PIS/COFINS (R$),2024-01-01T00:00:00.000,"9656,330000"
2026-09-15T00:00:00.000,15139629000194,COELBA,COMPANHIA DE ELETRICIDADE DO ESTADO DA BAHIA COELBA,Sistema de Compensação GD II,Verde,A4,Comercial,Não se aplica,Não se aplica,0,37121669900.0,Não se aplica,Fora ponta,CATIVO,Receita Energia (R$),2024-01-01T00:00:00.000,"39331,000000"
2026-09-15T00:00:00.000,15139629000194,COELBA,COMPANHIA DE ELETRICIDADE DO ESTADO DA BAHIA COELBA,Refaturamento - Regular,Verde,A4,Serviço público,"Água, esgoto e saneamento",Não se aplica,0,37121669900.0,Não se aplica,Fora ponta,CATIVO,Energia TUSD (kWh),2024-01-01T00:00:00.000,"-714127,000000"
2026-09-15T00:00:00.000,15139629000194,COELBA,COMPANHIA DE ELETRICIDADE DO ESTADO DA BAHIA COELBA,Sistema de Compensação GD II,Convencional,B2,Rural,Não se aplica,Não se aplica,0,37121669900.0,Não se aplica,Não se aplica,CATIVO,Energia TUSD (kWh),2024-01-01T00:00:00.000,"172740,000000"
2026-09-15T00:00:00.000,15139629000194,COELBA,COMPANHIA DE ELETRICIDADE DO ESTADO DA BAHIA COELBA,Regular,Geração,A4,Não se aplica,Não se aplica,Não se aplica,28615,0.0,Curumim (Antiga Bahia I - Camarari),Não se aplica,GERAÇÃO,Demanda Contratada kW,2024-01-01T00:00:00.000,"9400,000000"
2026-09-15T00:00:00.000,15139629000194,COELBA,COMPANHIA DE ELETRICIDADE DO ESTADO DA BAHIA COELBA,Sistema de Compensação GD I,Azul,A4,Industrial,Não se aplica,Não se aplica,0,37121669900.0,Não se aplica,Não se aplica,CATIVO,PIS/PASEP (R$),2024-01-01T00:00:00.000,"373,000000"
2026-09-15T00:00:00.000,15139629000194,COELBA,COMPANHIA DE ELETRICIDADE DO ESTADO DA BAHIA COELBA,Refaturamento - Regular,Verde,A3a,Serviço público,"Água, esgoto e saneamento",Não se aplica,0,37121669900.0,Não se aplica,Fora ponta,CATIVO,Energia TUSD (kWh),2024-01-01T00:00:00.000,"6598,000000"
2026-09-15T00:00:00.000,15139629000194,COELBA,COMPANHIA DE ELETRICIDADE DO ESTADO DA BAHIA COELBA,Refaturamento - Regular,Verde,A3a,Rural,Não se aplica,Não se aplica,0,37121669900.0,Não se aplica,Ponta,CATIVO,Energia TUSD (kWh),2024-01-01T00:00:00.000,"-28720,000000"
2026-09-15T00:00:00.000,15139629000194,COELBA,COMPANHIA DE ELETRICIDADE DO ESTADO DA BAHIA COELBA,Regular,Geração,A4,Não se aplica,Não se aplica,Não se aplica,28615,0.0,Curumim (Antiga Bahia I - Camarari),Não se aplica,GERAÇÃO,ICMS (R$),2024-01-01T00:00:00.000,"47792,670000"
2026-09-15T00:00:00.000,15139629000194,COELBA,COMPANHIA DE ELETRICIDADE DO ESTADO DA BAHIA COELBA,Regular,Azul,A4,Industrial,Não se aplica,Não se aplica,0,37121669900.0,Não se aplica,Não se aplica,CATIVO,COFINS (R$),2024-01-01T00:00:00.000,"56509,220000"
2026-09-15T00:00:00.000,15139629000194,COELBA,COMPANHIA DE ELETRICIDADE DO ESTADO DA BAHIA COELBA,Refaturamento - Regular,Verde,A4,Serviço público,"Água, esgoto e saneamento",Não se aplica,0,37121669900.0,Não se aplica,Ponta,CATIVO,Energia TUSD (kWh),2024-01-01T00:00:00.000,"-27562,000000"
2026-09-15T00:00:00.000,15139629000194,COELBA,COMPANHIA DE ELETRICIDADE DO ESTADO DA BAHIA COELBA,Refaturamento - Regular,Convencional,B3,Industrial,Não se aplica,Não se aplica,0,37121669900.0,Não se aplica,Não se aplica,CATIVO,Número de consumidores,2024-01-01T00:00:00.000,"25,000000"
2026-09-15T00:00:00.000,15139629000194,COELBA,COMPANHIA DE ELETRICIDADE DO ESTADO DA BAHIA COELBA,Regular,Geração,A4,Não se aplica,Não se aplica,Não se aplica,28615,0.0,Curumim (Antiga Bahia I - Camarari),Não se aplica,GERAÇÃO,Receita Demanda (R$),2024-01-01T00:00:00.000,"175686,000000"
2026-09-15T00:00:00.000,15139629000194,COELBA,COMPANHIA DE ELETRICIDADE DO ESTADO DA BAHIA COELBA,Regular,Azul,A4,Industrial,Não se aplica,Não se aplica,0,37121669900.0,Não se aplica,Não se aplica,CATIVO,ICMS (R$),2024-01-01T00:00:00.000,"257208,920000"
2026-09-15T00:00:00.000,15139629000194,COELBA,COMPANHIA DE ELETRICIDADE DO ESTADO DA BAHIA COELBA,Refaturamento - Regular,Azul,A4,Serviço público,"Água, esgoto e saneamento",Não se aplica,0,37121669900.0,Não se aplica,Fora ponta,CATIVO,Energia TUSD (kWh),2024-01-01T00:00:00.000,"-53979,000000"
2026-09-15T00:00:00.000,15139629000194,COELBA,COMPANHIA DE ELETRICIDADE DO ESTADO DA BAHIA COELBA,Regular,Convencional,B3,Industrial,Não se aplica,Não se aplica,0,37121669900.0,Não se aplica,Não se aplica,CATIVO,Receita Energia (R$),2024-01-01T00:00:00.000,"5038402,220000"
2026-09-15T00:00:00.000,15139629000194,COELBA,COMPANHIA DE ELETRICIDADE DO ESTADO DA BAHIA COELBA,Regular,Geração,A3,Não se aplica,Não se aplica,Não se aplica,30288,0.0,Pedra do Reino,Não se aplica,GERAÇÃO,Receita Demanda (R$),2024-01-01T00:00:00.000,"142886,250000"
2026-09-15T00:00:00.000,15139629000194,COELBA,COMPANHIA DE ELETRICIDADE DO ESTADO DA BAHIA COELBA,Sistema de Compensação GD I,Azul,A4,Industrial,Não se aplica,Não se aplica,0,37121669900.0,Não se aplica,Ponta,CATIVO,Ultrapassagem Demanda (kW),2024-01-01T00:00:00.000,"33,000000"
