codigo_ibge,variavel_id,variavel,unidade,ano_referencia,populacao,municipio,uf,fonte,url_fonte,data_coleta
2900108,9324,População residente estimada,Pessoas,2024,7452,Abaíra,BA,IBGE/SIDRA agregado 6579,https://servicodados.ibge.gov.br/api/v3/agregados/6579/periodos/-3/variaveis/9324?localidades=N6[N3[29]],2026-10-05
2900108,9324,População residente estimada,Pessoas,2025,7407,Abaíra,BA,IBGE/SIDRA agregado 6579,https://servicodados.ibge.gov.br/api/v3/agregados/6579/periodos/-3/variaveis/9324?localidades=N6[N3[29]],2026-10-05
2900108,9324,População residente estimada,Pessoas,2026,7366,Abaíra,BA,IBGE/SIDRA agregado 6579,https://servicodados.ibge.gov.br/api/v3/agregados/6579/periodos/-3/variaveis/9324?localidades=N6[N3[29]],2026-10-05
2900207,9324,População residente estimada,Pessoas,2024,18240,Abaré,BA,IBGE/SIDRA agregado 6579,https://servicodados.ibge.gov.br/api/v3/agregados/6579/periodos/-3/variaveis/9324?localidades=N6[N3[29]],2026-10-05
2900207,9324,População residente estimada,Pessoas,2025,18269,Abaré,BA,IBGE/SIDRA agregado 6579,https://servicodados.ibge.gov.br/api/v3/agregados/6579/periodos/-3/variaveis/9324?localidades=N6[N3[29]],2026-10-05
2900207,9324,População residente estimada,Pessoas,2026,18303,Abaré,BA,IBGE/SIDRA agregado 6579,https://servicodados.ibge.gov.br/api/v3/agregados/6579/periodos/-3/variaveis/9324?localidades=N6[N3[29]],2026-10-05
2900306,9324,População residente estimada,Pessoas,2024,14215,Acajutiba,BA,IBGE/SIDRA agregado 6579,https://servicodados.ibge.gov.br/api/v3/agregados/6579/periodos/-3/variaveis/9324?localidades=N6[N3[29]],2026-10-05
2900306,9324,População residente estimada,Pessoas,2025,14200,Acajutiba,BA,IBGE/SIDRA agregado 6579,https://servicodados.ibge.gov.br/api/v3/agregados/6579/periodos/-3/variaveis/9324?localidades=N6[N3[29]],2026-10-05
2900306,9324,População residente estimada,Pessoas,2026,14187,Acajutiba,BA,IBGE/SIDRA agregado 6579,https://servicodados.ibge.gov.br/api/v3/agregados/6579/periodos/-3/variaveis/9324?localidades=N6[N3[29]],2026-10-05
2900355,9324,População residente estimada,Pessoas,2024,14554,Adustina,BA,IBGE/SIDRA agregado 6579,https://servicodados.ibge.gov.br/api/v3/agregados/6579/periodos/-3/variaveis/9324?localidades=N6[N3[29]],2026-10-05
2900355,9324,População residente estimada,Pessoas,2025,14510,Adustina,BA,IBGE/SIDRA agregado 6579,https://servicodados.ibge.gov.br/api/v3/agregados/6579/periodos/-3/variaveis/9324?localidades=N6[N3[29]],2026-10-05
2900355,9324,População residente estimada,Pessoas,2026,14470,Adustina,BA,IBGE/SIDRA agregado 6579,https://servicodados.ibge.gov.br/api/v3/agregados/6579/periodos/-3/variaveis/9324?localidades=N6[N3[29]],2026-10-05
2900405,9324,População residente estimada,Pessoas,2024,14871,Água Fria,BA,IBGE/SIDRA agregado 6579,https://servicodados.ibge.gov.br/api/v3/agregados/6579/periodos/-3/variaveis/9324?localidades=N6[N3[29]],2026-10-05
2900405,9324,População residente estimada,Pessoas,2025,14833,Água Fria,BA,IBGE/SIDRA agregado 6579,https://servicodados.ibge.gov.br/api/v3/agregados/6579/periodos/-3/variaveis/9324?localidades=N6[N3[29]],2026-10-05
2900405,9324,População residente estimada,Pessoas,2026,14798,Água Fria,BA,IBGE/SIDRA agregado 6579,https://servicodados.ibge.gov.br/api/v3/agregados/6579/periodos/-3/variaveis/9324?localidades=N6[N3[29]],2026-10-05
2900504,9324,População residente estimada,Pessoas,2024,10948,Érico Cardoso,BA,IBGE/SIDRA agregado 6579,https://servicodados.ibge.gov.br/api/v3/agregados/6579/periodos/-3/variaveis/9324?localidades=N6[N3[29]],2026-10-05
2900504,9324,População residente estimada,Pessoas,2025,10947,Érico Cardoso,BA,IBGE/SIDRA agregado 6579,https://servicodados.ibge.gov.br/api/v3/agregados/6579/periodos/-3/variaveis/9324?localidades=N6[N3[29]],2026-10-05
2900504,9324,População residente estimada,Pessoas,2026,10932,Érico Cardoso,BA,IBGE/SIDRA agregado 6579,https://servicodados.ibge.gov.br/api/v3/agregados/6579/periodos/-3/variaveis/9324?localidades=N6[N3[29]],2026-10-05
2900603,9324,População residente estimada,Pessoas,2024,4586,Aiquara,BA,IBGE/SIDRA agregado 6579,https://servicodados.ibge.gov.br/api/v3/agregados/6579/periodos/-3/variaveis/9324?localidades=N6[N3[29]],2026-10-05
2900603,9324,População residente estimada,Pessoas,2025,4583,Aiquara,BA,IBGE/SIDRA agregado 6579,https://servicodados.ibge.gov.br/api/v3/agregados/6579/periodos/-3/variaveis/9324?localidades=N6[N3[29]],2026-10-05
2900603,9324,População residente estimada,Pessoas,2026,4627,Aiquara,BA,IBGE/SIDRA agregado 6579,https://servicodados.ibge.gov.br/api/v3/agregados/6579/periodos/-3/variaveis/9324?localidades=N6[N3[29]],2026-10-05
2900702,9324,População residente estimada,Pessoas,2024,160662,Alagoinhas,BA,IBGE/SIDRA agregado 6579,https://servicodados.ibge.gov.br/api/v3/agregados/6579/periodos/-3/variaveis/9324?localidades=N6[N3[29]],2026-10-05
2900702,9324,População residente estimada,Pessoas,2025,161196,Alagoinhas,BA,IBGE/SIDRA agregado 6579,https://servicodados.ibge.gov.br/api/v3/agregados/6579/periodos/-3/variaveis/9324?localidades=N6[N3[29]],2026-10-05
2900702,9324,População residente estimada,Pessoas,2026,161682,Alagoinhas,BA,IBGE/SIDRA agregado 6579,https://servicodados.ibge.gov.br/api/v3/agregados/6579/periodos/-3/variaveis/9324?localidades=N6[N3[29]],2026-10-05
2900801,9324,População residente estimada,Pessoas,2024,25494,Alcobaça,BA,IBGE/SIDRA agregado 6579,https://servicodados.ibge.gov.br/api/v3/agregados/6579/periodos/-3/variaveis/9324?localidades=N6[N3[29]],2026-10-05
2900801,9324,População residente estimada,Pessoas,2025,25601,Alcobaça,BA,IBGE/SIDRA agregado 6579,https://servicodados.ibge.gov.br/api/v3/agregados/6579/periodos/-3/variaveis/9324?localidades=N6[N3[29]],2026-10-05
2900801,9324,População residente estimada,Pessoas,2026,25769,Alcobaça,BA,IBGE/SIDRA agregado 6579,https://servicodados.ibge.gov.br/api/v3/agregados/6579/periodos/-3/variaveis/9324?localidades=N6[N3[29]],2026-10-05
2900900,9324,População residente estimada,Pessoas,2024,5327,Almadina,BA,IBGE/SIDRA agregado 6579,https://servicodados.ibge.gov.br/api/v3/agregados/6579/periodos/-3/variaveis/9324?localidades=N6[N3[29]],2026-10-05
2900900,9324,População residente estimada,Pessoas,2025,5296,Almadina,BA,IBGE/SIDRA agregado 6579,https://servicodados.ibge.gov.br/api/v3/agregados/6579/periodos/-3/variaveis/9324?localidades=N6[N3[29]],2026-10-05
2900900,9324,População residente estimada,Pessoas,2026,5267,Almadina,BA,IBGE/SIDRA agregado 6579,https://servicodados.ibge.gov.br/api/v3/agregados/6579/periodos/-3/variaveis/9324?localidades=N6[N3[29]],2026-10-05
2901007,9324,População residente estimada,Pessoas,2024,38478,Amargosa,BA,IBGE/SIDRA agregado 6579,https://servicodados.ibge.gov.br/api/v3/agregados/6579/periodos/-3/variaveis/9324?localidades=N6[N3[29]],2026-10-05
2901007,9324,População residente estimada,Pessoas,2025,38585,Amargosa,BA,IBGE/SIDRA agregado 6579,https://servicodados.ibge.gov.br/api/v3/agregados/6579/periodos/-3/variaveis/9324?localidades=N6[N3[29]],2026-10-05
2901007,9324,População residente estimada,Pessoas,2026,38656,Amargosa,BA,IBGE/SIDRA agregado 6579,https://servicodados.ibge.gov.br/api/v3/agregados/6579/periodos/-3/variaveis/9324?localidades=N6[N3[29]],2026-10-05
2901106,9324,População residente estimada,Pessoas,2024,24848,Amélia Rodrigues,BA,IBGE/SIDRA agregado 6579,https://servicodados.ibge.gov.br/api/v3/agregados/6579/periodos/-3/variaveis/9324?localidades=N6[N3[29]],2026-10-05
2901106,9324,População residente estimada,Pessoas,2025,24830,Amélia Rodrigues,BA,IBGE/SIDRA agregado 6579,https://servicodados.ibge.gov.br/api/v3/agregados/6579/periodos/-3/variaveis/9324?localidades=N6[N3[29]],2026-10-05
2901106,9324,População residente estimada,Pessoas,2026,24814,Amélia Rodrigues,BA,IBGE/SIDRA agregado 6579,https://servicodados.ibge.gov.br/api/v3/agregados/6579/periodos/-3/variaveis/9324?localidades=N6[N3[29]],2026-10-05
2901155,9324,População residente estimada,Pessoas,2024,15583,América Dourada,BA,IBGE/SIDRA agregado 6579,https://servicodados.ibge.gov.br/api/v3/agregados/6579/periodos/-3/variaveis/9324?localidades=N6[N3[29]],2026-10-05
2901155,9324,População residente estimada,Pessoas,2025,15572,América Dourada,BA,IBGE/SIDRA agregado 6579,https://servicodados.ibge.gov.br/api/v3/agregados/6579/periodos/-3/variaveis/9324?localidades=N6[N3[29]],2026-10-05
2901155,9324,População residente estimada,Pessoas,2026,15566,América Dourada,BA,IBGE/SIDRA agregado 6579,https://servicodados.ibge.gov.br/api/v3/agregados/6579/periodos/-3/variaveis/9324?localidades=N6[N3[29]],2026-10-05
2901205,9324,População residente estimada,Pessoas,2024,26715,Anagé,BA,IBGE/SIDRA agregado 6579,https://servicodados.ibge.gov.br/api/v3/agregados/6579/periodos/-3/variaveis/9324?localidades=N6[N3[29]],2026-10-05
2901205,9324,População residente estimada,Pessoas,2025,26745,Anagé,BA,IBGE/SIDRA agregado 6579,https://servicodados.ibge.gov.br/api/v3/agregados/6579/periodos/-3/variaveis/9324?localidades=N6[N3[29]],2026-10-05
2901205,9324,População residente estimada,Pessoas,2026,26772,Anagé,BA,IBGE/SIDRA agregado 6579,https://servicodados.ibge.gov.br/api/v3/agregados/6579/periodos/-3/variaveis/9324?localidades=N6[N3[29]],2026-10-05
2901304,9324,População residente estimada,Pessoas,2024,13531,Andaraí,BA,IBGE/SIDRA agregado 6579,https://servicodados.ibge.gov.br/api/v3/agregados/6579/periodos/-3/variaveis/9324?localidades=N6[N3[29]],2026-10-05
2901304,9324,População residente estimada,Pessoas,2025,13545,Andaraí,BA,IBGE/SIDRA agregado 6579,https://servicodados.ibge.gov.br/api/v3/agregados/6579/periodos/-3/variaveis/9324?localidades=N6[N3[29]],2026-10-05
2901304,9324,População residente estimada,Pessoas,2026,13557,Andaraí,BA,IBGE/SIDRA agregado 6579,https://servicodados.ibge.gov.br/api/v3/agregados/6579/periodos/-3/variaveis/9324?localidades=N6[N3[29]],2026-10-05
2901353,9324,População residente estimada,Pessoas,2024,15485,Andorinha,BA,IBGE/SIDRA agregado 6579,https://servicodados.ibge.gov.br/api/v3/agregados/6579/periodos/-3/variaveis/9324?localidades=N6[N3[29]],2026-10-05
2901353,9324,População residente estimada,Pessoas,2025,15491,Andorinha,BA,IBGE/SIDRA agregado 6579,https://servicodados.ibge.gov.br/api/v3/agregados/6579/periodos/-3/variaveis/9324?localidades=N6[N3[29]],2026-10-05
2901353,9324,População residente estimada,Pessoas,2026,15496,Andorinha,BA,IBGE/SIDRA agregado 6579,https://servicodados.ibge.gov.br/api/v3/agregados/6579/periodos/-3/variaveis/9324?localidades=N6[N3[29]],2026-10-05
2901403,9324,População residente estimada,Pessoas,2024,14178,Angical,BA,IBGE/SIDRA agregado 6579,https://servicodados.ibge.gov.br/api/v3/agregados/6579/periodos/-3/variaveis/9324?localidades=N6[N3[29]],2026-10-05
2901403,9324,População residente estimada,Pessoas,2025,14178,Angical,BA,IBGE/SIDRA agregado 6579,https://servicodados.ibge.gov.br/api/v3/agregados/6579/periodos/-3/variaveis/9324?localidades=N6[N3[29]],2026-10-05
2901403,9324,População residente estimada,Pessoas,2026,14183,Angical,BA,IBGE/SIDRA agregado 6579,https://servicodados.ibge.gov.br/api/v3/agregados/6579/periodos/-3/variaveis/9324?localidades=N6[N3[29]],2026-10-05
2901502,9324,População residente estimada,Pessoas,2024,11456,Anguera,BA,IBGE/SIDRA agregado 6579,https://servicodados.ibge.gov.br/api/v3/agregados/6579/periodos/-3/variaveis/9324?localidades=N6[N3[29]],2026-10-05
2901502,9324,População residente estimada,Pessoas,2025,11490,Anguera,BA,IBGE/SIDRA agregado 6579,https://servicodados.ibge.gov.br/api/v3/agregados/6579/periodos/-3/variaveis/9324?localidades=N6[N3[29]],2026-10-05
2901502,9324,População residente estimada,Pessoas,2026,11521,Anguera,BA,IBGE/SIDRA agregado 6579,https://servicodados.ibge.gov.br/api/v3/agregados/6579/periodos/-3/variaveis/9324?localidades=N6[N3[29]],2026-10-05
2901601,9324,População residente estimada,Pessoas,2024,15061,Antas,BA,IBGE/SIDRA agregado 6579,https://servicodados.ibge.gov.br/api/v3/agregados/6579/periodos/-3/variaveis/9324?localidades=N6[N3[29]],2026-10-05
2901601,9324,População residente estimada,Pessoas,2025,14984,Antas,BA,IBGE/SIDRA agregado 6579,https://servicodados.ibge.gov.br/api/v3/agregados/6579/periodos/-3/variaveis/9324?localidades=N6[N3[29]],2026-10-05
2901601,9324,População residente estimada,Pessoas,2026,14915,Antas,BA,IBGE/SIDRA agregado 6579,https://servicodados.ibge.gov.br/api/v3/agregados/6579/periodos/-3/variaveis/9324?localidades=N6[N3[29]],2026-10-05
2901700,9324,População residente estimada,Pessoas,2024,11501,Antônio Cardoso,BA,IBGE/SIDRA agregado 6579,https://servicodados.ibge.gov.br/api/v3/agregados/6579/periodos/-3/variaveis/9324?localidades=N6[N3[29]],2026-10-05
2901700,9324,População residente estimada,Pessoas,2025,11498,Antônio Cardoso,BA,IBGE/SIDRA agregado 6579,https://servicodados.ibge.gov.br/api/v3/agregados/6579/periodos/-3/variaveis/9324?localidades=N6[N3[29]],2026-10-05
2901700,9324,População residente estimada,Pessoas,2026,11494,Antônio Cardoso,BA,IBGE/SIDRA agregado 6579,https://servicodados.ibge.gov.br/api/v3/agregados/6579/periodos/-3/variaveis/9324?localidades=N6[N3[29]],2026-10-05
2901809,9324,População residente estimada,Pessoas,2024,11236,Antônio Gonçalves,BA,IBGE/SIDRA agregado 6579,https://servicodados.ibge.gov.br/api/v3/agregados/6579/periodos/-3/variaveis/9324?localidades=N6[N3[29]],2026-10-05
2901809,9324,População residente estimada,Pessoas,2025,11248,Antônio Gonçalves,BA,IBGE/SIDRA agregado 6579,https://servicodados.ibge.gov.br/api/v3/agregados/6579/periodos/-3/variaveis/9324?localidades=N6[N3[29]],2026-10-05
2901809,9324,População residente estimada,Pessoas,2026,11258,Antônio Gonçalves,BA,IBGE/SIDRA agregado 6579,https://servicodados.ibge.gov.br/api/v3/agregados/6579/periodos/-3/variaveis/9324?localidades=N6[N3[29]],2026-10-05
2901908,9324,População residente estimada,Pessoas,2024,16379,Aporá,BA,IBGE/SIDRA agregado 6579,https://servicodados.ibge.gov.br/api/v3/agregados/6579/periodos/-3/variaveis/9324?localidades=N6[N3[29]],2026-10-05
2901908,9324,População residente estimada,Pessoas,2025,16361,Aporá,BA,IBGE/SIDRA agregado 6579,https://servicodados.ibge.gov.br/api/v3/agregados/6579/periodos/-3/variaveis/9324?localidades=N6[N3[29]],2026-10-05
2901908,9324,População residente estimada,Pessoas,2026,16344,Aporá,BA,IBGE/SIDRA agregado 6579,https://servicodados.ibge.gov.br/api/v3/agregados/6579/periodos/-3/variaveis/9324?localidades=N6[N3[29]],2026-10-05
2901957,9324,População residente estimada,Pessoas,2024,7114,Apuarema,BA,IBGE/SIDRA agregado 6579,https://servicodados.ibge.gov.br/api/v3/agregados/6579/periodos/-3/variaveis/9324?localidades=N6[N3[29]],2026-10-05
2901957,9324,População residente estimada,Pessoas,2025,7101,Apuarema,BA,IBGE/SIDRA agregado 6579,https://servicodados.ibge.gov.br/api/v3/agregados/6579/periodos/-3/variaveis/9324?localidades=N6[N3[29]],2026-10-05
2901957,9324,População residente estimada,Pessoas,2026,7090,Apuarema,BA,IBGE/SIDRA agregado 6579,https://servicodados.ibge.gov.br/api/v3/agregados/6579/periodos/-3/variaveis/9324?localidades=N6[N3[29]],2026-10-05
2902005,9324,População residente estimada,Pessoas,2024,14422,Aracatu,BA,IBGE/SIDRA agregado 6579,https://servicodados.ibge.gov.br/api/v3/agregados/6579/periodos/-3/variaveis/9324?localidades=N6[N3[29]],2026-10-05
2902005,9324,População residente estimada,Pessoas,2025,14440,Aracatu,BA,IBGE/SIDRA agregado 6579,https://servicodados.ibge.gov.br/api/v3/agregados/6579/periodos/-3/variaveis/9324?localidades=N6[N3[29]],2026-10-05
2902005,9324,População residente estimada,Pessoas,2026,14456,Aracatu,BA,IBGE/SIDRA agregado 6579,https://servicodados.ibge.gov.br/api/v3/agregados/6579/periodos/-3/variaveis/9324?localidades=N6[N3[29]],2026-10-05
2902054,9324,População residente estimada,Pessoas,2024,11946,Araçás,BA,IBGE/SIDRA agregado 6579,https://servicodados.ibge.gov.br/api/v3/agregados/6579/periodos/-3/variaveis/9324?localidades=N6[N3[29]],2026-10-05
2902054,9324,População residente estimada,Pessoas,2025,11953,Araçás,BA,IBGE/SIDRA agregado 6579,https://servicodados.ibge.gov.br/api/v3/agregados/6579/periodos/-3/variaveis/9324?localidades=N6[N3[29]],2026-10-05
2902054,9324,População residente estimada,Pessoas,2026,11960,Araçás,BA,IBGE/SIDRA agregado 6579,https://servicodados.ibge.gov.br/api/v3/agregados/6579/periodos/-3/variaveis/9324?localidades=N6[N3[29]],2026-10-05
2902104,9324,População residente estimada,Pessoas,2024,50336,Araci,BA,IBGE/SIDRA agregado 6579,https://servicodados.ibge.gov.br/api/v3/agregados/6579/periodos/-3/variaveis/9324?localidades=N6[N3[29]],2026-10-05
2902104,9324,População residente estimada,Pessoas,2025,50308,Araci,BA,IBGE/SIDRA agregado 6579,https://servicodados.ibge.gov.br/api/v3/agregados/6579/periodos/-3/variaveis/9324?localidades=N6[N3[29]],2026-10-05
2902104,9324,População residente estimada,Pessoas,2026,50282,Araci,BA,IBGE/SIDRA agregado 6579,https://servicodados.ibge.gov.br/api/v3/agregados/6579/periodos/-3/variaveis/9324?localidades=N6[N3[29]],2026-10-05
2902203,9324,População residente estimada,Pessoas,2024,10122,Aramari,BA,IBGE/SIDRA agregado 6579,https://servicodados.ibge.gov.br/api/v3/agregados/6579/periodos/-3/variaveis/9324?localidades=N6[N3[29]],2026-10-05
2902203,9324,População residente estimada,Pessoas,2025,10106,Aramari,BA,IBGE/SIDRA agregado 6579,https://servicodados.ibge.gov.br/api/v3/agregados/6579/periodos/-3/variaveis/9324?localidades=N6[N3[29]],2026-10-05
2902203,9324,População residente estimada,Pessoas,2026,10091,Aramari,BA,IBGE/SIDRA agregado 6579,https://servicodados.ibge.gov.br/api/v3/agregados/6579/periodos/-3/variaveis/9324?localidades=N6[N3[29]],2026-10-05
2902252,9324,População residente estimada,Pessoas,2024,10463,Arataca,BA,IBGE/SIDRA agregado 6579,https://servicodados.ibge.gov.br/api/v3/agregados/6579/periodos/-3/variaveis/9324?localidades=N6[N3[29]],2026-10-05
2902252,9324,População residente estimada,Pessoas,2025,10433,Arataca,BA,IBGE/SIDRA agregado 6579,https://servicodados.ibge.gov.br/api/v3/agregados/6579/periodos/-3/variaveis/9324?localidades=N6[N3[29]],2026-10-05
2902252,9324,População residente estimada,Pessoas,2026,10405,Arataca,BA,IBGE/SIDRA agregado 6579,https://servicodados.ibge.gov.br/api/v3/agregados/6579/periodos/-3/variaveis/9324?localidades=N6[N3[29]],2026-10-05
2902302,9324,População residente estimada,Pessoas,2024,8981,Aratuípe,BA,IBGE/SIDRA agregado 6579,https://servicodados.ibge.gov.br/api/v3/agregados/6579/periodos/-3/variaveis/9324?localidades=N6[N3[29]],2026-10-05
2902302,9324,População residente estimada,Pessoas,2025,8993,Aratuípe,BA,IBGE/SIDRA agregado 6579,https://servicodados.ibge.gov.br/api/v3/agregados/6579/periodos/-3/variaveis/9324?localidades=N6[N3[29]],2026-10-05
2902302,9324,População residente estimada,Pessoas,2026,9003,Aratuípe,BA,IBGE/SIDRA agregado 6579,https://servicodados.ibge.gov.br/api/v3/agregados/6579/periodos/-3/variaveis/9324?localidades=N6[N3[29]],2026-10-05
2902401,9324,População residente estimada,Pessoas,2024,11409,Aurelino Leal,BA,IBGE/SIDRA agregado 6579,https://servicodados.ibge.gov.br/api/v3/agregados/6579/periodos/-3/variaveis/9324?localidades=N6[N3[29]],2026-10-05
2902401,9324,População residente estimada,Pessoas,2025,11339,Aurelino Leal,BA,IBGE/SIDRA agregado 6579,https://servicodados.ibge.gov.br/api/v3/agregados/6579/periodos/-3/variaveis/9324?localidades=N6[N3[29]],2026-10-05
2902401,9324,População residente estimada,Pessoas,2026,11276,Aurelino Leal,BA,IBGE/SIDRA agregado 6579,https://servicodados.ibge.gov.br/api/v3/agregados/6579/periodos/-3/variaveis/9324?localidades=N6[N3[29]],2026-10-05
2902500,9324,População residente estimada,Pessoas,2024,14110,Baianópolis,BA,IBGE/SIDRA agregado 6579,https://servicodados.ibge.gov.br/api/v3/agregados/6579/periodos/-3/variaveis/9324?localidades=N6[N3[29]],2026-10-05
2902500,9324,População residente estimada,Pessoas,2025,14138,Baianópolis,BA,IBGE/SIDRA agregado 6579,https://servicodados.ibge.gov.br/api/v3/agregados/6579/periodos/-3/variaveis/9324?localidades=N6[N3[29]],2026-10-05
2902500,9324,População residente estimada,Pessoas,2026,14163,Baianópolis,BA,IBGE/SIDRA agregado 6579,https://servicodados.ibge.gov.br/api/v3/agregados/6579/periodos/-3/variaveis/9324?localidades=N6[N3[29]],2026-10-05
2902609,9324,População residente estimada,Pessoas,2024,18680,Baixa Grande,BA,IBGE/SIDRA agregado 6579,https://servicodados.ibge.gov.br/api/v3/agregados/6579/periodos/-3/variaveis/9324?localidades=N6[N3[29]],2026-10-05
2902609,9324,População residente estimada,Pessoas,2025,18628,Baixa Grande,BA,IBGE/SIDRA agregado 6579,https://servicodados.ibge.gov.br/api/v3/agregados/6579/periodos/-3/variaveis/9324?localidades=N6[N3[29]],2026-10-05
2902609,9324,População residente estimada,Pessoas,2026,18579,Baixa Grande,BA,IBGE/SIDRA agregado 6579,https://servicodados.ibge.gov.br/api/v3/agregados/6579/periodos/-3/variaveis/9324?localidades=N6[N3[29]],2026-10-05
2902658,9324,População residente estimada,Pessoas,2024,12309,Banzaê,BA,IBGE/SIDRA agregado 6579,https://servicodados.ibge.gov.br/api/v3/agregados/6579/periodos/-3/variaveis/9324?localidades=N6[N3[29]],2026-10-05
2902658,9324,População residente estimada,Pessoas,2025,12288,Banzaê,BA,IBGE/SIDRA agregado 6579,https://servicodados.ibge.gov.br/api/v3/agregados/6579/periodos/-3/variaveis/9324?localidades=N6[N3[29]],2026-10-05
2902658,9324,População residente estimada,Pessoas,2026,12270,Banzaê,BA,IBGE/SIDRA agregado 6579,https://servicodados.ibge.gov.br/api/v3/agregados/6579/periodos/-3/variaveis/9324?localidades=N6[N3[29]],2026-10-05
2902708,9324,População residente estimada,Pessoas,2024,53528,Barra,BA,IBGE/SIDRA agregado 6579,https://servicodados.ibge.gov.br/api/v3/agregados/6579/periodos/-3/variaveis/9324?localidades=N6[N3[29]],2026-10-05
2902708,9324,População residente estimada,Pessoas,2025,53642,Barra,BA,IBGE/SIDRA agregado 6579,https://servicodados.ibge.gov.br/api/v3/agregados/6579/periodos/-3/variaveis/9324?localidades=N6[N3[29]],2026-10-05
2902708,9324,População residente estimada,Pessoas,2026,53745,Barra,BA,IBGE/SIDRA agregado 6579,https://servicodados.ibge.gov.br/api/v3/agregados/6579/periodos/-3/variaveis/9324?localidades=N6[N3[29]],2026-10-05
2902807,9324,População residente estimada,Pessoas,2024,27582,Barra da Estiva,BA,IBGE/SIDRA agregado 6579,https://servicodados.ibge.gov.br/api/v3/agregados/6579/periodos/-3/variaveis/9324?localidades=N6[N3[29]],2026-10-05
2902807,9324,População residente estimada,Pessoas,2025,27743,Barra da Estiva,BA,IBGE/SIDRA agregado 6579,https://servicodados.ibge.gov.br/api/v3/agregados/6579/periodos/-3/variaveis/9324?localidades=N6[N3[29]],2026-10-05
2902807,9324,População residente estimada,Pessoas,2026,27890,Barra da Estiva,BA,IBGE/SIDRA agregado 6579,https://servicodados.ibge.gov.br/api/v3/agregados/6579/periodos/-3/variaveis/9324?localidades=N6[N3[29]],2026-10-05
2902906,9324,População residente estimada,Pessoas,2024,38481,Barra do Choça,BA,IBGE/SIDRA agregado 6579,https://servicodados.ibge.gov.br/api/v3/agregados/6579/periodos/-3/variaveis/9324?localidades=N6[N3[29]],2026-10-05
2902906,9324,População residente estimada,Pessoas,2025,38581,Barra do Choça,BA,IBGE/SIDRA agregado 6579,https://servicodados.ibge.gov.br/api/v3/agregados/6579/periodos/-3/variaveis/9324?localidades=N6[N3[29]],2026-10-05
2902906,9324,População residente estimada,Pessoas,2026,38671,Barra do Choça,BA,IBGE/SIDRA agregado 6579,https://servicodados.ibge.gov.br/api/v3/agregados/6579/periodos/-3/variaveis/9324?localidades=N6[N3[29]],2026-10-05
2903003,9324,População residente estimada,Pessoas,2024,14345,Barra do Mendes,BA,IBGE/SIDRA agregado 6579,https://servicodados.ibge.gov.br/api/v3/agregados/6579/periodos/-3/variaveis/9324?localidades=N6[N3[29]],2026-10-05
2903003,9324,População residente estimada,Pessoas,2025,14376,Barra do Mendes,BA,IBGE/SIDRA agregado 6579,https://servicodados.ibge.gov.br/api/v3/agregados/6579/periodos/-3/variaveis/9324?localidades=N6[N3[29]],2026-10-05
2903003,9324,População residente estimada,Pessoas,2026,14404,Barra do Mendes,BA,IBGE/SIDRA agregado 6579,https://servicodados.ibge.gov.br/api/v3/agregados/6579/periodos/-3/variaveis/9324?localidades=N6[N3[29]],2026-10-05
2903102,9324,População residente estimada,Pessoas,2024,5920,Barra do Rocha,BA,IBGE/SIDRA agregado 6579,https://servicodados.ibge.gov.br/api/v3/agregados/6579/periodos/-3/variaveis/9324?localidades=N6[N3[29]],2026-10-05
2903102,9324,População residente estimada,Pessoas,2025,5898,Barra do Rocha,BA,IBGE/SIDRA agregado 6579,https://servicodados.ibge.gov.br/api/v3/agregados/6579/periodos/-3/variaveis/9324?localidades=N6[N3[29]],2026-10-05
2903102,9324,População residente estimada,Pessoas,2026,5878,Barra do Rocha,BA,IBGE/SIDRA agregado 6579,https://servicodados.ibge.gov.br/api/v3/agregados/6579/periodos/-3/variaveis/9324?localidades=N6[N3[29]],2026-10-05
2903201,9324,População residente estimada,Pessoas,2024,170667,Barreiras,BA,IBGE/SIDRA agregado 6579,https://servicodados.ibge.gov.br/api/v3/agregados/6579/periodos/-3/variaveis/9324?localidades=N6[N3[29]],2026-10-05
2903201,9324,População residente estimada,Pessoas,2025,171634,Barreiras,BA,IBGE/SIDRA agregado 6579,https://servicodados.ibge.gov.br/api/v3/agregados/6579/periodos/-3/variaveis/9324?localidades=N6[N3[29]],2026-10-05
2903201,9324,População residente estimada,Pessoas,2026,172521,Barreiras,BA,IBGE/SIDRA agregado 6579,https://servicodados.ibge.gov.br/api/v3/agregados/6579/periodos/-3/variaveis/9324?localidades=N6[N3[29]],2026-10-05
2903235,9324,População residente estimada,Pessoas,2024,13911,Barro Alto,BA,IBGE/SIDRA agregado 6579,https://servicodados.ibge.gov.br/api/v3/agregados/6579/periodos/-3/variaveis/9324?localidades=N6[N3[29]],2026-10-05
2903235,9324,População residente estimada,Pessoas,2025,13922,Barro Alto,BA,IBGE/SIDRA agregado 6579,https://servicodados.ibge.gov.br/api/v3/agregados/6579/periodos/-3/variaveis/9324?localidades=N6[N3[29]],2026-10-05
2903235,9324,População residente estimada,Pessoas,2026,13932,Barro Alto,BA,IBGE/SIDRA agregado 6579,https://servicodados.ibge.gov.br/api/v3/agregados/6579/periodos/-3/variaveis/9324?localidades=N6[N3[29]],2026-10-05
2903276,9324,População residente estimada,Pessoas,2024,15743,Barrocas,BA,IBGE/SIDRA agregado 6579,https://servicodados.ibge.gov.br/api/v3/agregados/6579/periodos/-3/variaveis/9324?localidades=N6[N3[29]],2026-10-05
2903276,9324,População residente estimada,Pessoas,2025,15780,Barrocas,BA,IBGE/SIDRA agregado 6579,https://servicodados.ibge.gov.br/api/v3/agregados/6579/periodos/-3/variaveis/9324?localidades=N6[N3[29]],2026-10-05
2903276,9324,População residente estimada,Pessoas,2026,15814,Barrocas,BA,IBGE/SIDRA agregado 6579,https://servicodados.ibge.gov.br/api/v3/agregados/6579/periodos/-3/variaveis/9324?localidades=N6[N3[29]],2026-10-05
2903300,9324,População residente estimada,Pessoas,2024,5966,Barro Preto,BA,IBGE/SIDRA agregado 6579,https://servicodados.ibge.gov.br/api/v3/agregados/6579/periodos/-3/variaveis/9324?localidades=N6[N3[29]],2026-10-05
2903300,9324,População residente estimada,Pessoas,2025,5936,Barro Preto,BA,IBGE/SIDRA agregado 6579,https://servicodados.ibge.gov.br/api/v3/agregados/6579/periodos/-3/variaveis/9324?localidades=N6[N3[29]],2026-10-05
2903300,9324,População residente estimada,Pessoas,2026,5909,Barro Preto,BA,IBGE/SIDRA agregado 6579,https://servicodados.ibge.gov.br/api/v3/agregados/6579/periodos/-3/variaveis/9324?localidades=N6[N3[29]],2026-10-05
2903409,9324,População residente estimada,Pessoas,2024,20567,Belmonte,BA,IBGE/SIDRA agregado 6579,https://servicodados.ibge.gov.br/api/v3/agregados/6579/periodos/-3/variaveis/9324?localidades=N6[N3[29]],2026-10-05
2903409,9324,População residente estimada,Pessoas,2025,20527,Belmonte,BA,IBGE/SIDRA agregado 6579,https://servicodados.ibge.gov.br/api/v3/agregados/6579/periodos/-3/variaveis/9324?localidades=N6[N3[29]],2026-10-05
2903409,9324,População residente estimada,Pessoas,2026,20490,Belmonte,BA,IBGE/SIDRA agregado 6579,https://servicodados.ibge.gov.br/api/v3/agregados/6579/periodos/-3/variaveis/9324?localidades=N6[N3[29]],2026-10-05
2903508,9324,População residente estimada,Pessoas,2024,19042,Belo Campo,BA,IBGE/SIDRA agregado 6579,https://servicodados.ibge.gov.br/api/v3/agregados/6579/periodos/-3/variaveis/9324?localidades=N6[N3[29]],2026-10-05
2903508,9324,População residente estimada,Pessoas,2025,19074,Belo Campo,BA,IBGE/SIDRA agregado 6579,https://servicodados.ibge.gov.br/api/v3/agregados/6579/periodos/-3/variaveis/9324?localidades=N6[N3[29]],2026-10-05
2903508,9324,População residente estimada,Pessoas,2026,19104,Belo Campo,BA,IBGE/SIDRA agregado 6579,https://servicodados.ibge.gov.br/api/v3/agregados/6579/periodos/-3/variaveis/9324?localidades=N6[N3[29]],2026-10-05
2903607,9324,População residente estimada,Pessoas,2024,15606,Biritinga,BA,IBGE/SIDRA agregado 6579,https://servicodados.ibge.gov.br/api/v3/agregados/6579/periodos/-3/variaveis/9324?localidades=N6[N3[29]],2026-10-05
2903607,9324,População residente estimada,Pessoas,2025,15603,Biritinga,BA,IBGE/SIDRA agregado 6579,https://servicodados.ibge.gov.br/api/v3/agregados/6579/periodos/-3/variaveis/9324?localidades=N6[N3[29]],2026-10-05
2903607,9324,População residente estimada,Pessoas,2026,15599,Biritinga,BA,IBGE/SIDRA agregado 6579,https://servicodados.ibge.gov.br/api/v3/agregados/6579/periodos/-3/variaveis/9324?localidades=N6[N3[29]],2026-10-05
2903706,9324,População residente estimada,Pessoas,2024,14052,Boa Nova,BA,IBGE/SIDRA agregado 6579,https://servicodados.ibge.gov.br/api/v3/agregados/6579/periodos/-3/variaveis/9324?localidades=N6[N3[29]],2026-10-05
2903706,9324,População residente estimada,Pessoas,2025,14008,Boa Nova,BA,IBGE/SIDRA agregado 6579,https://servicodados.ibge.gov.br/api/v3/agregados/6579/periodos/-3/variaveis/9324?localidades=N6[N3[29]],2026-10-05
2903706,9324,População residente estimada,Pessoas,2026,13587,Boa Nova,BA,IBGE/SIDRA agregado 6579,https://servicodados.ibge.gov.br/api/v3/agregados/6579/periodos/-3/variaveis/9324?localidades=N6[N3[29]],2026-10-05
2903805,9324,População residente estimada,Pessoas,2024,17307,Boa Vista do Tupim,BA,IBGE/SIDRA agregado 6579,https://servicodados.ibge.gov.br/api/v3/agregados/6579/periodos/-3/variaveis/9324?localidades=N6[N3[29]],2026-10-05
2903805,9324,População residente estimada,Pessoas,2025,17262,Boa Vista do Tupim,BA,IBGE/SIDRA agregado 6579,https://servicodados.ibge.gov.br/api/v3/agregados/6579/periodos/-3/variaveis/9324?localidades=N6[N3[29]],2026-10-05
2903805,9324,População residente estimada,Pessoas,2026,17221,Boa Vista do Tupim,BA,IBGE/SIDRA agregado 6579,https://servicodados.ibge.gov.br/api/v3/agregados/6579/periodos/-3/variaveis/9324?localidades=N6[N3[29]],2026-10-05
2903904,9324,População residente estimada,Pessoas,2024,68704,Bom Jesus da Lapa,BA,IBGE/SIDRA agregado 6579,https://servicodados.ibge.gov.br/api/v3/agregados/6579/periodos/-3/variaveis/9324?localidades=N6[N3[29]],2026-10-05
2903904,9324,População residente estimada,Pessoas,2025,68866,Bom Jesus da Lapa,BA,IBGE/SIDRA agregado 6579,https://servicodados.ibge.gov.br/api/v3/agregados/6579/periodos/-3/variaveis/9324?localidades=N6[N3[29]],2026-10-05
2903904,9324,População residente estimada,Pessoas,2026,68869,Bom Jesus da Lapa,BA,IBGE/SIDRA agregado 6579,https://servicodados.ibge.gov.br/api/v3/agregados/6579/periodos/-3/variaveis/9324?localidades=N6[N3[29]],2026-10-05
2903953,9324,População residente estimada,Pessoas,2024,10028,Bom Jesus da Serra,BA,IBGE/SIDRA agregado 6579,https://servicodados.ibge.gov.br/api/v3/agregados/6579/periodos/-3/variaveis/9324?localidades=N6[N3[29]],2026-10-05
2903953,9324,População residente estimada,Pessoas,2025,10018,Bom Jesus da Serra,BA,IBGE/SIDRA agregado 6579,https://servicodados.ibge.gov.br/api/v3/agregados/6579/periodos/-3/variaveis/9324?localidades=N6[N3[29]],2026-10-05
2903953,9324,População residente estimada,Pessoas,2026,10010,Bom Jesus da Serra,BA,IBGE/SIDRA agregado 6579,https://servicodados.ibge.gov.br/api/v3/agregados/6579/periodos/-3/variaveis/9324?localidades=N6[N3[29]],2026-10-05
2904001,9324,População residente estimada,Pessoas,2024,14104,Boninal,BA,IBGE/SIDRA agregado 6579,https://servicodados.ibge.gov.br/api/v3/agregados/6579/periodos/-3/variaveis/9324?localidades=N6[N3[29]],2026-10-05
2904001,9324,População residente estimada,Pessoas,2025,14125,Boninal,BA,IBGE/SIDRA agregado 6579,https://servicodados.ibge.gov.br/api/v3/agregados/6579/periodos/-3/variaveis/9324?localidades=N6[N3[29]],2026-10-05
2904001,9324,População residente estimada,Pessoas,2026,14143,Boninal,BA,IBGE/SIDRA agregado 6579,https://servicodados.ibge.gov.br/api/v3/agregados/6579/periodos/-3/variaveis/9324?localidades=N6[N3[29]],2026-10-05
2904050,9324,População residente estimada,Pessoas,2024,16393,Bonito,BA,IBGE/SIDRA agregado 6579,https://servicodados.ibge.gov.br/api/v3/agregados/6579/periodos/-3/variaveis/9324?localidades=N6[N3[29]],2026-10-05
2904050,9324,População residente estimada,Pessoas,2025,16425,Bonito,BA,IBGE/SIDRA agregado 6579,https://servicodados.ibge.gov.br/api/v3/agregados/6579/periodos/-3/variaveis/9324?localidades=N6[N3[29]],2026-10-05
2904050,9324,População residente estimada,Pessoas,2026,16453,Bonito,BA,IBGE/SIDRA agregado 6579,https://servicodados.ibge.gov.br/api/v3/agregados/6579/periodos/-3/variaveis/9324?localidades=N6[N3[29]],2026-10-05
2904100,9324,População residente estimada,Pessoas,2024,19829,Boquira,BA,IBGE/SIDRA agregado 6579,https://servicodados.ibge.gov.br/api/v3/agregados/6579/periodos/-3/variaveis/9324?localidades=N6[N3[29]],2026-10-05
2904100,9324,População residente estimada,Pessoas,2025,19782,Boquira,BA,IBGE/SIDRA agregado 6579,https://servicodados.ibge.gov.br/api/v3/agregados/6579/periodos/-3/variaveis/9324?localidades=N6[N3[29]],2026-10-05
2904100,9324,População residente estimada,Pessoas,2026,19723,Boquira,BA,IBGE/SIDRA agregado 6579,https://servicodados.ibge.gov.br/api/v3/agregados/6579/periodos/-3/variaveis/9324?localidades=N6[N3[29]],2026-10-05
2904209,9324,População residente estimada,Pessoas,2024,11411,Botuporã,BA,IBGE/SIDRA agregado 6579,https://servicodados.ibge.gov.br/api/v3/agregados/6579/periodos/-3/variaveis/9324?localidades=N6[N3[29]],2026-10-05
2904209,9324,População residente estimada,Pessoas,2025,11427,Botuporã,BA,IBGE/SIDRA agregado 6579,https://servicodados.ibge.gov.br/api/v3/agregados/6579/periodos/-3/variaveis/9324?localidades=N6[N3[29]],2026-10-05
2904209,9324,População residente estimada,Pessoas,2026,11443,Botuporã,BA,IBGE/SIDRA agregado 6579,https://servicodados.ibge.gov.br/api/v3/agregados/6579/periodos/-3/variaveis/9324?localidades=N6[N3[29]],2026-10-05
2904308,9324,População residente estimada,Pessoas,2024,13272,Brejões,BA,IBGE/SIDRA agregado 6579,https://servicodados.ibge.gov.br/api/v3/agregados/6579/periodos/-3/variaveis/9324?localidades=N6[N3[29]],2026-10-05
2904308,9324,População residente estimada,Pessoas,2025,13224,Brejões,BA,IBGE/SIDRA agregado 6579,https://servicodados.ibge.gov.br/api/v3/agregados/6579/periodos/-3/variaveis/9324?localidades=N6[N3[29]],2026-10-05
2904308,9324,População residente estimada,Pessoas,2026,13195,Brejões,BA,IBGE/SIDRA agregado 6579,https://servicodados.ibge.gov.br/api/v3/agregados/6579/periodos/-3/variaveis/9324?localidades=N6[N3[29]],2026-10-05
2904407,9324,População residente estimada,Pessoas,2024,9377,Brejolândia,BA,IBGE/SIDRA agregado 6579,https://servicodados.ibge.gov.br/api/v3/agregados/6579/periodos/-3/variaveis/9324?localidades=N6[N3[29]],2026-10-05
2904407,9324,População residente estimada,Pessoas,2025,9363,Brejolândia,BA,IBGE/SIDRA agregado 6579,https://servicodados.ibge.gov.br/api/v3/agregados/6579/periodos/-3/variaveis/9324?localidades=N6[N3[29]],2026-10-05
2904407,9324,População residente estimada,Pessoas,2026,9344,Brejolândia,BA,IBGE/SIDRA agregado 6579,https://servicodados.ibge.gov.br/api/v3/agregados/6579/periodos/-3/variaveis/9324?localidades=N6[N3[29]],2026-10-05
2904506,9324,População residente estimada,Pessoas,2024,12169,Brotas de Macaúbas,BA,IBGE/SIDRA agregado 6579,https://servicodados.ibge.gov.br/api/v3/agregados/6579/periodos/-3/variaveis/9324?localidades=N6[N3[29]],2026-10-05
2904506,9324,População residente estimada,Pessoas,2025,12180,Brotas de Macaúbas,BA,IBGE/SIDRA agregado 6579,https://servicodados.ibge.gov.br/api/v3/agregados/6579/periodos/-3/variaveis/9324?localidades=N6[N3[29]],2026-10-05
2904506,9324,População residente estimada,Pessoas,2026,12190,Brotas de Macaúbas,BA,IBGE/SIDRA agregado 6579,https://servicodados.ibge.gov.br/api/v3/agregados/6579/periodos/-3/variaveis/9324?localidades=N6[N3[29]],2026-10-05
2904605,9324,População residente estimada,Pessoas,2024,74095,Brumado,BA,IBGE/SIDRA agregado 6579,https://servicodados.ibge.gov.br/api/v3/agregados/6579/periodos/-3/variaveis/9324?localidades=N6[N3[29]],2026-10-05
2904605,9324,População residente estimada,Pessoas,2025,74368,Brumado,BA,IBGE/SIDRA agregado 6579,https://servicodados.ibge.gov.br/api/v3/agregados/6579/periodos/-3/variaveis/9324?localidades=N6[N3[29]],2026-10-05
2904605,9324,População residente estimada,Pessoas,2026,74617,Brumado,BA,IBGE/SIDRA agregado 6579,https://servicodados.ibge.gov.br/api/v3/agregados/6579/periodos/-3/variaveis/9324?localidades=N6[N3[29]],2026-10-05
2904704,9324,População residente estimada,Pessoas,2024,15056,Buerarema,BA,IBGE/SIDRA agregado 6579,https://servicodados.ibge.gov.br/api/v3/agregados/6579/periodos/-3/variaveis/9324?localidades=N6[N3[29]],2026-10-05
2904704,9324,População residente estimada,Pessoas,2025,14950,Buerarema,BA,IBGE/SIDRA agregado 6579,https://servicodados.ibge.gov.br/api/v3/agregados/6579/periodos/-3/variaveis/9324?localidades=N6[N3[29]],2026-10-05
2904704,9324,População residente estimada,Pessoas,2026,14853,Buerarema,BA,IBGE/SIDRA agregado 6579,https://servicodados.ibge.gov.br/api/v3/agregados/6579/periodos/-3/variaveis/9324?localidades=N6[N3[29]],2026-10-05
2904753,9324,População residente estimada,Pessoas,2024,20212,Buritirama,BA,IBGE/SIDRA agregado 6579,https://servicodados.ibge.gov.br/api/v3/agregados/6579/periodos/-3/variaveis/9324?localidades=N6[N3[29]],2026-10-05
2904753,9324,População residente estimada,Pessoas,2025,20221,Buritirama,BA,IBGE/SIDRA agregado 6579,https://servicodados.ibge.gov.br/api/v3/agregados/6579/periodos/-3/variaveis/9324?localidades=N6[N3[29]],2026-10-05
2904753,9324,População residente estimada,Pessoas,2026,20230,Buritirama,BA,IBGE/SIDRA agregado 6579,https://servicodados.ibge.gov.br/api/v3/agregados/6579/periodos/-3/variaveis/9324?localidades=N6[N3[29]],2026-10-05
2904803,9324,População residente estimada,Pessoas,2024,6224,Caatiba,BA,IBGE/SIDRA agregado 6579,https://servicodados.ibge.gov.br/api/v3/agregados/6579/periodos/-3/variaveis/9324?localidades=N6[N3[29]],2026-10-05
2904803,9324,População residente estimada,Pessoas,2025,6128,Caatiba,BA,IBGE/SIDRA agregado 6579,https://servicodados.ibge.gov.br/api/v3/agregados/6579/periodos/-3/variaveis/9324?localidades=N6[N3[29]],2026-10-05
2904803,9324,População residente estimada,Pessoas,2026,6041,Caatiba,BA,IBGE/SIDRA agregado 6579,https://servicodados.ibge.gov.br/api/v3/agregados/6579/periodos/-3/variaveis/9324?localidades=N6[N3[29]],2026-10-05
2904852,9324,População residente estimada,Pessoas,2024,17039,Cabaceiras do Paraguaçu,BA,IBGE/SIDRA agregado 6579,https://servicodados.ibge.gov.br/api/v3/agregados/6579/periodos/-3/variaveis/9324?localidades=N6[N3[29]],2026-10-05
2904852,9324,População residente estimada,Pessoas,2025,17024,Cabaceiras do Paraguaçu,BA,IBGE/SIDRA agregado 6579,https://servicodados.ibge.gov.br/api/v3/agregados/6579/periodos/-3/variaveis/9324?localidades=N6[N3[29]],2026-10-05
2904852,9324,População residente estimada,Pessoas,2026,17009,Cabaceiras do Paraguaçu,BA,IBGE/SIDRA agregado 6579,https://servicodados.ibge.gov.br/api/v3/agregados/6579/periodos/-3/variaveis/9324?localidades=N6[N3[29]],2026-10-05
2904902,9324,População residente estimada,Pessoas,2024,30550,Cachoeira,BA,IBGE/SIDRA agregado 6579,https://servicodados.ibge.gov.br/api/v3/agregados/6579/periodos/-3/variaveis/9324?localidades=N6[N3[29]],2026-10-05
2904902,9324,População residente estimada,Pessoas,2025,30498,Cachoeira,BA,IBGE/SIDRA agregado 6579,https://servicodados.ibge.gov.br/api/v3/agregados/6579/periodos/-3/variaveis/9324?localidades=N6[N3[29]],2026-10-05
2904902,9324,População residente estimada,Pessoas,2026,30450,Cachoeira,BA,IBGE/SIDRA agregado 6579,https://servicodados.ibge.gov.br/api/v3/agregados/6579/periodos/-3/variaveis/9324?localidades=N6[N3[29]],2026-10-05
2905008,9324,População residente estimada,Pessoas,2024,23246,Caculé,BA,IBGE/SIDRA agregado 6579,https://servicodados.ibge.gov.br/api/v3/agregados/6579/periodos/-3/variaveis/9324?localidades=N6[N3[29]],2026-10-05
2905008,9324,População residente estimada,Pessoas,2025,23293,Caculé,BA,IBGE/SIDRA agregado 6579,https://servicodados.ibge.gov.br/api/v3/agregados/6579/periodos/-3/variaveis/9324?localidades=N6[N3[29]],2026-10-05
2905008,9324,População residente estimada,Pessoas,2026,23336,Caculé,BA,IBGE/SIDRA agregado 6579,https://servicodados.ibge.gov.br/api/v3/agregados/6579/periodos/-3/variaveis/9324?localidades=N6[N3[29]],2026-10-05
2905107,9324,População residente estimada,Pessoas,2024,10729,Caém,BA,IBGE/SIDRA agregado 6579,https://servicodados.ibge.gov.br/api/v3/agregados/6579/periodos/-3/variaveis/9324?localidades=N6[N3[29]],2026-10-05
2905107,9324,População residente estimada,Pessoas,2025,10733,Caém,BA,IBGE/SIDRA agregado 6579,https://servicodados.ibge.gov.br/api/v3/agregados/6579/periodos/-3/variaveis/9324?localidades=N6[N3[29]],2026-10-05
2905107,9324,População residente estimada,Pessoas,2026,10736,Caém,BA,IBGE/SIDRA agregado 6579,https://servicodados.ibge.gov.br/api/v3/agregados/6579/periodos/-3/variaveis/9324?localidades=N6[N3[29]],2026-10-05
2905156,9324,População residente estimada,Pessoas,2024,11500,Caetanos,BA,IBGE/SIDRA agregado 6579,https://servicodados.ibge.gov.br/api/v3/agregados/6579/periodos/-3/variaveis/9324?localidades=N6[N3[29]],2026-10-05
2905156,9324,População residente estimada,Pessoas,2025,11432,Caetanos,BA,IBGE/SIDRA agregado 6579,https://servicodados.ibge.gov.br/api/v3/agregados/6579/periodos/-3/variaveis/9324?localidades=N6[N3[29]],2026-10-05
2905156,9324,População residente estimada,Pessoas,2026,11370,Caetanos,BA,IBGE/SIDRA agregado 6579,https://servicodados.ibge.gov.br/api/v3/agregados/6579/periodos/-3/variaveis/9324?localidades=N6[N3[29]],2026-10-05
2905206,9324,População residente estimada,Pessoas,2024,54572,Caetité,BA,IBGE/SIDRA agregado 6579,https://servicodados.ibge.gov.br/api/v3/agregados/6579/periodos/-3/variaveis/9324?localidades=N6[N3[29]],2026-10-05
2905206,9324,População residente estimada,Pessoas,2025,54730,Caetité,BA,IBGE/SIDRA agregado 6579,https://servicodados.ibge.gov.br/api/v3/agregados/6579/periodos/-3/variaveis/9324?localidades=N6[N3[29]],2026-10-05
2905206,9324,População residente estimada,Pessoas,2026,54852,Caetité,BA,IBGE/SIDRA agregado 6579,https://servicodados.ibge.gov.br/api/v3/agregados/6579/periodos/-3/variaveis/9324?localidades=N6[N3[29]],2026-10-05
2905305,9324,População residente estimada,Pessoas,2024,18039,Cafarnaum,BA,IBGE/SIDRA agregado 6579,https://servicodados.ibge.gov.br/api/v3/agregados/6579/periodos/-3/variaveis/9324?localidades=N6[N3[29]],2026-10-05
2905305,9324,População residente estimada,Pessoas,2025,18057,Cafarnaum,BA,IBGE/SIDRA agregado 6579,https://servicodados.ibge.gov.br/api/v3/agregados/6579/periodos/-3/variaveis/9324?localidades=N6[N3[29]],2026-10-05
2905305,9324,População residente estimada,Pessoas,2026,18073,Cafarnaum,BA,IBGE/SIDRA agregado 6579,https://servicodados.ibge.gov.br/api/v3/agregados/6579/periodos/-3/variaveis/9324?localidades=N6[N3[29]],2026-10-05
2905404,9324,População residente estimada,Pessoas,2024,18486,Cairu,BA,IBGE/SIDRA agregado 6579,https://servicodados.ibge.gov.br/api/v3/agregados/6579/periodos/-3/variaveis/9324?localidades=N6[N3[29]],2026-10-05
2905404,9324,População residente estimada,Pessoas,2025,18578,Cairu,BA,IBGE/SIDRA agregado 6579,https://servicodados.ibge.gov.br/api/v3/agregados/6579/periodos/-3/variaveis/9324?localidades=N6[N3[29]],2026-10-05
2905404,9324,População residente estimada,Pessoas,2026,18662,Cairu,BA,IBGE/SIDRA agregado 6579,https://servicodados.ibge.gov.br/api/v3/agregados/6579/periodos/-3/variaveis/9324?localidades=N6[N3[29]],2026-10-05
2905503,9324,População residente estimada,Pessoas,2024,13566,Caldeirão Grande,BA,IBGE/SIDRA agregado 6579,https://servicodados.ibge.gov.br/api/v3/agregados/6579/periodos/-3/variaveis/9324?localidades=N6[N3[29]],2026-10-05
2905503,9324,População residente estimada,Pessoas,2025,13597,Caldeirão Grande,BA,IBGE/SIDRA agregado 6579,https://servicodados.ibge.gov.br/api/v3/agregados/6579/periodos/-3/variaveis/9324?localidades=N6[N3[29]],2026-10-05
2905503,9324,População residente estimada,Pessoas,2026,13626,Caldeirão Grande,BA,IBGE/SIDRA agregado 6579,https://servicodados.ibge.gov.br/api/v3/agregados/6579/periodos/-3/variaveis/9324?localidades=N6[N3[29]],2026-10-05
2905602,9324,População residente estimada,Pessoas,2024,22756,Camacan,BA,IBGE/SIDRA agregado 6579,https://servicodados.ibge.gov.br/api/v3/agregados/6579/periodos/-3/variaveis/9324?localidades=N6[N3[29]],2026-10-05
2905602,9324,População residente estimada,Pessoas,2025,22485,Camacan,BA,IBGE/SIDRA agregado 6579,https://servicodados.ibge.gov.br/api/v3/agregados/6579/periodos/-3/variaveis/9324?localidades=N6[N3[29]],2026-10-05
2905602,9324,População residente estimada,Pessoas,2026,22239,Camacan,BA,IBGE/SIDRA agregado 6579,https://servicodados.ibge.gov.br/api/v3/agregados/6579/periodos/-3/variaveis/9324?localidades=N6[N3[29]],2026-10-05
2905701,9324,População residente estimada,Pessoas,2024,319394,Camaçari,BA,IBGE/SIDRA agregado 6579,https://servicodados.ibge.gov.br/api/v3/agregados/6579/periodos/-3/variaveis/9324?localidades=N6[N3[29]],2026-10-05
2905701,9324,População residente estimada,Pessoas,2025,321636,Camaçari,BA,IBGE/SIDRA agregado 6579,https://servicodados.ibge.gov.br/api/v3/agregados/6579/periodos/-3/variaveis/9324?localidades=N6[N3[29]],2026-10-05
2905701,9324,População residente estimada,Pessoas,2026,323676,Camaçari,BA,IBGE/SIDRA agregado 6579,https://servicodados.ibge.gov.br/api/v3/agregados/6579/periodos/-3/variaveis/9324?localidades=N6[N3[29]],2026-10-05
2905800,9324,População residente estimada,Pessoas,2024,31775,Camamu,BA,IBGE/SIDRA agregado 6579,https://servicodados.ibge.gov.br/api/v3/agregados/6579/periodos/-3/variaveis/9324?localidades=N6[N3[29]],2026-10-05
2905800,9324,População residente estimada,Pessoas,2025,31694,Camamu,BA,IBGE/SIDRA agregado 6579,https://servicodados.ibge.gov.br/api/v3/agregados/6579/periodos/-3/variaveis/9324?localidades=N6[N3[29]],2026-10-05
2905800,9324,População residente estimada,Pessoas,2026,31621,Camamu,BA,IBGE/SIDRA agregado 6579,https://servicodados.ibge.gov.br/api/v3/agregados/6579/periodos/-3/variaveis/9324?localidades=N6[N3[29]],2026-10-05
2905909,9324,População residente estimada,Pessoas,2024,32377,Campo Alegre de Lourdes,BA,IBGE/SIDRA agregado 6579,https://servicodados.ibge.gov.br/api/v3/agregados/6579/periodos/-3/variaveis/9324?localidades=N6[N3[29]],2026-10-05
2905909,9324,População residente estimada,Pessoas,2025,32500,Campo Alegre de Lourdes,BA,IBGE/SIDRA agregado 6579,https://servicodados.ibge.gov.br/api/v3/agregados/6579/periodos/-3/variaveis/9324?localidades=N6[N3[29]],2026-10-05
2905909,9324,População residente estimada,Pessoas,2026,32613,Campo Alegre de Lourdes,BA,IBGE/SIDRA agregado 6579,https://servicodados.ibge.gov.br/api/v3/agregados/6579/periodos/-3/variaveis/9324?localidades=N6[N3[29]],2026-10-05
2906006,9324,População residente estimada,Pessoas,2024,74894,Campo Formoso,BA,IBGE/SIDRA agregado 6579,https://servicodados.ibge.gov.br/api/v3/agregados/6579/periodos/-3/variaveis/9324?localidades=N6[N3[29]],2026-10-05
2906006,9324,População residente estimada,Pessoas,2025,75112,Campo Formoso,BA,IBGE/SIDRA agregado 6579,https://servicodados.ibge.gov.br/api/v3/agregados/6579/periodos/-3/variaveis/9324?localidades=N6[N3[29]],2026-10-05
2906006,9324,População residente estimada,Pessoas,2026,75311,Campo Formoso,BA,IBGE/SIDRA agregado 6579,https://servicodados.ibge.gov.br/api/v3/agregados/6579/periodos/-3/variaveis/9324?localidades=N6[N3[29]],2026-10-05
2906105,9324,População residente estimada,Pessoas,2024,10612,Canápolis,BA,IBGE/SIDRA agregado 6579,https://servicodados.ibge.gov.br/api/v3/agregados/6579/periodos/-3/variaveis/9324?localidades=N6[N3[29]],2026-10-05
2906105,9324,População residente estimada,Pessoas,2025,10641,Canápolis,BA,IBGE/SIDRA agregado 6579,https://servicodados.ibge.gov.br/api/v3/agregados/6579/periodos/-3/variaveis/9324?localidades=N6[N3[29]],2026-10-05
2906105,9324,População residente estimada,Pessoas,2026,10668,Canápolis,BA,IBGE/SIDRA agregado 6579,https://servicodados.ibge.gov.br/api/v3/agregados/6579/periodos/-3/variaveis/9324?localidades=N6[N3[29]],2026-10-05
2906204,9324,População residente estimada,Pessoas,2024,24989,Canarana,BA,IBGE/SIDRA agregado 6579,https://servicodados.ibge.gov.br/api/v3/agregados/6579/periodos/-3/variaveis/9324?localidades=N6[N3[29]],2026-10-05
2906204,9324,População residente estimada,Pessoas,2025,25007,Canarana,BA,IBGE/SIDRA agregado 6579,https://servicodados.ibge.gov.br/api/v3/agregados/6579/periodos/-3/variaveis/9324?localidades=N6[N3[29]],2026-10-05
2906204,9324,População residente estimada,Pessoas,2026,25024,Canarana,BA,IBGE/SIDRA agregado 6579,https://servicodados.ibge.gov.br/api/v3/agregados/6579/periodos/-3/variaveis/9324?localidades=N6[N3[29]],2026-10-05
2906303,9324,População residente estimada,Pessoas,2024,34343,Canavieiras,BA,IBGE/SIDRA agregado 6579,https://servicodados.ibge.gov.br/api/v3/agregados/6579/periodos/-3/variaveis/9324?localidades=N6[N3[29]],2026-10-05
2906303,9324,População residente estimada,Pessoas,2025,34392,Canavieiras,BA,IBGE/SIDRA agregado 6579,https://servicodados.ibge.gov.br/api/v3/agregados/6579/periodos/-3/variaveis/9324?localidades=N6[N3[29]],2026-10-05
2906303,9324,População residente estimada,Pessoas,2026,34437,Canavieiras,BA,IBGE/SIDRA agregado 6579,https://servicodados.ibge.gov.br/api/v3/agregados/6579/periodos/-3/variaveis/9324?localidades=N6[N3[29]],2026-10-05
2906402,9324,População residente estimada,Pessoas,2024,7969,Candeal,BA,IBGE/SIDRA agregado 6579,https://servicodados.ibge.gov.br/api/v3/agregados/6579/periodos/-3/variaveis/9324?localidades=N6[N3[29]],2026-10-05
2906402,9324,População residente estimada,Pessoas,2025,7940,Candeal,BA,IBGE/SIDRA agregado 6579,https://servicodados.ibge.gov.br/api/v3/agregados/6579/periodos/-3/variaveis/9324?localidades=N6[N3[29]],2026-10-05
2906402,9324,População residente estimada,Pessoas,2026,7914,Candeal,BA,IBGE/SIDRA agregado 6579,https://servicodados.ibge.gov.br/api/v3/agregados/6579/periodos/-3/variaveis/9324?localidades=N6[N3[29]],2026-10-05
2906501,9324,População residente estimada,Pessoas,2024,75083,Candeias,BA,IBGE/SIDRA agregado 6579,https://servicodados.ibge.gov.br/api/v3/agregados/6579/periodos/-3/variaveis/9324?localidades=N6[N3[29]],2026-10-05
2906501,9324,População residente estimada,Pessoas,2025,74854,Candeias,BA,IBGE/SIDRA agregado 6579,https://servicodados.ibge.gov.br/api/v3/agregados/6579/periodos/-3/variaveis/9324?localidades=N6[N3[29]],2026-10-05
2906501,9324,População residente estimada,Pessoas,2026,74645,Candeias,BA,IBGE/SIDRA agregado 6579,https://servicodados.ibge.gov.br/api/v3/agregados/6579/periodos/-3/variaveis/9324?localidades=N6[N3[29]],2026-10-05
2906600,9324,População residente estimada,Pessoas,2024,13425,Candiba,BA,IBGE/SIDRA agregado 6579,https://servicodados.ibge.gov.br/api/v3/agregados/6579/periodos/-3/variaveis/9324?localidades=N6[N3[29]],2026-10-05
2906600,9324,População residente estimada,Pessoas,2025,13417,Candiba,BA,IBGE/SIDRA agregado 6579,https://servicodados.ibge.gov.br/api/v3/agregados/6579/periodos/-3/variaveis/9324?localidades=N6[N3[29]],2026-10-05
2906600,9324,População residente estimada,Pessoas,2026,13410,Candiba,BA,IBGE/SIDRA agregado 6579,https://servicodados.ibge.gov.br/api/v3/agregados/6579/periodos/-3/variaveis/9324?localidades=N6[N3[29]],2026-10-05
2906709,9324,População residente estimada,Pessoas,2024,26465,Cândido Sales,BA,IBGE/SIDRA agregado 6579,https://servicodados.ibge.gov.br/api/v3/agregados/6579/periodos/-3/variaveis/9324?localidades=N6[N3[29]],2026-10-05
2906709,9324,População residente estimada,Pessoas,2025,26469,Cândido Sales,BA,IBGE/SIDRA agregado 6579,https://servicodados.ibge.gov.br/api/v3/agregados/6579/periodos/-3/variaveis/9324?localidades=N6[N3[29]],2026-10-05
2906709,9324,População residente estimada,Pessoas,2026,26472,Cândido Sales,BA,IBGE/SIDRA agregado 6579,https://servicodados.ibge.gov.br/api/v3/agregados/6579/periodos/-3/variaveis/9324?localidades=N6[N3[29]],2026-10-05
2906808,9324,População residente estimada,Pessoas,2024,39556,Cansanção,BA,IBGE/SIDRA agregado 6579,https://servicodados.ibge.gov.br/api/v3/agregados/6579/periodos/-3/variaveis/9324?localidades=N6[N3[29]],2026-10-05
2906808,9324,População residente estimada,Pessoas,2025,39725,Cansanção,BA,IBGE/SIDRA agregado 6579,https://servicodados.ibge.gov.br/api/v3/agregados/6579/periodos/-3/variaveis/9324?localidades=N6[N3[29]],2026-10-05
2906808,9324,População residente estimada,Pessoas,2026,39878,Cansanção,BA,IBGE/SIDRA agregado 6579,https://servicodados.ibge.gov.br/api/v3/agregados/6579/periodos/-3/variaveis/9324?localidades=N6[N3[29]],2026-10-05
2906824,9324,População residente estimada,Pessoas,2024,16662,Canudos,BA,IBGE/SIDRA agregado 6579,https://servicodados.ibge.gov.br/api/v3/agregados/6579/periodos/-3/variaveis/9324?localidades=N6[N3[29]],2026-10-05
2906824,9324,População residente estimada,Pessoas,2025,16693,Canudos,BA,IBGE/SIDRA agregado 6579,https://servicodados.ibge.gov.br/api/v3/agregados/6579/periodos/-3/variaveis/9324?localidades=N6[N3[29]],2026-10-05
2906824,9324,População residente estimada,Pessoas,2026,16722,Canudos,BA,IBGE/SIDRA agregado 6579,https://servicodados.ibge.gov.br/api/v3/agregados/6579/periodos/-3/variaveis/9324?localidades=N6[N3[29]],2026-10-05
2906857,9324,População residente estimada,Pessoas,2024,11055,Capela do Alto Alegre,BA,IBGE/SIDRA agregado 6579,https://servicodados.ibge.gov.br/api/v3/agregados/6579/periodos/-3/variaveis/9324?localidades=N6[N3[29]],2026-10-05
2906857,9324,População residente estimada,Pessoas,2025,11035,Capela do Alto Alegre,BA,IBGE/SIDRA agregado 6579,https://servicodados.ibge.gov.br/api/v3/agregados/6579/periodos/-3/variaveis/9324?localidades=N6[N3[29]],2026-10-05
2906857,9324,População residente estimada,Pessoas,2026,11016,Capela do Alto Alegre,BA,IBGE/SIDRA agregado 6579,https://servicodados.ibge.gov.br/api/v3/agregados/6579/periodos/-3/variaveis/9324?localidades=N6[N3[29]],2026-10-05
2906873,9324,População residente estimada,Pessoas,2024,35228,Capim Grosso,BA,IBGE/SIDRA agregado 6579,https://servicodados.ibge.gov.br/api/v3/agregados/6579/periodos/-3/variaveis/9324?localidades=N6[N3[29]],2026-10-05
2906873,9324,População residente estimada,Pessoas,2025,35437,Capim Grosso,BA,IBGE/SIDRA agregado 6579,https://servicodados.ibge.gov.br/api/v3/agregados/6579/periodos/-3/variaveis/9324?localidades=N6[N3[29]],2026-10-05
2906873,9324,População residente estimada,Pessoas,2026,35627,Capim Grosso,BA,IBGE/SIDRA agregado 6579,https://servicodados.ibge.gov.br/api/v3/agregados/6579/periodos/-3/variaveis/9324?localidades=N6[N3[29]],2026-10-05
2906899,9324,População residente estimada,Pessoas,2024,10260,Caraíbas,BA,IBGE/SIDRA agregado 6579,https://servicodados.ibge.gov.br/api/v3/agregados/6579/periodos/-3/variaveis/9324?localidades=N6[N3[29]],2026-10-05
2906899,9324,População residente estimada,Pessoas,2025,10259,Caraíbas,BA,IBGE/SIDRA agregado 6579,https://servicodados.ibge.gov.br/api/v3/agregados/6579/periodos/-3/variaveis/9324?localidades=N6[N3[29]],2026-10-05
2906899,9324,População residente estimada,Pessoas,2026,10258,Caraíbas,BA,IBGE/SIDRA agregado 6579,https://servicodados.ibge.gov.br/api/v3/agregados/6579/periodos/-3/variaveis/9324?localidades=N6[N3[29]],2026-10-05
2906907,9324,População residente estimada,Pessoas,2024,21229,Caravelas,BA,IBGE/SIDRA agregado 6579,https://servicodados.ibge.gov.br/api/v3/agregados/6579/periodos/-3/variaveis/9324?localidades=N6[N3[29]],2026-10-05
2906907,9324,População residente estimada,Pessoas,2025,21384,Caravelas,BA,IBGE/SIDRA agregado 6579,https://servicodados.ibge.gov.br/api/v3/agregados/6579/periodos/-3/variaveis/9324?localidades=N6[N3[29]],2026-10-05
2906907,9324,População residente estimada,Pessoas,2026,21719,Caravelas,BA,IBGE/SIDRA agregado 6579,https://servicodados.ibge.gov.br/api/v3/agregados/6579/periodos/-3/variaveis/9324?localidades=N6[N3[29]],2026-10-05
2907004,9324,População residente estimada,Pessoas,2024,8634,Cardeal da Silva,BA,IBGE/SIDRA agregado 6579,https://servicodados.ibge.gov.br/api/v3/agregados/6579/periodos/-3/variaveis/9324?localidades=N6[N3[29]],2026-10-05
2907004,9324,População residente estimada,Pessoas,2025,8633,Cardeal da Silva,BA,IBGE/SIDRA agregado 6579,https://servicodados.ibge.gov.br/api/v3/agregados/6579/periodos/-3/variaveis/9324?localidades=N6[N3[29]],2026-10-05
2907004,9324,População residente estimada,Pessoas,2026,8632,Cardeal da Silva,BA,IBGE/SIDRA agregado 6579,https://servicodados.ibge.gov.br/api/v3/agregados/6579/periodos/-3/variaveis/9324?localidades=N6[N3[29]],2026-10-05
2907103,9324,População residente estimada,Pessoas,2024,30375,Carinhanha,BA,IBGE/SIDRA agregado 6579,https://servicodados.ibge.gov.br/api/v3/agregados/6579/periodos/-3/variaveis/9324?localidades=N6[N3[29]],2026-10-05
2907103,9324,População residente estimada,Pessoas,2025,30439,Carinhanha,BA,IBGE/SIDRA agregado 6579,https://servicodados.ibge.gov.br/api/v3/agregados/6579/periodos/-3/variaveis/9324?localidades=N6[N3[29]],2026-10-05
2907103,9324,População residente estimada,Pessoas,2026,30498,Carinhanha,BA,IBGE/SIDRA agregado 6579,https://servicodados.ibge.gov.br/api/v3/agregados/6579/periodos/-3/variaveis/9324?localidades=N6[N3[29]],2026-10-05
2907202,9324,População residente estimada,Pessoas,2024,75815,Casa Nova,BA,IBGE/SIDRA agregado 6579,https://servicodados.ibge.gov.br/api/v3/agregados/6579/periodos/-3/variaveis/9324?localidades=N6[N3[29]],2026-10-05
2907202,9324,População residente estimada,Pessoas,2025,76131,Casa Nova,BA,IBGE/SIDRA agregado 6579,https://servicodados.ibge.gov.br/api/v3/agregados/6579/periodos/-3/variaveis/9324?localidades=N6[N3[29]],2026-10-05
2907202,9324,População residente estimada,Pessoas,2026,76416,Casa Nova,BA,IBGE/SIDRA agregado 6579,https://servicodados.ibge.gov.br/api/v3/agregados/6579/periodos/-3/variaveis/9324?localidades=N6[N3[29]],2026-10-05
2907301,9324,População residente estimada,Pessoas,2024,25471,Castro Alves,BA,IBGE/SIDRA agregado 6579,https://servicodados.ibge.gov.br/api/v3/agregados/6579/periodos/-3/variaveis/9324?localidades=N6[N3[29]],2026-10-05
2907301,9324,População residente estimada,Pessoas,2025,25470,Castro Alves,BA,IBGE/SIDRA agregado 6579,https://servicodados.ibge.gov.br/api/v3/agregados/6579/periodos/-3/variaveis/9324?localidades=N6[N3[29]],2026-10-05
2907301,9324,População residente estimada,Pessoas,2026,25468,Castro Alves,BA,IBGE/SIDRA agregado 6579,https://servicodados.ibge.gov.br/api/v3/agregados/6579/periodos/-3/variaveis/9324?localidades=N6[N3[29]],2026-10-05
2907400,9324,População residente estimada,Pessoas,2024,3560,Catolândia,BA,IBGE/SIDRA agregado 6579,https://servicodados.ibge.gov.br/api/v3/agregados/6579/periodos/-3/variaveis/9324?localidades=N6[N3[29]],2026-10-05
2907400,9324,População residente estimada,Pessoas,2025,3567,Catolândia,BA,IBGE/SIDRA agregado 6579,https://servicodados.ibge.gov.br/api/v3/agregados/6579/periodos/-3/variaveis/9324?localidades=N6[N3[29]],2026-10-05
2907400,9324,População residente estimada,Pessoas,2026,3566,Catolândia,BA,IBGE/SIDRA agregado 6579,https://servicodados.ibge.gov.br/api/v3/agregados/6579/periodos/-3/variaveis/9324?localidades=N6[N3[29]],2026-10-05
2907509,9324,População residente estimada,Pessoas,2024,50153,Catu,BA,IBGE/SIDRA agregado 6579,https://servicodados.ibge.gov.br/api/v3/agregados/6579/periodos/-3/variaveis/9324?localidades=N6[N3[29]],2026-10-05
2907509,9324,População residente estimada,Pessoas,2025,50109,Catu,BA,IBGE/SIDRA agregado 6579,https://servicodados.ibge.gov.br/api/v3/agregados/6579/periodos/-3/variaveis/9324?localidades=N6[N3[29]],2026-10-05
2907509,9324,População residente estimada,Pessoas,2026,50068,Catu,BA,IBGE/SIDRA agregado 6579,https://servicodados.ibge.gov.br/api/v3/agregados/6579/periodos/-3/variaveis/9324?localidades=N6[N3[29]],2026-10-05
2907558,9324,População residente estimada,Pessoas,2024,9115,Caturama,BA,IBGE/SIDRA agregado 6579,https://servicodados.ibge.gov.br/api/v3/agregados/6579/periodos/-3/variaveis/9324?localidades=N6[N3[29]],2026-10-05
2907558,9324,População residente estimada,Pessoas,2025,9108,Caturama,BA,IBGE/SIDRA agregado 6579,https://servicodados.ibge.gov.br/api/v3/agregados/6579/periodos/-3/variaveis/9324?localidades=N6[N3[29]],2026-10-05
2907558,9324,População residente estimada,Pessoas,2026,9127,Caturama,BA,IBGE/SIDRA agregado 6579,https://servicodados.ibge.gov.br/api/v3/agregados/6579/periodos/-3/variaveis/9324?localidades=N6[N3[29]],2026-10-05
2907608,9324,População residente estimada,Pessoas,2024,16849,Central,BA,IBGE/SIDRA agregado 6579,https://servicodados.ibge.gov.br/api/v3/agregados/6579/periodos/-3/variaveis/9324?localidades=N6[N3[29]],2026-10-05
2907608,9324,População residente estimada,Pessoas,2025,16847,Central,BA,IBGE/SIDRA agregado 6579,https://servicodados.ibge.gov.br/api/v3/agregados/6579/periodos/-3/variaveis/9324?localidades=N6[N3[29]],2026-10-05
2907608,9324,População residente estimada,Pessoas,2026,16844,Central,BA,IBGE/SIDRA agregado 6579,https://servicodados.ibge.gov.br/api/v3/agregados/6579/periodos/-3/variaveis/9324?localidades=N6[N3[29]],2026-10-05
2907707,9324,População residente estimada,Pessoas,2024,10929,Chorrochó,BA,IBGE/SIDRA agregado 6579,https://servicodados.ibge.gov.br/api/v3/agregados/6579/periodos/-3/variaveis/9324?localidades=N6[N3[29]],2026-10-05
2907707,9324,População residente estimada,Pessoas,2025,10933,Chorrochó,BA,IBGE/SIDRA agregado 6579,https://servicodados.ibge.gov.br/api/v3/agregados/6579/periodos/-3/variaveis/9324?localidades=N6[N3[29]],2026-10-05
2907707,9324,População residente estimada,Pessoas,2026,10932,Chorrochó,BA,IBGE/SIDRA agregado 6579,https://servicodados.ibge.gov.br/api/v3/agregados/6579/periodos/-3/variaveis/9324?localidades=N6[N3[29]],2026-10-05
2907806,9324,População residente estimada,Pessoas,2024,32268,Cícero Dantas,BA,IBGE/SIDRA agregado 6579,https://servicodados.ibge.gov.br/api/v3/agregados/6579/periodos/-3/variaveis/9324?localidades=N6[N3[29]],2026-10-05
2907806,9324,População residente estimada,Pessoas,2025,32292,Cícero Dantas,BA,IBGE/SIDRA agregado 6579,https://servicodados.ibge.gov.br/api/v3/agregados/6579/periodos/-3/variaveis/9324?localidades=N6[N3[29]],2026-10-05
2907806,9324,População residente estimada,Pessoas,2026,32314,Cícero Dantas,BA,IBGE/SIDRA agregado 6579,https://servicodados.ibge.gov.br/api/v3/agregados/6579/periodos/-3/variaveis/9324?localidades=N6[N3[29]],2026-10-05
2907905,9324,População residente estimada,Pessoas,2024,17836,Cipó,BA,IBGE/SIDRA agregado 6579,https://servicodados.ibge.gov.br/api/v3/agregados/6579/periodos/-3/variaveis/9324?localidades=N6[N3[29]],2026-10-05
2907905,9324,População residente estimada,Pessoas,2025,17875,Cipó,BA,IBGE/SIDRA agregado 6579,https://servicodados.ibge.gov.br/api/v3/agregados/6579/periodos/-3/variaveis/9324?localidades=N6[N3[29]],2026-10-05
2907905,9324,População residente estimada,Pessoas,2026,17910,Cipó,BA,IBGE/SIDRA agregado 6579,https://servicodados.ibge.gov.br/api/v3/agregados/6579/periodos/-3/variaveis/9324?localidades=N6[N3[29]],2026-10-05
2908002,9324,População residente estimada,Pessoas,2024,17663,Coaraci,BA,IBGE/SIDRA agregado 6579,https://servicodados.ibge.gov.br/api/v3/agregados/6579/periodos/-3/variaveis/9324?localidades=N6[N3[29]],2026-10-05
2908002,9324,População residente estimada,Pessoas,2025,17557,Coaraci,BA,IBGE/SIDRA agregado 6579,https://servicodados.ibge.gov.br/api/v3/agregados/6579/periodos/-3/variaveis/9324?localidades=N6[N3[29]],2026-10-05
2908002,9324,População residente estimada,Pessoas,2026,17460,Coaraci,BA,IBGE/SIDRA agregado 6579,https://servicodados.ibge.gov.br/api/v3/agregados/6579/periodos/-3/variaveis/9324?localidades=N6[N3[29]],2026-10-05
2908101,9324,População residente estimada,Pessoas,2024,19817,Cocos,BA,IBGE/SIDRA agregado 6579,https://servicodados.ibge.gov.br/api/v3/agregados/6579/periodos/-3/variaveis/9324?localidades=N6[N3[29]],2026-10-05
2908101,9324,População residente estimada,Pessoas,2025,19865,Cocos,BA,IBGE/SIDRA agregado 6579,https://servicodados.ibge.gov.br/api/v3/agregados/6579/periodos/-3/variaveis/9324?localidades=N6[N3[29]],2026-10-05
2908101,9324,População residente estimada,Pessoas,2026,19926,Cocos,BA,IBGE/SIDRA agregado 6579,https://servicodados.ibge.gov.br/api/v3/agregados/6579/periodos/-3/variaveis/9324?localidades=N6[N3[29]],2026-10-05
2908200,9324,População residente estimada,Pessoas,2024,21499,Conceição da Feira,BA,IBGE/SIDRA agregado 6579,https://servicodados.ibge.gov.br/api/v3/agregados/6579/periodos/-3/variaveis/9324?localidades=N6[N3[29]],2026-10-05
2908200,9324,População residente estimada,Pessoas,2025,21529,Conceição da Feira,BA,IBGE/SIDRA agregado 6579,https://servicodados.ibge.gov.br/api/v3/agregados/6579/periodos/-3/variaveis/9324?localidades=N6[N3[29]],2026-10-05
2908200,9324,População residente estimada,Pessoas,2026,21556,Conceição da Feira,BA,IBGE/SIDRA agregado 6579,https://servicodados.ibge.gov.br/api/v3/agregados/6579/periodos/-3/variaveis/9324?localidades=N6[N3[29]],2026-10-05
2908309,9324,População residente estimada,Pessoas,2024,16184,Conceição do Almeida,BA,IBGE/SIDRA agregado 6579,https://servicodados.ibge.gov.br/api/v3/agregados/6579/periodos/-3/variaveis/9324?localidades=N6[N3[29]],2026-10-05
2908309,9324,População residente estimada,Pessoas,2025,16134,Conceição do Almeida,BA,IBGE/SIDRA agregado 6579,https://servicodados.ibge.gov.br/api/v3/agregados/6579/periodos/-3/variaveis/9324?localidades=N6[N3[29]],2026-10-05
2908309,9324,População residente estimada,Pessoas,2026,16087,Conceição do Almeida,BA,IBGE/SIDRA agregado 6579,https://servicodados.ibge.gov.br/api/v3/agregados/6579/periodos/-3/variaveis/9324?localidades=N6[N3[29]],2026-10-05
2908408,9324,População residente estimada,Pessoas,2024,71316,Conceição do Coité,BA,IBGE/SIDRA agregado 6579,https://servicodados.ibge.gov.br/api/v3/agregados/6579/periodos/-3/variaveis/9324?localidades=N6[N3[29]],2026-10-05
2908408,9324,População residente estimada,Pessoas,2025,71601,Conceição do Coité,BA,IBGE/SIDRA agregado 6579,https://servicodados.ibge.gov.br/api/v3/agregados/6579/periodos/-3/variaveis/9324?localidades=N6[N3[29]],2026-10-05
2908408,9324,População residente estimada,Pessoas,2026,71860,Conceição do Coité,BA,IBGE/SIDRA agregado 6579,https://servicodados.ibge.gov.br/api/v3/agregados/6579/periodos/-3/variaveis/9324?localidades=N6[N3[29]],2026-10-05
2908507,9324,População residente estimada,Pessoas,2024,37409,Conceição do Jacuípe,BA,IBGE/SIDRA agregado 6579,https://servicodados.ibge.gov.br/api/v3/agregados/6579/periodos/-3/variaveis/9324?localidades=N6[N3[29]],2026-10-05
2908507,9324,População residente estimada,Pessoas,2025,37622,Conceição do Jacuípe,BA,IBGE/SIDRA agregado 6579,https://servicodados.ibge.gov.br/api/v3/agregados/6579/periodos/-3/variaveis/9324?localidades=N6[N3[29]],2026-10-05
2908507,9324,População residente estimada,Pessoas,2026,37816,Conceição do Jacuípe,BA,IBGE/SIDRA agregado 6579,https://servicodados.ibge.gov.br/api/v3/agregados/6579/periodos/-3/variaveis/9324?localidades=N6[N3[29]],2026-10-05
2908606,9324,População residente estimada,Pessoas,2024,24434,Conde,BA,IBGE/SIDRA agregado 6579,https://servicodados.ibge.gov.br/api/v3/agregados/6579/periodos/-3/variaveis/9324?localidades=N6[N3[29]],2026-10-05
2908606,9324,População residente estimada,Pessoas,2025,24460,Conde,BA,IBGE/SIDRA agregado 6579,https://servicodados.ibge.gov.br/api/v3/agregados/6579/periodos/-3/variaveis/9324?localidades=N6[N3[29]],2026-10-05
2908606,9324,População residente estimada,Pessoas,2026,24484,Conde,BA,IBGE/SIDRA agregado 6579,https://servicodados.ibge.gov.br/api/v3/agregados/6579/periodos/-3/variaveis/9324?localidades=N6[N3[29]],2026-10-05
2908705,9324,População residente estimada,Pessoas,2024,17571,Condeúba,BA,IBGE/SIDRA agregado 6579,https://servicodados.ibge.gov.br/api/v3/agregados/6579/periodos/-3/variaveis/9324?localidades=N6[N3[29]],2026-10-05
2908705,9324,População residente estimada,Pessoas,2025,17567,Condeúba,BA,IBGE/SIDRA agregado 6579,https://servicodados.ibge.gov.br/api/v3/agregados/6579/periodos/-3/variaveis/9324?localidades=N6[N3[29]],2026-10-05
2908705,9324,População residente estimada,Pessoas,2026,17563,Condeúba,BA,IBGE/SIDRA agregado 6579,https://servicodados.ibge.gov.br/api/v3/agregados/6579/periodos/-3/variaveis/9324?localidades=N6[N3[29]],2026-10-05
2908804,9324,População residente estimada,Pessoas,2024,4490,Contendas do Sincorá,BA,IBGE/SIDRA agregado 6579,https://servicodados.ibge.gov.br/api/v3/agregados/6579/periodos/-3/variaveis/9324?localidades=N6[N3[29]],2026-10-05
2908804,9324,População residente estimada,Pessoas,2025,4499,Contendas do Sincorá,BA,IBGE/SIDRA agregado 6579,https://servicodados.ibge.gov.br/api/v3/agregados/6579/periodos/-3/variaveis/9324?localidades=N6[N3[29]],2026-10-05
2908804,9324,População residente estimada,Pessoas,2026,4506,Contendas do Sincorá,BA,IBGE/SIDRA agregado 6579,https://servicodados.ibge.gov.br/api/v3/agregados/6579/periodos/-3/variaveis/9324?localidades=N6[N3[29]],2026-10-05
2908903,9324,População residente estimada,Pessoas,2024,28258,Coração de Maria,BA,IBGE/SIDRA agregado 6579,https://servicodados.ibge.gov.br/api/v3/agregados/6579/periodos/-3/variaveis/9324?localidades=N6[N3[29]],2026-10-05
2908903,9324,População residente estimada,Pessoas,2025,28408,Coração de Maria,BA,IBGE/SIDRA agregado 6579,https://servicodados.ibge.gov.br/api/v3/agregados/6579/periodos/-3/variaveis/9324?localidades=N6[N3[29]],2026-10-05
2908903,9324,População residente estimada,Pessoas,2026,28544,Coração de Maria,BA,IBGE/SIDRA agregado 6579,https://servicodados.ibge.gov.br/api/v3/agregados/6579/periodos/-3/variaveis/9324?localidades=N6[N3[29]],2026-10-05
2909000,9324,População residente estimada,Pessoas,2024,7763,Cordeiros,BA,IBGE/SIDRA agregado 6579,https://servicodados.ibge.gov.br/api/v3/agregados/6579/periodos/-3/variaveis/9324?localidades=N6[N3[29]],2026-10-05
2909000,9324,População residente estimada,Pessoas,2025,7748,Cordeiros,BA,IBGE/SIDRA agregado 6579,https://servicodados.ibge.gov.br/api/v3/agregados/6579/periodos/-3/variaveis/9324?localidades=N6[N3[29]],2026-10-05
2909000,9324,População residente estimada,Pessoas,2026,7735,Cordeiros,BA,IBGE/SIDRA agregado 6579,https://servicodados.ibge.gov.br/api/v3/agregados/6579/periodos/-3/variaveis/9324?localidades=N6[N3[29]],2026-10-05
2909109,9324,População residente estimada,Pessoas,2024,14464,Coribe,BA,IBGE/SIDRA agregado 6579,https://servicodados.ibge.gov.br/api/v3/agregados/6579/periodos/-3/variaveis/9324?localidades=N6[N3[29]],2026-10-05
2909109,9324,População residente estimada,Pessoas,2025,14463,Coribe,BA,IBGE/SIDRA agregado 6579,https://servicodados.ibge.gov.br/api/v3/agregados/6579/periodos/-3/variaveis/9324?localidades=N6[N3[29]],2026-10-05
2909109,9324,População residente estimada,Pessoas,2026,14444,Coribe,BA,IBGE/SIDRA agregado 6579,https://servicodados.ibge.gov.br/api/v3/agregados/6579/periodos/-3/variaveis/9324?localidades=N6[N3[29]],2026-10-05
2909208,9324,População residente estimada,Pessoas,2024,17593,Coronel João Sá,BA,IBGE/SIDRA agregado 6579,https://servicodados.ibge.gov.br/api/v3/agregados/6579/periodos/-3/variaveis/9324?localidades=N6[N3[29]],2026-10-05
2909208,9324,População residente estimada,Pessoas,2025,17598,Coronel João Sá,BA,IBGE/SIDRA agregado 6579,https://servicodados.ibge.gov.br/api/v3/agregados/6579/periodos/-3/variaveis/9324?localidades=N6[N3[29]],2026-10-05
2909208,9324,População residente estimada,Pessoas,2026,17602,Coronel João Sá,BA,IBGE/SIDRA agregado 6579,https://servicodados.ibge.gov.br/api/v3/agregados/6579/periodos/-3/variaveis/9324?localidades=N6[N3[29]],2026-10-05
2909307,9324,População residente estimada,Pessoas,2024,34179,Correntina,BA,IBGE/SIDRA agregado 6579,https://servicodados.ibge.gov.br/api/v3/agregados/6579/periodos/-3/variaveis/9324?localidades=N6[N3[29]],2026-10-05
2909307,9324,População residente estimada,Pessoas,2025,34266,Correntina,BA,IBGE/SIDRA agregado 6579,https://servicodados.ibge.gov.br/api/v3/agregados/6579/periodos/-3/variaveis/9324?localidades=N6[N3[29]],2026-10-05
2909307,9324,População residente estimada,Pessoas,2026,34347,Correntina,BA,IBGE/SIDRA agregado 6579,https://servicodados.ibge.gov.br/api/v3/agregados/6579/periodos/-3/variaveis/9324?localidades=N6[N3[29]],2026-10-05
2909406,9324,População residente estimada,Pessoas,2024,13472,Cotegipe,BA,IBGE/SIDRA agregado 6579,https://servicodados.ibge.gov.br/api/v3/agregados/6579/periodos/-3/variaveis/9324?localidades=N6[N3[29]],2026-10-05
2909406,9324,População residente estimada,Pessoas,2025,13463,Cotegipe,BA,IBGE/SIDRA agregado 6579,https://servicodados.ibge.gov.br/api/v3/agregados/6579/periodos/-3/variaveis/9324?localidades=N6[N3[29]],2026-10-05
2909406,9324,População residente estimada,Pessoas,2026,13451,Cotegipe,BA,IBGE/SIDRA agregado 6579,https://servicodados.ibge.gov.br/api/v3/agregados/6579/periodos/-3/variaveis/9324?localidades=N6[N3[29]],2026-10-05
2909505,9324,População residente estimada,Pessoas,2024,4514,Cravolândia,BA,IBGE/SIDRA agregado 6579,https://servicodados.ibge.gov.br/api/v3/agregados/6579/periodos/-3/variaveis/9324?localidades=N6[N3[29]],2026-10-05
2909505,9324,População residente estimada,Pessoas,2025,4491,Cravolândia,BA,IBGE/SIDRA agregado 6579,https://servicodados.ibge.gov.br/api/v3/agregados/6579/periodos/-3/variaveis/9324?localidades=N6[N3[29]],2026-10-05
2909505,9324,População residente estimada,Pessoas,2026,4463,Cravolândia,BA,IBGE/SIDRA agregado 6579,https://servicodados.ibge.gov.br/api/v3/agregados/6579/periodos/-3/variaveis/9324?localidades=N6[N3[29]],2026-10-05
2909604,9324,População residente estimada,Pessoas,2024,20343,Crisópolis,BA,IBGE/SIDRA agregado 6579,https://servicodados.ibge.gov.br/api/v3/agregados/6579/periodos/-3/variaveis/9324?localidades=N6[N3[29]],2026-10-05
2909604,9324,População residente estimada,Pessoas,2025,20346,Crisópolis,BA,IBGE/SIDRA agregado 6579,https://servicodados.ibge.gov.br/api/v3/agregados/6579/periodos/-3/variaveis/9324?localidades=N6[N3[29]],2026-10-05
2909604,9324,População residente estimada,Pessoas,2026,20348,Crisópolis,BA,IBGE/SIDRA agregado 6579,https://servicodados.ibge.gov.br/api/v3/agregados/6579/periodos/-3/variaveis/9324?localidades=N6[N3[29]],2026-10-05
2909703,9324,População residente estimada,Pessoas,2024,14514,Cristópolis,BA,IBGE/SIDRA agregado 6579,https://servicodados.ibge.gov.br/api/v3/agregados/6579/periodos/-3/variaveis/9324?localidades=N6[N3[29]],2026-10-05
2909703,9324,População residente estimada,Pessoas,2025,14549,Cristópolis,BA,IBGE/SIDRA agregado 6579,https://servicodados.ibge.gov.br/api/v3/agregados/6579/periodos/-3/variaveis/9324?localidades=N6[N3[29]],2026-10-05
2909703,9324,População residente estimada,Pessoas,2026,14585,Cristópolis,BA,IBGE/SIDRA agregado 6579,https://servicodados.ibge.gov.br/api/v3/agregados/6579/periodos/-3/variaveis/9324?localidades=N6[N3[29]],2026-10-05
2909802,9324,População residente estimada,Pessoas,2024,63203,Cruz das Almas,BA,IBGE/SIDRA agregado 6579,https://servicodados.ibge.gov.br/api/v3/agregados/6579/periodos/-3/variaveis/9324?localidades=N6[N3[29]],2026-10-05
2909802,9324,População residente estimada,Pessoas,2025,63326,Cruz das Almas,BA,IBGE/SIDRA agregado 6579,https://servicodados.ibge.gov.br/api/v3/agregados/6579/periodos/-3/variaveis/9324?localidades=N6[N3[29]],2026-10-05
2909802,9324,População residente estimada,Pessoas,2026,63437,Cruz das Almas,BA,IBGE/SIDRA agregado 6579,https://servicodados.ibge.gov.br/api/v3/agregados/6579/periodos/-3/variaveis/9324?localidades=N6[N3[29]],2026-10-05
2909901,9324,População residente estimada,Pessoas,2024,36021,Curaçá,BA,IBGE/SIDRA agregado 6579,https://servicodados.ibge.gov.br/api/v3/agregados/6579/periodos/-3/variaveis/9324?localidades=N6[N3[29]],2026-10-05
2909901,9324,População residente estimada,Pessoas,2025,36127,Curaçá,BA,IBGE/SIDRA agregado 6579,https://servicodados.ibge.gov.br/api/v3/agregados/6579/periodos/-3/variaveis/9324?localidades=N6[N3[29]],2026-10-05
2909901,9324,População residente estimada,Pessoas,2026,36220,Curaçá,BA,IBGE/SIDRA agregado 6579,https://servicodados.ibge.gov.br/api/v3/agregados/6579/periodos/-3/variaveis/9324?localidades=N6[N3[29]],2026-10-05
2910008,9324,População residente estimada,Pessoas,2024,11094,Dário Meira,BA,IBGE/SIDRA agregado 6579,https://servicodados.ibge.gov.br/api/v3/agregados/6579/periodos/-3/variaveis/9324?localidades=N6[N3[29]],2026-10-05
2910008,9324,População residente estimada,Pessoas,2025,11054,Dário Meira,BA,IBGE/SIDRA agregado 6579,https://servicodados.ibge.gov.br/api/v3/agregados/6579/periodos/-3/variaveis/9324?localidades=N6[N3[29]],2026-10-05
2910008,9324,População residente estimada,Pessoas,2026,11316,Dário Meira,BA,IBGE/SIDRA agregado 6579,https://servicodados.ibge.gov.br/api/v3/agregados/6579/periodos/-3/variaveis/9324?localidades=N6[N3[29]],2026-10-05
2910057,9324,População residente estimada,Pessoas,2024,75053,Dias d'Ávila,BA,IBGE/SIDRA agregado 6579,https://servicodados.ibge.gov.br/api/v3/agregados/6579/periodos/-3/variaveis/9324?localidades=N6[N3[29]],2026-10-05
2910057,9324,População residente estimada,Pessoas,2025,75296,Dias d'Ávila,BA,IBGE/SIDRA agregado 6579,https://servicodados.ibge.gov.br/api/v3/agregados/6579/periodos/-3/variaveis/9324?localidades=N6[N3[29]],2026-10-05
2910057,9324,População residente estimada,Pessoas,2026,75516,Dias d'Ávila,BA,IBGE/SIDRA agregado 6579,https://servicodados.ibge.gov.br/api/v3/agregados/6579/periodos/-3/variaveis/9324?localidades=N6[N3[29]],2026-10-05
2910107,9324,População residente estimada,Pessoas,2024,12309,Dom Basílio,BA,IBGE/SIDRA agregado 6579,https://servicodados.ibge.gov.br/api/v3/agregados/6579/periodos/-3/variaveis/9324?localidades=N6[N3[29]],2026-10-05
2910107,9324,População residente estimada,Pessoas,2025,12329,Dom Basílio,BA,IBGE/SIDRA agregado 6579,https://servicodados.ibge.gov.br/api/v3/agregados/6579/periodos/-3/variaveis/9324?localidades=N6[N3[29]],2026-10-05
2910107,9324,População residente estimada,Pessoas,2026,12348,Dom Basílio,BA,IBGE/SIDRA agregado 6579,https://servicodados.ibge.gov.br/api/v3/agregados/6579/periodos/-3/variaveis/9324?localidades=N6[N3[29]],2026-10-05
2910206,9324,População residente estimada,Pessoas,2024,4588,Dom Macedo Costa,BA,IBGE/SIDRA agregado 6579,https://servicodados.ibge.gov.br/api/v3/agregados/6579/periodos/-3/variaveis/9324?localidades=N6[N3[29]],2026-10-05
2910206,9324,População residente estimada,Pessoas,2025,4608,Dom Macedo Costa,BA,IBGE/SIDRA agregado 6579,https://servicodados.ibge.gov.br/api/v3/agregados/6579/periodos/-3/variaveis/9324?localidades=N6[N3[29]],2026-10-05
2910206,9324,População residente estimada,Pessoas,2026,4627,Dom Macedo Costa,BA,IBGE/SIDRA agregado 6579,https://servicodados.ibge.gov.br/api/v3/agregados/6579/periodos/-3/variaveis/9324?localidades=N6[N3[29]],2026-10-05
2910305,9324,População residente estimada,Pessoas,2024,8066,Elísio Medrado,BA,IBGE/SIDRA agregado 6579,https://servicodados.ibge.gov.br/api/v3/agregados/6579/periodos/-3/variaveis/9324?localidades=N6[N3[29]],2026-10-05
2910305,9324,População residente estimada,Pessoas,2025,8069,Elísio Medrado,BA,IBGE/SIDRA agregado 6579,https://servicodados.ibge.gov.br/api/v3/agregados/6579/periodos/-3/variaveis/9324?localidades=N6[N3[29]],2026-10-05
2910305,9324,População residente estimada,Pessoas,2026,8071,Elísio Medrado,BA,IBGE/SIDRA agregado 6579,https://servicodados.ibge.gov.br/api/v3/agregados/6579/periodos/-3/variaveis/9324?localidades=N6[N3[29]],2026-10-05
2910404,9324,População residente estimada,Pessoas,2024,19535,Encruzilhada,BA,IBGE/SIDRA agregado 6579,https://servicodados.ibge.gov.br/api/v3/agregados/6579/periodos/-3/variaveis/9324?localidades=N6[N3[29]],2026-10-05
2910404,9324,População residente estimada,Pessoas,2025,19450,Encruzilhada,BA,IBGE/SIDRA agregado 6579,https://servicodados.ibge.gov.br/api/v3/agregados/6579/periodos/-3/variaveis/9324?localidades=N6[N3[29]],2026-10-05
2910404,9324,População residente estimada,Pessoas,2026,19373,Encruzilhada,BA,IBGE/SIDRA agregado 6579,https://servicodados.ibge.gov.br/api/v3/agregados/6579/periodos/-3/variaveis/9324?localidades=N6[N3[29]],2026-10-05
2910503,9324,População residente estimada,Pessoas,2024,39902,Entre Rios,BA,IBGE/SIDRA agregado 6579,https://servicodados.ibge.gov.br/api/v3/agregados/6579/periodos/-3/variaveis/9324?localidades=N6[N3[29]],2026-10-05
2910503,9324,População residente estimada,Pessoas,2025,39890,Entre Rios,BA,IBGE/SIDRA agregado 6579,https://servicodados.ibge.gov.br/api/v3/agregados/6579/periodos/-3/variaveis/9324?localidades=N6[N3[29]],2026-10-05
2910503,9324,População residente estimada,Pessoas,2026,39880,Entre Rios,BA,IBGE/SIDRA agregado 6579,https://servicodados.ibge.gov.br/api/v3/agregados/6579/periodos/-3/variaveis/9324?localidades=N6[N3[29]],2026-10-05
2910602,9324,População residente estimada,Pessoas,2024,34146,Esplanada,BA,IBGE/SIDRA agregado 6579,https://servicodados.ibge.gov.br/api/v3/agregados/6579/periodos/-3/variaveis/9324?localidades=N6[N3[29]],2026-10-05
2910602,9324,População residente estimada,Pessoas,2025,34163,Esplanada,BA,IBGE/SIDRA agregado 6579,https://servicodados.ibge.gov.br/api/v3/agregados/6579/periodos/-3/variaveis/9324?localidades=N6[N3[29]],2026-10-05
2910602,9324,População residente estimada,Pessoas,2026,34179,Esplanada,BA,IBGE/SIDRA agregado 6579,https://servicodados.ibge.gov.br/api/v3/agregados/6579/periodos/-3/variaveis/9324?localidades=N6[N3[29]],2026-10-05
2910701,9324,População residente estimada,Pessoas,2024,64547,Euclides da Cunha,BA,IBGE/SIDRA agregado 6579,https://servicodados.ibge.gov.br/api/v3/agregados/6579/periodos/-3/variaveis/9324?localidades=N6[N3[29]],2026-10-05
2910701,9324,População residente estimada,Pessoas,2025,64768,Euclides da Cunha,BA,IBGE/SIDRA agregado 6579,https://servicodados.ibge.gov.br/api/v3/agregados/6579/periodos/-3/variaveis/9324?localidades=N6[N3[29]],2026-10-05
2910701,9324,População residente estimada,Pessoas,2026,64969,Euclides da Cunha,BA,IBGE/SIDRA agregado 6579,https://servicodados.ibge.gov.br/api/v3/agregados/6579/periodos/-3/variaveis/9324?localidades=N6[N3[29]],2026-10-05
2910727,9324,População residente estimada,Pessoas,2024,120515,Eunápolis,BA,IBGE/SIDRA agregado 6579,https://servicodados.ibge.gov.br/api/v3/agregados/6579/periodos/-3/variaveis/9324?localidades=N6[N3[29]],2026-10-05
2910727,9324,População residente estimada,Pessoas,2025,121067,Eunápolis,BA,IBGE/SIDRA agregado 6579,https://servicodados.ibge.gov.br/api/v3/agregados/6579/periodos/-3/variaveis/9324?localidades=N6[N3[29]],2026-10-05
2910727,9324,População residente estimada,Pessoas,2026,121577,Eunápolis,BA,IBGE/SIDRA agregado 6579,https://servicodados.ibge.gov.br/api/v3/agregados/6579/periodos/-3/variaveis/9324?localidades=N6[N3[29]],2026-10-05
2910750,9324,População residente estimada,Pessoas,2024,18469,Fátima,BA,IBGE/SIDRA agregado 6579,https://servicodados.ibge.gov.br/api/v3/agregados/6579/periodos/-3/variaveis/9324?localidades=N6[N3[29]],2026-10-05
2910750,9324,População residente estimada,Pessoas,2025,18480,Fátima,BA,IBGE/SIDRA agregado 6579,https://servicodados.ibge.gov.br/api/v3/agregados/6579/periodos/-3/variaveis/9324?localidades=N6[N3[29]],2026-10-05
2910750,9324,População residente estimada,Pessoas,2026,18489,Fátima,BA,IBGE/SIDRA agregado 6579,https://servicodados.ibge.gov.br/api/v3/agregados/6579/periodos/-3/variaveis/9324?localidades=N6[N3[29]],2026-10-05
2910776,9324,População residente estimada,Pessoas,2024,5825,Feira da Mata,BA,IBGE/SIDRA agregado 6579,https://servicodados.ibge.gov.br/api/v3/agregados/6579/periodos/-3/variaveis/9324?localidades=N6[N3[29]],2026-10-05
2910776,9324,População residente estimada,Pessoas,2025,5831,Feira da Mata,BA,IBGE/SIDRA agregado 6579,https://servicodados.ibge.gov.br/api/v3/agregados/6579/periodos/-3/variaveis/9324?localidades=N6[N3[29]],2026-10-05
2910776,9324,População residente estimada,Pessoas,2026,5838,Feira da Mata,BA,IBGE/SIDRA agregado 6579,https://servicodados.ibge.gov.br/api/v3/agregados/6579/periodos/-3/variaveis/9324?localidades=N6[N3[29]],2026-10-05
2910800,9324,População residente estimada,Pessoas,2024,657948,Feira de Santana,BA,IBGE/SIDRA agregado 6579,https://servicodados.ibge.gov.br/api/v3/agregados/6579/periodos/-3/variaveis/9324?localidades=N6[N3[29]],2026-10-05
2910800,9324,População residente estimada,Pessoas,2025,660806,Feira de Santana,BA,IBGE/SIDRA agregado 6579,https://servicodados.ibge.gov.br/api/v3/agregados/6579/periodos/-3/variaveis/9324?localidades=N6[N3[29]],2026-10-05
2910800,9324,População residente estimada,Pessoas,2026,663408,Feira de Santana,BA,IBGE/SIDRA agregado 6579,https://servicodados.ibge.gov.br/api/v3/agregados/6579/periodos/-3/variaveis/9324?localidades=N6[N3[29]],2026-10-05
2910859,9324,População residente estimada,Pessoas,2024,18573,Filadélfia,BA,IBGE/SIDRA agregado 6579,https://servicodados.ibge.gov.br/api/v3/agregados/6579/periodos/-3/variaveis/9324?localidades=N6[N3[29]],2026-10-05
2910859,9324,População residente estimada,Pessoas,2025,18637,Filadélfia,BA,IBGE/SIDRA agregado 6579,https://servicodados.ibge.gov.br/api/v3/agregados/6579/periodos/-3/variaveis/9324?localidades=N6[N3[29]],2026-10-05
2910859,9324,População residente estimada,Pessoas,2026,18694,Filadélfia,BA,IBGE/SIDRA agregado 6579,https://servicodados.ibge.gov.br/api/v3/agregados/6579/periodos/-3/variaveis/9324?localidades=N6[N3[29]],2026-10-05
2910909,9324,População residente estimada,Pessoas,2024,5006,Firmino Alves,BA,IBGE/SIDRA agregado 6579,https://servicodados.ibge.gov.br/api/v3/agregados/6579/periodos/-3/variaveis/9324?localidades=N6[N3[29]],2026-10-05
2910909,9324,População residente estimada,Pessoas,2025,4993,Firmino Alves,BA,IBGE/SIDRA agregado 6579,https://servicodados.ibge.gov.br/api/v3/agregados/6579/periodos/-3/variaveis/9324?localidades=N6[N3[29]],2026-10-05
2910909,9324,População residente estimada,Pessoas,2026,4981,Firmino Alves,BA,IBGE/SIDRA agregado 6579,https://servicodados.ibge.gov.br/api/v3/agregados/6579/periodos/-3/variaveis/9324?localidades=N6[N3[29]],2026-10-05
2911006,9324,População residente estimada,Pessoas,2024,11442,Floresta Azul,BA,IBGE/SIDRA agregado 6579,https://servicodados.ibge.gov.br/api/v3/agregados/6579/periodos/-3/variaveis/9324?localidades=N6[N3[29]],2026-10-05
2911006,9324,População residente estimada,Pessoas,2025,11455,Floresta Azul,BA,IBGE/SIDRA agregado 6579,https://servicodados.ibge.gov.br/api/v3/agregados/6579/periodos/-3/variaveis/9324?localidades=N6[N3[29]],2026-10-05
2911006,9324,População residente estimada,Pessoas,2026,11466,Floresta Azul,BA,IBGE/SIDRA agregado 6579,https://servicodados.ibge.gov.br/api/v3/agregados/6579/periodos/-3/variaveis/9324?localidades=N6[N3[29]],2026-10-05
2911105,9324,População residente estimada,Pessoas,2024,27421,Formosa do Rio Preto,BA,IBGE/SIDRA agregado 6579,https://servicodados.ibge.gov.br/api/v3/agregados/6579/periodos/-3/variaveis/9324?localidades=N6[N3[29]],2026-10-05
2911105,9324,População residente estimada,Pessoas,2025,27567,Formosa do Rio Preto,BA,IBGE/SIDRA agregado 6579,https://servicodados.ibge.gov.br/api/v3/agregados/6579/periodos/-3/variaveis/9324?localidades=N6[N3[29]],2026-10-05
2911105,9324,População residente estimada,Pessoas,2026,27700,Formosa do Rio Preto,BA,IBGE/SIDRA agregado 6579,https://servicodados.ibge.gov.br/api/v3/agregados/6579/periodos/-3/variaveis/9324?localidades=N6[N3[29]],2026-10-05
2911204,9324,População residente estimada,Pessoas,2024,33938,Gandu,BA,IBGE/SIDRA agregado 6579,https://servicodados.ibge.gov.br/api/v3/agregados/6579/periodos/-3/variaveis/9324?localidades=N6[N3[29]],2026-10-05
2911204,9324,População residente estimada,Pessoas,2025,34051,Gandu,BA,IBGE/SIDRA agregado 6579,https://servicodados.ibge.gov.br/api/v3/agregados/6579/periodos/-3/variaveis/9324?localidades=N6[N3[29]],2026-10-05
2911204,9324,População residente estimada,Pessoas,2026,34154,Gandu,BA,IBGE/SIDRA agregado 6579,https://servicodados.ibge.gov.br/api/v3/agregados/6579/periodos/-3/variaveis/9324?localidades=N6[N3[29]],2026-10-05
2911253,9324,População residente estimada,Pessoas,2024,4493,Gavião,BA,IBGE/SIDRA agregado 6579,https://servicodados.ibge.gov.br/api/v3/agregados/6579/periodos/-3/variaveis/9324?localidades=N6[N3[29]],2026-10-05
2911253,9324,População residente estimada,Pessoas,2025,4489,Gavião,BA,IBGE/SIDRA agregado 6579,https://servicodados.ibge.gov.br/api/v3/agregados/6579/periodos/-3/variaveis/9324?localidades=N6[N3[29]],2026-10-05
2911253,9324,População residente estimada,Pessoas,2026,4485,Gavião,BA,IBGE/SIDRA agregado 6579,https://servicodados.ibge.gov.br/api/v3/agregados/6579/periodos/-3/variaveis/9324?localidades=N6[N3[29]],2026-10-05
2911303,9324,População residente estimada,Pessoas,2024,11263,Gentio do Ouro,BA,IBGE/SIDRA agregado 6579,https://servicodados.ibge.gov.br/api/v3/agregados/6579/periodos/-3/variaveis/9324?localidades=N6[N3[29]],2026-10-05
2911303,9324,População residente estimada,Pessoas,2025,11276,Gentio do Ouro,BA,IBGE/SIDRA agregado 6579,https://servicodados.ibge.gov.br/api/v3/agregados/6579/periodos/-3/variaveis/9324?localidades=N6[N3[29]],2026-10-05
2911303,9324,População residente estimada,Pessoas,2026,11287,Gentio do Ouro,BA,IBGE/SIDRA agregado 6579,https://servicodados.ibge.gov.br/api/v3/agregados/6579/periodos/-3/variaveis/9324?localidades=N6[N3[29]],2026-10-05
2911402,9324,População residente estimada,Pessoas,2024,16072,Glória,BA,IBGE/SIDRA agregado 6579,https://servicodados.ibge.gov.br/api/v3/agregados/6579/periodos/-3/variaveis/9324?localidades=N6[N3[29]],2026-10-05
2911402,9324,População residente estimada,Pessoas,2025,16107,Glória,BA,IBGE/SIDRA agregado 6579,https://servicodados.ibge.gov.br/api/v3/agregados/6579/periodos/-3/variaveis/9324?localidades=N6[N3[29]],2026-10-05
2911402,9324,População residente estimada,Pessoas,2026,16139,Glória,BA,IBGE/SIDRA agregado 6579,https://servicodados.ibge.gov.br/api/v3/agregados/6579/periodos/-3/variaveis/9324?localidades=N6[N3[29]],2026-10-05
2911501,9324,População residente estimada,Pessoas,2024,5567,Gongogi,BA,IBGE/SIDRA agregado 6579,https://servicodados.ibge.gov.br/api/v3/agregados/6579/periodos/-3/variaveis/9324?localidades=N6[N3[29]],2026-10-05
2911501,9324,População residente estimada,Pessoas,2025,5479,Gongogi,BA,IBGE/SIDRA agregado 6579,https://servicodados.ibge.gov.br/api/v3/agregados/6579/periodos/-3/variaveis/9324?localidades=N6[N3[29]],2026-10-05
2911501,9324,População residente estimada,Pessoas,2026,5399,Gongogi,BA,IBGE/SIDRA agregado 6579,https://servicodados.ibge.gov.br/api/v3/agregados/6579/periodos/-3/variaveis/9324?localidades=N6[N3[29]],2026-10-05
2911600,9324,População residente estimada,Pessoas,2024,21314,Governador Mangabeira,BA,IBGE/SIDRA agregado 6579,https://servicodados.ibge.gov.br/api/v3/agregados/6579/periodos/-3/variaveis/9324?localidades=N6[N3[29]],2026-10-05
2911600,9324,População residente estimada,Pessoas,2025,21353,Governador Mangabeira,BA,IBGE/SIDRA agregado 6579,https://servicodados.ibge.gov.br/api/v3/agregados/6579/periodos/-3/variaveis/9324?localidades=N6[N3[29]],2026-10-05
2911600,9324,População residente estimada,Pessoas,2026,21387,Governador Mangabeira,BA,IBGE/SIDRA agregado 6579,https://servicodados.ibge.gov.br/api/v3/agregados/6579/periodos/-3/variaveis/9324?localidades=N6[N3[29]],2026-10-05
2911659,9324,População residente estimada,Pessoas,2024,8225,Guajeru,BA,IBGE/SIDRA agregado 6579,https://servicodados.ibge.gov.br/api/v3/agregados/6579/periodos/-3/variaveis/9324?localidades=N6[N3[29]],2026-10-05
2911659,9324,População residente estimada,Pessoas,2025,8177,Guajeru,BA,IBGE/SIDRA agregado 6579,https://servicodados.ibge.gov.br/api/v3/agregados/6579/periodos/-3/variaveis/9324?localidades=N6[N3[29]],2026-10-05
2911659,9324,População residente estimada,Pessoas,2026,8136,Guajeru,BA,IBGE/SIDRA agregado 6579,https://servicodados.ibge.gov.br/api/v3/agregados/6579/periodos/-3/variaveis/9324?localidades=N6[N3[29]],2026-10-05
2911709,9324,População residente estimada,Pessoas,2024,93065,Guanambi,BA,IBGE/SIDRA agregado 6579,https://servicodados.ibge.gov.br/api/v3/agregados/6579/periodos/-3/variaveis/9324?localidades=N6[N3[29]],2026-10-05
2911709,9324,População residente estimada,Pessoas,2025,93488,Guanambi,BA,IBGE/SIDRA agregado 6579,https://servicodados.ibge.gov.br/api/v3/agregados/6579/periodos/-3/variaveis/9324?localidades=N6[N3[29]],2026-10-05
2911709,9324,População residente estimada,Pessoas,2026,93873,Guanambi,BA,IBGE/SIDRA agregado 6579,https://servicodados.ibge.gov.br/api/v3/agregados/6579/periodos/-3/variaveis/9324?localidades=N6[N3[29]],2026-10-05
2911808,9324,População residente estimada,Pessoas,2024,19490,Guaratinga,BA,IBGE/SIDRA agregado 6579,https://servicodados.ibge.gov.br/api/v3/agregados/6579/periodos/-3/variaveis/9324?localidades=N6[N3[29]],2026-10-05
2911808,9324,População residente estimada,Pessoas,2025,19413,Guaratinga,BA,IBGE/SIDRA agregado 6579,https://servicodados.ibge.gov.br/api/v3/agregados/6579/periodos/-3/variaveis/9324?localidades=N6[N3[29]],2026-10-05
2911808,9324,População residente estimada,Pessoas,2026,19360,Guaratinga,BA,IBGE/SIDRA agregado 6579,https://servicodados.ibge.gov.br/api/v3/agregados/6579/periodos/-3/variaveis/9324?localidades=N6[N3[29]],2026-10-05
2911857,9324,População residente estimada,Pessoas,2024,13074,Heliópolis,BA,IBGE/SIDRA agregado 6579,https://servicodados.ibge.gov.br/api/v3/agregados/6579/periodos/-3/variaveis/9324?localidades=N6[N3[29]],2026-10-05
2911857,9324,População residente estimada,Pessoas,2025,13055,Heliópolis,BA,IBGE/SIDRA agregado 6579,https://servicodados.ibge.gov.br/api/v3/agregados/6579/periodos/-3/variaveis/9324?localidades=N6[N3[29]],2026-10-05
2911857,9324,População residente estimada,Pessoas,2026,13040,Heliópolis,BA,IBGE/SIDRA agregado 6579,https://servicodados.ibge.gov.br/api/v3/agregados/6579/periodos/-3/variaveis/9324?localidades=N6[N3[29]],2026-10-05
2911907,9324,População residente estimada,Pessoas,2024,25333,Iaçu,BA,IBGE/SIDRA agregado 6579,https://servicodados.ibge.gov.br/api/v3/agregados/6579/periodos/-3/variaveis/9324?localidades=N6[N3[29]],2026-10-05
2911907,9324,População residente estimada,Pessoas,2025,25315,Iaçu,BA,IBGE/SIDRA agregado 6579,https://servicodados.ibge.gov.br/api/v3/agregados/6579/periodos/-3/variaveis/9324?localidades=N6[N3[29]],2026-10-05
2911907,9324,População residente estimada,Pessoas,2026,25299,Iaçu,BA,IBGE/SIDRA agregado 6579,https://servicodados.ibge.gov.br/api/v3/agregados/6579/periodos/-3/variaveis/9324?localidades=N6[N3[29]],2026-10-05
2912004,9324,População residente estimada,Pessoas,2024,10754,Ibiassucê,BA,IBGE/SIDRA agregado 6579,https://servicodados.ibge.gov.br/api/v3/agregados/6579/periodos/-3/variaveis/9324?localidades=N6[N3[29]],2026-10-05
2912004,9324,População residente estimada,Pessoas,2025,10746,Ibiassucê,BA,IBGE/SIDRA agregado 6579,https://servicodados.ibge.gov.br/api/v3/agregados/6579/periodos/-3/variaveis/9324?localidades=N6[N3[29]],2026-10-05
2912004,9324,População residente estimada,Pessoas,2026,10739,Ibiassucê,BA,IBGE/SIDRA agregado 6579,https://servicodados.ibge.gov.br/api/v3/agregados/6579/periodos/-3/variaveis/9324?localidades=N6[N3[29]],2026-10-05
2912103,9324,População residente estimada,Pessoas,2024,22200,Ibicaraí,BA,IBGE/SIDRA agregado 6579,https://servicodados.ibge.gov.br/api/v3/agregados/6579/periodos/-3/variaveis/9324?localidades=N6[N3[29]],2026-10-05
2912103,9324,População residente estimada,Pessoas,2025,22131,Ibicaraí,BA,IBGE/SIDRA agregado 6579,https://servicodados.ibge.gov.br/api/v3/agregados/6579/periodos/-3/variaveis/9324?localidades=N6[N3[29]],2026-10-05
2912103,9324,População residente estimada,Pessoas,2026,22067,Ibicaraí,BA,IBGE/SIDRA agregado 6579,https://servicodados.ibge.gov.br/api/v3/agregados/6579/periodos/-3/variaveis/9324?localidades=N6[N3[29]],2026-10-05
2912202,9324,População residente estimada,Pessoas,2024,21690,Ibicoara,BA,IBGE/SIDRA agregado 6579,https://servicodados.ibge.gov.br/api/v3/agregados/6579/periodos/-3/variaveis/9324?localidades=N6[N3[29]],2026-10-05
2912202,9324,População residente estimada,Pessoas,2025,21827,Ibicoara,BA,IBGE/SIDRA agregado 6579,https://servicodados.ibge.gov.br/api/v3/agregados/6579/periodos/-3/variaveis/9324?localidades=N6[N3[29]],2026-10-05
2912202,9324,População residente estimada,Pessoas,2026,21952,Ibicoara,BA,IBGE/SIDRA agregado 6579,https://servicodados.ibge.gov.br/api/v3/agregados/6579/periodos/-3/variaveis/9324?localidades=N6[N3[29]],2026-10-05
2912301,9324,População residente estimada,Pessoas,2024,14306,Ibicuí,BA,IBGE/SIDRA agregado 6579,https://servicodados.ibge.gov.br/api/v3/agregados/6579/periodos/-3/variaveis/9324?localidades=N6[N3[29]],2026-10-05
2912301,9324,População residente estimada,Pessoas,2025,14264,Ibicuí,BA,IBGE/SIDRA agregado 6579,https://servicodados.ibge.gov.br/api/v3/agregados/6579/periodos/-3/variaveis/9324?localidades=N6[N3[29]],2026-10-05
2912301,9324,População residente estimada,Pessoas,2026,14236,Ibicuí,BA,IBGE/SIDRA agregado 6579,https://servicodados.ibge.gov.br/api/v3/agregados/6579/periodos/-3/variaveis/9324?localidades=N6[N3[29]],2026-10-05
2912400,9324,População residente estimada,Pessoas,2024,17128,Ibipeba,BA,IBGE/SIDRA agregado 6579,https://servicodados.ibge.gov.br/api/v3/agregados/6579/periodos/-3/variaveis/9324?localidades=N6[N3[29]],2026-10-05
2912400,9324,População residente estimada,Pessoas,2025,17134,Ibipeba,BA,IBGE/SIDRA agregado 6579,https://servicodados.ibge.gov.br/api/v3/agregados/6579/periodos/-3/variaveis/9324?localidades=N6[N3[29]],2026-10-05
2912400,9324,População residente estimada,Pessoas,2026,17139,Ibipeba,BA,IBGE/SIDRA agregado 6579,https://servicodados.ibge.gov.br/api/v3/agregados/6579/periodos/-3/variaveis/9324?localidades=N6[N3[29]],2026-10-05
2912509,9324,População residente estimada,Pessoas,2024,14316,Ibipitanga,BA,IBGE/SIDRA agregado 6579,https://servicodados.ibge.gov.br/api/v3/agregados/6579/periodos/-3/variaveis/9324?localidades=N6[N3[29]],2026-10-05
2912509,9324,População residente estimada,Pessoas,2025,14317,Ibipitanga,BA,IBGE/SIDRA agregado 6579,https://servicodados.ibge.gov.br/api/v3/agregados/6579/periodos/-3/variaveis/9324?localidades=N6[N3[29]],2026-10-05
2912509,9324,População residente estimada,Pessoas,2026,14318,Ibipitanga,BA,IBGE/SIDRA agregado 6579,https://servicodados.ibge.gov.br/api/v3/agregados/6579/periodos/-3/variaveis/9324?localidades=N6[N3[29]],2026-10-05
2912608,9324,População residente estimada,Pessoas,2024,3837,Ibiquera,BA,IBGE/SIDRA agregado 6579,https://servicodados.ibge.gov.br/api/v3/agregados/6579/periodos/-3/variaveis/9324?localidades=N6[N3[29]],2026-10-05
2912608,9324,População residente estimada,Pessoas,2025,3833,Ibiquera,BA,IBGE/SIDRA agregado 6579,https://servicodados.ibge.gov.br/api/v3/agregados/6579/periodos/-3/variaveis/9324?localidades=N6[N3[29]],2026-10-05
2912608,9324,População residente estimada,Pessoas,2026,3829,Ibiquera,BA,IBGE/SIDRA agregado 6579,https://servicodados.ibge.gov.br/api/v3/agregados/6579/periodos/-3/variaveis/9324?localidades=N6[N3[29]],2026-10-05
2912707,9324,População residente estimada,Pessoas,2024,26794,Ibirapitanga,BA,IBGE/SIDRA agregado 6579,https://servicodados.ibge.gov.br/api/v3/agregados/6579/periodos/-3/variaveis/9324?localidades=N6[N3[29]],2026-10-05
2912707,9324,População residente estimada,Pessoas,2025,26917,Ibirapitanga,BA,IBGE/SIDRA agregado 6579,https://servicodados.ibge.gov.br/api/v3/agregados/6579/periodos/-3/variaveis/9324?localidades=N6[N3[29]],2026-10-05
2912707,9324,População residente estimada,Pessoas,2026,27029,Ibirapitanga,BA,IBGE/SIDRA agregado 6579,https://servicodados.ibge.gov.br/api/v3/agregados/6579/periodos/-3/variaveis/9324?localidades=N6[N3[29]],2026-10-05
2912806,9324,População residente estimada,Pessoas,2024,9259,Ibirapuã,BA,IBGE/SIDRA agregado 6579,https://servicodados.ibge.gov.br/api/v3/agregados/6579/periodos/-3/variaveis/9324?localidades=N6[N3[29]],2026-10-05
2912806,9324,População residente estimada,Pessoas,2025,9297,Ibirapuã,BA,IBGE/SIDRA agregado 6579,https://servicodados.ibge.gov.br/api/v3/agregados/6579/periodos/-3/variaveis/9324?localidades=N6[N3[29]],2026-10-05
2912806,9324,População residente estimada,Pessoas,2026,9332,Ibirapuã,BA,IBGE/SIDRA agregado 6579,https://servicodados.ibge.gov.br/api/v3/agregados/6579/periodos/-3/variaveis/9324?localidades=N6[N3[29]],2026-10-05
2912905,9324,População residente estimada,Pessoas,2024,19375,Ibirataia,BA,IBGE/SIDRA agregado 6579,https://servicodados.ibge.gov.br/api/v3/agregados/6579/periodos/-3/variaveis/9324?localidades=N6[N3[29]],2026-10-05
2912905,9324,População residente estimada,Pessoas,2025,19377,Ibirataia,BA,IBGE/SIDRA agregado 6579,https://servicodados.ibge.gov.br/api/v3/agregados/6579/periodos/-3/variaveis/9324?localidades=N6[N3[29]],2026-10-05
2912905,9324,População residente estimada,Pessoas,2026,19379,Ibirataia,BA,IBGE/SIDRA agregado 6579,https://servicodados.ibge.gov.br/api/v3/agregados/6579/periodos/-3/variaveis/9324?localidades=N6[N3[29]],2026-10-05
2913002,9324,População residente estimada,Pessoas,2024,15062,Ibitiara,BA,IBGE/SIDRA agregado 6579,https://servicodados.ibge.gov.br/api/v3/agregados/6579/periodos/-3/variaveis/9324?localidades=N6[N3[29]],2026-10-05
2913002,9324,População residente estimada,Pessoas,2025,15049,Ibitiara,BA,IBGE/SIDRA agregado 6579,https://servicodados.ibge.gov.br/api/v3/agregados/6579/periodos/-3/variaveis/9324?localidades=N6[N3[29]],2026-10-05
2913002,9324,População residente estimada,Pessoas,2026,15036,Ibitiara,BA,IBGE/SIDRA agregado 6579,https://servicodados.ibge.gov.br/api/v3/agregados/6579/periodos/-3/variaveis/9324?localidades=N6[N3[29]],2026-10-05
2913101,9324,População residente estimada,Pessoas,2024,17509,Ibititá,BA,IBGE/SIDRA agregado 6579,https://servicodados.ibge.gov.br/api/v3/agregados/6579/periodos/-3/variaveis/9324?localidades=N6[N3[29]],2026-10-05
2913101,9324,População residente estimada,Pessoas,2025,17517,Ibititá,BA,IBGE/SIDRA agregado 6579,https://servicodados.ibge.gov.br/api/v3/agregados/6579/periodos/-3/variaveis/9324?localidades=N6[N3[29]],2026-10-05
2913101,9324,População residente estimada,Pessoas,2026,17525,Ibititá,BA,IBGE/SIDRA agregado 6579,https://servicodados.ibge.gov.br/api/v3/agregados/6579/periodos/-3/variaveis/9324?localidades=N6[N3[29]],2026-10-05
2913200,9324,População residente estimada,Pessoas,2024,27670,Ibotirama,BA,IBGE/SIDRA agregado 6579,https://servicodados.ibge.gov.br/api/v3/agregados/6579/periodos/-3/variaveis/9324?localidades=N6[N3[29]],2026-10-05
2913200,9324,População residente estimada,Pessoas,2025,27723,Ibotirama,BA,IBGE/SIDRA agregado 6579,https://servicodados.ibge.gov.br/api/v3/agregados/6579/periodos/-3/variaveis/9324?localidades=N6[N3[29]],2026-10-05
2913200,9324,População residente estimada,Pessoas,2026,27771,Ibotirama,BA,IBGE/SIDRA agregado 6579,https://servicodados.ibge.gov.br/api/v3/agregados/6579/periodos/-3/variaveis/9324?localidades=N6[N3[29]],2026-10-05
2913309,9324,População residente estimada,Pessoas,2024,6415,Ichu,BA,IBGE/SIDRA agregado 6579,https://servicodados.ibge.gov.br/api/v3/agregados/6579/periodos/-3/variaveis/9324?localidades=N6[N3[29]],2026-10-05
2913309,9324,População residente estimada,Pessoas,2025,6428,Ichu,BA,IBGE/SIDRA agregado 6579,https://servicodados.ibge.gov.br/api/v3/agregados/6579/periodos/-3/variaveis/9324?localidades=N6[N3[29]],2026-10-05
2913309,9324,População residente estimada,Pessoas,2026,6439,Ichu,BA,IBGE/SIDRA agregado 6579,https://servicodados.ibge.gov.br/api/v3/agregados/6579/periodos/-3/variaveis/9324?localidades=N6[N3[29]],2026-10-05
2913408,9324,População residente estimada,Pessoas,2024,16047,Igaporã,BA,IBGE/SIDRA agregado 6579,https://servicodados.ibge.gov.br/api/v3/agregados/6579/periodos/-3/variaveis/9324?localidades=N6[N3[29]],2026-10-05
2913408,9324,População residente estimada,Pessoas,2025,16069,Igaporã,BA,IBGE/SIDRA agregado 6579,https://servicodados.ibge.gov.br/api/v3/agregados/6579/periodos/-3/variaveis/9324?localidades=N6[N3[29]],2026-10-05
2913408,9324,População residente estimada,Pessoas,2026,16088,Igaporã,BA,IBGE/SIDRA agregado 6579,https://servicodados.ibge.gov.br/api/v3/agregados/6579/periodos/-3/variaveis/9324?localidades=N6[N3[29]],2026-10-05
2913457,9324,População residente estimada,Pessoas,2024,13528,Igrapiúna,BA,IBGE/SIDRA agregado 6579,https://servicodados.ibge.gov.br/api/v3/agregados/6579/periodos/-3/variaveis/9324?localidades=N6[N3[29]],2026-10-05
2913457,9324,População residente estimada,Pessoas,2025,13501,Igrapiúna,BA,IBGE/SIDRA agregado 6579,https://servicodados.ibge.gov.br/api/v3/agregados/6579/periodos/-3/variaveis/9324?localidades=N6[N3[29]],2026-10-05
2913457,9324,População residente estimada,Pessoas,2026,13477,Igrapiúna,BA,IBGE/SIDRA agregado 6579,https://servicodados.ibge.gov.br/api/v3/agregados/6579/periodos/-3/variaveis/9324?localidades=N6[N3[29]],2026-10-05
2913507,9324,População residente estimada,Pessoas,2024,21897,Iguaí,BA,IBGE/SIDRA agregado 6579,https://servicodados.ibge.gov.br/api/v3/agregados/6579/periodos/-3/variaveis/9324?localidades=N6[N3[29]],2026-10-05
2913507,9324,População residente estimada,Pessoas,2025,21763,Iguaí,BA,IBGE/SIDRA agregado 6579,https://servicodados.ibge.gov.br/api/v3/agregados/6579/periodos/-3/variaveis/9324?localidades=N6[N3[29]],2026-10-05
2913507,9324,População residente estimada,Pessoas,2026,21677,Iguaí,BA,IBGE/SIDRA agregado 6579,https://servicodados.ibge.gov.br/api/v3/agregados/6579/periodos/-3/variaveis/9324?localidades=N6[N3[29]],2026-10-05
2913606,9324,População residente estimada,Pessoas,2024,189028,Ilhéus,BA,IBGE/SIDRA agregado 6579,https://servicodados.ibge.gov.br/api/v3/agregados/6579/periodos/-3/variaveis/9324?localidades=N6[N3[29]],2026-10-05
2913606,9324,População residente estimada,Pessoas,2025,189149,Ilhéus,BA,IBGE/SIDRA agregado 6579,https://servicodados.ibge.gov.br/api/v3/agregados/6579/periodos/-3/variaveis/9324?localidades=N6[N3[29]],2026-10-05
2913606,9324,População residente estimada,Pessoas,2026,189259,Ilhéus,BA,IBGE/SIDRA agregado 6579,https://servicodados.ibge.gov.br/api/v3/agregados/6579/periodos/-3/variaveis/9324?localidades=N6[N3[29]],2026-10-05
2913705,9324,População residente estimada,Pessoas,2024,35397,Inhambupe,BA,IBGE/SIDRA agregado 6579,https://servicodados.ibge.gov.br/api/v3/agregados/6579/periodos/-3/variaveis/9324?localidades=N6[N3[29]],2026-10-05
2913705,9324,População residente estimada,Pessoas,2025,35390,Inhambupe,BA,IBGE/SIDRA agregado 6579,https://servicodados.ibge.gov.br/api/v3/agregados/6579/periodos/-3/variaveis/9324?localidades=N6[N3[29]],2026-10-05
2913705,9324,População residente estimada,Pessoas,2026,35384,Inhambupe,BA,IBGE/SIDRA agregado 6579,https://servicodados.ibge.gov.br/api/v3/agregados/6579/periodos/-3/variaveis/9324?localidades=N6[N3[29]],2026-10-05
2913804,9324,População residente estimada,Pessoas,2024,14064,Ipecaetá,BA,IBGE/SIDRA agregado 6579,https://servicodados.ibge.gov.br/api/v3/agregados/6579/periodos/-3/variaveis/9324?localidades=N6[N3[29]],2026-10-05
2913804,9324,População residente estimada,Pessoas,2025,14016,Ipecaetá,BA,IBGE/SIDRA agregado 6579,https://servicodados.ibge.gov.br/api/v3/agregados/6579/periodos/-3/variaveis/9324?localidades=N6[N3[29]],2026-10-05
2913804,9324,População residente estimada,Pessoas,2026,13973,Ipecaetá,BA,IBGE/SIDRA agregado 6579,https://servicodados.ibge.gov.br/api/v3/agregados/6579/periodos/-3/variaveis/9324?localidades=N6[N3[29]],2026-10-05
2913903,9324,População residente estimada,Pessoas,2024,42507,Ipiaú,BA,IBGE/SIDRA agregado 6579,https://servicodados.ibge.gov.br/api/v3/agregados/6579/periodos/-3/variaveis/9324?localidades=N6[N3[29]],2026-10-05
2913903,9324,População residente estimada,Pessoas,2025,42429,Ipiaú,BA,IBGE/SIDRA agregado 6579,https://servicodados.ibge.gov.br/api/v3/agregados/6579/periodos/-3/variaveis/9324?localidades=N6[N3[29]],2026-10-05
2913903,9324,População residente estimada,Pessoas,2026,42359,Ipiaú,BA,IBGE/SIDRA agregado 6579,https://servicodados.ibge.gov.br/api/v3/agregados/6579/periodos/-3/variaveis/9324?localidades=N6[N3[29]],2026-10-05
2914000,9324,População residente estimada,Pessoas,2024,59264,Ipirá,BA,IBGE/SIDRA agregado 6579,https://servicodados.ibge.gov.br/api/v3/agregados/6579/periodos/-3/variaveis/9324?localidades=N6[N3[29]],2026-10-05
2914000,9324,População residente estimada,Pessoas,2025,59222,Ipirá,BA,IBGE/SIDRA agregado 6579,https://servicodados.ibge.gov.br/api/v3/agregados/6579/periodos/-3/variaveis/9324?localidades=N6[N3[29]],2026-10-05
2914000,9324,População residente estimada,Pessoas,2026,59183,Ipirá,BA,IBGE/SIDRA agregado 6579,https://servicodados.ibge.gov.br/api/v3/agregados/6579/periodos/-3/variaveis/9324?localidades=N6[N3[29]],2026-10-05
2914109,9324,População residente estimada,Pessoas,2024,10318,Ipupiara,BA,IBGE/SIDRA agregado 6579,https://servicodados.ibge.gov.br/api/v3/agregados/6579/periodos/-3/variaveis/9324?localidades=N6[N3[29]],2026-10-05
2914109,9324,População residente estimada,Pessoas,2025,10349,Ipupiara,BA,IBGE/SIDRA agregado 6579,https://servicodados.ibge.gov.br/api/v3/agregados/6579/periodos/-3/variaveis/9324?localidades=N6[N3[29]],2026-10-05
2914109,9324,População residente estimada,Pessoas,2026,10377,Ipupiara,BA,IBGE/SIDRA agregado 6579,https://servicodados.ibge.gov.br/api/v3/agregados/6579/periodos/-3/variaveis/9324?localidades=N6[N3[29]],2026-10-05
2914208,9324,População residente estimada,Pessoas,2024,6255,Irajuba,BA,IBGE/SIDRA agregado 6579,https://servicodados.ibge.gov.br/api/v3/agregados/6579/periodos/-3/variaveis/9324?localidades=N6[N3[29]],2026-10-05
2914208,9324,População residente estimada,Pessoas,2025,6232,Irajuba,BA,IBGE/SIDRA agregado 6579,https://servicodados.ibge.gov.br/api/v3/agregados/6579/periodos/-3/variaveis/9324?localidades=N6[N3[29]],2026-10-05
2914208,9324,População residente estimada,Pessoas,2026,6211,Irajuba,BA,IBGE/SIDRA agregado 6579,https://servicodados.ibge.gov.br/api/v3/agregados/6579/periodos/-3/variaveis/9324?localidades=N6[N3[29]],2026-10-05
2914307,9324,População residente estimada,Pessoas,2024,11060,Iramaia,BA,IBGE/SIDRA agregado 6579,https://servicodados.ibge.gov.br/api/v3/agregados/6579/periodos/-3/variaveis/9324?localidades=N6[N3[29]],2026-10-05
2914307,9324,População residente estimada,Pessoas,2025,11038,Iramaia,BA,IBGE/SIDRA agregado 6579,https://servicodados.ibge.gov.br/api/v3/agregados/6579/periodos/-3/variaveis/9324?localidades=N6[N3[29]],2026-10-05
2914307,9324,População residente estimada,Pessoas,2026,11018,Iramaia,BA,IBGE/SIDRA agregado 6579,https://servicodados.ibge.gov.br/api/v3/agregados/6579/periodos/-3/variaveis/9324?localidades=N6[N3[29]],2026-10-05
2914406,9324,População residente estimada,Pessoas,2024,24759,Iraquara,BA,IBGE/SIDRA agregado 6579,https://servicodados.ibge.gov.br/api/v3/agregados/6579/periodos/-3/variaveis/9324?localidades=N6[N3[29]],2026-10-05
2914406,9324,População residente estimada,Pessoas,2025,24833,Iraquara,BA,IBGE/SIDRA agregado 6579,https://servicodados.ibge.gov.br/api/v3/agregados/6579/periodos/-3/variaveis/9324?localidades=N6[N3[29]],2026-10-05
2914406,9324,População residente estimada,Pessoas,2026,24901,Iraquara,BA,IBGE/SIDRA agregado 6579,https://servicodados.ibge.gov.br/api/v3/agregados/6579/periodos/-3/variaveis/9324?localidades=N6[N3[29]],2026-10-05
2914505,9324,População residente estimada,Pessoas,2024,29509,Irará,BA,IBGE/SIDRA agregado 6579,https://servicodados.ibge.gov.br/api/v3/agregados/6579/periodos/-3/variaveis/9324?localidades=N6[N3[29]],2026-10-05
2914505,9324,População residente estimada,Pessoas,2025,29572,Irará,BA,IBGE/SIDRA agregado 6579,https://servicodados.ibge.gov.br/api/v3/agregados/6579/periodos/-3/variaveis/9324?localidades=N6[N3[29]],2026-10-05
2914505,9324,População residente estimada,Pessoas,2026,29630,Irará,BA,IBGE/SIDRA agregado 6579,https://servicodados.ibge.gov.br/api/v3/agregados/6579/periodos/-3/variaveis/9324?localidades=N6[N3[29]],2026-10-05
2914604,9324,População residente estimada,Pessoas,2024,78425,Irecê,BA,IBGE/SIDRA agregado 6579,https://servicodados.ibge.gov.br/api/v3/agregados/6579/periodos/-3/variaveis/9324?localidades=N6[N3[29]],2026-10-05
2914604,9324,População residente estimada,Pessoas,2025,78781,Irecê,BA,IBGE/SIDRA agregado 6579,https://servicodados.ibge.gov.br/api/v3/agregados/6579/periodos/-3/variaveis/9324?localidades=N6[N3[29]],2026-10-05
2914604,9324,População residente estimada,Pessoas,2026,79105,Irecê,BA,IBGE/SIDRA agregado 6579,https://servicodados.ibge.gov.br/api/v3/agregados/6579/periodos/-3/variaveis/9324?localidades=N6[N3[29]],2026-10-05
2914653,9324,População residente estimada,Pessoas,2024,29563,Itabela,BA,IBGE/SIDRA agregado 6579,https://servicodados.ibge.gov.br/api/v3/agregados/6579/periodos/-3/variaveis/9324?localidades=N6[N3[29]],2026-10-05
2914653,9324,População residente estimada,Pessoas,2025,29588,Itabela,BA,IBGE/SIDRA agregado 6579,https://servicodados.ibge.gov.br/api/v3/agregados/6579/periodos/-3/variaveis/9324?localidades=N6[N3[29]],2026-10-05
2914653,9324,População residente estimada,Pessoas,2026,29589,Itabela,BA,IBGE/SIDRA agregado 6579,https://servicodados.ibge.gov.br/api/v3/agregados/6579/periodos/-3/variaveis/9324?localidades=N6[N3[29]],2026-10-05
2914703,9324,População residente estimada,Pessoas,2024,68244,Itaberaba,BA,IBGE/SIDRA agregado 6579,https://servicodados.ibge.gov.br/api/v3/agregados/6579/periodos/-3/variaveis/9324?localidades=N6[N3[29]],2026-10-05
2914703,9324,População residente estimada,Pessoas,2025,68425,Itaberaba,BA,IBGE/SIDRA agregado 6579,https://servicodados.ibge.gov.br/api/v3/agregados/6579/periodos/-3/variaveis/9324?localidades=N6[N3[29]],2026-10-05
2914703,9324,População residente estimada,Pessoas,2026,68590,Itaberaba,BA,IBGE/SIDRA agregado 6579,https://servicodados.ibge.gov.br/api/v3/agregados/6579/periodos/-3/variaveis/9324?localidades=N6[N3[29]],2026-10-05
2914802,9324,População residente estimada,Pessoas,2024,196676,Itabuna,BA,IBGE/SIDRA agregado 6579,https://servicodados.ibge.gov.br/api/v3/agregados/6579/periodos/-3/variaveis/9324?localidades=N6[N3[29]],2026-10-05
2914802,9324,População residente estimada,Pessoas,2025,196344,Itabuna,BA,IBGE/SIDRA agregado 6579,https://servicodados.ibge.gov.br/api/v3/agregados/6579/periodos/-3/variaveis/9324?localidades=N6[N3[29]],2026-10-05
2914802,9324,População residente estimada,Pessoas,2026,196041,Itabuna,BA,IBGE/SIDRA agregado 6579,https://servicodados.ibge.gov.br/api/v3/agregados/6579/periodos/-3/variaveis/9324?localidades=N6[N3[29]],2026-10-05
2914901,9324,População residente estimada,Pessoas,2024,29337,Itacaré,BA,IBGE/SIDRA agregado 6579,https://servicodados.ibge.gov.br/api/v3/agregados/6579/periodos/-3/variaveis/9324?localidades=N6[N3[29]],2026-10-05
2914901,9324,População residente estimada,Pessoas,2025,29496,Itacaré,BA,IBGE/SIDRA agregado 6579,https://servicodados.ibge.gov.br/api/v3/agregados/6579/periodos/-3/variaveis/9324?localidades=N6[N3[29]],2026-10-05
2914901,9324,População residente estimada,Pessoas,2026,29641,Itacaré,BA,IBGE/SIDRA agregado 6579,https://servicodados.ibge.gov.br/api/v3/agregados/6579/periodos/-3/variaveis/9324?localidades=N6[N3[29]],2026-10-05
2915007,9324,População residente estimada,Pessoas,2024,13822,Itaeté,BA,IBGE/SIDRA agregado 6579,https://servicodados.ibge.gov.br/api/v3/agregados/6579/periodos/-3/variaveis/9324?localidades=N6[N3[29]],2026-10-05
2915007,9324,População residente estimada,Pessoas,2025,13775,Itaeté,BA,IBGE/SIDRA agregado 6579,https://servicodados.ibge.gov.br/api/v3/agregados/6579/periodos/-3/variaveis/9324?localidades=N6[N3[29]],2026-10-05
2915007,9324,População residente estimada,Pessoas,2026,13734,Itaeté,BA,IBGE/SIDRA agregado 6579,https://servicodados.ibge.gov.br/api/v3/agregados/6579/periodos/-3/variaveis/9324?localidades=N6[N3[29]],2026-10-05
2915106,9324,População residente estimada,Pessoas,2024,14314,Itagi,BA,IBGE/SIDRA agregado 6579,https://servicodados.ibge.gov.br/api/v3/agregados/6579/periodos/-3/variaveis/9324?localidades=N6[N3[29]],2026-10-05
2915106,9324,População residente estimada,Pessoas,2025,14347,Itagi,BA,IBGE/SIDRA agregado 6579,https://servicodados.ibge.gov.br/api/v3/agregados/6579/periodos/-3/variaveis/9324?localidades=N6[N3[29]],2026-10-05
2915106,9324,População residente estimada,Pessoas,2026,14737,Itagi,BA,IBGE/SIDRA agregado 6579,https://servicodados.ibge.gov.br/api/v3/agregados/6579/periodos/-3/variaveis/9324?localidades=N6[N3[29]],2026-10-05
2915205,9324,População residente estimada,Pessoas,2024,15792,Itagibá,BA,IBGE/SIDRA agregado 6579,https://servicodados.ibge.gov.br/api/v3/agregados/6579/periodos/-3/variaveis/9324?localidades=N6[N3[29]],2026-10-05
2915205,9324,População residente estimada,Pessoas,2025,15796,Itagibá,BA,IBGE/SIDRA agregado 6579,https://servicodados.ibge.gov.br/api/v3/agregados/6579/periodos/-3/variaveis/9324?localidades=N6[N3[29]],2026-10-05
2915205,9324,População residente estimada,Pessoas,2026,15692,Itagibá,BA,IBGE/SIDRA agregado 6579,https://servicodados.ibge.gov.br/api/v3/agregados/6579/periodos/-3/variaveis/9324?localidades=N6[N3[29]],2026-10-05
2915304,9324,População residente estimada,Pessoas,2024,6512,Itagimirim,BA,IBGE/SIDRA agregado 6579,https://servicodados.ibge.gov.br/api/v3/agregados/6579/periodos/-3/variaveis/9324?localidades=N6[N3[29]],2026-10-05
2915304,9324,População residente estimada,Pessoas,2025,6490,Itagimirim,BA,IBGE/SIDRA agregado 6579,https://servicodados.ibge.gov.br/api/v3/agregados/6579/periodos/-3/variaveis/9324?localidades=N6[N3[29]],2026-10-05
2915304,9324,População residente estimada,Pessoas,2026,6464,Itagimirim,BA,IBGE/SIDRA agregado 6579,https://servicodados.ibge.gov.br/api/v3/agregados/6579/periodos/-3/variaveis/9324?localidades=N6[N3[29]],2026-10-05
2915353,9324,População residente estimada,Pessoas,2024,12683,Itaguaçu da Bahia,BA,IBGE/SIDRA agregado 6579,https://servicodados.ibge.gov.br/api/v3/agregados/6579/periodos/-3/variaveis/9324?localidades=N6[N3[29]],2026-10-05
2915353,9324,População residente estimada,Pessoas,2025,12669,Itaguaçu da Bahia,BA,IBGE/SIDRA agregado 6579,https://servicodados.ibge.gov.br/api/v3/agregados/6579/periodos/-3/variaveis/9324?localidades=N6[N3[29]],2026-10-05
2915353,9324,População residente estimada,Pessoas,2026,12656,Itaguaçu da Bahia,BA,IBGE/SIDRA agregado 6579,https://servicodados.ibge.gov.br/api/v3/agregados/6579/periodos/-3/variaveis/9324?localidades=N6[N3[29]],2026-10-05
2915403,9324,População residente estimada,Pessoas,2024,6157,Itaju do Colônia,BA,IBGE/SIDRA agregado 6579,https://servicodados.ibge.gov.br/api/v3/agregados/6579/periodos/-3/variaveis/9324?localidades=N6[N3[29]],2026-10-05
2915403,9324,População residente estimada,Pessoas,2025,6118,Itaju do Colônia,BA,IBGE/SIDRA agregado 6579,https://servicodados.ibge.gov.br/api/v3/agregados/6579/periodos/-3/variaveis/9324?localidades=N6[N3[29]],2026-10-05
2915403,9324,População residente estimada,Pessoas,2026,5742,Itaju do Colônia,BA,IBGE/SIDRA agregado 6579,https://servicodados.ibge.gov.br/api/v3/agregados/6579/periodos/-3/variaveis/9324?localidades=N6[N3[29]],2026-10-05
2915502,9324,População residente estimada,Pessoas,2024,19249,Itajuípe,BA,IBGE/SIDRA agregado 6579,https://servicodados.ibge.gov.br/api/v3/agregados/6579/periodos/-3/variaveis/9324?localidades=N6[N3[29]],2026-10-05
2915502,9324,População residente estimada,Pessoas,2025,19191,Itajuípe,BA,IBGE/SIDRA agregado 6579,https://servicodados.ibge.gov.br/api/v3/agregados/6579/periodos/-3/variaveis/9324?localidades=N6[N3[29]],2026-10-05
2915502,9324,População residente estimada,Pessoas,2026,19138,Itajuípe,BA,IBGE/SIDRA agregado 6579,https://servicodados.ibge.gov.br/api/v3/agregados/6579/periodos/-3/variaveis/9324?localidades=N6[N3[29]],2026-10-05
2915601,9324,População residente estimada,Pessoas,2024,62065,Itamaraju,BA,IBGE/SIDRA agregado 6579,https://servicodados.ibge.gov.br/api/v3/agregados/6579/periodos/-3/variaveis/9324?localidades=N6[N3[29]],2026-10-05
2915601,9324,População residente estimada,Pessoas,2025,61999,Itamaraju,BA,IBGE/SIDRA agregado 6579,https://servicodados.ibge.gov.br/api/v3/agregados/6579/periodos/-3/variaveis/9324?localidades=N6[N3[29]],2026-10-05
2915601,9324,População residente estimada,Pessoas,2026,61947,Itamaraju,BA,IBGE/SIDRA agregado 6579,https://servicodados.ibge.gov.br/api/v3/agregados/6579/periodos/-3/variaveis/9324?localidades=N6[N3[29]],2026-10-05
2915700,9324,População residente estimada,Pessoas,2024,7219,Itamari,BA,IBGE/SIDRA agregado 6579,https://servicodados.ibge.gov.br/api/v3/agregados/6579/periodos/-3/variaveis/9324?localidades=N6[N3[29]],2026-10-05
2915700,9324,População residente estimada,Pessoas,2025,7187,Itamari,BA,IBGE/SIDRA agregado 6579,https://servicodados.ibge.gov.br/api/v3/agregados/6579/periodos/-3/variaveis/9324?localidades=N6[N3[29]],2026-10-05
2915700,9324,População residente estimada,Pessoas,2026,7158,Itamari,BA,IBGE/SIDRA agregado 6579,https://servicodados.ibge.gov.br/api/v3/agregados/6579/periodos/-3/variaveis/9324?localidades=N6[N3[29]],2026-10-05
2915809,9324,População residente estimada,Pessoas,2024,25108,Itambé,BA,IBGE/SIDRA agregado 6579,https://servicodados.ibge.gov.br/api/v3/agregados/6579/periodos/-3/variaveis/9324?localidades=N6[N3[29]],2026-10-05
2915809,9324,População residente estimada,Pessoas,2025,25088,Itambé,BA,IBGE/SIDRA agregado 6579,https://servicodados.ibge.gov.br/api/v3/agregados/6579/periodos/-3/variaveis/9324?localidades=N6[N3[29]],2026-10-05
2915809,9324,População residente estimada,Pessoas,2026,24912,Itambé,BA,IBGE/SIDRA agregado 6579,https://servicodados.ibge.gov.br/api/v3/agregados/6579/periodos/-3/variaveis/9324?localidades=N6[N3[29]],2026-10-05
2915908,9324,População residente estimada,Pessoas,2024,6087,Itanagra,BA,IBGE/SIDRA agregado 6579,https://servicodados.ibge.gov.br/api/v3/agregados/6579/periodos/-3/variaveis/9324?localidades=N6[N3[29]],2026-10-05
2915908,9324,População residente estimada,Pessoas,2025,6078,Itanagra,BA,IBGE/SIDRA agregado 6579,https://servicodados.ibge.gov.br/api/v3/agregados/6579/periodos/-3/variaveis/9324?localidades=N6[N3[29]],2026-10-05
2915908,9324,População residente estimada,Pessoas,2026,6069,Itanagra,BA,IBGE/SIDRA agregado 6579,https://servicodados.ibge.gov.br/api/v3/agregados/6579/periodos/-3/variaveis/9324?localidades=N6[N3[29]],2026-10-05
2916005,9324,População residente estimada,Pessoas,2024,18258,Itanhém,BA,IBGE/SIDRA agregado 6579,https://servicodados.ibge.gov.br/api/v3/agregados/6579/periodos/-3/variaveis/9324?localidades=N6[N3[29]],2026-10-05
2916005,9324,População residente estimada,Pessoas,2025,18203,Itanhém,BA,IBGE/SIDRA agregado 6579,https://servicodados.ibge.gov.br/api/v3/agregados/6579/periodos/-3/variaveis/9324?localidades=N6[N3[29]],2026-10-05
2916005,9324,População residente estimada,Pessoas,2026,18172,Itanhém,BA,IBGE/SIDRA agregado 6579,https://servicodados.ibge.gov.br/api/v3/agregados/6579/periodos/-3/variaveis/9324?localidades=N6[N3[29]],2026-10-05
2916104,9324,População residente estimada,Pessoas,2024,20369,Itaparica,BA,IBGE/SIDRA agregado 6579,https://servicodados.ibge.gov.br/api/v3/agregados/6579/periodos/-3/variaveis/9324?localidades=N6[N3[29]],2026-10-05
2916104,9324,População residente estimada,Pessoas,2025,20353,Itaparica,BA,IBGE/SIDRA agregado 6579,https://servicodados.ibge.gov.br/api/v3/agregados/6579/periodos/-3/variaveis/9324?localidades=N6[N3[29]],2026-10-05
2916104,9324,População residente estimada,Pessoas,2026,20339,Itaparica,BA,IBGE/SIDRA agregado 6579,https://servicodados.ibge.gov.br/api/v3/agregados/6579/periodos/-3/variaveis/9324?localidades=N6[N3[29]],2026-10-05
2916203,9324,População residente estimada,Pessoas,2024,10658,Itapé,BA,IBGE/SIDRA agregado 6579,https://servicodados.ibge.gov.br/api/v3/agregados/6579/periodos/-3/variaveis/9324?localidades=N6[N3[29]],2026-10-05
2916203,9324,População residente estimada,Pessoas,2025,10649,Itapé,BA,IBGE/SIDRA agregado 6579,https://servicodados.ibge.gov.br/api/v3/agregados/6579/periodos/-3/variaveis/9324?localidades=N6[N3[29]],2026-10-05
2916203,9324,População residente estimada,Pessoas,2026,10640,Itapé,BA,IBGE/SIDRA agregado 6579,https://servicodados.ibge.gov.br/api/v3/agregados/6579/periodos/-3/variaveis/9324?localidades=N6[N3[29]],2026-10-05
2916302,9324,População residente estimada,Pessoas,2024,9501,Itapebi,BA,IBGE/SIDRA agregado 6579,https://servicodados.ibge.gov.br/api/v3/agregados/6579/periodos/-3/variaveis/9324?localidades=N6[N3[29]],2026-10-05
2916302,9324,População residente estimada,Pessoas,2025,9464,Itapebi,BA,IBGE/SIDRA agregado 6579,https://servicodados.ibge.gov.br/api/v3/agregados/6579/periodos/-3/variaveis/9324?localidades=N6[N3[29]],2026-10-05
2916302,9324,População residente estimada,Pessoas,2026,9437,Itapebi,BA,IBGE/SIDRA agregado 6579,https://servicodados.ibge.gov.br/api/v3/agregados/6579/periodos/-3/variaveis/9324?localidades=N6[N3[29]],2026-10-05
2916401,9324,População residente estimada,Pessoas,2024,68735,Itapetinga,BA,IBGE/SIDRA agregado 6579,https://servicodados.ibge.gov.br/api/v3/agregados/6579/periodos/-3/variaveis/9324?localidades=N6[N3[29]],2026-10-05
2916401,9324,População residente estimada,Pessoas,2025,68724,Itapetinga,BA,IBGE/SIDRA agregado 6579,https://servicodados.ibge.gov.br/api/v3/agregados/6579/periodos/-3/variaveis/9324?localidades=N6[N3[29]],2026-10-05
2916401,9324,População residente estimada,Pessoas,2026,68714,Itapetinga,BA,IBGE/SIDRA agregado 6579,https://servicodados.ibge.gov.br/api/v3/agregados/6579/periodos/-3/variaveis/9324?localidades=N6[N3[29]],2026-10-05
2916500,9324,População residente estimada,Pessoas,2024,33254,Itapicuru,BA,IBGE/SIDRA agregado 6579,https://servicodados.ibge.gov.br/api/v3/agregados/6579/periodos/-3/variaveis/9324?localidades=N6[N3[29]],2026-10-05
2916500,9324,População residente estimada,Pessoas,2025,33284,Itapicuru,BA,IBGE/SIDRA agregado 6579,https://servicodados.ibge.gov.br/api/v3/agregados/6579/periodos/-3/variaveis/9324?localidades=N6[N3[29]],2026-10-05
2916500,9324,População residente estimada,Pessoas,2026,33311,Itapicuru,BA,IBGE/SIDRA agregado 6579,https://servicodados.ibge.gov.br/api/v3/agregados/6579/periodos/-3/variaveis/9324?localidades=N6[N3[29]],2026-10-05
2916609,9324,População residente estimada,Pessoas,2024,10630,Itapitanga,BA,IBGE/SIDRA agregado 6579,https://servicodados.ibge.gov.br/api/v3/agregados/6579/periodos/-3/variaveis/9324?localidades=N6[N3[29]],2026-10-05
2916609,9324,População residente estimada,Pessoas,2025,10640,Itapitanga,BA,IBGE/SIDRA agregado 6579,https://servicodados.ibge.gov.br/api/v3/agregados/6579/periodos/-3/variaveis/9324?localidades=N6[N3[29]],2026-10-05
2916609,9324,População residente estimada,Pessoas,2026,10648,Itapitanga,BA,IBGE/SIDRA agregado 6579,https://servicodados.ibge.gov.br/api/v3/agregados/6579/periodos/-3/variaveis/9324?localidades=N6[N3[29]],2026-10-05
2916708,9324,População residente estimada,Pessoas,2024,8448,Itaquara,BA,IBGE/SIDRA agregado 6579,https://servicodados.ibge.gov.br/api/v3/agregados/6579/periodos/-3/variaveis/9324?localidades=N6[N3[29]],2026-10-05
2916708,9324,População residente estimada,Pessoas,2025,8464,Itaquara,BA,IBGE/SIDRA agregado 6579,https://servicodados.ibge.gov.br/api/v3/agregados/6579/periodos/-3/variaveis/9324?localidades=N6[N3[29]],2026-10-05
2916708,9324,População residente estimada,Pessoas,2026,8478,Itaquara,BA,IBGE/SIDRA agregado 6579,https://servicodados.ibge.gov.br/api/v3/agregados/6579/periodos/-3/variaveis/9324?localidades=N6[N3[29]],2026-10-05
2916807,9324,População residente estimada,Pessoas,2024,17517,Itarantim,BA,IBGE/SIDRA agregado 6579,https://servicodados.ibge.gov.br/api/v3/agregados/6579/periodos/-3/variaveis/9324?localidades=N6[N3[29]],2026-10-05
2916807,9324,População residente estimada,Pessoas,2025,17485,Itarantim,BA,IBGE/SIDRA agregado 6579,https://servicodados.ibge.gov.br/api/v3/agregados/6579/periodos/-3/variaveis/9324?localidades=N6[N3[29]],2026-10-05
2916807,9324,População residente estimada,Pessoas,2026,17456,Itarantim,BA,IBGE/SIDRA agregado 6579,https://servicodados.ibge.gov.br/api/v3/agregados/6579/periodos/-3/variaveis/9324?localidades=N6[N3[29]],2026-10-05
2916856,9324,População residente estimada,Pessoas,2024,16375,Itatim,BA,IBGE/SIDRA agregado 6579,https://servicodados.ibge.gov.br/api/v3/agregados/6579/periodos/-3/variaveis/9324?localidades=N6[N3[29]],2026-10-05
2916856,9324,População residente estimada,Pessoas,2025,16454,Itatim,BA,IBGE/SIDRA agregado 6579,https://servicodados.ibge.gov.br/api/v3/agregados/6579/periodos/-3/variaveis/9324?localidades=N6[N3[29]],2026-10-05
2916856,9324,População residente estimada,Pessoas,2026,16526,Itatim,BA,IBGE/SIDRA agregado 6579,https://servicodados.ibge.gov.br/api/v3/agregados/6579/periodos/-3/variaveis/9324?localidades=N6[N3[29]],2026-10-05
2916906,9324,População residente estimada,Pessoas,2024,11261,Itiruçu,BA,IBGE/SIDRA agregado 6579,https://servicodados.ibge.gov.br/api/v3/agregados/6579/periodos/-3/variaveis/9324?localidades=N6[N3[29]],2026-10-05
2916906,9324,População residente estimada,Pessoas,2025,11211,Itiruçu,BA,IBGE/SIDRA agregado 6579,https://servicodados.ibge.gov.br/api/v3/agregados/6579/periodos/-3/variaveis/9324?localidades=N6[N3[29]],2026-10-05
2916906,9324,População residente estimada,Pessoas,2026,11165,Itiruçu,BA,IBGE/SIDRA agregado 6579,https://servicodados.ibge.gov.br/api/v3/agregados/6579/periodos/-3/variaveis/9324?localidades=N6[N3[29]],2026-10-05
2917003,9324,População residente estimada,Pessoas,2024,35491,Itiúba,BA,IBGE/SIDRA agregado 6579,https://servicodados.ibge.gov.br/api/v3/agregados/6579/periodos/-3/variaveis/9324?localidades=N6[N3[29]],2026-10-05
2917003,9324,População residente estimada,Pessoas,2025,35490,Itiúba,BA,IBGE/SIDRA agregado 6579,https://servicodados.ibge.gov.br/api/v3/agregados/6579/periodos/-3/variaveis/9324?localidades=N6[N3[29]],2026-10-05
2917003,9324,População residente estimada,Pessoas,2026,35489,Itiúba,BA,IBGE/SIDRA agregado 6579,https://servicodados.ibge.gov.br/api/v3/agregados/6579/periodos/-3/variaveis/9324?localidades=N6[N3[29]],2026-10-05
2917102,9324,População residente estimada,Pessoas,2024,16945,Itororó,BA,IBGE/SIDRA agregado 6579,https://servicodados.ibge.gov.br/api/v3/agregados/6579/periodos/-3/variaveis/9324?localidades=N6[N3[29]],2026-10-05
2917102,9324,População residente estimada,Pessoas,2025,16849,Itororó,BA,IBGE/SIDRA agregado 6579,https://servicodados.ibge.gov.br/api/v3/agregados/6579/periodos/-3/variaveis/9324?localidades=N6[N3[29]],2026-10-05
2917102,9324,População residente estimada,Pessoas,2026,16920,Itororó,BA,IBGE/SIDRA agregado 6579,https://servicodados.ibge.gov.br/api/v3/agregados/6579/periodos/-3/variaveis/9324?localidades=N6[N3[29]],2026-10-05
2917201,9324,População residente estimada,Pessoas,2024,18493,Ituaçu,BA,IBGE/SIDRA agregado 6579,https://servicodados.ibge.gov.br/api/v3/agregados/6579/periodos/-3/variaveis/9324?localidades=N6[N3[29]],2026-10-05
2917201,9324,População residente estimada,Pessoas,2025,18506,Ituaçu,BA,IBGE/SIDRA agregado 6579,https://servicodados.ibge.gov.br/api/v3/agregados/6579/periodos/-3/variaveis/9324?localidades=N6[N3[29]],2026-10-05
2917201,9324,População residente estimada,Pessoas,2026,18519,Ituaçu,BA,IBGE/SIDRA agregado 6579,https://servicodados.ibge.gov.br/api/v3/agregados/6579/periodos/-3/variaveis/9324?localidades=N6[N3[29]],2026-10-05
2917300,9324,População residente estimada,Pessoas,2024,22299,Ituberá,BA,IBGE/SIDRA agregado 6579,https://servicodados.ibge.gov.br/api/v3/agregados/6579/periodos/-3/variaveis/9324?localidades=N6[N3[29]],2026-10-05
2917300,9324,População residente estimada,Pessoas,2025,22154,Ituberá,BA,IBGE/SIDRA agregado 6579,https://servicodados.ibge.gov.br/api/v3/agregados/6579/periodos/-3/variaveis/9324?localidades=N6[N3[29]],2026-10-05
2917300,9324,População residente estimada,Pessoas,2026,22022,Ituberá,BA,IBGE/SIDRA agregado 6579,https://servicodados.ibge.gov.br/api/v3/agregados/6579/periodos/-3/variaveis/9324?localidades=N6[N3[29]],2026-10-05
2917334,9324,População residente estimada,Pessoas,2024,11532,Iuiu,BA,IBGE/SIDRA agregado 6579,https://servicodados.ibge.gov.br/api/v3/agregados/6579/periodos/-3/variaveis/9324?localidades=N6[N3[29]],2026-10-05
2917334,9324,População residente estimada,Pessoas,2025,11559,Iuiu,BA,IBGE/SIDRA agregado 6579,https://servicodados.ibge.gov.br/api/v3/agregados/6579/periodos/-3/variaveis/9324?localidades=N6[N3[29]],2026-10-05
2917334,9324,População residente estimada,Pessoas,2026,11584,Iuiu,BA,IBGE/SIDRA agregado 6579,https://servicodados.ibge.gov.br/api/v3/agregados/6579/periodos/-3/variaveis/9324?localidades=N6[N3[29]],2026-10-05
2917359,9324,População residente estimada,Pessoas,2024,9592,Jaborandi,BA,IBGE/SIDRA agregado 6579,https://servicodados.ibge.gov.br/api/v3/agregados/6579/periodos/-3/variaveis/9324?localidades=N6[N3[29]],2026-10-05
2917359,9324,População residente estimada,Pessoas,2025,9600,Jaborandi,BA,IBGE/SIDRA agregado 6579,https://servicodados.ibge.gov.br/api/v3/agregados/6579/periodos/-3/variaveis/9324?localidades=N6[N3[29]],2026-10-05
2917359,9324,População residente estimada,Pessoas,2026,9598,Jaborandi,BA,IBGE/SIDRA agregado 6579,https://servicodados.ibge.gov.br/api/v3/agregados/6579/periodos/-3/variaveis/9324?localidades=N6[N3[29]],2026-10-05
2917409,9324,População residente estimada,Pessoas,2024,14901,Jacaraci,BA,IBGE/SIDRA agregado 6579,https://servicodados.ibge.gov.br/api/v3/agregados/6579/periodos/-3/variaveis/9324?localidades=N6[N3[29]],2026-10-05
2917409,9324,População residente estimada,Pessoas,2025,14910,Jacaraci,BA,IBGE/SIDRA agregado 6579,https://servicodados.ibge.gov.br/api/v3/agregados/6579/periodos/-3/variaveis/9324?localidades=N6[N3[29]],2026-10-05
2917409,9324,População residente estimada,Pessoas,2026,14919,Jacaraci,BA,IBGE/SIDRA agregado 6579,https://servicodados.ibge.gov.br/api/v3/agregados/6579/periodos/-3/variaveis/9324?localidades=N6[N3[29]],2026-10-05
2917508,9324,População residente estimada,Pessoas,2024,86649,Jacobina,BA,IBGE/SIDRA agregado 6579,https://servicodados.ibge.gov.br/api/v3/agregados/6579/periodos/-3/variaveis/9324?localidades=N6[N3[29]],2026-10-05
2917508,9324,População residente estimada,Pessoas,2025,86896,Jacobina,BA,IBGE/SIDRA agregado 6579,https://servicodados.ibge.gov.br/api/v3/agregados/6579/periodos/-3/variaveis/9324?localidades=N6[N3[29]],2026-10-05
2917508,9324,População residente estimada,Pessoas,2026,87121,Jacobina,BA,IBGE/SIDRA agregado 6579,https://servicodados.ibge.gov.br/api/v3/agregados/6579/periodos/-3/variaveis/9324?localidades=N6[N3[29]],2026-10-05
2917607,9324,População residente estimada,Pessoas,2024,47738,Jaguaquara,BA,IBGE/SIDRA agregado 6579,https://servicodados.ibge.gov.br/api/v3/agregados/6579/periodos/-3/variaveis/9324?localidades=N6[N3[29]],2026-10-05
2917607,9324,População residente estimada,Pessoas,2025,47624,Jaguaquara,BA,IBGE/SIDRA agregado 6579,https://servicodados.ibge.gov.br/api/v3/agregados/6579/periodos/-3/variaveis/9324?localidades=N6[N3[29]],2026-10-05
2917607,9324,População residente estimada,Pessoas,2026,47519,Jaguaquara,BA,IBGE/SIDRA agregado 6579,https://servicodados.ibge.gov.br/api/v3/agregados/6579/periodos/-3/variaveis/9324?localidades=N6[N3[29]],2026-10-05
2917706,9324,População residente estimada,Pessoas,2024,34440,Jaguarari,BA,IBGE/SIDRA agregado 6579,https://servicodados.ibge.gov.br/api/v3/agregados/6579/periodos/-3/variaveis/9324?localidades=N6[N3[29]],2026-10-05
2917706,9324,População residente estimada,Pessoas,2025,34528,Jaguarari,BA,IBGE/SIDRA agregado 6579,https://servicodados.ibge.gov.br/api/v3/agregados/6579/periodos/-3/variaveis/9324?localidades=N6[N3[29]],2026-10-05
2917706,9324,População residente estimada,Pessoas,2026,34609,Jaguarari,BA,IBGE/SIDRA agregado 6579,https://servicodados.ibge.gov.br/api/v3/agregados/6579/periodos/-3/variaveis/9324?localidades=N6[N3[29]],2026-10-05
2917805,9324,População residente estimada,Pessoas,2024,18300,Jaguaripe,BA,IBGE/SIDRA agregado 6579,https://servicodados.ibge.gov.br/api/v3/agregados/6579/periodos/-3/variaveis/9324?localidades=N6[N3[29]],2026-10-05
2917805,9324,População residente estimada,Pessoas,2025,18349,Jaguaripe,BA,IBGE/SIDRA agregado 6579,https://servicodados.ibge.gov.br/api/v3/agregados/6579/periodos/-3/variaveis/9324?localidades=N6[N3[29]],2026-10-05
2917805,9324,População residente estimada,Pessoas,2026,18395,Jaguaripe,BA,IBGE/SIDRA agregado 6579,https://servicodados.ibge.gov.br/api/v3/agregados/6579/periodos/-3/variaveis/9324?localidades=N6[N3[29]],2026-10-05
2917904,9324,População residente estimada,Pessoas,2024,9535,Jandaíra,BA,IBGE/SIDRA agregado 6579,https://servicodados.ibge.gov.br/api/v3/agregados/6579/periodos/-3/variaveis/9324?localidades=N6[N3[29]],2026-10-05
2917904,9324,População residente estimada,Pessoas,2025,9508,Jandaíra,BA,IBGE/SIDRA agregado 6579,https://servicodados.ibge.gov.br/api/v3/agregados/6579/periodos/-3/variaveis/9324?localidades=N6[N3[29]],2026-10-05
2917904,9324,População residente estimada,Pessoas,2026,9483,Jandaíra,BA,IBGE/SIDRA agregado 6579,https://servicodados.ibge.gov.br/api/v3/agregados/6579/periodos/-3/variaveis/9324?localidades=N6[N3[29]],2026-10-05
2918001,9324,População residente estimada,Pessoas,2024,168733,Jequié,BA,IBGE/SIDRA agregado 6579,https://servicodados.ibge.gov.br/api/v3/agregados/6579/periodos/-3/variaveis/9324?localidades=N6[N3[29]],2026-10-05
2918001,9324,População residente estimada,Pessoas,2025,169201,Jequié,BA,IBGE/SIDRA agregado 6579,https://servicodados.ibge.gov.br/api/v3/agregados/6579/periodos/-3/variaveis/9324?localidades=N6[N3[29]],2026-10-05
2918001,9324,População residente estimada,Pessoas,2026,169623,Jequié,BA,IBGE/SIDRA agregado 6579,https://servicodados.ibge.gov.br/api/v3/agregados/6579/periodos/-3/variaveis/9324?localidades=N6[N3[29]],2026-10-05
2918100,9324,População residente estimada,Pessoas,2024,39501,Jeremoabo,BA,IBGE/SIDRA agregado 6579,https://servicodados.ibge.gov.br/api/v3/agregados/6579/periodos/-3/variaveis/9324?localidades=N6[N3[29]],2026-10-05
2918100,9324,População residente estimada,Pessoas,2025,39539,Jeremoabo,BA,IBGE/SIDRA agregado 6579,https://servicodados.ibge.gov.br/api/v3/agregados/6579/periodos/-3/variaveis/9324?localidades=N6[N3[29]],2026-10-05
2918100,9324,População residente estimada,Pessoas,2026,39573,Jeremoabo,BA,IBGE/SIDRA agregado 6579,https://servicodados.ibge.gov.br/api/v3/agregados/6579/periodos/-3/variaveis/9324?localidades=N6[N3[29]],2026-10-05
2918209,9324,População residente estimada,Pessoas,2024,14066,Jiquiriçá,BA,IBGE/SIDRA agregado 6579,https://servicodados.ibge.gov.br/api/v3/agregados/6579/periodos/-3/variaveis/9324?localidades=N6[N3[29]],2026-10-05
2918209,9324,População residente estimada,Pessoas,2025,14063,Jiquiriçá,BA,IBGE/SIDRA agregado 6579,https://servicodados.ibge.gov.br/api/v3/agregados/6579/periodos/-3/variaveis/9324?localidades=N6[N3[29]],2026-10-05
2918209,9324,População residente estimada,Pessoas,2026,14076,Jiquiriçá,BA,IBGE/SIDRA agregado 6579,https://servicodados.ibge.gov.br/api/v3/agregados/6579/periodos/-3/variaveis/9324?localidades=N6[N3[29]],2026-10-05
2918308,9324,População residente estimada,Pessoas,2024,14815,Jitaúna,BA,IBGE/SIDRA agregado 6579,https://servicodados.ibge.gov.br/api/v3/agregados/6579/periodos/-3/variaveis/9324?localidades=N6[N3[29]],2026-10-05
2918308,9324,População residente estimada,Pessoas,2025,14824,Jitaúna,BA,IBGE/SIDRA agregado 6579,https://servicodados.ibge.gov.br/api/v3/agregados/6579/periodos/-3/variaveis/9324?localidades=N6[N3[29]],2026-10-05
2918308,9324,População residente estimada,Pessoas,2026,14571,Jitaúna,BA,IBGE/SIDRA agregado 6579,https://servicodados.ibge.gov.br/api/v3/agregados/6579/periodos/-3/variaveis/9324?localidades=N6[N3[29]],2026-10-05
2918357,9324,População residente estimada,Pessoas,2024,25799,João Dourado,BA,IBGE/SIDRA agregado 6579,https://servicodados.ibge.gov.br/api/v3/agregados/6579/periodos/-3/variaveis/9324?localidades=N6[N3[29]],2026-10-05
2918357,9324,População residente estimada,Pessoas,2025,25892,João Dourado,BA,IBGE/SIDRA agregado 6579,https://servicodados.ibge.gov.br/api/v3/agregados/6579/periodos/-3/variaveis/9324?localidades=N6[N3[29]],2026-10-05
2918357,9324,População residente estimada,Pessoas,2026,25976,João Dourado,BA,IBGE/SIDRA agregado 6579,https://servicodados.ibge.gov.br/api/v3/agregados/6579/periodos/-3/variaveis/9324?localidades=N6[N3[29]],2026-10-05
2918407,9324,População residente estimada,Pessoas,2024,254481,Juazeiro,BA,IBGE/SIDRA agregado 6579,https://servicodados.ibge.gov.br/api/v3/agregados/6579/periodos/-3/variaveis/9324?localidades=N6[N3[29]],2026-10-05
2918407,9324,População residente estimada,Pessoas,2025,256122,Juazeiro,BA,IBGE/SIDRA agregado 6579,https://servicodados.ibge.gov.br/api/v3/agregados/6579/periodos/-3/variaveis/9324?localidades=N6[N3[29]],2026-10-05
2918407,9324,População residente estimada,Pessoas,2026,257616,Juazeiro,BA,IBGE/SIDRA agregado 6579,https://servicodados.ibge.gov.br/api/v3/agregados/6579/periodos/-3/variaveis/9324?localidades=N6[N3[29]],2026-10-05
2918456,9324,População residente estimada,Pessoas,2024,9944,Jucuruçu,BA,IBGE/SIDRA agregado 6579,https://servicodados.ibge.gov.br/api/v3/agregados/6579/periodos/-3/variaveis/9324?localidades=N6[N3[29]],2026-10-05
2918456,9324,População residente estimada,Pessoas,2025,9930,Jucuruçu,BA,IBGE/SIDRA agregado 6579,https://servicodados.ibge.gov.br/api/v3/agregados/6579/periodos/-3/variaveis/9324?localidades=N6[N3[29]],2026-10-05
2918456,9324,População residente estimada,Pessoas,2026,9934,Jucuruçu,BA,IBGE/SIDRA agregado 6579,https://servicodados.ibge.gov.br/api/v3/agregados/6579/periodos/-3/variaveis/9324?localidades=N6[N3[29]],2026-10-05
2918506,9324,População residente estimada,Pessoas,2024,16956,Jussara,BA,IBGE/SIDRA agregado 6579,https://servicodados.ibge.gov.br/api/v3/agregados/6579/periodos/-3/variaveis/9324?localidades=N6[N3[29]],2026-10-05
2918506,9324,População residente estimada,Pessoas,2025,17007,Jussara,BA,IBGE/SIDRA agregado 6579,https://servicodados.ibge.gov.br/api/v3/agregados/6579/periodos/-3/variaveis/9324?localidades=N6[N3[29]],2026-10-05
2918506,9324,População residente estimada,Pessoas,2026,17053,Jussara,BA,IBGE/SIDRA agregado 6579,https://servicodados.ibge.gov.br/api/v3/agregados/6579/periodos/-3/variaveis/9324?localidades=N6[N3[29]],2026-10-05
2918555,9324,População residente estimada,Pessoas,2024,6059,Jussari,BA,IBGE/SIDRA agregado 6579,https://servicodados.ibge.gov.br/api/v3/agregados/6579/periodos/-3/variaveis/9324?localidades=N6[N3[29]],2026-10-05
2918555,9324,População residente estimada,Pessoas,2025,6048,Jussari,BA,IBGE/SIDRA agregado 6579,https://servicodados.ibge.gov.br/api/v3/agregados/6579/periodos/-3/variaveis/9324?localidades=N6[N3[29]],2026-10-05
2918555,9324,População residente estimada,Pessoas,2026,6378,Jussari,BA,IBGE/SIDRA agregado 6579,https://servicodados.ibge.gov.br/api/v3/agregados/6579/periodos/-3/variaveis/9324?localidades=N6[N3[29]],2026-10-05
2918605,9324,População residente estimada,Pessoas,2024,7585,Jussiape,BA,IBGE/SIDRA agregado 6579,https://servicodados.ibge.gov.br/api/v3/agregados/6579/periodos/-3/variaveis/9324?localidades=N6[N3[29]],2026-10-05
2918605,9324,População residente estimada,Pessoas,2025,7567,Jussiape,BA,IBGE/SIDRA agregado 6579,https://servicodados.ibge.gov.br/api/v3/agregados/6579/periodos/-3/variaveis/9324?localidades=N6[N3[29]],2026-10-05
2918605,9324,População residente estimada,Pessoas,2026,7550,Jussiape,BA,IBGE/SIDRA agregado 6579,https://servicodados.ibge.gov.br/api/v3/agregados/6579/periodos/-3/variaveis/9324?localidades=N6[N3[29]],2026-10-05
2918704,9324,População residente estimada,Pessoas,2024,4221,Lafaiete Coutinho,BA,IBGE/SIDRA agregado 6579,https://servicodados.ibge.gov.br/api/v3/agregados/6579/periodos/-3/variaveis/9324?localidades=N6[N3[29]],2026-10-05
2918704,9324,População residente estimada,Pessoas,2025,4228,Lafaiete Coutinho,BA,IBGE/SIDRA agregado 6579,https://servicodados.ibge.gov.br/api/v3/agregados/6579/periodos/-3/variaveis/9324?localidades=N6[N3[29]],2026-10-05
2918704,9324,População residente estimada,Pessoas,2026,4235,Lafaiete Coutinho,BA,IBGE/SIDRA agregado 6579,https://servicodados.ibge.gov.br/api/v3/agregados/6579/periodos/-3/variaveis/9324?localidades=N6[N3[29]],2026-10-05
2918753,9324,População residente estimada,Pessoas,2024,14546,Lagoa Real,BA,IBGE/SIDRA agregado 6579,https://servicodados.ibge.gov.br/api/v3/agregados/6579/periodos/-3/variaveis/9324?localidades=N6[N3[29]],2026-10-05
2918753,9324,População residente estimada,Pessoas,2025,14550,Lagoa Real,BA,IBGE/SIDRA agregado 6579,https://servicodados.ibge.gov.br/api/v3/agregados/6579/periodos/-3/variaveis/9324?localidades=N6[N3[29]],2026-10-05
2918753,9324,População residente estimada,Pessoas,2026,14553,Lagoa Real,BA,IBGE/SIDRA agregado 6579,https://servicodados.ibge.gov.br/api/v3/agregados/6579/periodos/-3/variaveis/9324?localidades=N6[N3[29]],2026-10-05
2918803,9324,População residente estimada,Pessoas,2024,21704,Laje,BA,IBGE/SIDRA agregado 6579,https://servicodados.ibge.gov.br/api/v3/agregados/6579/periodos/-3/variaveis/9324?localidades=N6[N3[29]],2026-10-05
2918803,9324,População residente estimada,Pessoas,2025,21705,Laje,BA,IBGE/SIDRA agregado 6579,https://servicodados.ibge.gov.br/api/v3/agregados/6579/periodos/-3/variaveis/9324?localidades=N6[N3[29]],2026-10-05
2918803,9324,População residente estimada,Pessoas,2026,21706,Laje,BA,IBGE/SIDRA agregado 6579,https://servicodados.ibge.gov.br/api/v3/agregados/6579/periodos/-3/variaveis/9324?localidades=N6[N3[29]],2026-10-05
2918902,9324,População residente estimada,Pessoas,2024,3986,Lajedão,BA,IBGE/SIDRA agregado 6579,https://servicodados.ibge.gov.br/api/v3/agregados/6579/periodos/-3/variaveis/9324?localidades=N6[N3[29]],2026-10-05
2918902,9324,População residente estimada,Pessoas,2025,3994,Lajedão,BA,IBGE/SIDRA agregado 6579,https://servicodados.ibge.gov.br/api/v3/agregados/6579/periodos/-3/variaveis/9324?localidades=N6[N3[29]],2026-10-05
2918902,9324,População residente estimada,Pessoas,2026,4002,Lajedão,BA,IBGE/SIDRA agregado 6579,https://servicodados.ibge.gov.br/api/v3/agregados/6579/periodos/-3/variaveis/9324?localidades=N6[N3[29]],2026-10-05
2919009,9324,População residente estimada,Pessoas,2024,3621,Lajedinho,BA,IBGE/SIDRA agregado 6579,https://servicodados.ibge.gov.br/api/v3/agregados/6579/periodos/-3/variaveis/9324?localidades=N6[N3[29]],2026-10-05
2919009,9324,População residente estimada,Pessoas,2025,3610,Lajedinho,BA,IBGE/SIDRA agregado 6579,https://servicodados.ibge.gov.br/api/v3/agregados/6579/periodos/-3/variaveis/9324?localidades=N6[N3[29]],2026-10-05
2919009,9324,População residente estimada,Pessoas,2026,3600,Lajedinho,BA,IBGE/SIDRA agregado 6579,https://servicodados.ibge.gov.br/api/v3/agregados/6579/periodos/-3/variaveis/9324?localidades=N6[N3[29]],2026-10-05
2919058,9324,População residente estimada,Pessoas,2024,7702,Lajedo do Tabocal,BA,IBGE/SIDRA agregado 6579,https://servicodados.ibge.gov.br/api/v3/agregados/6579/periodos/-3/variaveis/9324?localidades=N6[N3[29]],2026-10-05
2919058,9324,População residente estimada,Pessoas,2025,7683,Lajedo do Tabocal,BA,IBGE/SIDRA agregado 6579,https://servicodados.ibge.gov.br/api/v3/agregados/6579/periodos/-3/variaveis/9324?localidades=N6[N3[29]],2026-10-05
2919058,9324,População residente estimada,Pessoas,2026,7666,Lajedo do Tabocal,BA,IBGE/SIDRA agregado 6579,https://servicodados.ibge.gov.br/api/v3/agregados/6579/periodos/-3/variaveis/9324?localidades=N6[N3[29]],2026-10-05
2919108,9324,População residente estimada,Pessoas,2024,9305,Lamarão,BA,IBGE/SIDRA agregado 6579,https://servicodados.ibge.gov.br/api/v3/agregados/6579/periodos/-3/variaveis/9324?localidades=N6[N3[29]],2026-10-05
2919108,9324,População residente estimada,Pessoas,2025,9303,Lamarão,BA,IBGE/SIDRA agregado 6579,https://servicodados.ibge.gov.br/api/v3/agregados/6579/periodos/-3/variaveis/9324?localidades=N6[N3[29]],2026-10-05
2919108,9324,População residente estimada,Pessoas,2026,9302,Lamarão,BA,IBGE/SIDRA agregado 6579,https://servicodados.ibge.gov.br/api/v3/agregados/6579/periodos/-3/variaveis/9324?localidades=N6[N3[29]],2026-10-05
2919157,9324,População residente estimada,Pessoas,2024,26998,Lapão,BA,IBGE/SIDRA agregado 6579,https://servicodados.ibge.gov.br/api/v3/agregados/6579/periodos/-3/variaveis/9324?localidades=N6[N3[29]],2026-10-05
2919157,9324,População residente estimada,Pessoas,2025,27014,Lapão,BA,IBGE/SIDRA agregado 6579,https://servicodados.ibge.gov.br/api/v3/agregados/6579/periodos/-3/variaveis/9324?localidades=N6[N3[29]],2026-10-05
2919157,9324,População residente estimada,Pessoas,2026,27025,Lapão,BA,IBGE/SIDRA agregado 6579,https://servicodados.ibge.gov.br/api/v3/agregados/6579/periodos/-3/variaveis/9324?localidades=N6[N3[29]],2026-10-05
2919207,9324,População residente estimada,Pessoas,2024,217960,Lauro de Freitas,BA,IBGE/SIDRA agregado 6579,https://servicodados.ibge.gov.br/api/v3/agregados/6579/periodos/-3/variaveis/9324?localidades=N6[N3[29]],2026-10-05
2919207,9324,População residente estimada,Pessoas,2025,219564,Lauro de Freitas,BA,IBGE/SIDRA agregado 6579,https://servicodados.ibge.gov.br/api/v3/agregados/6579/periodos/-3/variaveis/9324?localidades=N6[N3[29]],2026-10-05
2919207,9324,População residente estimada,Pessoas,2026,221023,Lauro de Freitas,BA,IBGE/SIDRA agregado 6579,https://servicodados.ibge.gov.br/api/v3/agregados/6579/periodos/-3/variaveis/9324?localidades=N6[N3[29]],2026-10-05
2919306,9324,População residente estimada,Pessoas,2024,11170,Lençóis,BA,IBGE/SIDRA agregado 6579,https://servicodados.ibge.gov.br/api/v3/agregados/6579/periodos/-3/variaveis/9324?localidades=N6[N3[29]],2026-10-05
2919306,9324,População residente estimada,Pessoas,2025,11194,Lençóis,BA,IBGE/SIDRA agregado 6579,https://servicodados.ibge.gov.br/api/v3/agregados/6579/periodos/-3/variaveis/9324?localidades=N6[N3[29]],2026-10-05
2919306,9324,População residente estimada,Pessoas,2026,11216,Lençóis,BA,IBGE/SIDRA agregado 6579,https://servicodados.ibge.gov.br/api/v3/agregados/6579/periodos/-3/variaveis/9324?localidades=N6[N3[29]],2026-10-05
2919405,9324,População residente estimada,Pessoas,2024,12208,Licínio de Almeida,BA,IBGE/SIDRA agregado 6579,https://servicodados.ibge.gov.br/api/v3/agregados/6579/periodos/-3/variaveis/9324?localidades=N6[N3[29]],2026-10-05
2919405,9324,População residente estimada,Pessoas,2025,12202,Licínio de Almeida,BA,IBGE/SIDRA agregado 6579,https://servicodados.ibge.gov.br/api/v3/agregados/6579/periodos/-3/variaveis/9324?localidades=N6[N3[29]],2026-10-05
2919405,9324,População residente estimada,Pessoas,2026,12196,Licínio de Almeida,BA,IBGE/SIDRA agregado 6579,https://servicodados.ibge.gov.br/api/v3/agregados/6579/periodos/-3/variaveis/9324?localidades=N6[N3[29]],2026-10-05
2919504,9324,População residente estimada,Pessoas,2024,46249,Livramento de Nossa Senhora,BA,IBGE/SIDRA agregado 6579,https://servicodados.ibge.gov.br/api/v3/agregados/6579/periodos/-3/variaveis/9324?localidades=N6[N3[29]],2026-10-05
2919504,9324,População residente estimada,Pessoas,2025,46376,Livramento de Nossa Senhora,BA,IBGE/SIDRA agregado 6579,https://servicodados.ibge.gov.br/api/v3/agregados/6579/periodos/-3/variaveis/9324?localidades=N6[N3[29]],2026-10-05
2919504,9324,População residente estimada,Pessoas,2026,46476,Livramento de Nossa Senhora,BA,IBGE/SIDRA agregado 6579,https://servicodados.ibge.gov.br/api/v3/agregados/6579/periodos/-3/variaveis/9324?localidades=N6[N3[29]],2026-10-05
2919553,9324,População residente estimada,Pessoas,2024,116662,Luís Eduardo Magalhães,BA,IBGE/SIDRA agregado 6579,https://servicodados.ibge.gov.br/api/v3/agregados/6579/periodos/-3/variaveis/9324?localidades=N6[N3[29]],2026-10-05
2919553,9324,População residente estimada,Pessoas,2025,118382,Luís Eduardo Magalhães,BA,IBGE/SIDRA agregado 6579,https://servicodados.ibge.gov.br/api/v3/agregados/6579/periodos/-3/variaveis/9324?localidades=N6[N3[29]],2026-10-05
2919553,9324,População residente estimada,Pessoas,2026,119947,Luís Eduardo Magalhães,BA,IBGE/SIDRA agregado 6579,https://servicodados.ibge.gov.br/api/v3/agregados/6579/periodos/-3/variaveis/9324?localidades=N6[N3[29]],2026-10-05
2919603,9324,População residente estimada,Pessoas,2024,10758,Macajuba,BA,IBGE/SIDRA agregado 6579,https://servicodados.ibge.gov.br/api/v3/agregados/6579/periodos/-3/variaveis/9324?localidades=N6[N3[29]],2026-10-05
2919603,9324,População residente estimada,Pessoas,2025,10740,Macajuba,BA,IBGE/SIDRA agregado 6579,https://servicodados.ibge.gov.br/api/v3/agregados/6579/periodos/-3/variaveis/9324?localidades=N6[N3[29]],2026-10-05
2919603,9324,População residente estimada,Pessoas,2026,10723,Macajuba,BA,IBGE/SIDRA agregado 6579,https://servicodados.ibge.gov.br/api/v3/agregados/6579/periodos/-3/variaveis/9324?localidades=N6[N3[29]],2026-10-05
2919702,9324,População residente estimada,Pessoas,2024,22596,Macarani,BA,IBGE/SIDRA agregado 6579,https://servicodados.ibge.gov.br/api/v3/agregados/6579/periodos/-3/variaveis/9324?localidades=N6[N3[29]],2026-10-05
2919702,9324,População residente estimada,Pessoas,2025,22768,Macarani,BA,IBGE/SIDRA agregado 6579,https://servicodados.ibge.gov.br/api/v3/agregados/6579/periodos/-3/variaveis/9324?localidades=N6[N3[29]],2026-10-05
2919702,9324,População residente estimada,Pessoas,2026,22924,Macarani,BA,IBGE/SIDRA agregado 6579,https://servicodados.ibge.gov.br/api/v3/agregados/6579/periodos/-3/variaveis/9324?localidades=N6[N3[29]],2026-10-05
2919801,9324,População residente estimada,Pessoas,2024,43725,Macaúbas,BA,IBGE/SIDRA agregado 6579,https://servicodados.ibge.gov.br/api/v3/agregados/6579/periodos/-3/variaveis/9324?localidades=N6[N3[29]],2026-10-05
2919801,9324,População residente estimada,Pessoas,2025,43653,Macaúbas,BA,IBGE/SIDRA agregado 6579,https://servicodados.ibge.gov.br/api/v3/agregados/6579/periodos/-3/variaveis/9324?localidades=N6[N3[29]],2026-10-05
2919801,9324,População residente estimada,Pessoas,2026,43587,Macaúbas,BA,IBGE/SIDRA agregado 6579,https://servicodados.ibge.gov.br/api/v3/agregados/6579/periodos/-3/variaveis/9324?localidades=N6[N3[29]],2026-10-05
2919900,9324,População residente estimada,Pessoas,2024,7455,Macururé,BA,IBGE/SIDRA agregado 6579,https://servicodados.ibge.gov.br/api/v3/agregados/6579/periodos/-3/variaveis/9324?localidades=N6[N3[29]],2026-10-05
2919900,9324,População residente estimada,Pessoas,2025,7435,Macururé,BA,IBGE/SIDRA agregado 6579,https://servicodados.ibge.gov.br/api/v3/agregados/6579/periodos/-3/variaveis/9324?localidades=N6[N3[29]],2026-10-05
2919900,9324,População residente estimada,Pessoas,2026,7417,Macururé,BA,IBGE/SIDRA agregado 6579,https://servicodados.ibge.gov.br/api/v3/agregados/6579/periodos/-3/variaveis/9324?localidades=N6[N3[29]],2026-10-05
2919926,9324,População residente estimada,Pessoas,2024,19173,Madre de Deus,BA,IBGE/SIDRA agregado 6579,https://servicodados.ibge.gov.br/api/v3/agregados/6579/periodos/-3/variaveis/9324?localidades=N6[N3[29]],2026-10-05
2919926,9324,População residente estimada,Pessoas,2025,19224,Madre de Deus,BA,IBGE/SIDRA agregado 6579,https://servicodados.ibge.gov.br/api/v3/agregados/6579/periodos/-3/variaveis/9324?localidades=N6[N3[29]],2026-10-05
2919926,9324,População residente estimada,Pessoas,2026,19271,Madre de Deus,BA,IBGE/SIDRA agregado 6579,https://servicodados.ibge.gov.br/api/v3/agregados/6579/periodos/-3/variaveis/9324?localidades=N6[N3[29]],2026-10-05
2919959,9324,População residente estimada,Pessoas,2024,7212,Maetinga,BA,IBGE/SIDRA agregado 6579,https://servicodados.ibge.gov.br/api/v3/agregados/6579/periodos/-3/variaveis/9324?localidades=N6[N3[29]],2026-10-05
2919959,9324,População residente estimada,Pessoas,2025,7218,Maetinga,BA,IBGE/SIDRA agregado 6579,https://servicodados.ibge.gov.br/api/v3/agregados/6579/periodos/-3/variaveis/9324?localidades=N6[N3[29]],2026-10-05
2919959,9324,População residente estimada,Pessoas,2026,7224,Maetinga,BA,IBGE/SIDRA agregado 6579,https://servicodados.ibge.gov.br/api/v3/agregados/6579/periodos/-3/variaveis/9324?localidades=N6[N3[29]],2026-10-05
2920007,9324,População residente estimada,Pessoas,2024,9011,Maiquinique,BA,IBGE/SIDRA agregado 6579,https://servicodados.ibge.gov.br/api/v3/agregados/6579/periodos/-3/variaveis/9324?localidades=N6[N3[29]],2026-10-05
2920007,9324,População residente estimada,Pessoas,2025,9009,Maiquinique,BA,IBGE/SIDRA agregado 6579,https://servicodados.ibge.gov.br/api/v3/agregados/6579/periodos/-3/variaveis/9324?localidades=N6[N3[29]],2026-10-05
2920007,9324,População residente estimada,Pessoas,2026,9007,Maiquinique,BA,IBGE/SIDRA agregado 6579,https://servicodados.ibge.gov.br/api/v3/agregados/6579/periodos/-3/variaveis/9324?localidades=N6[N3[29]],2026-10-05
2920106,9324,População residente estimada,Pessoas,2024,18161,Mairi,BA,IBGE/SIDRA agregado 6579,https://servicodados.ibge.gov.br/api/v3/agregados/6579/periodos/-3/variaveis/9324?localidades=N6[N3[29]],2026-10-05
2920106,9324,População residente estimada,Pessoas,2025,18130,Mairi,BA,IBGE/SIDRA agregado 6579,https://servicodados.ibge.gov.br/api/v3/agregados/6579/periodos/-3/variaveis/9324?localidades=N6[N3[29]],2026-10-05
2920106,9324,População residente estimada,Pessoas,2026,18102,Mairi,BA,IBGE/SIDRA agregado 6579,https://servicodados.ibge.gov.br/api/v3/agregados/6579/periodos/-3/variaveis/9324?localidades=N6[N3[29]],2026-10-05
2920205,9324,População residente estimada,Pessoas,2024,15834,Malhada,BA,IBGE/SIDRA agregado 6579,https://servicodados.ibge.gov.br/api/v3/agregados/6579/periodos/-3/variaveis/9324?localidades=N6[N3[29]],2026-10-05
2920205,9324,População residente estimada,Pessoas,2025,15814,Malhada,BA,IBGE/SIDRA agregado 6579,https://servicodados.ibge.gov.br/api/v3/agregados/6579/periodos/-3/variaveis/9324?localidades=N6[N3[29]],2026-10-05
2920205,9324,População residente estimada,Pessoas,2026,15796,Malhada,BA,IBGE/SIDRA agregado 6579,https://servicodados.ibge.gov.br/api/v3/agregados/6579/periodos/-3/variaveis/9324?localidades=N6[N3[29]],2026-10-05
2920304,9324,População residente estimada,Pessoas,2024,8972,Malhada de Pedras,BA,IBGE/SIDRA agregado 6579,https://servicodados.ibge.gov.br/api/v3/agregados/6579/periodos/-3/variaveis/9324?localidades=N6[N3[29]],2026-10-05
2920304,9324,População residente estimada,Pessoas,2025,8982,Malhada de Pedras,BA,IBGE/SIDRA agregado 6579,https://servicodados.ibge.gov.br/api/v3/agregados/6579/periodos/-3/variaveis/9324?localidades=N6[N3[29]],2026-10-05
2920304,9324,População residente estimada,Pessoas,2026,8992,Malhada de Pedras,BA,IBGE/SIDRA agregado 6579,https://servicodados.ibge.gov.br/api/v3/agregados/6579/periodos/-3/variaveis/9324?localidades=N6[N3[29]],2026-10-05
2920403,9324,População residente estimada,Pessoas,2024,14295,Manoel Vitorino,BA,IBGE/SIDRA agregado 6579,https://servicodados.ibge.gov.br/api/v3/agregados/6579/periodos/-3/variaveis/9324?localidades=N6[N3[29]],2026-10-05
2920403,9324,População residente estimada,Pessoas,2025,14287,Manoel Vitorino,BA,IBGE/SIDRA agregado 6579,https://servicodados.ibge.gov.br/api/v3/agregados/6579/periodos/-3/variaveis/9324?localidades=N6[N3[29]],2026-10-05
2920403,9324,População residente estimada,Pessoas,2026,14280,Manoel Vitorino,BA,IBGE/SIDRA agregado 6579,https://servicodados.ibge.gov.br/api/v3/agregados/6579/periodos/-3/variaveis/9324?localidades=N6[N3[29]],2026-10-05
2920452,9324,População residente estimada,Pessoas,2024,14484,Mansidão,BA,IBGE/SIDRA agregado 6579,https://servicodados.ibge.gov.br/api/v3/agregados/6579/periodos/-3/variaveis/9324?localidades=N6[N3[29]],2026-10-05
2920452,9324,População residente estimada,Pessoas,2025,14542,Mansidão,BA,IBGE/SIDRA agregado 6579,https://servicodados.ibge.gov.br/api/v3/agregados/6579/periodos/-3/variaveis/9324?localidades=N6[N3[29]],2026-10-05
2920452,9324,População residente estimada,Pessoas,2026,14595,Mansidão,BA,IBGE/SIDRA agregado 6579,https://servicodados.ibge.gov.br/api/v3/agregados/6579/periodos/-3/variaveis/9324?localidades=N6[N3[29]],2026-10-05
2920502,9324,População residente estimada,Pessoas,2024,29197,Maracás,BA,IBGE/SIDRA agregado 6579,https://servicodados.ibge.gov.br/api/v3/agregados/6579/periodos/-3/variaveis/9324?localidades=N6[N3[29]],2026-10-05
2920502,9324,População residente estimada,Pessoas,2025,29330,Maracás,BA,IBGE/SIDRA agregado 6579,https://servicodados.ibge.gov.br/api/v3/agregados/6579/periodos/-3/variaveis/9324?localidades=N6[N3[29]],2026-10-05
2920502,9324,População residente estimada,Pessoas,2026,29450,Maracás,BA,IBGE/SIDRA agregado 6579,https://servicodados.ibge.gov.br/api/v3/agregados/6579/periodos/-3/variaveis/9324?localidades=N6[N3[29]],2026-10-05
2920601,9324,População residente estimada,Pessoas,2024,37225,Maragogipe,BA,IBGE/SIDRA agregado 6579,https://servicodados.ibge.gov.br/api/v3/agregados/6579/periodos/-3/variaveis/9324?localidades=N6[N3[29]],2026-10-05
2920601,9324,População residente estimada,Pessoas,2025,37041,Maragogipe,BA,IBGE/SIDRA agregado 6579,https://servicodados.ibge.gov.br/api/v3/agregados/6579/periodos/-3/variaveis/9324?localidades=N6[N3[29]],2026-10-05
2920601,9324,População residente estimada,Pessoas,2026,36875,Maragogipe,BA,IBGE/SIDRA agregado 6579,https://servicodados.ibge.gov.br/api/v3/agregados/6579/periodos/-3/variaveis/9324?localidades=N6[N3[29]],2026-10-05
2920700,9324,População residente estimada,Pessoas,2024,25626,Maraú,BA,IBGE/SIDRA agregado 6579,https://servicodados.ibge.gov.br/api/v3/agregados/6579/periodos/-3/variaveis/9324?localidades=N6[N3[29]],2026-10-05
2920700,9324,População residente estimada,Pessoas,2025,25804,Maraú,BA,IBGE/SIDRA agregado 6579,https://servicodados.ibge.gov.br/api/v3/agregados/6579/periodos/-3/variaveis/9324?localidades=N6[N3[29]],2026-10-05
2920700,9324,População residente estimada,Pessoas,2026,25965,Maraú,BA,IBGE/SIDRA agregado 6579,https://servicodados.ibge.gov.br/api/v3/agregados/6579/periodos/-3/variaveis/9324?localidades=N6[N3[29]],2026-10-05
2920809,9324,População residente estimada,Pessoas,2024,9507,Marcionílio Souza,BA,IBGE/SIDRA agregado 6579,https://servicodados.ibge.gov.br/api/v3/agregados/6579/periodos/-3/variaveis/9324?localidades=N6[N3[29]],2026-10-05
2920809,9324,População residente estimada,Pessoas,2025,9475,Marcionílio Souza,BA,IBGE/SIDRA agregado 6579,https://servicodados.ibge.gov.br/api/v3/agregados/6579/periodos/-3/variaveis/9324?localidades=N6[N3[29]],2026-10-05
2920809,9324,População residente estimada,Pessoas,2026,9447,Marcionílio Souza,BA,IBGE/SIDRA agregado 6579,https://servicodados.ibge.gov.br/api/v3/agregados/6579/periodos/-3/variaveis/9324?localidades=N6[N3[29]],2026-10-05
2920908,9324,População residente estimada,Pessoas,2024,13941,Mascote,BA,IBGE/SIDRA agregado 6579,https://servicodados.ibge.gov.br/api/v3/agregados/6579/periodos/-3/variaveis/9324?localidades=N6[N3[29]],2026-10-05
2920908,9324,População residente estimada,Pessoas,2025,13918,Mascote,BA,IBGE/SIDRA agregado 6579,https://servicodados.ibge.gov.br/api/v3/agregados/6579/periodos/-3/variaveis/9324?localidades=N6[N3[29]],2026-10-05
2920908,9324,População residente estimada,Pessoas,2026,13897,Mascote,BA,IBGE/SIDRA agregado 6579,https://servicodados.ibge.gov.br/api/v3/agregados/6579/periodos/-3/variaveis/9324?localidades=N6[N3[29]],2026-10-05
2921005,9324,População residente estimada,Pessoas,2024,44839,Mata de São João,BA,IBGE/SIDRA agregado 6579,https://servicodados.ibge.gov.br/api/v3/agregados/6579/periodos/-3/variaveis/9324?localidades=N6[N3[29]],2026-10-05
2921005,9324,População residente estimada,Pessoas,2025,44962,Mata de São João,BA,IBGE/SIDRA agregado 6579,https://servicodados.ibge.gov.br/api/v3/agregados/6579/periodos/-3/variaveis/9324?localidades=N6[N3[29]],2026-10-05
2921005,9324,População residente estimada,Pessoas,2026,45073,Mata de São João,BA,IBGE/SIDRA agregado 6579,https://servicodados.ibge.gov.br/api/v3/agregados/6579/periodos/-3/variaveis/9324?localidades=N6[N3[29]],2026-10-05
2921054,9324,População residente estimada,Pessoas,2024,10629,Matina,BA,IBGE/SIDRA agregado 6579,https://servicodados.ibge.gov.br/api/v3/agregados/6579/periodos/-3/variaveis/9324?localidades=N6[N3[29]],2026-10-05
2921054,9324,População residente estimada,Pessoas,2025,10611,Matina,BA,IBGE/SIDRA agregado 6579,https://servicodados.ibge.gov.br/api/v3/agregados/6579/periodos/-3/variaveis/9324?localidades=N6[N3[29]],2026-10-05
2921054,9324,População residente estimada,Pessoas,2026,10593,Matina,BA,IBGE/SIDRA agregado 6579,https://servicodados.ibge.gov.br/api/v3/agregados/6579/periodos/-3/variaveis/9324?localidades=N6[N3[29]],2026-10-05
2921104,9324,População residente estimada,Pessoas,2024,22925,Medeiros Neto,BA,IBGE/SIDRA agregado 6579,https://servicodados.ibge.gov.br/api/v3/agregados/6579/periodos/-3/variaveis/9324?localidades=N6[N3[29]],2026-10-05
2921104,9324,População residente estimada,Pessoas,2025,22801,Medeiros Neto,BA,IBGE/SIDRA agregado 6579,https://servicodados.ibge.gov.br/api/v3/agregados/6579/periodos/-3/variaveis/9324?localidades=N6[N3[29]],2026-10-05
2921104,9324,População residente estimada,Pessoas,2026,22524,Medeiros Neto,BA,IBGE/SIDRA agregado 6579,https://servicodados.ibge.gov.br/api/v3/agregados/6579/periodos/-3/variaveis/9324?localidades=N6[N3[29]],2026-10-05
2921203,9324,População residente estimada,Pessoas,2024,25317,Miguel Calmon,BA,IBGE/SIDRA agregado 6579,https://servicodados.ibge.gov.br/api/v3/agregados/6579/periodos/-3/variaveis/9324?localidades=N6[N3[29]],2026-10-05
2921203,9324,População residente estimada,Pessoas,2025,25263,Miguel Calmon,BA,IBGE/SIDRA agregado 6579,https://servicodados.ibge.gov.br/api/v3/agregados/6579/periodos/-3/variaveis/9324?localidades=N6[N3[29]],2026-10-05
2921203,9324,População residente estimada,Pessoas,2026,25213,Miguel Calmon,BA,IBGE/SIDRA agregado 6579,https://servicodados.ibge.gov.br/api/v3/agregados/6579/periodos/-3/variaveis/9324?localidades=N6[N3[29]],2026-10-05
2921302,9324,População residente estimada,Pessoas,2024,11434,Milagres,BA,IBGE/SIDRA agregado 6579,https://servicodados.ibge.gov.br/api/v3/agregados/6579/periodos/-3/variaveis/9324?localidades=N6[N3[29]],2026-10-05
2921302,9324,População residente estimada,Pessoas,2025,11436,Milagres,BA,IBGE/SIDRA agregado 6579,https://servicodados.ibge.gov.br/api/v3/agregados/6579/periodos/-3/variaveis/9324?localidades=N6[N3[29]],2026-10-05
2921302,9324,População residente estimada,Pessoas,2026,11438,Milagres,BA,IBGE/SIDRA agregado 6579,https://servicodados.ibge.gov.br/api/v3/agregados/6579/periodos/-3/variaveis/9324?localidades=N6[N3[29]],2026-10-05
2921401,9324,População residente estimada,Pessoas,2024,16185,Mirangaba,BA,IBGE/SIDRA agregado 6579,https://servicodados.ibge.gov.br/api/v3/agregados/6579/periodos/-3/variaveis/9324?localidades=N6[N3[29]],2026-10-05
2921401,9324,População residente estimada,Pessoas,2025,16167,Mirangaba,BA,IBGE/SIDRA agregado 6579,https://servicodados.ibge.gov.br/api/v3/agregados/6579/periodos/-3/variaveis/9324?localidades=N6[N3[29]],2026-10-05
2921401,9324,População residente estimada,Pessoas,2026,16150,Mirangaba,BA,IBGE/SIDRA agregado 6579,https://servicodados.ibge.gov.br/api/v3/agregados/6579/periodos/-3/variaveis/9324?localidades=N6[N3[29]],2026-10-05
2921450,9324,População residente estimada,Pessoas,2024,10523,Mirante,BA,IBGE/SIDRA agregado 6579,https://servicodados.ibge.gov.br/api/v3/agregados/6579/periodos/-3/variaveis/9324?localidades=N6[N3[29]],2026-10-05
2921450,9324,População residente estimada,Pessoas,2025,10526,Mirante,BA,IBGE/SIDRA agregado 6579,https://servicodados.ibge.gov.br/api/v3/agregados/6579/periodos/-3/variaveis/9324?localidades=N6[N3[29]],2026-10-05
2921450,9324,População residente estimada,Pessoas,2026,10529,Mirante,BA,IBGE/SIDRA agregado 6579,https://servicodados.ibge.gov.br/api/v3/agregados/6579/periodos/-3/variaveis/9324?localidades=N6[N3[29]],2026-10-05
2921500,9324,População residente estimada,Pessoas,2024,49823,Monte Santo,BA,IBGE/SIDRA agregado 6579,https://servicodados.ibge.gov.br/api/v3/agregados/6579/periodos/-3/variaveis/9324?localidades=N6[N3[29]],2026-10-05
2921500,9324,População residente estimada,Pessoas,2025,49807,Monte Santo,BA,IBGE/SIDRA agregado 6579,https://servicodados.ibge.gov.br/api/v3/agregados/6579/periodos/-3/variaveis/9324?localidades=N6[N3[29]],2026-10-05
2921500,9324,População residente estimada,Pessoas,2026,49793,Monte Santo,BA,IBGE/SIDRA agregado 6579,https://servicodados.ibge.gov.br/api/v3/agregados/6579/periodos/-3/variaveis/9324?localidades=N6[N3[29]],2026-10-05
2921609,9324,População residente estimada,Pessoas,2024,8232,Morpará,BA,IBGE/SIDRA agregado 6579,https://servicodados.ibge.gov.br/api/v3/agregados/6579/periodos/-3/variaveis/9324?localidades=N6[N3[29]],2026-10-05
2921609,9324,População residente estimada,Pessoas,2025,8220,Morpará,BA,IBGE/SIDRA agregado 6579,https://servicodados.ibge.gov.br/api/v3/agregados/6579/periodos/-3/variaveis/9324?localidades=N6[N3[29]],2026-10-05
2921609,9324,População residente estimada,Pessoas,2026,8209,Morpará,BA,IBGE/SIDRA agregado 6579,https://servicodados.ibge.gov.br/api/v3/agregados/6579/periodos/-3/variaveis/9324?localidades=N6[N3[29]],2026-10-05
2921708,9324,População residente estimada,Pessoas,2024,35224,Morro do Chapéu,BA,IBGE/SIDRA agregado 6579,https://servicodados.ibge.gov.br/api/v3/agregados/6579/periodos/-3/variaveis/9324?localidades=N6[N3[29]],2026-10-05
2921708,9324,População residente estimada,Pessoas,2025,35235,Morro do Chapéu,BA,IBGE/SIDRA agregado 6579,https://servicodados.ibge.gov.br/api/v3/agregados/6579/periodos/-3/variaveis/9324?localidades=N6[N3[29]],2026-10-05
2921708,9324,População residente estimada,Pessoas,2026,35245,Morro do Chapéu,BA,IBGE/SIDRA agregado 6579,https://servicodados.ibge.gov.br/api/v3/agregados/6579/periodos/-3/variaveis/9324?localidades=N6[N3[29]],2026-10-05
2921807,9324,População residente estimada,Pessoas,2024,11487,Mortugaba,BA,IBGE/SIDRA agregado 6579,https://servicodados.ibge.gov.br/api/v3/agregados/6579/periodos/-3/variaveis/9324?localidades=N6[N3[29]],2026-10-05
2921807,9324,População residente estimada,Pessoas,2025,11477,Mortugaba,BA,IBGE/SIDRA agregado 6579,https://servicodados.ibge.gov.br/api/v3/agregados/6579/periodos/-3/variaveis/9324?localidades=N6[N3[29]],2026-10-05
2921807,9324,População residente estimada,Pessoas,2026,11469,Mortugaba,BA,IBGE/SIDRA agregado 6579,https://servicodados.ibge.gov.br/api/v3/agregados/6579/periodos/-3/variaveis/9324?localidades=N6[N3[29]],2026-10-05
2921906,9324,População residente estimada,Pessoas,2024,12650,Mucugê,BA,IBGE/SIDRA agregado 6579,https://servicodados.ibge.gov.br/api/v3/agregados/6579/periodos/-3/variaveis/9324?localidades=N6[N3[29]],2026-10-05
2921906,9324,População residente estimada,Pessoas,2025,12712,Mucugê,BA,IBGE/SIDRA agregado 6579,https://servicodados.ibge.gov.br/api/v3/agregados/6579/periodos/-3/variaveis/9324?localidades=N6[N3[29]],2026-10-05
2921906,9324,População residente estimada,Pessoas,2026,12768,Mucugê,BA,IBGE/SIDRA agregado 6579,https://servicodados.ibge.gov.br/api/v3/agregados/6579/periodos/-3/variaveis/9324?localidades=N6[N3[29]],2026-10-05
2922003,9324,População residente estimada,Pessoas,2024,40005,Mucuri,BA,IBGE/SIDRA agregado 6579,https://servicodados.ibge.gov.br/api/v3/agregados/6579/periodos/-3/variaveis/9324?localidades=N6[N3[29]],2026-10-05
2922003,9324,População residente estimada,Pessoas,2025,40114,Mucuri,BA,IBGE/SIDRA agregado 6579,https://servicodados.ibge.gov.br/api/v3/agregados/6579/periodos/-3/variaveis/9324?localidades=N6[N3[29]],2026-10-05
2922003,9324,População residente estimada,Pessoas,2026,40213,Mucuri,BA,IBGE/SIDRA agregado 6579,https://servicodados.ibge.gov.br/api/v3/agregados/6579/periodos/-3/variaveis/9324?localidades=N6[N3[29]],2026-10-05
2922052,9324,População residente estimada,Pessoas,2024,13625,Mulungu do Morro,BA,IBGE/SIDRA agregado 6579,https://servicodados.ibge.gov.br/api/v3/agregados/6579/periodos/-3/variaveis/9324?localidades=N6[N3[29]],2026-10-05
2922052,9324,População residente estimada,Pessoas,2025,13648,Mulungu do Morro,BA,IBGE/SIDRA agregado 6579,https://servicodados.ibge.gov.br/api/v3/agregados/6579/periodos/-3/variaveis/9324?localidades=N6[N3[29]],2026-10-05
2922052,9324,População residente estimada,Pessoas,2026,13660,Mulungu do Morro,BA,IBGE/SIDRA agregado 6579,https://servicodados.ibge.gov.br/api/v3/agregados/6579/periodos/-3/variaveis/9324?localidades=N6[N3[29]],2026-10-05
2922102,9324,População residente estimada,Pessoas,2024,17417,Mundo Novo,BA,IBGE/SIDRA agregado 6579,https://servicodados.ibge.gov.br/api/v3/agregados/6579/periodos/-3/variaveis/9324?localidades=N6[N3[29]],2026-10-05
2922102,9324,População residente estimada,Pessoas,2025,17197,Mundo Novo,BA,IBGE/SIDRA agregado 6579,https://servicodados.ibge.gov.br/api/v3/agregados/6579/periodos/-3/variaveis/9324?localidades=N6[N3[29]],2026-10-05
2922102,9324,População residente estimada,Pessoas,2026,16997,Mundo Novo,BA,IBGE/SIDRA agregado 6579,https://servicodados.ibge.gov.br/api/v3/agregados/6579/periodos/-3/variaveis/9324?localidades=N6[N3[29]],2026-10-05
2922201,9324,População residente estimada,Pessoas,2024,7443,Muniz Ferreira,BA,IBGE/SIDRA agregado 6579,https://servicodados.ibge.gov.br/api/v3/agregados/6579/periodos/-3/variaveis/9324?localidades=N6[N3[29]],2026-10-05
2922201,9324,População residente estimada,Pessoas,2025,7453,Muniz Ferreira,BA,IBGE/SIDRA agregado 6579,https://servicodados.ibge.gov.br/api/v3/agregados/6579/periodos/-3/variaveis/9324?localidades=N6[N3[29]],2026-10-05
2922201,9324,População residente estimada,Pessoas,2026,7462,Muniz Ferreira,BA,IBGE/SIDRA agregado 6579,https://servicodados.ibge.gov.br/api/v3/agregados/6579/periodos/-3/variaveis/9324?localidades=N6[N3[29]],2026-10-05
2922250,9324,População residente estimada,Pessoas,2024,10796,Muquém do São Francisco,BA,IBGE/SIDRA agregado 6579,https://servicodados.ibge.gov.br/api/v3/agregados/6579/periodos/-3/variaveis/9324?localidades=N6[N3[29]],2026-10-05
2922250,9324,População residente estimada,Pessoas,2025,10803,Muquém do São Francisco,BA,IBGE/SIDRA agregado 6579,https://servicodados.ibge.gov.br/api/v3/agregados/6579/periodos/-3/variaveis/9324?localidades=N6[N3[29]],2026-10-05
2922250,9324,População residente estimada,Pessoas,2026,10810,Muquém do São Francisco,BA,IBGE/SIDRA agregado 6579,https://servicodados.ibge.gov.br/api/v3/agregados/6579/periodos/-3/variaveis/9324?localidades=N6[N3[29]],2026-10-05
2922300,9324,População residente estimada,Pessoas,2024,30146,Muritiba,BA,IBGE/SIDRA agregado 6579,https://servicodados.ibge.gov.br/api/v3/agregados/6579/periodos/-3/variaveis/9324?localidades=N6[N3[29]],2026-10-05
2922300,9324,População residente estimada,Pessoas,2025,30180,Muritiba,BA,IBGE/SIDRA agregado 6579,https://servicodados.ibge.gov.br/api/v3/agregados/6579/periodos/-3/variaveis/9324?localidades=N6[N3[29]],2026-10-05
2922300,9324,População residente estimada,Pessoas,2026,30210,Muritiba,BA,IBGE/SIDRA agregado 6579,https://servicodados.ibge.gov.br/api/v3/agregados/6579/periodos/-3/variaveis/9324?localidades=N6[N3[29]],2026-10-05
2922409,9324,População residente estimada,Pessoas,2024,20612,Mutuípe,BA,IBGE/SIDRA agregado 6579,https://servicodados.ibge.gov.br/api/v3/agregados/6579/periodos/-3/variaveis/9324?localidades=N6[N3[29]],2026-10-05
2922409,9324,População residente estimada,Pessoas,2025,20590,Mutuípe,BA,IBGE/SIDRA agregado 6579,https://servicodados.ibge.gov.br/api/v3/agregados/6579/periodos/-3/variaveis/9324?localidades=N6[N3[29]],2026-10-05
2922409,9324,População residente estimada,Pessoas,2026,20569,Mutuípe,BA,IBGE/SIDRA agregado 6579,https://servicodados.ibge.gov.br/api/v3/agregados/6579/periodos/-3/variaveis/9324?localidades=N6[N3[29]],2026-10-05
2922508,9324,População residente estimada,Pessoas,2024,28403,Nazaré,BA,IBGE/SIDRA agregado 6579,https://servicodados.ibge.gov.br/api/v3/agregados/6579/periodos/-3/variaveis/9324?localidades=N6[N3[29]],2026-10-05
2922508,9324,População residente estimada,Pessoas,2025,28427,Nazaré,BA,IBGE/SIDRA agregado 6579,https://servicodados.ibge.gov.br/api/v3/agregados/6579/periodos/-3/variaveis/9324?localidades=N6[N3[29]],2026-10-05
2922508,9324,População residente estimada,Pessoas,2026,28450,Nazaré,BA,IBGE/SIDRA agregado 6579,https://servicodados.ibge.gov.br/api/v3/agregados/6579/periodos/-3/variaveis/9324?localidades=N6[N3[29]],2026-10-05
2922607,9324,População residente estimada,Pessoas,2024,12418,Nilo Peçanha,BA,IBGE/SIDRA agregado 6579,https://servicodados.ibge.gov.br/api/v3/agregados/6579/periodos/-3/variaveis/9324?localidades=N6[N3[29]],2026-10-05
2922607,9324,População residente estimada,Pessoas,2025,12399,Nilo Peçanha,BA,IBGE/SIDRA agregado 6579,https://servicodados.ibge.gov.br/api/v3/agregados/6579/periodos/-3/variaveis/9324?localidades=N6[N3[29]],2026-10-05
2922607,9324,População residente estimada,Pessoas,2026,12381,Nilo Peçanha,BA,IBGE/SIDRA agregado 6579,https://servicodados.ibge.gov.br/api/v3/agregados/6579/periodos/-3/variaveis/9324?localidades=N6[N3[29]],2026-10-05
2922656,9324,População residente estimada,Pessoas,2024,19500,Nordestina,BA,IBGE/SIDRA agregado 6579,https://servicodados.ibge.gov.br/api/v3/agregados/6579/periodos/-3/variaveis/9324?localidades=N6[N3[29]],2026-10-05
2922656,9324,População residente estimada,Pessoas,2025,19711,Nordestina,BA,IBGE/SIDRA agregado 6579,https://servicodados.ibge.gov.br/api/v3/agregados/6579/periodos/-3/variaveis/9324?localidades=N6[N3[29]],2026-10-05
2922656,9324,População residente estimada,Pessoas,2026,19903,Nordestina,BA,IBGE/SIDRA agregado 6579,https://servicodados.ibge.gov.br/api/v3/agregados/6579/periodos/-3/variaveis/9324?localidades=N6[N3[29]],2026-10-05
2922706,9324,População residente estimada,Pessoas,2024,14035,Nova Canaã,BA,IBGE/SIDRA agregado 6579,https://servicodados.ibge.gov.br/api/v3/agregados/6579/periodos/-3/variaveis/9324?localidades=N6[N3[29]],2026-10-05
2922706,9324,População residente estimada,Pessoas,2025,13970,Nova Canaã,BA,IBGE/SIDRA agregado 6579,https://servicodados.ibge.gov.br/api/v3/agregados/6579/periodos/-3/variaveis/9324?localidades=N6[N3[29]],2026-10-05
2922706,9324,População residente estimada,Pessoas,2026,13910,Nova Canaã,BA,IBGE/SIDRA agregado 6579,https://servicodados.ibge.gov.br/api/v3/agregados/6579/periodos/-3/variaveis/9324?localidades=N6[N3[29]],2026-10-05
2922730,9324,População residente estimada,Pessoas,2024,8264,Nova Fátima,BA,IBGE/SIDRA agregado 6579,https://servicodados.ibge.gov.br/api/v3/agregados/6579/periodos/-3/variaveis/9324?localidades=N6[N3[29]],2026-10-05
2922730,9324,População residente estimada,Pessoas,2025,8283,Nova Fátima,BA,IBGE/SIDRA agregado 6579,https://servicodados.ibge.gov.br/api/v3/agregados/6579/periodos/-3/variaveis/9324?localidades=N6[N3[29]],2026-10-05
2922730,9324,População residente estimada,Pessoas,2026,8301,Nova Fátima,BA,IBGE/SIDRA agregado 6579,https://servicodados.ibge.gov.br/api/v3/agregados/6579/periodos/-3/variaveis/9324?localidades=N6[N3[29]],2026-10-05
2922755,9324,População residente estimada,Pessoas,2024,6701,Nova Ibiá,BA,IBGE/SIDRA agregado 6579,https://servicodados.ibge.gov.br/api/v3/agregados/6579/periodos/-3/variaveis/9324?localidades=N6[N3[29]],2026-10-05
2922755,9324,População residente estimada,Pessoas,2025,6696,Nova Ibiá,BA,IBGE/SIDRA agregado 6579,https://servicodados.ibge.gov.br/api/v3/agregados/6579/periodos/-3/variaveis/9324?localidades=N6[N3[29]],2026-10-05
2922755,9324,População residente estimada,Pessoas,2026,6691,Nova Ibiá,BA,IBGE/SIDRA agregado 6579,https://servicodados.ibge.gov.br/api/v3/agregados/6579/periodos/-3/variaveis/9324?localidades=N6[N3[29]],2026-10-05
2922805,9324,População residente estimada,Pessoas,2024,8059,Nova Itarana,BA,IBGE/SIDRA agregado 6579,https://servicodados.ibge.gov.br/api/v3/agregados/6579/periodos/-3/variaveis/9324?localidades=N6[N3[29]],2026-10-05
2922805,9324,População residente estimada,Pessoas,2025,8073,Nova Itarana,BA,IBGE/SIDRA agregado 6579,https://servicodados.ibge.gov.br/api/v3/agregados/6579/periodos/-3/variaveis/9324?localidades=N6[N3[29]],2026-10-05
2922805,9324,População residente estimada,Pessoas,2026,8085,Nova Itarana,BA,IBGE/SIDRA agregado 6579,https://servicodados.ibge.gov.br/api/v3/agregados/6579/periodos/-3/variaveis/9324?localidades=N6[N3[29]],2026-10-05
2922854,9324,População residente estimada,Pessoas,2024,7708,Nova Redenção,BA,IBGE/SIDRA agregado 6579,https://servicodados.ibge.gov.br/api/v3/agregados/6579/periodos/-3/variaveis/9324?localidades=N6[N3[29]],2026-10-05
2922854,9324,População residente estimada,Pessoas,2025,7670,Nova Redenção,BA,IBGE/SIDRA agregado 6579,https://servicodados.ibge.gov.br/api/v3/agregados/6579/periodos/-3/variaveis/9324?localidades=N6[N3[29]],2026-10-05
2922854,9324,População residente estimada,Pessoas,2026,7634,Nova Redenção,BA,IBGE/SIDRA agregado 6579,https://servicodados.ibge.gov.br/api/v3/agregados/6579/periodos/-3/variaveis/9324?localidades=N6[N3[29]],2026-10-05
2922904,9324,População residente estimada,Pessoas,2024,24906,Nova Soure,BA,IBGE/SIDRA agregado 6579,https://servicodados.ibge.gov.br/api/v3/agregados/6579/periodos/-3/variaveis/9324?localidades=N6[N3[29]],2026-10-05
2922904,9324,População residente estimada,Pessoas,2025,24865,Nova Soure,BA,IBGE/SIDRA agregado 6579,https://servicodados.ibge.gov.br/api/v3/agregados/6579/periodos/-3/variaveis/9324?localidades=N6[N3[29]],2026-10-05
2922904,9324,População residente estimada,Pessoas,2026,24828,Nova Soure,BA,IBGE/SIDRA agregado 6579,https://servicodados.ibge.gov.br/api/v3/agregados/6579/periodos/-3/variaveis/9324?localidades=N6[N3[29]],2026-10-05
2923001,9324,População residente estimada,Pessoas,2024,41551,Nova Viçosa,BA,IBGE/SIDRA agregado 6579,https://servicodados.ibge.gov.br/api/v3/agregados/6579/periodos/-3/variaveis/9324?localidades=N6[N3[29]],2026-10-05
2923001,9324,População residente estimada,Pessoas,2025,41629,Nova Viçosa,BA,IBGE/SIDRA agregado 6579,https://servicodados.ibge.gov.br/api/v3/agregados/6579/periodos/-3/variaveis/9324?localidades=N6[N3[29]],2026-10-05
2923001,9324,População residente estimada,Pessoas,2026,41699,Nova Viçosa,BA,IBGE/SIDRA agregado 6579,https://servicodados.ibge.gov.br/api/v3/agregados/6579/periodos/-3/variaveis/9324?localidades=N6[N3[29]],2026-10-05
2923035,9324,População residente estimada,Pessoas,2024,11565,Novo Horizonte,BA,IBGE/SIDRA agregado 6579,https://servicodados.ibge.gov.br/api/v3/agregados/6579/periodos/-3/variaveis/9324?localidades=N6[N3[29]],2026-10-05
2923035,9324,População residente estimada,Pessoas,2025,11586,Novo Horizonte,BA,IBGE/SIDRA agregado 6579,https://servicodados.ibge.gov.br/api/v3/agregados/6579/periodos/-3/variaveis/9324?localidades=N6[N3[29]],2026-10-05
2923035,9324,População residente estimada,Pessoas,2026,11605,Novo Horizonte,BA,IBGE/SIDRA agregado 6579,https://servicodados.ibge.gov.br/api/v3/agregados/6579/periodos/-3/variaveis/9324?localidades=N6[N3[29]],2026-10-05
2923050,9324,População residente estimada,Pessoas,2024,11197,Novo Triunfo,BA,IBGE/SIDRA agregado 6579,https://servicodados.ibge.gov.br/api/v3/agregados/6579/periodos/-3/variaveis/9324?localidades=N6[N3[29]],2026-10-05
2923050,9324,População residente estimada,Pessoas,2025,11060,Novo Triunfo,BA,IBGE/SIDRA agregado 6579,https://servicodados.ibge.gov.br/api/v3/agregados/6579/periodos/-3/variaveis/9324?localidades=N6[N3[29]],2026-10-05
2923050,9324,População residente estimada,Pessoas,2026,10935,Novo Triunfo,BA,IBGE/SIDRA agregado 6579,https://servicodados.ibge.gov.br/api/v3/agregados/6579/periodos/-3/variaveis/9324?localidades=N6[N3[29]],2026-10-05
2923100,9324,População residente estimada,Pessoas,2024,23085,Olindina,BA,IBGE/SIDRA agregado 6579,https://servicodados.ibge.gov.br/api/v3/agregados/6579/periodos/-3/variaveis/9324?localidades=N6[N3[29]],2026-10-05
2923100,9324,População residente estimada,Pessoas,2025,22956,Olindina,BA,IBGE/SIDRA agregado 6579,https://servicodados.ibge.gov.br/api/v3/agregados/6579/periodos/-3/variaveis/9324?localidades=N6[N3[29]],2026-10-05
2923100,9324,População residente estimada,Pessoas,2026,22838,Olindina,BA,IBGE/SIDRA agregado 6579,https://servicodados.ibge.gov.br/api/v3/agregados/6579/periodos/-3/variaveis/9324?localidades=N6[N3[29]],2026-10-05
2923209,9324,População residente estimada,Pessoas,2024,21334,Oliveira dos Brejinhos,BA,IBGE/SIDRA agregado 6579,https://servicodados.ibge.gov.br/api/v3/agregados/6579/periodos/-3/variaveis/9324?localidades=N6[N3[29]],2026-10-05
2923209,9324,População residente estimada,Pessoas,2025,21323,Oliveira dos Brejinhos,BA,IBGE/SIDRA agregado 6579,https://servicodados.ibge.gov.br/api/v3/agregados/6579/periodos/-3/variaveis/9324?localidades=N6[N3[29]],2026-10-05
2923209,9324,População residente estimada,Pessoas,2026,21315,Oliveira dos Brejinhos,BA,IBGE/SIDRA agregado 6579,https://servicodados.ibge.gov.br/api/v3/agregados/6579/periodos/-3/variaveis/9324?localidades=N6[N3[29]],2026-10-05
2923308,9324,População residente estimada,Pessoas,2024,7939,Ouriçangas,BA,IBGE/SIDRA agregado 6579,https://servicodados.ibge.gov.br/api/v3/agregados/6579/periodos/-3/variaveis/9324?localidades=N6[N3[29]],2026-10-05
2923308,9324,População residente estimada,Pessoas,2025,7925,Ouriçangas,BA,IBGE/SIDRA agregado 6579,https://servicodados.ibge.gov.br/api/v3/agregados/6579/periodos/-3/variaveis/9324?localidades=N6[N3[29]],2026-10-05
2923308,9324,População residente estimada,Pessoas,2026,7912,Ouriçangas,BA,IBGE/SIDRA agregado 6579,https://servicodados.ibge.gov.br/api/v3/agregados/6579/periodos/-3/variaveis/9324?localidades=N6[N3[29]],2026-10-05
2923357,9324,População residente estimada,Pessoas,2024,20037,Ourolândia,BA,IBGE/SIDRA agregado 6579,https://servicodados.ibge.gov.br/api/v3/agregados/6579/periodos/-3/variaveis/9324?localidades=N6[N3[29]],2026-10-05
2923357,9324,População residente estimada,Pessoas,2025,20141,Ourolândia,BA,IBGE/SIDRA agregado 6579,https://servicodados.ibge.gov.br/api/v3/agregados/6579/periodos/-3/variaveis/9324?localidades=N6[N3[29]],2026-10-05
2923357,9324,População residente estimada,Pessoas,2026,20236,Ourolândia,BA,IBGE/SIDRA agregado 6579,https://servicodados.ibge.gov.br/api/v3/agregados/6579/periodos/-3/variaveis/9324?localidades=N6[N3[29]],2026-10-05
2923407,9324,População residente estimada,Pessoas,2024,20677,Palmas de Monte Alto,BA,IBGE/SIDRA agregado 6579,https://servicodados.ibge.gov.br/api/v3/agregados/6579/periodos/-3/variaveis/9324?localidades=N6[N3[29]],2026-10-05
2923407,9324,População residente estimada,Pessoas,2025,20666,Palmas de Monte Alto,BA,IBGE/SIDRA agregado 6579,https://servicodados.ibge.gov.br/api/v3/agregados/6579/periodos/-3/variaveis/9324?localidades=N6[N3[29]],2026-10-05
2923407,9324,População residente estimada,Pessoas,2026,20656,Palmas de Monte Alto,BA,IBGE/SIDRA agregado 6579,https://servicodados.ibge.gov.br/api/v3/agregados/6579/periodos/-3/variaveis/9324?localidades=N6[N3[29]],2026-10-05
2923506,9324,População residente estimada,Pessoas,2024,10819,Palmeiras,BA,IBGE/SIDRA agregado 6579,https://servicodados.ibge.gov.br/api/v3/agregados/6579/periodos/-3/variaveis/9324?localidades=N6[N3[29]],2026-10-05
2923506,9324,População residente estimada,Pessoas,2025,10894,Palmeiras,BA,IBGE/SIDRA agregado 6579,https://servicodados.ibge.gov.br/api/v3/agregados/6579/periodos/-3/variaveis/9324?localidades=N6[N3[29]],2026-10-05
2923506,9324,População residente estimada,Pessoas,2026,10962,Palmeiras,BA,IBGE/SIDRA agregado 6579,https://servicodados.ibge.gov.br/api/v3/agregados/6579/periodos/-3/variaveis/9324?localidades=N6[N3[29]],2026-10-05
2923605,9324,População residente estimada,Pessoas,2024,21009,Paramirim,BA,IBGE/SIDRA agregado 6579,https://servicodados.ibge.gov.br/api/v3/agregados/6579/periodos/-3/variaveis/9324?localidades=N6[N3[29]],2026-10-05
2923605,9324,População residente estimada,Pessoas,2025,21025,Paramirim,BA,IBGE/SIDRA agregado 6579,https://servicodados.ibge.gov.br/api/v3/agregados/6579/periodos/-3/variaveis/9324?localidades=N6[N3[29]],2026-10-05
2923605,9324,População residente estimada,Pessoas,2026,21104,Paramirim,BA,IBGE/SIDRA agregado 6579,https://servicodados.ibge.gov.br/api/v3/agregados/6579/periodos/-3/variaveis/9324?localidades=N6[N3[29]],2026-10-05
2923704,9324,População residente estimada,Pessoas,2024,30671,Paratinga,BA,IBGE/SIDRA agregado 6579,https://servicodados.ibge.gov.br/api/v3/agregados/6579/periodos/-3/variaveis/9324?localidades=N6[N3[29]],2026-10-05
2923704,9324,População residente estimada,Pessoas,2025,30680,Paratinga,BA,IBGE/SIDRA agregado 6579,https://servicodados.ibge.gov.br/api/v3/agregados/6579/periodos/-3/variaveis/9324?localidades=N6[N3[29]],2026-10-05
2923704,9324,População residente estimada,Pessoas,2026,30689,Paratinga,BA,IBGE/SIDRA agregado 6579,https://servicodados.ibge.gov.br/api/v3/agregados/6579/periodos/-3/variaveis/9324?localidades=N6[N3[29]],2026-10-05
2923803,9324,População residente estimada,Pessoas,2024,27866,Paripiranga,BA,IBGE/SIDRA agregado 6579,https://servicodados.ibge.gov.br/api/v3/agregados/6579/periodos/-3/variaveis/9324?localidades=N6[N3[29]],2026-10-05
2923803,9324,População residente estimada,Pessoas,2025,27860,Paripiranga,BA,IBGE/SIDRA agregado 6579,https://servicodados.ibge.gov.br/api/v3/agregados/6579/periodos/-3/variaveis/9324?localidades=N6[N3[29]],2026-10-05
2923803,9324,População residente estimada,Pessoas,2026,27854,Paripiranga,BA,IBGE/SIDRA agregado 6579,https://servicodados.ibge.gov.br/api/v3/agregados/6579/periodos/-3/variaveis/9324?localidades=N6[N3[29]],2026-10-05
2923902,9324,População residente estimada,Pessoas,2024,9584,Pau Brasil,BA,IBGE/SIDRA agregado 6579,https://servicodados.ibge.gov.br/api/v3/agregados/6579/periodos/-3/variaveis/9324?localidades=N6[N3[29]],2026-10-05
2923902,9324,População residente estimada,Pessoas,2025,9537,Pau Brasil,BA,IBGE/SIDRA agregado 6579,https://servicodados.ibge.gov.br/api/v3/agregados/6579/periodos/-3/variaveis/9324?localidades=N6[N3[29]],2026-10-05
2923902,9324,População residente estimada,Pessoas,2026,9494,Pau Brasil,BA,IBGE/SIDRA agregado 6579,https://servicodados.ibge.gov.br/api/v3/agregados/6579/periodos/-3/variaveis/9324?localidades=N6[N3[29]],2026-10-05
2924009,9324,População residente estimada,Pessoas,2024,119128,Paulo Afonso,BA,IBGE/SIDRA agregado 6579,https://servicodados.ibge.gov.br/api/v3/agregados/6579/periodos/-3/variaveis/9324?localidades=N6[N3[29]],2026-10-05
2924009,9324,População residente estimada,Pessoas,2025,119418,Paulo Afonso,BA,IBGE/SIDRA agregado 6579,https://servicodados.ibge.gov.br/api/v3/agregados/6579/periodos/-3/variaveis/9324?localidades=N6[N3[29]],2026-10-05
2924009,9324,População residente estimada,Pessoas,2026,119686,Paulo Afonso,BA,IBGE/SIDRA agregado 6579,https://servicodados.ibge.gov.br/api/v3/agregados/6579/periodos/-3/variaveis/9324?localidades=N6[N3[29]],2026-10-05
2924058,9324,População residente estimada,Pessoas,2024,13675,Pé de Serra,BA,IBGE/SIDRA agregado 6579,https://servicodados.ibge.gov.br/api/v3/agregados/6579/periodos/-3/variaveis/9324?localidades=N6[N3[29]],2026-10-05
2924058,9324,População residente estimada,Pessoas,2025,13677,Pé de Serra,BA,IBGE/SIDRA agregado 6579,https://servicodados.ibge.gov.br/api/v3/agregados/6579/periodos/-3/variaveis/9324?localidades=N6[N3[29]],2026-10-05
2924058,9324,População residente estimada,Pessoas,2026,13678,Pé de Serra,BA,IBGE/SIDRA agregado 6579,https://servicodados.ibge.gov.br/api/v3/agregados/6579/periodos/-3/variaveis/9324?localidades=N6[N3[29]],2026-10-05
2924108,9324,População residente estimada,Pessoas,2024,6415,Pedrão,BA,IBGE/SIDRA agregado 6579,https://servicodados.ibge.gov.br/api/v3/agregados/6579/periodos/-3/variaveis/9324?localidades=N6[N3[29]],2026-10-05
2924108,9324,População residente estimada,Pessoas,2025,6403,Pedrão,BA,IBGE/SIDRA agregado 6579,https://servicodados.ibge.gov.br/api/v3/agregados/6579/periodos/-3/variaveis/9324?localidades=N6[N3[29]],2026-10-05
2924108,9324,População residente estimada,Pessoas,2026,6392,Pedrão,BA,IBGE/SIDRA agregado 6579,https://servicodados.ibge.gov.br/api/v3/agregados/6579/periodos/-3/variaveis/9324?localidades=N6[N3[29]],2026-10-05
2924207,9324,População residente estimada,Pessoas,2024,14288,Pedro Alexandre,BA,IBGE/SIDRA agregado 6579,https://servicodados.ibge.gov.br/api/v3/agregados/6579/periodos/-3/variaveis/9324?localidades=N6[N3[29]],2026-10-05
2924207,9324,População residente estimada,Pessoas,2025,14226,Pedro Alexandre,BA,IBGE/SIDRA agregado 6579,https://servicodados.ibge.gov.br/api/v3/agregados/6579/periodos/-3/variaveis/9324?localidades=N6[N3[29]],2026-10-05
2924207,9324,População residente estimada,Pessoas,2026,14169,Pedro Alexandre,BA,IBGE/SIDRA agregado 6579,https://servicodados.ibge.gov.br/api/v3/agregados/6579/periodos/-3/variaveis/9324?localidades=N6[N3[29]],2026-10-05
2924306,9324,População residente estimada,Pessoas,2024,20859,Piatã,BA,IBGE/SIDRA agregado 6579,https://servicodados.ibge.gov.br/api/v3/agregados/6579/periodos/-3/variaveis/9324?localidades=N6[N3[29]],2026-10-05
2924306,9324,População residente estimada,Pessoas,2025,20938,Piatã,BA,IBGE/SIDRA agregado 6579,https://servicodados.ibge.gov.br/api/v3/agregados/6579/periodos/-3/variaveis/9324?localidades=N6[N3[29]],2026-10-05
2924306,9324,População residente estimada,Pessoas,2026,21010,Piatã,BA,IBGE/SIDRA agregado 6579,https://servicodados.ibge.gov.br/api/v3/agregados/6579/periodos/-3/variaveis/9324?localidades=N6[N3[29]],2026-10-05
2924405,9324,População residente estimada,Pessoas,2024,37272,Pilão Arcado,BA,IBGE/SIDRA agregado 6579,https://servicodados.ibge.gov.br/api/v3/agregados/6579/periodos/-3/variaveis/9324?localidades=N6[N3[29]],2026-10-05
2924405,9324,População residente estimada,Pessoas,2025,37388,Pilão Arcado,BA,IBGE/SIDRA agregado 6579,https://servicodados.ibge.gov.br/api/v3/agregados/6579/periodos/-3/variaveis/9324?localidades=N6[N3[29]],2026-10-05
2924405,9324,População residente estimada,Pessoas,2026,37493,Pilão Arcado,BA,IBGE/SIDRA agregado 6579,https://servicodados.ibge.gov.br/api/v3/agregados/6579/periodos/-3/variaveis/9324?localidades=N6[N3[29]],2026-10-05
2924504,9324,População residente estimada,Pessoas,2024,15146,Pindaí,BA,IBGE/SIDRA agregado 6579,https://servicodados.ibge.gov.br/api/v3/agregados/6579/periodos/-3/variaveis/9324?localidades=N6[N3[29]],2026-10-05
2924504,9324,População residente estimada,Pessoas,2025,15125,Pindaí,BA,IBGE/SIDRA agregado 6579,https://servicodados.ibge.gov.br/api/v3/agregados/6579/periodos/-3/variaveis/9324?localidades=N6[N3[29]],2026-10-05
2924504,9324,População residente estimada,Pessoas,2026,15106,Pindaí,BA,IBGE/SIDRA agregado 6579,https://servicodados.ibge.gov.br/api/v3/agregados/6579/periodos/-3/variaveis/9324?localidades=N6[N3[29]],2026-10-05
2924603,9324,População residente estimada,Pessoas,2024,19625,Pindobaçu,BA,IBGE/SIDRA agregado 6579,https://servicodados.ibge.gov.br/api/v3/agregados/6579/periodos/-3/variaveis/9324?localidades=N6[N3[29]],2026-10-05
2924603,9324,População residente estimada,Pessoas,2025,19601,Pindobaçu,BA,IBGE/SIDRA agregado 6579,https://servicodados.ibge.gov.br/api/v3/agregados/6579/periodos/-3/variaveis/9324?localidades=N6[N3[29]],2026-10-05
2924603,9324,População residente estimada,Pessoas,2026,19579,Pindobaçu,BA,IBGE/SIDRA agregado 6579,https://servicodados.ibge.gov.br/api/v3/agregados/6579/periodos/-3/variaveis/9324?localidades=N6[N3[29]],2026-10-05
2924652,9324,População residente estimada,Pessoas,2024,10656,Pintadas,BA,IBGE/SIDRA agregado 6579,https://servicodados.ibge.gov.br/api/v3/agregados/6579/periodos/-3/variaveis/9324?localidades=N6[N3[29]],2026-10-05
2924652,9324,População residente estimada,Pessoas,2025,10654,Pintadas,BA,IBGE/SIDRA agregado 6579,https://servicodados.ibge.gov.br/api/v3/agregados/6579/periodos/-3/variaveis/9324?localidades=N6[N3[29]],2026-10-05
2924652,9324,População residente estimada,Pessoas,2026,10651,Pintadas,BA,IBGE/SIDRA agregado 6579,https://servicodados.ibge.gov.br/api/v3/agregados/6579/periodos/-3/variaveis/9324?localidades=N6[N3[29]],2026-10-05
2924678,9324,População residente estimada,Pessoas,2024,11429,Piraí do Norte,BA,IBGE/SIDRA agregado 6579,https://servicodados.ibge.gov.br/api/v3/agregados/6579/periodos/-3/variaveis/9324?localidades=N6[N3[29]],2026-10-05
2924678,9324,População residente estimada,Pessoas,2025,11481,Piraí do Norte,BA,IBGE/SIDRA agregado 6579,https://servicodados.ibge.gov.br/api/v3/agregados/6579/periodos/-3/variaveis/9324?localidades=N6[N3[29]],2026-10-05
2924678,9324,População residente estimada,Pessoas,2026,11527,Piraí do Norte,BA,IBGE/SIDRA agregado 6579,https://servicodados.ibge.gov.br/api/v3/agregados/6579/periodos/-3/variaveis/9324?localidades=N6[N3[29]],2026-10-05
2924702,9324,População residente estimada,Pessoas,2024,9255,Piripá,BA,IBGE/SIDRA agregado 6579,https://servicodados.ibge.gov.br/api/v3/agregados/6579/periodos/-3/variaveis/9324?localidades=N6[N3[29]],2026-10-05
2924702,9324,População residente estimada,Pessoas,2025,9143,Piripá,BA,IBGE/SIDRA agregado 6579,https://servicodados.ibge.gov.br/api/v3/agregados/6579/periodos/-3/variaveis/9324?localidades=N6[N3[29]],2026-10-05
2924702,9324,População residente estimada,Pessoas,2026,9042,Piripá,BA,IBGE/SIDRA agregado 6579,https://servicodados.ibge.gov.br/api/v3/agregados/6579/periodos/-3/variaveis/9324?localidades=N6[N3[29]],2026-10-05
2924801,9324,População residente estimada,Pessoas,2024,17838,Piritiba,BA,IBGE/SIDRA agregado 6579,https://servicodados.ibge.gov.br/api/v3/agregados/6579/periodos/-3/variaveis/9324?localidades=N6[N3[29]],2026-10-05
2924801,9324,População residente estimada,Pessoas,2025,17697,Piritiba,BA,IBGE/SIDRA agregado 6579,https://servicodados.ibge.gov.br/api/v3/agregados/6579/periodos/-3/variaveis/9324?localidades=N6[N3[29]],2026-10-05
2924801,9324,População residente estimada,Pessoas,2026,17569,Piritiba,BA,IBGE/SIDRA agregado 6579,https://servicodados.ibge.gov.br/api/v3/agregados/6579/periodos/-3/variaveis/9324?localidades=N6[N3[29]],2026-10-05
2924900,9324,População residente estimada,Pessoas,2024,8254,Planaltino,BA,IBGE/SIDRA agregado 6579,https://servicodados.ibge.gov.br/api/v3/agregados/6579/periodos/-3/variaveis/9324?localidades=N6[N3[29]],2026-10-05
2924900,9324,População residente estimada,Pessoas,2025,8239,Planaltino,BA,IBGE/SIDRA agregado 6579,https://servicodados.ibge.gov.br/api/v3/agregados/6579/periodos/-3/variaveis/9324?localidades=N6[N3[29]],2026-10-05
2924900,9324,População residente estimada,Pessoas,2026,8226,Planaltino,BA,IBGE/SIDRA agregado 6579,https://servicodados.ibge.gov.br/api/v3/agregados/6579/periodos/-3/variaveis/9324?localidades=N6[N3[29]],2026-10-05
2925006,9324,População residente estimada,Pessoas,2024,24036,Planalto,BA,IBGE/SIDRA agregado 6579,https://servicodados.ibge.gov.br/api/v3/agregados/6579/periodos/-3/variaveis/9324?localidades=N6[N3[29]],2026-10-05
2925006,9324,População residente estimada,Pessoas,2025,24026,Planalto,BA,IBGE/SIDRA agregado 6579,https://servicodados.ibge.gov.br/api/v3/agregados/6579/periodos/-3/variaveis/9324?localidades=N6[N3[29]],2026-10-05
2925006,9324,População residente estimada,Pessoas,2026,24018,Planalto,BA,IBGE/SIDRA agregado 6579,https://servicodados.ibge.gov.br/api/v3/agregados/6579/periodos/-3/variaveis/9324?localidades=N6[N3[29]],2026-10-05
2925105,9324,População residente estimada,Pessoas,2024,50642,Poções,BA,IBGE/SIDRA agregado 6579,https://servicodados.ibge.gov.br/api/v3/agregados/6579/periodos/-3/variaveis/9324?localidades=N6[N3[29]],2026-10-05
2925105,9324,População residente estimada,Pessoas,2025,50773,Poções,BA,IBGE/SIDRA agregado 6579,https://servicodados.ibge.gov.br/api/v3/agregados/6579/periodos/-3/variaveis/9324?localidades=N6[N3[29]],2026-10-05
2925105,9324,População residente estimada,Pessoas,2026,50893,Poções,BA,IBGE/SIDRA agregado 6579,https://servicodados.ibge.gov.br/api/v3/agregados/6579/periodos/-3/variaveis/9324?localidades=N6[N3[29]],2026-10-05
2925204,9324,População residente estimada,Pessoas,2024,33608,Pojuca,BA,IBGE/SIDRA agregado 6579,https://servicodados.ibge.gov.br/api/v3/agregados/6579/periodos/-3/variaveis/9324?localidades=N6[N3[29]],2026-10-05
2925204,9324,População residente estimada,Pessoas,2025,33573,Pojuca,BA,IBGE/SIDRA agregado 6579,https://servicodados.ibge.gov.br/api/v3/agregados/6579/periodos/-3/variaveis/9324?localidades=N6[N3[29]],2026-10-05
2925204,9324,População residente estimada,Pessoas,2026,33541,Pojuca,BA,IBGE/SIDRA agregado 6579,https://servicodados.ibge.gov.br/api/v3/agregados/6579/periodos/-3/variaveis/9324?localidades=N6[N3[29]],2026-10-05
2925253,9324,População residente estimada,Pessoas,2024,18670,Ponto Novo,BA,IBGE/SIDRA agregado 6579,https://servicodados.ibge.gov.br/api/v3/agregados/6579/periodos/-3/variaveis/9324?localidades=N6[N3[29]],2026-10-05
2925253,9324,População residente estimada,Pessoas,2025,18763,Ponto Novo,BA,IBGE/SIDRA agregado 6579,https://servicodados.ibge.gov.br/api/v3/agregados/6579/periodos/-3/variaveis/9324?localidades=N6[N3[29]],2026-10-05
2925253,9324,População residente estimada,Pessoas,2026,18848,Ponto Novo,BA,IBGE/SIDRA agregado 6579,https://servicodados.ibge.gov.br/api/v3/agregados/6579/periodos/-3/variaveis/9324?localidades=N6[N3[29]],2026-10-05
2925303,9324,População residente estimada,Pessoas,2024,181007,Porto Seguro,BA,IBGE/SIDRA agregado 6579,https://servicodados.ibge.gov.br/api/v3/agregados/6579/periodos/-3/variaveis/9324?localidades=N6[N3[29]],2026-10-05
2925303,9324,População residente estimada,Pessoas,2025,182630,Porto Seguro,BA,IBGE/SIDRA agregado 6579,https://servicodados.ibge.gov.br/api/v3/agregados/6579/periodos/-3/variaveis/9324?localidades=N6[N3[29]],2026-10-05
2925303,9324,População residente estimada,Pessoas,2026,184087,Porto Seguro,BA,IBGE/SIDRA agregado 6579,https://servicodados.ibge.gov.br/api/v3/agregados/6579/periodos/-3/variaveis/9324?localidades=N6[N3[29]],2026-10-05
2925402,9324,População residente estimada,Pessoas,2024,10636,Potiraguá,BA,IBGE/SIDRA agregado 6579,https://servicodados.ibge.gov.br/api/v3/agregados/6579/periodos/-3/variaveis/9324?localidades=N6[N3[29]],2026-10-05
2925402,9324,População residente estimada,Pessoas,2025,10651,Potiraguá,BA,IBGE/SIDRA agregado 6579,https://servicodados.ibge.gov.br/api/v3/agregados/6579/periodos/-3/variaveis/9324?localidades=N6[N3[29]],2026-10-05
2925402,9324,População residente estimada,Pessoas,2026,10659,Potiraguá,BA,IBGE/SIDRA agregado 6579,https://servicodados.ibge.gov.br/api/v3/agregados/6579/periodos/-3/variaveis/9324?localidades=N6[N3[29]],2026-10-05
2925501,9324,População residente estimada,Pessoas,2024,37241,Prado,BA,IBGE/SIDRA agregado 6579,https://servicodados.ibge.gov.br/api/v3/agregados/6579/periodos/-3/variaveis/9324?localidades=N6[N3[29]],2026-10-05
2925501,9324,População residente estimada,Pessoas,2025,37533,Prado,BA,IBGE/SIDRA agregado 6579,https://servicodados.ibge.gov.br/api/v3/agregados/6579/periodos/-3/variaveis/9324?localidades=N6[N3[29]],2026-10-05
2925501,9324,População residente estimada,Pessoas,2026,37733,Prado,BA,IBGE/SIDRA agregado 6579,https://servicodados.ibge.gov.br/api/v3/agregados/6579/periodos/-3/variaveis/9324?localidades=N6[N3[29]],2026-10-05
2925600,9324,População residente estimada,Pessoas,2024,15650,Presidente Dutra,BA,IBGE/SIDRA agregado 6579,https://servicodados.ibge.gov.br/api/v3/agregados/6579/periodos/-3/variaveis/9324?localidades=N6[N3[29]],2026-10-05
2925600,9324,População residente estimada,Pessoas,2025,15677,Presidente Dutra,BA,IBGE/SIDRA agregado 6579,https://servicodados.ibge.gov.br/api/v3/agregados/6579/periodos/-3/variaveis/9324?localidades=N6[N3[29]],2026-10-05
2925600,9324,População residente estimada,Pessoas,2026,15702,Presidente Dutra,BA,IBGE/SIDRA agregado 6579,https://servicodados.ibge.gov.br/api/v3/agregados/6579/periodos/-3/variaveis/9324?localidades=N6[N3[29]],2026-10-05
2925709,9324,População residente estimada,Pessoas,2024,12986,Presidente Jânio Quadros,BA,IBGE/SIDRA agregado 6579,https://servicodados.ibge.gov.br/api/v3/agregados/6579/periodos/-3/variaveis/9324?localidades=N6[N3[29]],2026-10-05
2925709,9324,População residente estimada,Pessoas,2025,12963,Presidente Jânio Quadros,BA,IBGE/SIDRA agregado 6579,https://servicodados.ibge.gov.br/api/v3/agregados/6579/periodos/-3/variaveis/9324?localidades=N6[N3[29]],2026-10-05
2925709,9324,População residente estimada,Pessoas,2026,12941,Presidente Jânio Quadros,BA,IBGE/SIDRA agregado 6579,https://servicodados.ibge.gov.br/api/v3/agregados/6579/periodos/-3/variaveis/9324?localidades=N6[N3[29]],2026-10-05
2925758,9324,População residente estimada,Pessoas,2024,29343,Presidente Tancredo Neves,BA,IBGE/SIDRA agregado 6579,https://servicodados.ibge.gov.br/api/v3/agregados/6579/periodos/-3/variaveis/9324?localidades=N6[N3[29]],2026-10-05
2925758,9324,População residente estimada,Pessoas,2025,29489,Presidente Tancredo Neves,BA,IBGE/SIDRA agregado 6579,https://servicodados.ibge.gov.br/api/v3/agregados/6579/periodos/-3/variaveis/9324?localidades=N6[N3[29]],2026-10-05
2925758,9324,População residente estimada,Pessoas,2026,29622,Presidente Tancredo Neves,BA,IBGE/SIDRA agregado 6579,https://servicodados.ibge.gov.br/api/v3/agregados/6579/periodos/-3/variaveis/9324?localidades=N6[N3[29]],2026-10-05
2925808,9324,População residente estimada,Pessoas,2024,27362,Queimadas,BA,IBGE/SIDRA agregado 6579,https://servicodados.ibge.gov.br/api/v3/agregados/6579/periodos/-3/variaveis/9324?localidades=N6[N3[29]],2026-10-05
2925808,9324,População residente estimada,Pessoas,2025,27429,Queimadas,BA,IBGE/SIDRA agregado 6579,https://servicodados.ibge.gov.br/api/v3/agregados/6579/periodos/-3/variaveis/9324?localidades=N6[N3[29]],2026-10-05
2925808,9324,População residente estimada,Pessoas,2026,27490,Queimadas,BA,IBGE/SIDRA agregado 6579,https://servicodados.ibge.gov.br/api/v3/agregados/6579/periodos/-3/variaveis/9324?localidades=N6[N3[29]],2026-10-05
2925907,9324,População residente estimada,Pessoas,2024,26457,Quijingue,BA,IBGE/SIDRA agregado 6579,https://servicodados.ibge.gov.br/api/v3/agregados/6579/periodos/-3/variaveis/9324?localidades=N6[N3[29]],2026-10-05
2925907,9324,População residente estimada,Pessoas,2025,26443,Quijingue,BA,IBGE/SIDRA agregado 6579,https://servicodados.ibge.gov.br/api/v3/agregados/6579/periodos/-3/variaveis/9324?localidades=N6[N3[29]],2026-10-05
2925907,9324,População residente estimada,Pessoas,2026,26431,Quijingue,BA,IBGE/SIDRA agregado 6579,https://servicodados.ibge.gov.br/api/v3/agregados/6579/periodos/-3/variaveis/9324?localidades=N6[N3[29]],2026-10-05
2925931,9324,População residente estimada,Pessoas,2024,9815,Quixabeira,BA,IBGE/SIDRA agregado 6579,https://servicodados.ibge.gov.br/api/v3/agregados/6579/periodos/-3/variaveis/9324?localidades=N6[N3[29]],2026-10-05
2925931,9324,População residente estimada,Pessoas,2025,9839,Quixabeira,BA,IBGE/SIDRA agregado 6579,https://servicodados.ibge.gov.br/api/v3/agregados/6579/periodos/-3/variaveis/9324?localidades=N6[N3[29]],2026-10-05
2925931,9324,População residente estimada,Pessoas,2026,9861,Quixabeira,BA,IBGE/SIDRA agregado 6579,https://servicodados.ibge.gov.br/api/v3/agregados/6579/periodos/-3/variaveis/9324?localidades=N6[N3[29]],2026-10-05
2925956,9324,População residente estimada,Pessoas,2024,20146,Rafael Jambeiro,BA,IBGE/SIDRA agregado 6579,https://servicodados.ibge.gov.br/api/v3/agregados/6579/periodos/-3/variaveis/9324?localidades=N6[N3[29]],2026-10-05
2925956,9324,População residente estimada,Pessoas,2025,20081,Rafael Jambeiro,BA,IBGE/SIDRA agregado 6579,https://servicodados.ibge.gov.br/api/v3/agregados/6579/periodos/-3/variaveis/9324?localidades=N6[N3[29]],2026-10-05
2925956,9324,População residente estimada,Pessoas,2026,20023,Rafael Jambeiro,BA,IBGE/SIDRA agregado 6579,https://servicodados.ibge.gov.br/api/v3/agregados/6579/periodos/-3/variaveis/9324?localidades=N6[N3[29]],2026-10-05
2926004,9324,População residente estimada,Pessoas,2024,42746,Remanso,BA,IBGE/SIDRA agregado 6579,https://servicodados.ibge.gov.br/api/v3/agregados/6579/periodos/-3/variaveis/9324?localidades=N6[N3[29]],2026-10-05
2926004,9324,População residente estimada,Pessoas,2025,42855,Remanso,BA,IBGE/SIDRA agregado 6579,https://servicodados.ibge.gov.br/api/v3/agregados/6579/periodos/-3/variaveis/9324?localidades=N6[N3[29]],2026-10-05
2926004,9324,População residente estimada,Pessoas,2026,42957,Remanso,BA,IBGE/SIDRA agregado 6579,https://servicodados.ibge.gov.br/api/v3/agregados/6579/periodos/-3/variaveis/9324?localidades=N6[N3[29]],2026-10-05
2926103,9324,População residente estimada,Pessoas,2024,14147,Retirolândia,BA,IBGE/SIDRA agregado 6579,https://servicodados.ibge.gov.br/api/v3/agregados/6579/periodos/-3/variaveis/9324?localidades=N6[N3[29]],2026-10-05
2926103,9324,População residente estimada,Pessoas,2025,14174,Retirolândia,BA,IBGE/SIDRA agregado 6579,https://servicodados.ibge.gov.br/api/v3/agregados/6579/periodos/-3/variaveis/9324?localidades=N6[N3[29]],2026-10-05
2926103,9324,População residente estimada,Pessoas,2026,14199,Retirolândia,BA,IBGE/SIDRA agregado 6579,https://servicodados.ibge.gov.br/api/v3/agregados/6579/periodos/-3/variaveis/9324?localidades=N6[N3[29]],2026-10-05
2926202,9324,População residente estimada,Pessoas,2024,22323,Riachão das Neves,BA,IBGE/SIDRA agregado 6579,https://servicodados.ibge.gov.br/api/v3/agregados/6579/periodos/-3/variaveis/9324?localidades=N6[N3[29]],2026-10-05
2926202,9324,População residente estimada,Pessoas,2025,22329,Riachão das Neves,BA,IBGE/SIDRA agregado 6579,https://servicodados.ibge.gov.br/api/v3/agregados/6579/periodos/-3/variaveis/9324?localidades=N6[N3[29]],2026-10-05
2926202,9324,População residente estimada,Pessoas,2026,22352,Riachão das Neves,BA,IBGE/SIDRA agregado 6579,https://servicodados.ibge.gov.br/api/v3/agregados/6579/periodos/-3/variaveis/9324?localidades=N6[N3[29]],2026-10-05
2926301,9324,População residente estimada,Pessoas,2024,35118,Riachão do Jacuípe,BA,IBGE/SIDRA agregado 6579,https://servicodados.ibge.gov.br/api/v3/agregados/6579/periodos/-3/variaveis/9324?localidades=N6[N3[29]],2026-10-05
2926301,9324,População residente estimada,Pessoas,2025,35188,Riachão do Jacuípe,BA,IBGE/SIDRA agregado 6579,https://servicodados.ibge.gov.br/api/v3/agregados/6579/periodos/-3/variaveis/9324?localidades=N6[N3[29]],2026-10-05
2926301,9324,População residente estimada,Pessoas,2026,35251,Riachão do Jacuípe,BA,IBGE/SIDRA agregado 6579,https://servicodados.ibge.gov.br/api/v3/agregados/6579/periodos/-3/variaveis/9324?localidades=N6[N3[29]],2026-10-05
2926400,9324,População residente estimada,Pessoas,2024,32103,Riacho de Santana,BA,IBGE/SIDRA agregado 6579,https://servicodados.ibge.gov.br/api/v3/agregados/6579/periodos/-3/variaveis/9324?localidades=N6[N3[29]],2026-10-05
2926400,9324,População residente estimada,Pessoas,2025,32060,Riacho de Santana,BA,IBGE/SIDRA agregado 6579,https://servicodados.ibge.gov.br/api/v3/agregados/6579/periodos/-3/variaveis/9324?localidades=N6[N3[29]],2026-10-05
2926400,9324,População residente estimada,Pessoas,2026,32032,Riacho de Santana,BA,IBGE/SIDRA agregado 6579,https://servicodados.ibge.gov.br/api/v3/agregados/6579/periodos/-3/variaveis/9324?localidades=N6[N3[29]],2026-10-05
2926509,9324,População residente estimada,Pessoas,2024,14525,Ribeira do Amparo,BA,IBGE/SIDRA agregado 6579,https://servicodados.ibge.gov.br/api/v3/agregados/6579/periodos/-3/variaveis/9324?localidades=N6[N3[29]],2026-10-05
2926509,9324,População residente estimada,Pessoas,2025,14528,Ribeira do Amparo,BA,IBGE/SIDRA agregado 6579,https://servicodados.ibge.gov.br/api/v3/agregados/6579/periodos/-3/variaveis/9324?localidades=N6[N3[29]],2026-10-05
2926509,9324,População residente estimada,Pessoas,2026,14529,Ribeira do Amparo,BA,IBGE/SIDRA agregado 6579,https://servicodados.ibge.gov.br/api/v3/agregados/6579/periodos/-3/variaveis/9324?localidades=N6[N3[29]],2026-10-05
2926608,9324,População residente estimada,Pessoas,2024,56170,Ribeira do Pombal,BA,IBGE/SIDRA agregado 6579,https://servicodados.ibge.gov.br/api/v3/agregados/6579/periodos/-3/variaveis/9324?localidades=N6[N3[29]],2026-10-05
2926608,9324,População residente estimada,Pessoas,2025,56316,Ribeira do Pombal,BA,IBGE/SIDRA agregado 6579,https://servicodados.ibge.gov.br/api/v3/agregados/6579/periodos/-3/variaveis/9324?localidades=N6[N3[29]],2026-10-05
2926608,9324,População residente estimada,Pessoas,2026,56449,Ribeira do Pombal,BA,IBGE/SIDRA agregado 6579,https://servicodados.ibge.gov.br/api/v3/agregados/6579/periodos/-3/variaveis/9324?localidades=N6[N3[29]],2026-10-05
2926657,9324,População residente estimada,Pessoas,2024,10039,Ribeirão do Largo,BA,IBGE/SIDRA agregado 6579,https://servicodados.ibge.gov.br/api/v3/agregados/6579/periodos/-3/variaveis/9324?localidades=N6[N3[29]],2026-10-05
2926657,9324,População residente estimada,Pessoas,2025,10029,Ribeirão do Largo,BA,IBGE/SIDRA agregado 6579,https://servicodados.ibge.gov.br/api/v3/agregados/6579/periodos/-3/variaveis/9324?localidades=N6[N3[29]],2026-10-05
2926657,9324,População residente estimada,Pessoas,2026,10021,Ribeirão do Largo,BA,IBGE/SIDRA agregado 6579,https://servicodados.ibge.gov.br/api/v3/agregados/6579/periodos/-3/variaveis/9324?localidades=N6[N3[29]],2026-10-05
2926707,9324,População residente estimada,Pessoas,2024,13627,Rio de Contas,BA,IBGE/SIDRA agregado 6579,https://servicodados.ibge.gov.br/api/v3/agregados/6579/periodos/-3/variaveis/9324?localidades=N6[N3[29]],2026-10-05
2926707,9324,População residente estimada,Pessoas,2025,13634,Rio de Contas,BA,IBGE/SIDRA agregado 6579,https://servicodados.ibge.gov.br/api/v3/agregados/6579/periodos/-3/variaveis/9324?localidades=N6[N3[29]],2026-10-05
2926707,9324,População residente estimada,Pessoas,2026,13641,Rio de Contas,BA,IBGE/SIDRA agregado 6579,https://servicodados.ibge.gov.br/api/v3/agregados/6579/periodos/-3/variaveis/9324?localidades=N6[N3[29]],2026-10-05
2926806,9324,População residente estimada,Pessoas,2024,13520,Rio do Antônio,BA,IBGE/SIDRA agregado 6579,https://servicodados.ibge.gov.br/api/v3/agregados/6579/periodos/-3/variaveis/9324?localidades=N6[N3[29]],2026-10-05
2926806,9324,População residente estimada,Pessoas,2025,13495,Rio do Antônio,BA,IBGE/SIDRA agregado 6579,https://servicodados.ibge.gov.br/api/v3/agregados/6579/periodos/-3/variaveis/9324?localidades=N6[N3[29]],2026-10-05
2926806,9324,População residente estimada,Pessoas,2026,13469,Rio do Antônio,BA,IBGE/SIDRA agregado 6579,https://servicodados.ibge.gov.br/api/v3/agregados/6579/periodos/-3/variaveis/9324?localidades=N6[N3[29]],2026-10-05
2926905,9324,População residente estimada,Pessoas,2024,10801,Rio do Pires,BA,IBGE/SIDRA agregado 6579,https://servicodados.ibge.gov.br/api/v3/agregados/6579/periodos/-3/variaveis/9324?localidades=N6[N3[29]],2026-10-05
2926905,9324,População residente estimada,Pessoas,2025,10781,Rio do Pires,BA,IBGE/SIDRA agregado 6579,https://servicodados.ibge.gov.br/api/v3/agregados/6579/periodos/-3/variaveis/9324?localidades=N6[N3[29]],2026-10-05
2926905,9324,População residente estimada,Pessoas,2026,10764,Rio do Pires,BA,IBGE/SIDRA agregado 6579,https://servicodados.ibge.gov.br/api/v3/agregados/6579/periodos/-3/variaveis/9324?localidades=N6[N3[29]],2026-10-05
2927002,9324,População residente estimada,Pessoas,2024,36997,Rio Real,BA,IBGE/SIDRA agregado 6579,https://servicodados.ibge.gov.br/api/v3/agregados/6579/periodos/-3/variaveis/9324?localidades=N6[N3[29]],2026-10-05
2927002,9324,População residente estimada,Pessoas,2025,36966,Rio Real,BA,IBGE/SIDRA agregado 6579,https://servicodados.ibge.gov.br/api/v3/agregados/6579/periodos/-3/variaveis/9324?localidades=N6[N3[29]],2026-10-05
2927002,9324,População residente estimada,Pessoas,2026,36938,Rio Real,BA,IBGE/SIDRA agregado 6579,https://servicodados.ibge.gov.br/api/v3/agregados/6579/periodos/-3/variaveis/9324?localidades=N6[N3[29]],2026-10-05
2927101,9324,População residente estimada,Pessoas,2024,10801,Rodelas,BA,IBGE/SIDRA agregado 6579,https://servicodados.ibge.gov.br/api/v3/agregados/6579/periodos/-3/variaveis/9324?localidades=N6[N3[29]],2026-10-05
2927101,9324,População residente estimada,Pessoas,2025,10884,Rodelas,BA,IBGE/SIDRA agregado 6579,https://servicodados.ibge.gov.br/api/v3/agregados/6579/periodos/-3/variaveis/9324?localidades=N6[N3[29]],2026-10-05
2927101,9324,População residente estimada,Pessoas,2026,10959,Rodelas,BA,IBGE/SIDRA agregado 6579,https://servicodados.ibge.gov.br/api/v3/agregados/6579/periodos/-3/variaveis/9324?localidades=N6[N3[29]],2026-10-05
2927200,9324,População residente estimada,Pessoas,2024,29606,Ruy Barbosa,BA,IBGE/SIDRA agregado 6579,https://servicodados.ibge.gov.br/api/v3/agregados/6579/periodos/-3/variaveis/9324?localidades=N6[N3[29]],2026-10-05
2927200,9324,População residente estimada,Pessoas,2025,29590,Ruy Barbosa,BA,IBGE/SIDRA agregado 6579,https://servicodados.ibge.gov.br/api/v3/agregados/6579/periodos/-3/variaveis/9324?localidades=N6[N3[29]],2026-10-05
2927200,9324,População residente estimada,Pessoas,2026,29575,Ruy Barbosa,BA,IBGE/SIDRA agregado 6579,https://servicodados.ibge.gov.br/api/v3/agregados/6579/periodos/-3/variaveis/9324?localidades=N6[N3[29]],2026-10-05
2927309,9324,População residente estimada,Pessoas,2024,15568,Salinas da Margarida,BA,IBGE/SIDRA agregado 6579,https://servicodados.ibge.gov.br/api/v3/agregados/6579/periodos/-3/variaveis/9324?localidades=N6[N3[29]],2026-10-05
2927309,9324,População residente estimada,Pessoas,2025,15629,Salinas da Margarida,BA,IBGE/SIDRA agregado 6579,https://servicodados.ibge.gov.br/api/v3/agregados/6579/periodos/-3/variaveis/9324?localidades=N6[N3[29]],2026-10-05
2927309,9324,População residente estimada,Pessoas,2026,15685,Salinas da Margarida,BA,IBGE/SIDRA agregado 6579,https://servicodados.ibge.gov.br/api/v3/agregados/6579/periodos/-3/variaveis/9324?localidades=N6[N3[29]],2026-10-05
2927408,9324,População residente estimada,Pessoas,2024,2568928,Salvador,BA,IBGE/SIDRA agregado 6579,https://servicodados.ibge.gov.br/api/v3/agregados/6579/periodos/-3/variaveis/9324?localidades=N6[N3[29]],2026-10-05
2927408,9324,População residente estimada,Pessoas,2025,2564204,Salvador,BA,IBGE/SIDRA agregado 6579,https://servicodados.ibge.gov.br/api/v3/agregados/6579/periodos/-3/variaveis/9324?localidades=N6[N3[29]],2026-10-05
2927408,9324,População residente estimada,Pessoas,2026,2559945,Salvador,BA,IBGE/SIDRA agregado 6579,https://servicodados.ibge.gov.br/api/v3/agregados/6579/periodos/-3/variaveis/9324?localidades=N6[N3[29]],2026-10-05
2927507,9324,População residente estimada,Pessoas,2024,21723,Santa Bárbara,BA,IBGE/SIDRA agregado 6579,https://servicodados.ibge.gov.br/api/v3/agregados/6579/periodos/-3/variaveis/9324?localidades=N6[N3[29]],2026-10-05
2927507,9324,População residente estimada,Pessoas,2025,21787,Santa Bárbara,BA,IBGE/SIDRA agregado 6579,https://servicodados.ibge.gov.br/api/v3/agregados/6579/periodos/-3/variaveis/9324?localidades=N6[N3[29]],2026-10-05
2927507,9324,População residente estimada,Pessoas,2026,21845,Santa Bárbara,BA,IBGE/SIDRA agregado 6579,https://servicodados.ibge.gov.br/api/v3/agregados/6579/periodos/-3/variaveis/9324?localidades=N6[N3[29]],2026-10-05
2927606,9324,População residente estimada,Pessoas,2024,15421,Santa Brígida,BA,IBGE/SIDRA agregado 6579,https://servicodados.ibge.gov.br/api/v3/agregados/6579/periodos/-3/variaveis/9324?localidades=N6[N3[29]],2026-10-05
2927606,9324,População residente estimada,Pessoas,2025,15417,Santa Brígida,BA,IBGE/SIDRA agregado 6579,https://servicodados.ibge.gov.br/api/v3/agregados/6579/periodos/-3/variaveis/9324?localidades=N6[N3[29]],2026-10-05
2927606,9324,População residente estimada,Pessoas,2026,15411,Santa Brígida,BA,IBGE/SIDRA agregado 6579,https://servicodados.ibge.gov.br/api/v3/agregados/6579/periodos/-3/variaveis/9324?localidades=N6[N3[29]],2026-10-05
2927705,9324,População residente estimada,Pessoas,2024,30862,Santa Cruz Cabrália,BA,IBGE/SIDRA agregado 6579,https://servicodados.ibge.gov.br/api/v3/agregados/6579/periodos/-3/variaveis/9324?localidades=N6[N3[29]],2026-10-05
2927705,9324,População residente estimada,Pessoas,2025,31007,Santa Cruz Cabrália,BA,IBGE/SIDRA agregado 6579,https://servicodados.ibge.gov.br/api/v3/agregados/6579/periodos/-3/variaveis/9324?localidades=N6[N3[29]],2026-10-05
2927705,9324,População residente estimada,Pessoas,2026,31148,Santa Cruz Cabrália,BA,IBGE/SIDRA agregado 6579,https://servicodados.ibge.gov.br/api/v3/agregados/6579/periodos/-3/variaveis/9324?localidades=N6[N3[29]],2026-10-05
2927804,9324,População residente estimada,Pessoas,2024,4721,Santa Cruz da Vitória,BA,IBGE/SIDRA agregado 6579,https://servicodados.ibge.gov.br/api/v3/agregados/6579/periodos/-3/variaveis/9324?localidades=N6[N3[29]],2026-10-05
2927804,9324,População residente estimada,Pessoas,2025,4663,Santa Cruz da Vitória,BA,IBGE/SIDRA agregado 6579,https://servicodados.ibge.gov.br/api/v3/agregados/6579/periodos/-3/variaveis/9324?localidades=N6[N3[29]],2026-10-05
2927804,9324,População residente estimada,Pessoas,2026,4612,Santa Cruz da Vitória,BA,IBGE/SIDRA agregado 6579,https://servicodados.ibge.gov.br/api/v3/agregados/6579/periodos/-3/variaveis/9324?localidades=N6[N3[29]],2026-10-05
2927903,9324,População residente estimada,Pessoas,2024,10628,Santa Inês,BA,IBGE/SIDRA agregado 6579,https://servicodados.ibge.gov.br/api/v3/agregados/6579/periodos/-3/variaveis/9324?localidades=N6[N3[29]],2026-10-05
2927903,9324,População residente estimada,Pessoas,2025,10625,Santa Inês,BA,IBGE/SIDRA agregado 6579,https://servicodados.ibge.gov.br/api/v3/agregados/6579/periodos/-3/variaveis/9324?localidades=N6[N3[29]],2026-10-05
2927903,9324,População residente estimada,Pessoas,2026,10621,Santa Inês,BA,IBGE/SIDRA agregado 6579,https://servicodados.ibge.gov.br/api/v3/agregados/6579/periodos/-3/variaveis/9324?localidades=N6[N3[29]],2026-10-05
2928000,9324,População residente estimada,Pessoas,2024,39922,Santaluz,BA,IBGE/SIDRA agregado 6579,https://servicodados.ibge.gov.br/api/v3/agregados/6579/periodos/-3/variaveis/9324?localidades=N6[N3[29]],2026-10-05
2928000,9324,População residente estimada,Pessoas,2025,40066,Santaluz,BA,IBGE/SIDRA agregado 6579,https://servicodados.ibge.gov.br/api/v3/agregados/6579/periodos/-3/variaveis/9324?localidades=N6[N3[29]],2026-10-05
2928000,9324,População residente estimada,Pessoas,2026,40196,Santaluz,BA,IBGE/SIDRA agregado 6579,https://servicodados.ibge.gov.br/api/v3/agregados/6579/periodos/-3/variaveis/9324?localidades=N6[N3[29]],2026-10-05
2928059,9324,População residente estimada,Pessoas,2024,14377,Santa Luzia,BA,IBGE/SIDRA agregado 6579,https://servicodados.ibge.gov.br/api/v3/agregados/6579/periodos/-3/variaveis/9324?localidades=N6[N3[29]],2026-10-05
2928059,9324,População residente estimada,Pessoas,2025,14392,Santa Luzia,BA,IBGE/SIDRA agregado 6579,https://servicodados.ibge.gov.br/api/v3/agregados/6579/periodos/-3/variaveis/9324?localidades=N6[N3[29]],2026-10-05
2928059,9324,População residente estimada,Pessoas,2026,14405,Santa Luzia,BA,IBGE/SIDRA agregado 6579,https://servicodados.ibge.gov.br/api/v3/agregados/6579/periodos/-3/variaveis/9324?localidades=N6[N3[29]],2026-10-05
2928109,9324,População residente estimada,Pessoas,2024,40467,Santa Maria da Vitória,BA,IBGE/SIDRA agregado 6579,https://servicodados.ibge.gov.br/api/v3/agregados/6579/periodos/-3/variaveis/9324?localidades=N6[N3[29]],2026-10-05
2928109,9324,População residente estimada,Pessoas,2025,40474,Santa Maria da Vitória,BA,IBGE/SIDRA agregado 6579,https://servicodados.ibge.gov.br/api/v3/agregados/6579/periodos/-3/variaveis/9324?localidades=N6[N3[29]],2026-10-05
2928109,9324,População residente estimada,Pessoas,2026,40486,Santa Maria da Vitória,BA,IBGE/SIDRA agregado 6579,https://servicodados.ibge.gov.br/api/v3/agregados/6579/periodos/-3/variaveis/9324?localidades=N6[N3[29]],2026-10-05
2928208,9324,População residente estimada,Pessoas,2024,25520,Santana,BA,IBGE/SIDRA agregado 6579,https://servicodados.ibge.gov.br/api/v3/agregados/6579/periodos/-3/variaveis/9324?localidades=N6[N3[29]],2026-10-05
2928208,9324,População residente estimada,Pessoas,2025,25521,Santana,BA,IBGE/SIDRA agregado 6579,https://servicodados.ibge.gov.br/api/v3/agregados/6579/periodos/-3/variaveis/9324?localidades=N6[N3[29]],2026-10-05
2928208,9324,População residente estimada,Pessoas,2026,25531,Santana,BA,IBGE/SIDRA agregado 6579,https://servicodados.ibge.gov.br/api/v3/agregados/6579/periodos/-3/variaveis/9324?localidades=N6[N3[29]],2026-10-05
2928307,9324,População residente estimada,Pessoas,2024,9023,Santanópolis,BA,IBGE/SIDRA agregado 6579,https://servicodados.ibge.gov.br/api/v3/agregados/6579/periodos/-3/variaveis/9324?localidades=N6[N3[29]],2026-10-05
2928307,9324,População residente estimada,Pessoas,2025,9035,Santanópolis,BA,IBGE/SIDRA agregado 6579,https://servicodados.ibge.gov.br/api/v3/agregados/6579/periodos/-3/variaveis/9324?localidades=N6[N3[29]],2026-10-05
2928307,9324,População residente estimada,Pessoas,2026,9046,Santanópolis,BA,IBGE/SIDRA agregado 6579,https://servicodados.ibge.gov.br/api/v3/agregados/6579/periodos/-3/variaveis/9324?localidades=N6[N3[29]],2026-10-05
2928406,9324,População residente estimada,Pessoas,2024,28826,Santa Rita de Cássia,BA,IBGE/SIDRA agregado 6579,https://servicodados.ibge.gov.br/api/v3/agregados/6579/periodos/-3/variaveis/9324?localidades=N6[N3[29]],2026-10-05
2928406,9324,População residente estimada,Pessoas,2025,28890,Santa Rita de Cássia,BA,IBGE/SIDRA agregado 6579,https://servicodados.ibge.gov.br/api/v3/agregados/6579/periodos/-3/variaveis/9324?localidades=N6[N3[29]],2026-10-05
2928406,9324,População residente estimada,Pessoas,2026,28932,Santa Rita de Cássia,BA,IBGE/SIDRA agregado 6579,https://servicodados.ibge.gov.br/api/v3/agregados/6579/periodos/-3/variaveis/9324?localidades=N6[N3[29]],2026-10-05
2928505,9324,População residente estimada,Pessoas,2024,10847,Santa Terezinha,BA,IBGE/SIDRA agregado 6579,https://servicodados.ibge.gov.br/api/v3/agregados/6579/periodos/-3/variaveis/9324?localidades=N6[N3[29]],2026-10-05
2928505,9324,População residente estimada,Pessoas,2025,10882,Santa Terezinha,BA,IBGE/SIDRA agregado 6579,https://servicodados.ibge.gov.br/api/v3/agregados/6579/periodos/-3/variaveis/9324?localidades=N6[N3[29]],2026-10-05
2928505,9324,População residente estimada,Pessoas,2026,10914,Santa Terezinha,BA,IBGE/SIDRA agregado 6579,https://servicodados.ibge.gov.br/api/v3/agregados/6579/periodos/-3/variaveis/9324?localidades=N6[N3[29]],2026-10-05
2928604,9324,População residente estimada,Pessoas,2024,58413,Santo Amaro,BA,IBGE/SIDRA agregado 6579,https://servicodados.ibge.gov.br/api/v3/agregados/6579/periodos/-3/variaveis/9324?localidades=N6[N3[29]],2026-10-05
2928604,9324,População residente estimada,Pessoas,2025,58398,Santo Amaro,BA,IBGE/SIDRA agregado 6579,https://servicodados.ibge.gov.br/api/v3/agregados/6579/periodos/-3/variaveis/9324?localidades=N6[N3[29]],2026-10-05
2928604,9324,População residente estimada,Pessoas,2026,58384,Santo Amaro,BA,IBGE/SIDRA agregado 6579,https://servicodados.ibge.gov.br/api/v3/agregados/6579/periodos/-3/variaveis/9324?localidades=N6[N3[29]],2026-10-05
2928703,9324,População residente estimada,Pessoas,2024,109267,Santo Antônio de Jesus,BA,IBGE/SIDRA agregado 6579,https://servicodados.ibge.gov.br/api/v3/agregados/6579/periodos/-3/variaveis/9324?localidades=N6[N3[29]],2026-10-05
2928703,9324,População residente estimada,Pessoas,2025,109791,Santo Antônio de Jesus,BA,IBGE/SIDRA agregado 6579,https://servicodados.ibge.gov.br/api/v3/agregados/6579/periodos/-3/variaveis/9324?localidades=N6[N3[29]],2026-10-05
2928703,9324,População residente estimada,Pessoas,2026,110268,Santo Antônio de Jesus,BA,IBGE/SIDRA agregado 6579,https://servicodados.ibge.gov.br/api/v3/agregados/6579/periodos/-3/variaveis/9324?localidades=N6[N3[29]],2026-10-05
2928802,9324,População residente estimada,Pessoas,2024,54940,Santo Estêvão,BA,IBGE/SIDRA agregado 6579,https://servicodados.ibge.gov.br/api/v3/agregados/6579/periodos/-3/variaveis/9324?localidades=N6[N3[29]],2026-10-05
2928802,9324,População residente estimada,Pessoas,2025,55146,Santo Estêvão,BA,IBGE/SIDRA agregado 6579,https://servicodados.ibge.gov.br/api/v3/agregados/6579/periodos/-3/variaveis/9324?localidades=N6[N3[29]],2026-10-05
2928802,9324,População residente estimada,Pessoas,2026,55333,Santo Estêvão,BA,IBGE/SIDRA agregado 6579,https://servicodados.ibge.gov.br/api/v3/agregados/6579/periodos/-3/variaveis/9324?localidades=N6[N3[29]],2026-10-05
2928901,9324,População residente estimada,Pessoas,2024,34783,São Desidério,BA,IBGE/SIDRA agregado 6579,https://servicodados.ibge.gov.br/api/v3/agregados/6579/periodos/-3/variaveis/9324?localidades=N6[N3[29]],2026-10-05
2928901,9324,População residente estimada,Pessoas,2025,34982,São Desidério,BA,IBGE/SIDRA agregado 6579,https://servicodados.ibge.gov.br/api/v3/agregados/6579/periodos/-3/variaveis/9324?localidades=N6[N3[29]],2026-10-05
2928901,9324,População residente estimada,Pessoas,2026,35161,São Desidério,BA,IBGE/SIDRA agregado 6579,https://servicodados.ibge.gov.br/api/v3/agregados/6579/periodos/-3/variaveis/9324?localidades=N6[N3[29]],2026-10-05
2928950,9324,População residente estimada,Pessoas,2024,8693,São Domingos,BA,IBGE/SIDRA agregado 6579,https://servicodados.ibge.gov.br/api/v3/agregados/6579/periodos/-3/variaveis/9324?localidades=N6[N3[29]],2026-10-05
2928950,9324,População residente estimada,Pessoas,2025,8690,São Domingos,BA,IBGE/SIDRA agregado 6579,https://servicodados.ibge.gov.br/api/v3/agregados/6579/periodos/-3/variaveis/9324?localidades=N6[N3[29]],2026-10-05
2928950,9324,População residente estimada,Pessoas,2026,8687,São Domingos,BA,IBGE/SIDRA agregado 6579,https://servicodados.ibge.gov.br/api/v3/agregados/6579/periodos/-3/variaveis/9324?localidades=N6[N3[29]],2026-10-05
2929008,9324,População residente estimada,Pessoas,2024,11198,São Félix,BA,IBGE/SIDRA agregado 6579,https://servicodados.ibge.gov.br/api/v3/agregados/6579/periodos/-3/variaveis/9324?localidades=N6[N3[29]],2026-10-05
2929008,9324,População residente estimada,Pessoas,2025,11102,São Félix,BA,IBGE/SIDRA agregado 6579,https://servicodados.ibge.gov.br/api/v3/agregados/6579/periodos/-3/variaveis/9324?localidades=N6[N3[29]],2026-10-05
2929008,9324,População residente estimada,Pessoas,2026,11014,São Félix,BA,IBGE/SIDRA agregado 6579,https://servicodados.ibge.gov.br/api/v3/agregados/6579/periodos/-3/variaveis/9324?localidades=N6[N3[29]],2026-10-05
2929057,9324,População residente estimada,Pessoas,2024,15740,São Félix do Coribe,BA,IBGE/SIDRA agregado 6579,https://servicodados.ibge.gov.br/api/v3/agregados/6579/periodos/-3/variaveis/9324?localidades=N6[N3[29]],2026-10-05
2929057,9324,População residente estimada,Pessoas,2025,15780,São Félix do Coribe,BA,IBGE/SIDRA agregado 6579,https://servicodados.ibge.gov.br/api/v3/agregados/6579/periodos/-3/variaveis/9324?localidades=N6[N3[29]],2026-10-05
2929057,9324,População residente estimada,Pessoas,2026,15816,São Félix do Coribe,BA,IBGE/SIDRA agregado 6579,https://servicodados.ibge.gov.br/api/v3/agregados/6579/periodos/-3/variaveis/9324?localidades=N6[N3[29]],2026-10-05
2929107,9324,População residente estimada,Pessoas,2024,20918,São Felipe,BA,IBGE/SIDRA agregado 6579,https://servicodados.ibge.gov.br/api/v3/agregados/6579/periodos/-3/variaveis/9324?localidades=N6[N3[29]],2026-10-05
2929107,9324,População residente estimada,Pessoas,2025,20923,São Felipe,BA,IBGE/SIDRA agregado 6579,https://servicodados.ibge.gov.br/api/v3/agregados/6579/periodos/-3/variaveis/9324?localidades=N6[N3[29]],2026-10-05
2929107,9324,População residente estimada,Pessoas,2026,20927,São Felipe,BA,IBGE/SIDRA agregado 6579,https://servicodados.ibge.gov.br/api/v3/agregados/6579/periodos/-3/variaveis/9324?localidades=N6[N3[29]],2026-10-05
2929206,9324,População residente estimada,Pessoas,2024,40932,São Francisco do Conde,BA,IBGE/SIDRA agregado 6579,https://servicodados.ibge.gov.br/api/v3/agregados/6579/periodos/-3/variaveis/9324?localidades=N6[N3[29]],2026-10-05
2929206,9324,População residente estimada,Pessoas,2025,41110,São Francisco do Conde,BA,IBGE/SIDRA agregado 6579,https://servicodados.ibge.gov.br/api/v3/agregados/6579/periodos/-3/variaveis/9324?localidades=N6[N3[29]],2026-10-05
2929206,9324,População residente estimada,Pessoas,2026,41272,São Francisco do Conde,BA,IBGE/SIDRA agregado 6579,https://servicodados.ibge.gov.br/api/v3/agregados/6579/periodos/-3/variaveis/9324?localidades=N6[N3[29]],2026-10-05
2929255,9324,População residente estimada,Pessoas,2024,19210,São Gabriel,BA,IBGE/SIDRA agregado 6579,https://servicodados.ibge.gov.br/api/v3/agregados/6579/periodos/-3/variaveis/9324?localidades=N6[N3[29]],2026-10-05
2929255,9324,População residente estimada,Pessoas,2025,19229,São Gabriel,BA,IBGE/SIDRA agregado 6579,https://servicodados.ibge.gov.br/api/v3/agregados/6579/periodos/-3/variaveis/9324?localidades=N6[N3[29]],2026-10-05
2929255,9324,População residente estimada,Pessoas,2026,19246,São Gabriel,BA,IBGE/SIDRA agregado 6579,https://servicodados.ibge.gov.br/api/v3/agregados/6579/periodos/-3/variaveis/9324?localidades=N6[N3[29]],2026-10-05
2929305,9324,População residente estimada,Pessoas,2024,41909,São Gonçalo dos Campos,BA,IBGE/SIDRA agregado 6579,https://servicodados.ibge.gov.br/api/v3/agregados/6579/periodos/-3/variaveis/9324?localidades=N6[N3[29]],2026-10-05
2929305,9324,População residente estimada,Pessoas,2025,42171,São Gonçalo dos Campos,BA,IBGE/SIDRA agregado 6579,https://servicodados.ibge.gov.br/api/v3/agregados/6579/periodos/-3/variaveis/9324?localidades=N6[N3[29]],2026-10-05
2929305,9324,População residente estimada,Pessoas,2026,42409,São Gonçalo dos Campos,BA,IBGE/SIDRA agregado 6579,https://servicodados.ibge.gov.br/api/v3/agregados/6579/periodos/-3/variaveis/9324?localidades=N6[N3[29]],2026-10-05
2929354,9324,População residente estimada,Pessoas,2024,5451,São José da Vitória,BA,IBGE/SIDRA agregado 6579,https://servicodados.ibge.gov.br/api/v3/agregados/6579/periodos/-3/variaveis/9324?localidades=N6[N3[29]],2026-10-05
2929354,9324,População residente estimada,Pessoas,2025,5432,São José da Vitória,BA,IBGE/SIDRA agregado 6579,https://servicodados.ibge.gov.br/api/v3/agregados/6579/periodos/-3/variaveis/9324?localidades=N6[N3[29]],2026-10-05
2929354,9324,População residente estimada,Pessoas,2026,5415,São José da Vitória,BA,IBGE/SIDRA agregado 6579,https://servicodados.ibge.gov.br/api/v3/agregados/6579/periodos/-3/variaveis/9324?localidades=N6[N3[29]],2026-10-05
2929370,9324,População residente estimada,Pessoas,2024,10556,São José do Jacuípe,BA,IBGE/SIDRA agregado 6579,https://servicodados.ibge.gov.br/api/v3/agregados/6579/periodos/-3/variaveis/9324?localidades=N6[N3[29]],2026-10-05
2929370,9324,População residente estimada,Pessoas,2025,10576,São José do Jacuípe,BA,IBGE/SIDRA agregado 6579,https://servicodados.ibge.gov.br/api/v3/agregados/6579/periodos/-3/variaveis/9324?localidades=N6[N3[29]],2026-10-05
2929370,9324,População residente estimada,Pessoas,2026,10594,São José do Jacuípe,BA,IBGE/SIDRA agregado 6579,https://servicodados.ibge.gov.br/api/v3/agregados/6579/periodos/-3/variaveis/9324?localidades=N6[N3[29]],2026-10-05
2929404,9324,População residente estimada,Pessoas,2024,10634,São Miguel das Matas,BA,IBGE/SIDRA agregado 6579,https://servicodados.ibge.gov.br/api/v3/agregados/6579/periodos/-3/variaveis/9324?localidades=N6[N3[29]],2026-10-05
2929404,9324,População residente estimada,Pessoas,2025,10615,São Miguel das Matas,BA,IBGE/SIDRA agregado 6579,https://servicodados.ibge.gov.br/api/v3/agregados/6579/periodos/-3/variaveis/9324?localidades=N6[N3[29]],2026-10-05
2929404,9324,População residente estimada,Pessoas,2026,10625,São Miguel das Matas,BA,IBGE/SIDRA agregado 6579,https://servicodados.ibge.gov.br/api/v3/agregados/6579/periodos/-3/variaveis/9324?localidades=N6[N3[29]],2026-10-05
2929503,9324,População residente estimada,Pessoas,2024,42936,São Sebastião do Passé,BA,IBGE/SIDRA agregado 6579,https://servicodados.ibge.gov.br/api/v3/agregados/6579/periodos/-3/variaveis/9324?localidades=N6[N3[29]],2026-10-05
2929503,9324,População residente estimada,Pessoas,2025,42944,São Sebastião do Passé,BA,IBGE/SIDRA agregado 6579,https://servicodados.ibge.gov.br/api/v3/agregados/6579/periodos/-3/variaveis/9324?localidades=N6[N3[29]],2026-10-05
2929503,9324,População residente estimada,Pessoas,2026,42951,São Sebastião do Passé,BA,IBGE/SIDRA agregado 6579,https://servicodados.ibge.gov.br/api/v3/agregados/6579/periodos/-3/variaveis/9324?localidades=N6[N3[29]],2026-10-05
2929602,9324,População residente estimada,Pessoas,2024,18609,Sapeaçu,BA,IBGE/SIDRA agregado 6579,https://servicodados.ibge.gov.br/api/v3/agregados/6579/periodos/-3/variaveis/9324?localidades=N6[N3[29]],2026-10-05
2929602,9324,População residente estimada,Pessoas,2025,18656,Sapeaçu,BA,IBGE/SIDRA agregado 6579,https://servicodados.ibge.gov.br/api/v3/agregados/6579/periodos/-3/variaveis/9324?localidades=N6[N3[29]],2026-10-05
2929602,9324,População residente estimada,Pessoas,2026,18699,Sapeaçu,BA,IBGE/SIDRA agregado 6579,https://servicodados.ibge.gov.br/api/v3/agregados/6579/periodos/-3/variaveis/9324?localidades=N6[N3[29]],2026-10-05
2929701,9324,População residente estimada,Pessoas,2024,16485,Sátiro Dias,BA,IBGE/SIDRA agregado 6579,https://servicodados.ibge.gov.br/api/v3/agregados/6579/periodos/-3/variaveis/9324?localidades=N6[N3[29]],2026-10-05
2929701,9324,População residente estimada,Pessoas,2025,16476,Sátiro Dias,BA,IBGE/SIDRA agregado 6579,https://servicodados.ibge.gov.br/api/v3/agregados/6579/periodos/-3/variaveis/9324?localidades=N6[N3[29]],2026-10-05
2929701,9324,População residente estimada,Pessoas,2026,16468,Sátiro Dias,BA,IBGE/SIDRA agregado 6579,https://servicodados.ibge.gov.br/api/v3/agregados/6579/periodos/-3/variaveis/9324?localidades=N6[N3[29]],2026-10-05
2929750,9324,População residente estimada,Pessoas,2024,11842,Saubara,BA,IBGE/SIDRA agregado 6579,https://servicodados.ibge.gov.br/api/v3/agregados/6579/periodos/-3/variaveis/9324?localidades=N6[N3[29]],2026-10-05
2929750,9324,População residente estimada,Pessoas,2025,11859,Saubara,BA,IBGE/SIDRA agregado 6579,https://servicodados.ibge.gov.br/api/v3/agregados/6579/periodos/-3/variaveis/9324?localidades=N6[N3[29]],2026-10-05
2929750,9324,População residente estimada,Pessoas,2026,11875,Saubara,BA,IBGE/SIDRA agregado 6579,https://servicodados.ibge.gov.br/api/v3/agregados/6579/periodos/-3/variaveis/9324?localidades=N6[N3[29]],2026-10-05
2929800,9324,População residente estimada,Pessoas,2024,10715,Saúde,BA,IBGE/SIDRA agregado 6579,https://servicodados.ibge.gov.br/api/v3/agregados/6579/periodos/-3/variaveis/9324?localidades=N6[N3[29]],2026-10-05
2929800,9324,População residente estimada,Pessoas,2025,10661,Saúde,BA,IBGE/SIDRA agregado 6579,https://servicodados.ibge.gov.br/api/v3/agregados/6579/periodos/-3/variaveis/9324?localidades=N6[N3[29]],2026-10-05
2929800,9324,População residente estimada,Pessoas,2026,10612,Saúde,BA,IBGE/SIDRA agregado 6579,https://servicodados.ibge.gov.br/api/v3/agregados/6579/periodos/-3/variaveis/9324?localidades=N6[N3[29]],2026-10-05
2929909,9324,População residente estimada,Pessoas,2024,48530,Seabra,BA,IBGE/SIDRA agregado 6579,https://servicodados.ibge.gov.br/api/v3/agregados/6579/periodos/-3/variaveis/9324?localidades=N6[N3[29]],2026-10-05
2929909,9324,População residente estimada,Pessoas,2025,48721,Seabra,BA,IBGE/SIDRA agregado 6579,https://servicodados.ibge.gov.br/api/v3/agregados/6579/periodos/-3/variaveis/9324?localidades=N6[N3[29]],2026-10-05
2929909,9324,População residente estimada,Pessoas,2026,48894,Seabra,BA,IBGE/SIDRA agregado 6579,https://servicodados.ibge.gov.br/api/v3/agregados/6579/periodos/-3/variaveis/9324?localidades=N6[N3[29]],2026-10-05
2930006,9324,População residente estimada,Pessoas,2024,9610,Sebastião Laranjeiras,BA,IBGE/SIDRA agregado 6579,https://servicodados.ibge.gov.br/api/v3/agregados/6579/periodos/-3/variaveis/9324?localidades=N6[N3[29]],2026-10-05
2930006,9324,População residente estimada,Pessoas,2025,9581,Sebastião Laranjeiras,BA,IBGE/SIDRA agregado 6579,https://servicodados.ibge.gov.br/api/v3/agregados/6579/periodos/-3/variaveis/9324?localidades=N6[N3[29]],2026-10-05
2930006,9324,População residente estimada,Pessoas,2026,9556,Sebastião Laranjeiras,BA,IBGE/SIDRA agregado 6579,https://servicodados.ibge.gov.br/api/v3/agregados/6579/periodos/-3/variaveis/9324?localidades=N6[N3[29]],2026-10-05
2930105,9324,População residente estimada,Pessoas,2024,77976,Senhor do Bonfim,BA,IBGE/SIDRA agregado 6579,https://servicodados.ibge.gov.br/api/v3/agregados/6579/periodos/-3/variaveis/9324?localidades=N6[N3[29]],2026-10-05
2930105,9324,População residente estimada,Pessoas,2025,78090,Senhor do Bonfim,BA,IBGE/SIDRA agregado 6579,https://servicodados.ibge.gov.br/api/v3/agregados/6579/periodos/-3/variaveis/9324?localidades=N6[N3[29]],2026-10-05
2930105,9324,População residente estimada,Pessoas,2026,78193,Senhor do Bonfim,BA,IBGE/SIDRA agregado 6579,https://servicodados.ibge.gov.br/api/v3/agregados/6579/periodos/-3/variaveis/9324?localidades=N6[N3[29]],2026-10-05
2930154,9324,População residente estimada,Pessoas,2024,36119,Serra do Ramalho,BA,IBGE/SIDRA agregado 6579,https://servicodados.ibge.gov.br/api/v3/agregados/6579/periodos/-3/variaveis/9324?localidades=N6[N3[29]],2026-10-05
2930154,9324,População residente estimada,Pessoas,2025,36252,Serra do Ramalho,BA,IBGE/SIDRA agregado 6579,https://servicodados.ibge.gov.br/api/v3/agregados/6579/periodos/-3/variaveis/9324?localidades=N6[N3[29]],2026-10-05
2930154,9324,População residente estimada,Pessoas,2026,36517,Serra do Ramalho,BA,IBGE/SIDRA agregado 6579,https://servicodados.ibge.gov.br/api/v3/agregados/6579/periodos/-3/variaveis/9324?localidades=N6[N3[29]],2026-10-05
2930204,9324,População residente estimada,Pessoas,2024,40147,Sento Sé,BA,IBGE/SIDRA agregado 6579,https://servicodados.ibge.gov.br/api/v3/agregados/6579/periodos/-3/variaveis/9324?localidades=N6[N3[29]],2026-10-05
2930204,9324,População residente estimada,Pessoas,2025,40232,Sento Sé,BA,IBGE/SIDRA agregado 6579,https://servicodados.ibge.gov.br/api/v3/agregados/6579/periodos/-3/variaveis/9324?localidades=N6[N3[29]],2026-10-05
2930204,9324,População residente estimada,Pessoas,2026,40310,Sento Sé,BA,IBGE/SIDRA agregado 6579,https://servicodados.ibge.gov.br/api/v3/agregados/6579/periodos/-3/variaveis/9324?localidades=N6[N3[29]],2026-10-05
2930303,9324,População residente estimada,Pessoas,2024,17580,Serra Dourada,BA,IBGE/SIDRA agregado 6579,https://servicodados.ibge.gov.br/api/v3/agregados/6579/periodos/-3/variaveis/9324?localidades=N6[N3[29]],2026-10-05
2930303,9324,População residente estimada,Pessoas,2025,17574,Serra Dourada,BA,IBGE/SIDRA agregado 6579,https://servicodados.ibge.gov.br/api/v3/agregados/6579/periodos/-3/variaveis/9324?localidades=N6[N3[29]],2026-10-05
2930303,9324,População residente estimada,Pessoas,2026,17558,Serra Dourada,BA,IBGE/SIDRA agregado 6579,https://servicodados.ibge.gov.br/api/v3/agregados/6579/periodos/-3/variaveis/9324?localidades=N6[N3[29]],2026-10-05
2930402,9324,População residente estimada,Pessoas,2024,18685,Serra Preta,BA,IBGE/SIDRA agregado 6579,https://servicodados.ibge.gov.br/api/v3/agregados/6579/periodos/-3/variaveis/9324?localidades=N6[N3[29]],2026-10-05
2930402,9324,População residente estimada,Pessoas,2025,18754,Serra Preta,BA,IBGE/SIDRA agregado 6579,https://servicodados.ibge.gov.br/api/v3/agregados/6579/periodos/-3/variaveis/9324?localidades=N6[N3[29]],2026-10-05
2930402,9324,População residente estimada,Pessoas,2026,18818,Serra Preta,BA,IBGE/SIDRA agregado 6579,https://servicodados.ibge.gov.br/api/v3/agregados/6579/periodos/-3/variaveis/9324?localidades=N6[N3[29]],2026-10-05
2930501,9324,População residente estimada,Pessoas,2024,84428,Serrinha,BA,IBGE/SIDRA agregado 6579,https://servicodados.ibge.gov.br/api/v3/agregados/6579/periodos/-3/variaveis/9324?localidades=N6[N3[29]],2026-10-05
2930501,9324,População residente estimada,Pessoas,2025,84690,Serrinha,BA,IBGE/SIDRA agregado 6579,https://servicodados.ibge.gov.br/api/v3/agregados/6579/periodos/-3/variaveis/9324?localidades=N6[N3[29]],2026-10-05
2930501,9324,População residente estimada,Pessoas,2026,84928,Serrinha,BA,IBGE/SIDRA agregado 6579,https://servicodados.ibge.gov.br/api/v3/agregados/6579/periodos/-3/variaveis/9324?localidades=N6[N3[29]],2026-10-05
2930600,9324,População residente estimada,Pessoas,2024,13831,Serrolândia,BA,IBGE/SIDRA agregado 6579,https://servicodados.ibge.gov.br/api/v3/agregados/6579/periodos/-3/variaveis/9324?localidades=N6[N3[29]],2026-10-05
2930600,9324,População residente estimada,Pessoas,2025,13863,Serrolândia,BA,IBGE/SIDRA agregado 6579,https://servicodados.ibge.gov.br/api/v3/agregados/6579/periodos/-3/variaveis/9324?localidades=N6[N3[29]],2026-10-05
2930600,9324,População residente estimada,Pessoas,2026,13893,Serrolândia,BA,IBGE/SIDRA agregado 6579,https://servicodados.ibge.gov.br/api/v3/agregados/6579/periodos/-3/variaveis/9324?localidades=N6[N3[29]],2026-10-05
2930709,9324,População residente estimada,Pessoas,2024,120394,Simões Filho,BA,IBGE/SIDRA agregado 6579,https://servicodados.ibge.gov.br/api/v3/agregados/6579/periodos/-3/variaveis/9324?localidades=N6[N3[29]],2026-10-05
2930709,9324,População residente estimada,Pessoas,2025,120419,Simões Filho,BA,IBGE/SIDRA agregado 6579,https://servicodados.ibge.gov.br/api/v3/agregados/6579/periodos/-3/variaveis/9324?localidades=N6[N3[29]],2026-10-05
2930709,9324,População residente estimada,Pessoas,2026,120429,Simões Filho,BA,IBGE/SIDRA agregado 6579,https://servicodados.ibge.gov.br/api/v3/agregados/6579/periodos/-3/variaveis/9324?localidades=N6[N3[29]],2026-10-05
2930758,9324,População residente estimada,Pessoas,2024,13935,Sítio do Mato,BA,IBGE/SIDRA agregado 6579,https://servicodados.ibge.gov.br/api/v3/agregados/6579/periodos/-3/variaveis/9324?localidades=N6[N3[29]],2026-10-05
2930758,9324,População residente estimada,Pessoas,2025,13982,Sítio do Mato,BA,IBGE/SIDRA agregado 6579,https://servicodados.ibge.gov.br/api/v3/agregados/6579/periodos/-3/variaveis/9324?localidades=N6[N3[29]],2026-10-05
2930758,9324,População residente estimada,Pessoas,2026,14030,Sítio do Mato,BA,IBGE/SIDRA agregado 6579,https://servicodados.ibge.gov.br/api/v3/agregados/6579/periodos/-3/variaveis/9324?localidades=N6[N3[29]],2026-10-05
2930766,9324,População residente estimada,Pessoas,2024,14359,Sítio do Quinto,BA,IBGE/SIDRA agregado 6579,https://servicodados.ibge.gov.br/api/v3/agregados/6579/periodos/-3/variaveis/9324?localidades=N6[N3[29]],2026-10-05
2930766,9324,População residente estimada,Pessoas,2025,14435,Sítio do Quinto,BA,IBGE/SIDRA agregado 6579,https://servicodados.ibge.gov.br/api/v3/agregados/6579/periodos/-3/variaveis/9324?localidades=N6[N3[29]],2026-10-05
2930766,9324,População residente estimada,Pessoas,2026,14504,Sítio do Quinto,BA,IBGE/SIDRA agregado 6579,https://servicodados.ibge.gov.br/api/v3/agregados/6579/periodos/-3/variaveis/9324?localidades=N6[N3[29]],2026-10-05
2930774,9324,População residente estimada,Pessoas,2024,26959,Sobradinho,BA,IBGE/SIDRA agregado 6579,https://servicodados.ibge.gov.br/api/v3/agregados/6579/periodos/-3/variaveis/9324?localidades=N6[N3[29]],2026-10-05
2930774,9324,População residente estimada,Pessoas,2025,27097,Sobradinho,BA,IBGE/SIDRA agregado 6579,https://servicodados.ibge.gov.br/api/v3/agregados/6579/periodos/-3/variaveis/9324?localidades=N6[N3[29]],2026-10-05
2930774,9324,População residente estimada,Pessoas,2026,27222,Sobradinho,BA,IBGE/SIDRA agregado 6579,https://servicodados.ibge.gov.br/api/v3/agregados/6579/periodos/-3/variaveis/9324?localidades=N6[N3[29]],2026-10-05
2930808,9324,População residente estimada,Pessoas,2024,17674,Souto Soares,BA,IBGE/SIDRA agregado 6579,https://servicodados.ibge.gov.br/api/v3/agregados/6579/periodos/-3/variaveis/9324?localidades=N6[N3[29]],2026-10-05
2930808,9324,População residente estimada,Pessoas,2025,17724,Souto Soares,BA,IBGE/SIDRA agregado 6579,https://servicodados.ibge.gov.br/api/v3/agregados/6579/periodos/-3/variaveis/9324?localidades=N6[N3[29]],2026-10-05
2930808,9324,População residente estimada,Pessoas,2026,17777,Souto Soares,BA,IBGE/SIDRA agregado 6579,https://servicodados.ibge.gov.br/api/v3/agregados/6579/periodos/-3/variaveis/9324?localidades=N6[N3[29]],2026-10-05
2930907,9324,População residente estimada,Pessoas,2024,12368,Tabocas do Brejo Velho,BA,IBGE/SIDRA agregado 6579,https://servicodados.ibge.gov.br/api/v3/agregados/6579/periodos/-3/variaveis/9324?localidades=N6[N3[29]],2026-10-05
2930907,9324,População residente estimada,Pessoas,2025,12368,Tabocas do Brejo Velho,BA,IBGE/SIDRA agregado 6579,https://servicodados.ibge.gov.br/api/v3/agregados/6579/periodos/-3/variaveis/9324?localidades=N6[N3[29]],2026-10-05
2930907,9324,População residente estimada,Pessoas,2026,12367,Tabocas do Brejo Velho,BA,IBGE/SIDRA agregado 6579,https://servicodados.ibge.gov.br/api/v3/agregados/6579/periodos/-3/variaveis/9324?localidades=N6[N3[29]],2026-10-05
2931004,9324,População residente estimada,Pessoas,2024,21741,Tanhaçu,BA,IBGE/SIDRA agregado 6579,https://servicodados.ibge.gov.br/api/v3/agregados/6579/periodos/-3/variaveis/9324?localidades=N6[N3[29]],2026-10-05
2931004,9324,População residente estimada,Pessoas,2025,21787,Tanhaçu,BA,IBGE/SIDRA agregado 6579,https://servicodados.ibge.gov.br/api/v3/agregados/6579/periodos/-3/variaveis/9324?localidades=N6[N3[29]],2026-10-05
2931004,9324,População residente estimada,Pessoas,2026,21828,Tanhaçu,BA,IBGE/SIDRA agregado 6579,https://servicodados.ibge.gov.br/api/v3/agregados/6579/periodos/-3/variaveis/9324?localidades=N6[N3[29]],2026-10-05
2931053,9324,População residente estimada,Pessoas,2024,17770,Tanque Novo,BA,IBGE/SIDRA agregado 6579,https://servicodados.ibge.gov.br/api/v3/agregados/6579/periodos/-3/variaveis/9324?localidades=N6[N3[29]],2026-10-05
2931053,9324,População residente estimada,Pessoas,2025,17812,Tanque Novo,BA,IBGE/SIDRA agregado 6579,https://servicodados.ibge.gov.br/api/v3/agregados/6579/periodos/-3/variaveis/9324?localidades=N6[N3[29]],2026-10-05
2931053,9324,População residente estimada,Pessoas,2026,17815,Tanque Novo,BA,IBGE/SIDRA agregado 6579,https://servicodados.ibge.gov.br/api/v3/agregados/6579/periodos/-3/variaveis/9324?localidades=N6[N3[29]],2026-10-05
2931103,9324,População residente estimada,Pessoas,2024,7983,Tanquinho,BA,IBGE/SIDRA agregado 6579,https://servicodados.ibge.gov.br/api/v3/agregados/6579/periodos/-3/variaveis/9324?localidades=N6[N3[29]],2026-10-05
2931103,9324,População residente estimada,Pessoas,2025,7991,Tanquinho,BA,IBGE/SIDRA agregado 6579,https://servicodados.ibge.gov.br/api/v3/agregados/6579/periodos/-3/variaveis/9324?localidades=N6[N3[29]],2026-10-05
2931103,9324,População residente estimada,Pessoas,2026,7998,Tanquinho,BA,IBGE/SIDRA agregado 6579,https://servicodados.ibge.gov.br/api/v3/agregados/6579/periodos/-3/variaveis/9324?localidades=N6[N3[29]],2026-10-05
2931202,9324,População residente estimada,Pessoas,2024,18571,Taperoá,BA,IBGE/SIDRA agregado 6579,https://servicodados.ibge.gov.br/api/v3/agregados/6579/periodos/-3/variaveis/9324?localidades=N6[N3[29]],2026-10-05
2931202,9324,População residente estimada,Pessoas,2025,18556,Taperoá,BA,IBGE/SIDRA agregado 6579,https://servicodados.ibge.gov.br/api/v3/agregados/6579/periodos/-3/variaveis/9324?localidades=N6[N3[29]],2026-10-05
2931202,9324,População residente estimada,Pessoas,2026,18542,Taperoá,BA,IBGE/SIDRA agregado 6579,https://servicodados.ibge.gov.br/api/v3/agregados/6579/periodos/-3/variaveis/9324?localidades=N6[N3[29]],2026-10-05
2931301,9324,População residente estimada,Pessoas,2024,16253,Tapiramutá,BA,IBGE/SIDRA agregado 6579,https://servicodados.ibge.gov.br/api/v3/agregados/6579/periodos/-3/variaveis/9324?localidades=N6[N3[29]],2026-10-05
2931301,9324,População residente estimada,Pessoas,2025,16226,Tapiramutá,BA,IBGE/SIDRA agregado 6579,https://servicodados.ibge.gov.br/api/v3/agregados/6579/periodos/-3/variaveis/9324?localidades=N6[N3[29]],2026-10-05
2931301,9324,População residente estimada,Pessoas,2026,16200,Tapiramutá,BA,IBGE/SIDRA agregado 6579,https://servicodados.ibge.gov.br/api/v3/agregados/6579/periodos/-3/variaveis/9324?localidades=N6[N3[29]],2026-10-05
2931350,9324,População residente estimada,Pessoas,2024,153332,Teixeira de Freitas,BA,IBGE/SIDRA agregado 6579,https://servicodados.ibge.gov.br/api/v3/agregados/6579/periodos/-3/variaveis/9324?localidades=N6[N3[29]],2026-10-05
2931350,9324,População residente estimada,Pessoas,2025,153738,Teixeira de Freitas,BA,IBGE/SIDRA agregado 6579,https://servicodados.ibge.gov.br/api/v3/agregados/6579/periodos/-3/variaveis/9324?localidades=N6[N3[29]],2026-10-05
2931350,9324,População residente estimada,Pessoas,2026,154114,Teixeira de Freitas,BA,IBGE/SIDRA agregado 6579,https://servicodados.ibge.gov.br/api/v3/agregados/6579/periodos/-3/variaveis/9324?localidades=N6[N3[29]],2026-10-05
2931400,9324,População residente estimada,Pessoas,2024,7301,Teodoro Sampaio,BA,IBGE/SIDRA agregado 6579,https://servicodados.ibge.gov.br/api/v3/agregados/6579/periodos/-3/variaveis/9324?localidades=N6[N3[29]],2026-10-05
2931400,9324,População residente estimada,Pessoas,2025,7280,Teodoro Sampaio,BA,IBGE/SIDRA agregado 6579,https://servicodados.ibge.gov.br/api/v3/agregados/6579/periodos/-3/variaveis/9324?localidades=N6[N3[29]],2026-10-05
2931400,9324,População residente estimada,Pessoas,2026,7261,Teodoro Sampaio,BA,IBGE/SIDRA agregado 6579,https://servicodados.ibge.gov.br/api/v3/agregados/6579/periodos/-3/variaveis/9324?localidades=N6[N3[29]],2026-10-05
2931509,9324,População residente estimada,Pessoas,2024,21827,Teofilândia,BA,IBGE/SIDRA agregado 6579,https://servicodados.ibge.gov.br/api/v3/agregados/6579/periodos/-3/variaveis/9324?localidades=N6[N3[29]],2026-10-05
2931509,9324,População residente estimada,Pessoas,2025,21825,Teofilândia,BA,IBGE/SIDRA agregado 6579,https://servicodados.ibge.gov.br/api/v3/agregados/6579/periodos/-3/variaveis/9324?localidades=N6[N3[29]],2026-10-05
2931509,9324,População residente estimada,Pessoas,2026,21824,Teofilândia,BA,IBGE/SIDRA agregado 6579,https://servicodados.ibge.gov.br/api/v3/agregados/6579/periodos/-3/variaveis/9324?localidades=N6[N3[29]],2026-10-05
2931608,9324,População residente estimada,Pessoas,2024,15919,Teolândia,BA,IBGE/SIDRA agregado 6579,https://servicodados.ibge.gov.br/api/v3/agregados/6579/periodos/-3/variaveis/9324?localidades=N6[N3[29]],2026-10-05
2931608,9324,População residente estimada,Pessoas,2025,15978,Teolândia,BA,IBGE/SIDRA agregado 6579,https://servicodados.ibge.gov.br/api/v3/agregados/6579/periodos/-3/variaveis/9324?localidades=N6[N3[29]],2026-10-05
2931608,9324,População residente estimada,Pessoas,2026,15809,Teolândia,BA,IBGE/SIDRA agregado 6579,https://servicodados.ibge.gov.br/api/v3/agregados/6579/periodos/-3/variaveis/9324?localidades=N6[N3[29]],2026-10-05
2931707,9324,População residente estimada,Pessoas,2024,11035,Terra Nova,BA,IBGE/SIDRA agregado 6579,https://servicodados.ibge.gov.br/api/v3/agregados/6579/periodos/-3/variaveis/9324?localidades=N6[N3[29]],2026-10-05
2931707,9324,População residente estimada,Pessoas,2025,10976,Terra Nova,BA,IBGE/SIDRA agregado 6579,https://servicodados.ibge.gov.br/api/v3/agregados/6579/periodos/-3/variaveis/9324?localidades=N6[N3[29]],2026-10-05
2931707,9324,População residente estimada,Pessoas,2026,10923,Terra Nova,BA,IBGE/SIDRA agregado 6579,https://servicodados.ibge.gov.br/api/v3/agregados/6579/periodos/-3/variaveis/9324?localidades=N6[N3[29]],2026-10-05
2931806,9324,População residente estimada,Pessoas,2024,16691,Tremedal,BA,IBGE/SIDRA agregado 6579,https://servicodados.ibge.gov.br/api/v3/agregados/6579/periodos/-3/variaveis/9324?localidades=N6[N3[29]],2026-10-05
2931806,9324,População residente estimada,Pessoas,2025,16646,Tremedal,BA,IBGE/SIDRA agregado 6579,https://servicodados.ibge.gov.br/api/v3/agregados/6579/periodos/-3/variaveis/9324?localidades=N6[N3[29]],2026-10-05
2931806,9324,População residente estimada,Pessoas,2026,16604,Tremedal,BA,IBGE/SIDRA agregado 6579,https://servicodados.ibge.gov.br/api/v3/agregados/6579/periodos/-3/variaveis/9324?localidades=N6[N3[29]],2026-10-05
2931905,9324,População residente estimada,Pessoas,2024,50959,Tucano,BA,IBGE/SIDRA agregado 6579,https://servicodados.ibge.gov.br/api/v3/agregados/6579/periodos/-3/variaveis/9324?localidades=N6[N3[29]],2026-10-05
2931905,9324,População residente estimada,Pessoas,2025,51016,Tucano,BA,IBGE/SIDRA agregado 6579,https://servicodados.ibge.gov.br/api/v3/agregados/6579/periodos/-3/variaveis/9324?localidades=N6[N3[29]],2026-10-05
2931905,9324,População residente estimada,Pessoas,2026,51067,Tucano,BA,IBGE/SIDRA agregado 6579,https://servicodados.ibge.gov.br/api/v3/agregados/6579/periodos/-3/variaveis/9324?localidades=N6[N3[29]],2026-10-05
2932002,9324,População residente estimada,Pessoas,2024,25441,Uauá,BA,IBGE/SIDRA agregado 6579,https://servicodados.ibge.gov.br/api/v3/agregados/6579/periodos/-3/variaveis/9324?localidades=N6[N3[29]],2026-10-05
2932002,9324,População residente estimada,Pessoas,2025,25449,Uauá,BA,IBGE/SIDRA agregado 6579,https://servicodados.ibge.gov.br/api/v3/agregados/6579/periodos/-3/variaveis/9324?localidades=N6[N3[29]],2026-10-05
2932002,9324,População residente estimada,Pessoas,2026,25457,Uauá,BA,IBGE/SIDRA agregado 6579,https://servicodados.ibge.gov.br/api/v3/agregados/6579/periodos/-3/variaveis/9324?localidades=N6[N3[29]],2026-10-05
2932101,9324,População residente estimada,Pessoas,2024,19162,Ubaíra,BA,IBGE/SIDRA agregado 6579,https://servicodados.ibge.gov.br/api/v3/agregados/6579/periodos/-3/variaveis/9324?localidades=N6[N3[29]],2026-10-05
2932101,9324,População residente estimada,Pessoas,2025,19142,Ubaíra,BA,IBGE/SIDRA agregado 6579,https://servicodados.ibge.gov.br/api/v3/agregados/6579/periodos/-3/variaveis/9324?localidades=N6[N3[29]],2026-10-05
2932101,9324,População residente estimada,Pessoas,2026,19118,Ubaíra,BA,IBGE/SIDRA agregado 6579,https://servicodados.ibge.gov.br/api/v3/agregados/6579/periodos/-3/variaveis/9324?localidades=N6[N3[29]],2026-10-05
2932200,9324,População residente estimada,Pessoas,2024,17967,Ubaitaba,BA,IBGE/SIDRA agregado 6579,https://servicodados.ibge.gov.br/api/v3/agregados/6579/periodos/-3/variaveis/9324?localidades=N6[N3[29]],2026-10-05
2932200,9324,População residente estimada,Pessoas,2025,17878,Ubaitaba,BA,IBGE/SIDRA agregado 6579,https://servicodados.ibge.gov.br/api/v3/agregados/6579/periodos/-3/variaveis/9324?localidades=N6[N3[29]],2026-10-05
2932200,9324,População residente estimada,Pessoas,2026,17797,Ubaitaba,BA,IBGE/SIDRA agregado 6579,https://servicodados.ibge.gov.br/api/v3/agregados/6579/periodos/-3/variaveis/9324?localidades=N6[N3[29]],2026-10-05
2932309,9324,População residente estimada,Pessoas,2024,16097,Ubatã,BA,IBGE/SIDRA agregado 6579,https://servicodados.ibge.gov.br/api/v3/agregados/6579/periodos/-3/variaveis/9324?localidades=N6[N3[29]],2026-10-05
2932309,9324,População residente estimada,Pessoas,2025,15839,Ubatã,BA,IBGE/SIDRA agregado 6579,https://servicodados.ibge.gov.br/api/v3/agregados/6579/periodos/-3/variaveis/9324?localidades=N6[N3[29]],2026-10-05
2932309,9324,População residente estimada,Pessoas,2026,15605,Ubatã,BA,IBGE/SIDRA agregado 6579,https://servicodados.ibge.gov.br/api/v3/agregados/6579/periodos/-3/variaveis/9324?localidades=N6[N3[29]],2026-10-05
2932408,9324,População residente estimada,Pessoas,2024,13880,Uibaí,BA,IBGE/SIDRA agregado 6579,https://servicodados.ibge.gov.br/api/v3/agregados/6579/periodos/-3/variaveis/9324?localidades=N6[N3[29]],2026-10-05
2932408,9324,População residente estimada,Pessoas,2025,13886,Uibaí,BA,IBGE/SIDRA agregado 6579,https://servicodados.ibge.gov.br/api/v3/agregados/6579/periodos/-3/variaveis/9324?localidades=N6[N3[29]],2026-10-05
2932408,9324,População residente estimada,Pessoas,2026,13891,Uibaí,BA,IBGE/SIDRA agregado 6579,https://servicodados.ibge.gov.br/api/v3/agregados/6579/periodos/-3/variaveis/9324?localidades=N6[N3[29]],2026-10-05
2932457,9324,População residente estimada,Pessoas,2024,13888,Umburanas,BA,IBGE/SIDRA agregado 6579,https://servicodados.ibge.gov.br/api/v3/agregados/6579/periodos/-3/variaveis/9324?localidades=N6[N3[29]],2026-10-05
2932457,9324,População residente estimada,Pessoas,2025,13785,Umburanas,BA,IBGE/SIDRA agregado 6579,https://servicodados.ibge.gov.br/api/v3/agregados/6579/periodos/-3/variaveis/9324?localidades=N6[N3[29]],2026-10-05
2932457,9324,População residente estimada,Pessoas,2026,13692,Umburanas,BA,IBGE/SIDRA agregado 6579,https://servicodados.ibge.gov.br/api/v3/agregados/6579/periodos/-3/variaveis/9324?localidades=N6[N3[29]],2026-10-05
2932507,9324,População residente estimada,Pessoas,2024,18403,Una,BA,IBGE/SIDRA agregado 6579,https://servicodados.ibge.gov.br/api/v3/agregados/6579/periodos/-3/variaveis/9324?localidades=N6[N3[29]],2026-10-05
2932507,9324,População residente estimada,Pessoas,2025,18254,Una,BA,IBGE/SIDRA agregado 6579,https://servicodados.ibge.gov.br/api/v3/agregados/6579/periodos/-3/variaveis/9324?localidades=N6[N3[29]],2026-10-05
2932507,9324,População residente estimada,Pessoas,2026,18117,Una,BA,IBGE/SIDRA agregado 6579,https://servicodados.ibge.gov.br/api/v3/agregados/6579/periodos/-3/variaveis/9324?localidades=N6[N3[29]],2026-10-05
2932606,9324,População residente estimada,Pessoas,2024,15794,Urandi,BA,IBGE/SIDRA agregado 6579,https://servicodados.ibge.gov.br/api/v3/agregados/6579/periodos/-3/variaveis/9324?localidades=N6[N3[29]],2026-10-05
2932606,9324,População residente estimada,Pessoas,2025,15776,Urandi,BA,IBGE/SIDRA agregado 6579,https://servicodados.ibge.gov.br/api/v3/agregados/6579/periodos/-3/variaveis/9324?localidades=N6[N3[29]],2026-10-05
2932606,9324,População residente estimada,Pessoas,2026,15759,Urandi,BA,IBGE/SIDRA agregado 6579,https://servicodados.ibge.gov.br/api/v3/agregados/6579/periodos/-3/variaveis/9324?localidades=N6[N3[29]],2026-10-05
2932705,9324,População residente estimada,Pessoas,2024,22130,Uruçuca,BA,IBGE/SIDRA agregado 6579,https://servicodados.ibge.gov.br/api/v3/agregados/6579/periodos/-3/variaveis/9324?localidades=N6[N3[29]],2026-10-05
2932705,9324,População residente estimada,Pessoas,2025,22155,Uruçuca,BA,IBGE/SIDRA agregado 6579,https://servicodados.ibge.gov.br/api/v3/agregados/6579/periodos/-3/variaveis/9324?localidades=N6[N3[29]],2026-10-05
2932705,9324,População residente estimada,Pessoas,2026,22178,Uruçuca,BA,IBGE/SIDRA agregado 6579,https://servicodados.ibge.gov.br/api/v3/agregados/6579/periodos/-3/variaveis/9324?localidades=N6[N3[29]],2026-10-05
2932804,9324,População residente estimada,Pessoas,2024,16691,Utinga,BA,IBGE/SIDRA agregado 6579,https://servicodados.ibge.gov.br/api/v3/agregados/6579/periodos/-3/variaveis/9324?localidades=N6[N3[29]],2026-10-05
2932804,9324,População residente estimada,Pessoas,2025,16645,Utinga,BA,IBGE/SIDRA agregado 6579,https://servicodados.ibge.gov.br/api/v3/agregados/6579/periodos/-3/variaveis/9324?localidades=N6[N3[29]],2026-10-05
2932804,9324,População residente estimada,Pessoas,2026,16603,Utinga,BA,IBGE/SIDRA agregado 6579,https://servicodados.ibge.gov.br/api/v3/agregados/6579/periodos/-3/variaveis/9324?localidades=N6[N3[29]],2026-10-05
2932903,9324,População residente estimada,Pessoas,2024,90028,Valença,BA,IBGE/SIDRA agregado 6579,https://servicodados.ibge.gov.br/api/v3/agregados/6579/periodos/-3/variaveis/9324?localidades=N6[N3[29]],2026-10-05
2932903,9324,População residente estimada,Pessoas,2025,90053,Valença,BA,IBGE/SIDRA agregado 6579,https://servicodados.ibge.gov.br/api/v3/agregados/6579/periodos/-3/variaveis/9324?localidades=N6[N3[29]],2026-10-05
2932903,9324,População residente estimada,Pessoas,2026,90075,Valença,BA,IBGE/SIDRA agregado 6579,https://servicodados.ibge.gov.br/api/v3/agregados/6579/periodos/-3/variaveis/9324?localidades=N6[N3[29]],2026-10-05
2933000,9324,População residente estimada,Pessoas,2024,25126,Valente,BA,IBGE/SIDRA agregado 6579,https://servicodados.ibge.gov.br/api/v3/agregados/6579/periodos/-3/variaveis/9324?localidades=N6[N3[29]],2026-10-05
2933000,9324,População residente estimada,Pessoas,2025,25132,Valente,BA,IBGE/SIDRA agregado 6579,https://servicodados.ibge.gov.br/api/v3/agregados/6579/periodos/-3/variaveis/9324?localidades=N6[N3[29]],2026-10-05
2933000,9324,População residente estimada,Pessoas,2026,25138,Valente,BA,IBGE/SIDRA agregado 6579,https://servicodados.ibge.gov.br/api/v3/agregados/6579/periodos/-3/variaveis/9324?localidades=N6[N3[29]],2026-10-05
2933059,9324,População residente estimada,Pessoas,2024,14279,Várzea da Roça,BA,IBGE/SIDRA agregado 6579,https://servicodados.ibge.gov.br/api/v3/agregados/6579/periodos/-3/variaveis/9324?localidades=N6[N3[29]],2026-10-05
2933059,9324,População residente estimada,Pessoas,2025,14294,Várzea da Roça,BA,IBGE/SIDRA agregado 6579,https://servicodados.ibge.gov.br/api/v3/agregados/6579/periodos/-3/variaveis/9324?localidades=N6[N3[29]],2026-10-05
2933059,9324,População residente estimada,Pessoas,2026,14308,Várzea da Roça,BA,IBGE/SIDRA agregado 6579,https://servicodados.ibge.gov.br/api/v3/agregados/6579/periodos/-3/variaveis/9324?localidades=N6[N3[29]],2026-10-05
2933109,9324,População residente estimada,Pessoas,2024,8344,Várzea do Poço,BA,IBGE/SIDRA agregado 6579,https://servicodados.ibge.gov.br/api/v3/agregados/6579/periodos/-3/variaveis/9324?localidades=N6[N3[29]],2026-10-05
2933109,9324,População residente estimada,Pessoas,2025,8334,Várzea do Poço,BA,IBGE/SIDRA agregado 6579,https://servicodados.ibge.gov.br/api/v3/agregados/6579/periodos/-3/variaveis/9324?localidades=N6[N3[29]],2026-10-05
2933109,9324,População residente estimada,Pessoas,2026,8325,Várzea do Poço,BA,IBGE/SIDRA agregado 6579,https://servicodados.ibge.gov.br/api/v3/agregados/6579/periodos/-3/variaveis/9324?localidades=N6[N3[29]],2026-10-05
2933158,9324,População residente estimada,Pessoas,2024,13847,Várzea Nova,BA,IBGE/SIDRA agregado 6579,https://servicodados.ibge.gov.br/api/v3/agregados/6579/periodos/-3/variaveis/9324?localidades=N6[N3[29]],2026-10-05
2933158,9324,População residente estimada,Pessoas,2025,13866,Várzea Nova,BA,IBGE/SIDRA agregado 6579,https://servicodados.ibge.gov.br/api/v3/agregados/6579/periodos/-3/variaveis/9324?localidades=N6[N3[29]],2026-10-05
2933158,9324,População residente estimada,Pessoas,2026,13883,Várzea Nova,BA,IBGE/SIDRA agregado 6579,https://servicodados.ibge.gov.br/api/v3/agregados/6579/periodos/-3/variaveis/9324?localidades=N6[N3[29]],2026-10-05
2933174,9324,População residente estimada,Pessoas,2024,10296,Varzedo,BA,IBGE/SIDRA agregado 6579,https://servicodados.ibge.gov.br/api/v3/agregados/6579/periodos/-3/variaveis/9324?localidades=N6[N3[29]],2026-10-05
2933174,9324,População residente estimada,Pessoas,2025,10328,Varzedo,BA,IBGE/SIDRA agregado 6579,https://servicodados.ibge.gov.br/api/v3/agregados/6579/periodos/-3/variaveis/9324?localidades=N6[N3[29]],2026-10-05
2933174,9324,População residente estimada,Pessoas,2026,10357,Varzedo,BA,IBGE/SIDRA agregado 6579,https://servicodados.ibge.gov.br/api/v3/agregados/6579/periodos/-3/variaveis/9324?localidades=N6[N3[29]],2026-10-05
2933208,9324,População residente estimada,Pessoas,2024,44978,Vera Cruz,BA,IBGE/SIDRA agregado 6579,https://servicodados.ibge.gov.br/api/v3/agregados/6579/periodos/-3/variaveis/9324?localidades=N6[N3[29]],2026-10-05
2933208,9324,População residente estimada,Pessoas,2025,45191,Vera Cruz,BA,IBGE/SIDRA agregado 6579,https://servicodados.ibge.gov.br/api/v3/agregados/6579/periodos/-3/variaveis/9324?localidades=N6[N3[29]],2026-10-05
2933208,9324,População residente estimada,Pessoas,2026,45386,Vera Cruz,BA,IBGE/SIDRA agregado 6579,https://servicodados.ibge.gov.br/api/v3/agregados/6579/periodos/-3/variaveis/9324?localidades=N6[N3[29]],2026-10-05
2933257,9324,População residente estimada,Pessoas,2024,6171,Vereda,BA,IBGE/SIDRA agregado 6579,https://servicodados.ibge.gov.br/api/v3/agregados/6579/periodos/-3/variaveis/9324?localidades=N6[N3[29]],2026-10-05
2933257,9324,População residente estimada,Pessoas,2025,6157,Vereda,BA,IBGE/SIDRA agregado 6579,https://servicodados.ibge.gov.br/api/v3/agregados/6579/periodos/-3/variaveis/9324?localidades=N6[N3[29]],2026-10-05
2933257,9324,População residente estimada,Pessoas,2026,6076,Vereda,BA,IBGE/SIDRA agregado 6579,https://servicodados.ibge.gov.br/api/v3/agregados/6579/periodos/-3/variaveis/9324?localidades=N6[N3[29]],2026-10-05
2933307,9324,População residente estimada,Pessoas,2024,394024,Vitória da Conquista,BA,IBGE/SIDRA agregado 6579,https://servicodados.ibge.gov.br/api/v3/agregados/6579/periodos/-3/variaveis/9324?localidades=N6[N3[29]],2026-10-05
2933307,9324,População residente estimada,Pessoas,2025,396613,Vitória da Conquista,BA,IBGE/SIDRA agregado 6579,https://servicodados.ibge.gov.br/api/v3/agregados/6579/periodos/-3/variaveis/9324?localidades=N6[N3[29]],2026-10-05
2933307,9324,População residente estimada,Pessoas,2026,398970,Vitória da Conquista,BA,IBGE/SIDRA agregado 6579,https://servicodados.ibge.gov.br/api/v3/agregados/6579/periodos/-3/variaveis/9324?localidades=N6[N3[29]],2026-10-05
2933406,9324,População residente estimada,Pessoas,2024,9847,Wagner,BA,IBGE/SIDRA agregado 6579,https://servicodados.ibge.gov.br/api/v3/agregados/6579/periodos/-3/variaveis/9324?localidades=N6[N3[29]],2026-10-05
2933406,9324,População residente estimada,Pessoas,2025,9866,Wagner,BA,IBGE/SIDRA agregado 6579,https://servicodados.ibge.gov.br/api/v3/agregados/6579/periodos/-3/variaveis/9324?localidades=N6[N3[29]],2026-10-05
2933406,9324,População residente estimada,Pessoas,2026,9883,Wagner,BA,IBGE/SIDRA agregado 6579,https://servicodados.ibge.gov.br/api/v3/agregados/6579/periodos/-3/variaveis/9324?localidades=N6[N3[29]],2026-10-05
2933455,9324,População residente estimada,Pessoas,2024,13436,Wanderley,BA,IBGE/SIDRA agregado 6579,https://servicodados.ibge.gov.br/api/v3/agregados/6579/periodos/-3/variaveis/9324?localidades=N6[N3[29]],2026-10-05
2933455,9324,População residente estimada,Pessoas,2025,13460,Wanderley,BA,IBGE/SIDRA agregado 6579,https://servicodados.ibge.gov.br/api/v3/agregados/6579/periodos/-3/variaveis/9324?localidades=N6[N3[29]],2026-10-05
2933455,9324,População residente estimada,Pessoas,2026,13481,Wanderley,BA,IBGE/SIDRA agregado 6579,https://servicodados.ibge.gov.br/api/v3/agregados/6579/periodos/-3/variaveis/9324?localidades=N6[N3[29]],2026-10-05
2933505,9324,População residente estimada,Pessoas,2024,25430,Wenceslau Guimarães,BA,IBGE/SIDRA agregado 6579,https://servicodados.ibge.gov.br/api/v3/agregados/6579/periodos/-3/variaveis/9324?localidades=N6[N3[29]],2026-10-05
2933505,9324,População residente estimada,Pessoas,2025,25535,Wenceslau Guimarães,BA,IBGE/SIDRA agregado 6579,https://servicodados.ibge.gov.br/api/v3/agregados/6579/periodos/-3/variaveis/9324?localidades=N6[N3[29]],2026-10-05
2933505,9324,População residente estimada,Pessoas,2026,25835,Wenceslau Guimarães,BA,IBGE/SIDRA agregado 6579,https://servicodados.ibge.gov.br/api/v3/agregados/6579/periodos/-3/variaveis/9324?localidades=N6[N3[29]],2026-10-05
2933604,9324,População residente estimada,Pessoas,2024,46979,Xique-Xique,BA,IBGE/SIDRA agregado 6579,https://servicodados.ibge.gov.br/api/v3/agregados/6579/periodos/-3/variaveis/9324?localidades=N6[N3[29]],2026-10-05
2933604,9324,População residente estimada,Pessoas,2025,47019,Xique-Xique,BA,IBGE/SIDRA agregado 6579,https://servicodados.ibge.gov.br/api/v3/agregados/6579/periodos/-3/variaveis/9324?localidades=N6[N3[29]],2026-10-05
2933604,9324,População residente estimada,Pessoas,2026,47056,Xique-Xique,BA,IBGE/SIDRA agregado 6579,https://servicodados.ibge.gov.br/api/v3/agregados/6579/periodos/-3/variaveis/9324?localidades=N6[N3[29]],2026-10-05
